CustomerId,CustomerType,JoinDateKey,CustomerStatus
1,New,20220822,Active
2,VIP,20241030,Active
3,Repeat,20221112,Active
4,Repeat,20220927,Active
5,New,20200828,Active
6,New,20230216,Active
7,New,20251129,Active
8,Repeat,20241216,Active
9,Repeat,20230222,Active
10,Repeat,20221118,Active
11,New,20210821,Active
12,VIP,20240322,Active
13,Repeat,20210713,Active
14,New,20250131,Active
15,New,20210503,Active
16,New,20250803,Active
17,New,20251023,Active
18,New,20231227,Active
19,New,20220713,Active
20,New,20220703,Active
21,Repeat,20230323,Active
22,New,20210906,Active
23,New,20251113,Active
24,New,20221114,Active
25,New,20211126,Active
26,Repeat,20240724,Active
27,New,20201023,Active
28,New,20240919,Active
29,Repeat,20230917,Active
30,New,20250702,Active
31,Repeat,20231113,Active
32,New,20210303,Inactive
33,New,20210319,Active
34,Repeat,20260106,Active
35,VIP,20210315,Active
36,Repeat,20220105,Active
37,New,20200831,Active
38,New,20241015,Active
39,Repeat,20230116,Active
40,New,20210713,Active
41,New,20220802,Active
42,New,20251029,Active
43,New,20220217,Active
44,Repeat,20250126,Active
45,New,20230315,Active
46,Repeat,20210428,Active
47,New,20230504,Active
48,New,20250710,Active
49,New,20220813,Active
50,New,20230112,Active
51,VIP,20221108,Active
52,Repeat,20231124,Active
53,Repeat,20220526,Active
54,Repeat,20230512,Active
55,Repeat,20241015,Active
56,Repeat,20211129,Active
57,New,20240623,Active
58,New,20220706,Active
59,New,20250114,Active
60,New,20220716,Active
61,New,20220104,Active
62,New,20230504,Inactive
63,Repeat,20230522,Active
64,New,20241113,Active
65,New,20221028,Active
66,New,20221124,Active
67,New,20240425,Active
68,Repeat,20210317,Active
69,New,20231230,Active
70,VIP,20210131,Inactive
71,Repeat,20240430,Active
72,New,20240311,Active
73,New,20230420,Active
74,Repeat,20240405,Active
75,Repeat,20210108,Active
76,Repeat,20250719,Active
77,Repeat,20220113,Active
78,New,20230903,Active
79,New,20211111,Active
80,New,20201014,Active
81,Repeat,20240411,Active
82,Repeat,20220125,Active
83,New,20240118,Active
84,New,20230605,Active
85,New,20211202,Active
86,New,20260207,Active
87,Repeat,20241127,Inactive
88,Repeat,20250329,Active
89,Repeat,20220911,Active
90,New,20221006,Active
91,New,20230823,Active
92,Repeat,20211022,Active
93,Repeat,20250814,Active
94,Repeat,20231105,Active
95,Repeat,20250802,Active
96,New,20210920,Active
97,New,20240310,Active
98,New,20201011,Active
99,New,20230515,Active
100,New,20260206,Active
101,New,20210217,Active
102,Repeat,20210917,Active
103,New,20220412,Active
104,New,20221012,Active
105,Repeat,20210120,Active
106,New,20250731,Active
107,New,20250428,Active
108,Repeat,20240529,Active
109,New,20240818,Inactive
110,New,20220327,Active
111,New,20211124,Active
112,New,20250329,Active
113,Repeat,20211104,Active
114,Repeat,20250624,Active
115,Repeat,20221025,Active
116,Repeat,20250617,Active
117,Repeat,20241005,Active
118,New,20241116,Active
119,Repeat,20230817,Active
120,New,20230302,Active
121,Repeat,20251219,Active
122,Repeat,20250506,Active
123,New,20260110,Active
124,New,20200901,Active
125,New,20241117,Active
126,New,20220816,Active
127,Repeat,20210707,Active
128,Repeat,20230507,Active
129,New,20250226,Active
130,New,20220420,Active
131,New,20220212,Active
132,New,20220403,Active
133,New,20230222,Active
134,New,20250513,Active
135,Repeat,20221205,Active
136,New,20231224,Active
137,New,20210725,Active
138,Repeat,20251005,Active
139,New,20241109,Active
140,VIP,20221222,Active
141,VIP,20240709,Active
142,New,20240109,Active
143,New,20211103,Active
144,New,20250709,Active
145,New,20210325,Active
146,New,20240622,Active
147,Repeat,20251102,Active
148,New,20220330,Active
149,New,20230612,Active
150,New,20240303,Active
151,Repeat,20250613,Active
152,New,20230530,Active
153,New,20200831,Active
154,New,20240802,Active
155,VIP,20220121,Active
156,New,20221027,Active
157,Repeat,20250627,Active
158,Repeat,20200905,Active
159,New,20250425,Active
160,Repeat,20251230,Active
161,New,20210331,Active
162,Repeat,20230520,Active
163,Repeat,20250729,Active
164,New,20240319,Active
165,New,20221102,Active
166,Repeat,20231017,Active
167,New,20240314,Active
168,New,20210923,Active
169,New,20250331,Active
170,Repeat,20230810,Active
171,Repeat,20250315,Active
172,New,20250129,Active
173,New,20211026,Active
174,New,20221122,Active
175,Repeat,20230307,Active
176,New,20210501,Active
177,Repeat,20260209,Active
178,New,20260126,Active
179,Repeat,20201126,Active
180,New,20230505,Active
181,New,20241223,Active
182,New,20220923,Active
183,Repeat,20230914,Active
184,Repeat,20231220,Active
185,New,20221106,Active
186,Repeat,20210329,Active
187,Repeat,20230316,Active
188,New,20211121,Active
189,New,20210409,Active
190,New,20230701,Active
191,New,20231004,Active
192,Repeat,20251201,Active
193,Repeat,20220103,Active
194,Repeat,20231204,Active
195,New,20250516,Active
196,New,20221107,Active
197,Repeat,20220921,Active
198,Repeat,20220511,Active
199,Repeat,20241129,Active
200,Repeat,20240415,Active
201,Repeat,20230503,Active
202,New,20250810,Active
203,New,20220425,Active
204,Repeat,20250610,Active
205,Repeat,20210515,Active
206,New,20251201,Active
207,New,20210404,Active
208,Repeat,20240729,Active
209,New,20220922,Active
210,New,20240820,Active
211,New,20211224,Active
212,Repeat,20230629,Active
213,Repeat,20230922,Active
214,New,20250508,Active
215,Repeat,20211230,Active
216,New,20251011,Active
217,New,20200909,Active
218,Repeat,20231209,Active
219,Repeat,20210530,Active
220,Repeat,20250222,Active
221,Repeat,20210719,Active
222,Repeat,20251030,Active
223,New,20251205,Active
224,New,20230712,Active
225,New,20250807,Active
226,New,20201230,Active
227,VIP,20220105,Active
228,New,20210330,Active
229,Repeat,20210701,Active
230,Repeat,20250922,Active
231,Repeat,20230217,Active
232,New,20231204,Active
233,Repeat,20251026,Active
234,New,20201109,Active
235,New,20240914,Active
236,Repeat,20230227,Active
237,New,20201007,Active
238,New,20221223,Active
239,Repeat,20221230,Active
240,New,20240126,Active
241,Repeat,20260119,Active
242,VIP,20250723,Active
243,Repeat,20250812,Active
244,New,20211022,Active
245,New,20241013,Active
246,Repeat,20230511,Active
247,New,20201123,Active
248,VIP,20230502,Active
249,VIP,20220406,Active
250,Repeat,20210922,Active
251,New,20210915,Active
252,New,20241113,Active
253,Repeat,20211004,Active
254,New,20230312,Active
255,New,20250207,Active
256,New,20220623,Active
257,Repeat,20211121,Active
258,Repeat,20220207,Active
259,Repeat,20250220,Active
260,New,20250213,Active
261,Repeat,20251213,Active
262,VIP,20240603,Active
263,New,20231013,Active
264,New,20201107,Active
265,Repeat,20210513,Active
266,Repeat,20210416,Active
267,Repeat,20210907,Active
268,Repeat,20210317,Active
269,New,20221111,Active
270,New,20231118,Active
271,Repeat,20250804,Active
272,Repeat,20201013,Active
273,Repeat,20250127,Active
274,Repeat,20230115,Active
275,New,20221206,Active
276,New,20230225,Active
277,Repeat,20241021,Active
278,Repeat,20250511,Active
279,Repeat,20201216,Active
280,Repeat,20250314,Active
281,Repeat,20240722,Active
282,New,20231022,Inactive
283,New,20240120,Active
284,New,20240305,Active
285,Repeat,20211028,Active
286,New,20230603,Active
287,New,20220228,Active
288,New,20251201,Active
289,New,20201211,Active
290,Repeat,20250519,Inactive
291,New,20230206,Active
292,New,20240930,Active
293,Repeat,20210914,Active
294,New,20250508,Active
295,New,20230108,Active
296,New,20240907,Active
297,Repeat,20250917,Active
298,New,20250428,Active
299,Repeat,20230308,Active
300,New,20230822,Active
301,New,20230325,Active
302,New,20240721,Active
303,New,20201029,Active
304,Repeat,20210606,Active
305,Repeat,20250806,Active
306,VIP,20200905,Active
307,New,20251127,Active
308,New,20231123,Active
309,Repeat,20230620,Active
310,New,20240102,Active
311,New,20220226,Active
312,New,20230830,Active
313,New,20231101,Active
314,VIP,20250505,Active
315,Repeat,20210822,Active
316,Repeat,20240927,Active
317,New,20221111,Active
318,New,20231103,Active
319,New,20231024,Active
320,New,20230813,Active
321,New,20240220,Active
322,Repeat,20221209,Active
323,Repeat,20260128,Active
324,New,20220118,Active
325,VIP,20250227,Active
326,Repeat,20210821,Active
327,New,20240728,Active
328,Repeat,20201124,Active
329,New,20220607,Active
330,New,20260114,Active
331,New,20250324,Active
332,Repeat,20251017,Active
333,New,20230410,Active
334,New,20210415,Active
335,New,20220907,Active
336,New,20220109,Inactive
337,Repeat,20221212,Active
338,Repeat,20220221,Active
339,New,20230908,Active
340,New,20210329,Active
341,New,20241104,Active
342,New,20210317,Active
343,New,20220803,Active
344,New,20201021,Active
345,New,20210915,Active
346,Repeat,20220419,Active
347,Repeat,20230617,Active
348,New,20240128,Active
349,New,20250916,Active
350,Repeat,20220924,Active
351,New,20240708,Active
352,Repeat,20210926,Active
353,Repeat,20230226,Active
354,New,20251001,Active
355,New,20240927,Active
356,Repeat,20220524,Active
357,New,20210325,Active
358,Repeat,20231108,Active
359,Repeat,20220531,Active
360,Repeat,20211017,Active
361,New,20231110,Active
362,Repeat,20230419,Active
363,New,20240725,Active
364,New,20230518,Active
365,Repeat,20240426,Active
366,New,20210821,Active
367,VIP,20240514,Active
368,Repeat,20240222,Active
369,New,20240314,Active
370,New,20221213,Active
371,New,20221219,Active
372,New,20210401,Active
373,New,20251109,Active
374,Repeat,20210522,Active
375,New,20251022,Active
376,New,20240321,Active
377,Repeat,20250415,Active
378,New,20230722,Active
379,Repeat,20230417,Active
380,New,20250520,Active
381,New,20240105,Active
382,Repeat,20220912,Active
383,Repeat,20230629,Active
384,Repeat,20210702,Active
385,Repeat,20210516,Active
386,Repeat,20220222,Active
387,New,20221207,Active
388,New,20240413,Active
389,Repeat,20240602,Active
390,Repeat,20220614,Active
391,VIP,20230512,Inactive
392,New,20210830,Active
393,New,20220727,Active
394,Repeat,20251210,Active
395,New,20260210,Active
396,Repeat,20250409,Active
397,Repeat,20251128,Active
398,New,20240917,Active
399,Repeat,20220831,Active
400,Repeat,20220621,Active
401,New,20201209,Active
402,Repeat,20220412,Active
403,New,20230717,Active
404,Repeat,20250809,Active
405,New,20210829,Active
406,Repeat,20250527,Active
407,New,20231228,Active
408,New,20211124,Active
409,Repeat,20250606,Active
410,New,20210522,Active
411,New,20250314,Active
412,VIP,20220425,Active
413,VIP,20201211,Active
414,Repeat,20240128,Active
415,Repeat,20210620,Active
416,New,20240903,Active
417,New,20251121,Active
418,New,20240922,Active
419,Repeat,20201123,Active
420,Repeat,20210503,Active
421,Repeat,20230505,Inactive
422,Repeat,20240405,Active
423,New,20240524,Active
424,New,20210528,Active
425,New,20210709,Active
426,New,20230916,Active
427,New,20201017,Active
428,Repeat,20220703,Active
429,New,20240313,Active
430,New,20240819,Active
431,New,20240324,Active
432,Repeat,20220823,Active
433,Repeat,20230612,Active
434,New,20220516,Active
435,New,20230309,Active
436,Repeat,20230905,Active
437,New,20251226,Active
438,Repeat,20231212,Active
439,Repeat,20251023,Active
440,New,20211204,Active
441,New,20241028,Active
442,VIP,20240909,Active
443,New,20201007,Active
444,New,20220908,Active
445,Repeat,20211214,Active
446,Repeat,20250310,Active
447,VIP,20241007,Active
448,Repeat,20260207,Active
449,New,20240603,Active
450,New,20230925,Active
451,Repeat,20210928,Active
452,New,20230612,Active
453,New,20250616,Active
454,Repeat,20220614,Active
455,New,20231219,Active
456,New,20221128,Active
457,New,20230108,Active
458,New,20250609,Active
459,New,20210817,Active
460,New,20230514,Active
461,New,20210422,Active
462,Repeat,20251207,Active
463,Repeat,20250120,Active
464,Repeat,20240131,Active
465,VIP,20210830,Active
466,New,20251128,Active
467,New,20230104,Active
468,Repeat,20221128,Active
469,New,20240918,Active
470,VIP,20220929,Active
471,New,20230220,Active
472,VIP,20250506,Active
473,New,20211113,Inactive
474,Repeat,20210816,Active
475,New,20240321,Active
476,VIP,20251026,Active
477,New,20210922,Active
478,New,20201012,Active
479,VIP,20220118,Active
480,New,20240404,Active
481,Repeat,20230928,Active
482,Repeat,20210313,Active
483,New,20230716,Active
484,Repeat,20221109,Active
485,Repeat,20210204,Active
486,Repeat,20210406,Active
487,New,20221017,Active
488,New,20251105,Active
489,VIP,20250115,Active
490,Repeat,20250214,Active
491,New,20221017,Active
492,Repeat,20240712,Active
493,New,20230714,Active
494,New,20201212,Active
495,New,20210716,Active
496,New,20240506,Active
497,Repeat,20241125,Active
498,New,20250210,Active
499,VIP,20230818,Active
500,VIP,20231213,Active
501,Repeat,20210705,Active
502,New,20230523,Active
503,New,20231030,Active
504,Repeat,20250711,Active
505,Repeat,20210526,Active
506,New,20210316,Active
507,Repeat,20250301,Active
508,Repeat,20250523,Active
509,Repeat,20230302,Active
510,Repeat,20220906,Active
511,Repeat,20240703,Active
512,New,20210720,Active
513,Repeat,20250811,Active
514,Repeat,20230627,Active
515,New,20250715,Active
516,New,20251021,Active
517,New,20201128,Active
518,Repeat,20240913,Active
519,VIP,20240906,Active
520,New,20240810,Active
521,Repeat,20220924,Active
522,New,20220801,Active
523,VIP,20250904,Active
524,Repeat,20250718,Active
525,Repeat,20250213,Active
526,New,20220917,Active
527,New,20251227,Active
528,New,20240112,Active
529,New,20210829,Active
530,Repeat,20240113,Active
531,Repeat,20240218,Active
532,VIP,20220729,Active
533,VIP,20240606,Active
534,New,20250714,Active
535,Repeat,20240519,Active
536,Repeat,20210328,Active
537,Repeat,20250519,Active
538,New,20220823,Active
539,New,20210408,Active
540,New,20210214,Active
541,VIP,20220728,Active
542,Repeat,20251021,Active
543,New,20250702,Active
544,Repeat,20211102,Active
545,Repeat,20251017,Active
546,New,20220430,Active
547,New,20230611,Active
548,Repeat,20240127,Active
549,New,20231010,Active
550,Repeat,20230917,Active
551,New,20220903,Active
552,Repeat,20251206,Active
553,New,20240927,Active
554,Repeat,20210117,Active
555,Repeat,20210429,Active
556,New,20210407,Active
557,New,20211228,Active
558,New,20210531,Active
559,Repeat,20220107,Inactive
560,Repeat,20241208,Active
561,Repeat,20250813,Active
562,New,20220725,Active
563,New,20221009,Active
564,New,20230126,Active
565,New,20220930,Active
566,Repeat,20241225,Active
567,New,20210609,Active
568,New,20250204,Active
569,Repeat,20201230,Active
570,New,20210826,Active
571,New,20201110,Active
572,Repeat,20240728,Active
573,New,20250628,Active
574,Repeat,20231221,Active
575,Repeat,20240910,Active
576,Repeat,20211026,Active
577,New,20240410,Active
578,Repeat,20250121,Active
579,New,20250628,Active
580,New,20240312,Active
581,New,20240423,Active
582,VIP,20220918,Active
583,New,20220718,Active
584,New,20260111,Active
585,Repeat,20230315,Active
586,New,20210114,Active
587,New,20240402,Active
588,New,20240309,Active
589,New,20250317,Active
590,New,20250423,Active
591,New,20230613,Active
592,Repeat,20221031,Active
593,New,20210407,Active
594,New,20220621,Active
595,Repeat,20220227,Active
596,New,20240402,Active
597,Repeat,20200922,Active
598,New,20231019,Active
599,New,20221115,Active
600,New,20211010,Active
601,New,20240110,Active
602,New,20210729,Active
603,New,20250821,Active
604,New,20241202,Active
605,New,20251016,Active
606,New,20230823,Active
607,New,20220902,Active
608,New,20251116,Active
609,New,20210515,Active
610,Repeat,20231113,Active
611,New,20250422,Active
612,Repeat,20251030,Active
613,Repeat,20210619,Active
614,New,20240613,Active
615,Repeat,20230418,Active
616,Repeat,20220818,Active
617,New,20230614,Active
618,New,20250814,Active
619,Repeat,20211102,Active
620,Repeat,20230926,Active
621,New,20231227,Active
622,New,20210924,Active
623,New,20250503,Active
624,New,20221216,Active
625,Repeat,20231219,Active
626,New,20221002,Active
627,New,20250718,Active
628,Repeat,20250704,Active
629,New,20201208,Active
630,New,20231004,Active
631,Repeat,20250319,Active
632,Repeat,20201019,Active
633,New,20240307,Active
634,New,20221118,Active
635,New,20210411,Inactive
636,New,20210613,Active
637,New,20240701,Active
638,New,20241108,Active
639,New,20230411,Active
640,New,20210819,Active
641,New,20210405,Active
642,New,20210226,Active
643,New,20230208,Active
644,New,20230617,Active
645,New,20251127,Active
646,Repeat,20230222,Active
647,Repeat,20220705,Active
648,Repeat,20210208,Active
649,Repeat,20210320,Active
650,New,20230616,Active
651,New,20240824,Active
652,New,20220507,Active
653,Repeat,20210126,Active
654,Repeat,20241207,Active
655,New,20201007,Active
656,New,20210321,Active
657,New,20250523,Active
658,New,20230511,Active
659,Repeat,20221117,Active
660,Repeat,20240530,Active
661,New,20210904,Active
662,VIP,20201010,Active
663,Repeat,20201211,Active
664,New,20230201,Active
665,New,20240213,Active
666,New,20221022,Active
667,New,20221004,Active
668,New,20230528,Active
669,New,20221027,Active
670,New,20221208,Inactive
671,New,20231202,Active
672,Repeat,20240724,Active
673,New,20251022,Active
674,New,20240126,Active
675,New,20221218,Active
676,VIP,20220724,Active
677,New,20250902,Active
678,New,20230824,Active
679,VIP,20250313,Active
680,Repeat,20200906,Active
681,Repeat,20240924,Active
682,New,20221206,Active
683,New,20240818,Active
684,Repeat,20250611,Active
685,Repeat,20241226,Active
686,New,20230906,Active
687,Repeat,20210223,Active
688,New,20230531,Active
689,Repeat,20230916,Active
690,New,20210915,Active
691,New,20230612,Active
692,New,20220517,Active
693,New,20230531,Active
694,New,20220305,Active
695,New,20210403,Active
696,Repeat,20230106,Active
697,New,20220312,Active
698,Repeat,20210412,Active
699,New,20201113,Active
700,New,20210404,Active
701,New,20211115,Active
702,New,20210405,Inactive
703,New,20210804,Active
704,New,20230517,Active
705,New,20240503,Active
706,VIP,20211028,Active
707,New,20240614,Inactive
708,Repeat,20240323,Active
709,New,20210726,Active
710,Repeat,20220610,Active
711,Repeat,20240806,Active
712,Repeat,20220603,Active
713,New,20201223,Inactive
714,New,20210103,Active
715,New,20211004,Active
716,Repeat,20230906,Active
717,Repeat,20220503,Active
718,VIP,20210526,Active
719,New,20260116,Active
720,Repeat,20251214,Active
721,Repeat,20250321,Active
722,New,20210326,Inactive
723,New,20220829,Active
724,Repeat,20211121,Active
725,Repeat,20241201,Active
726,Repeat,20240307,Active
727,New,20250417,Active
728,Repeat,20231023,Active
729,New,20210807,Active
730,New,20250518,Active
731,New,20230628,Active
732,Repeat,20260128,Active
733,Repeat,20250610,Active
734,New,20251101,Active
735,New,20240301,Active
736,Repeat,20221222,Active
737,New,20220611,Active
738,Repeat,20240503,Active
739,New,20230527,Active
740,New,20201108,Active
741,New,20220428,Active
742,New,20230706,Active
743,Repeat,20250615,Active
744,New,20210412,Active
745,New,20251111,Active
746,Repeat,20210813,Active
747,New,20221115,Active
748,New,20240628,Active
749,Repeat,20250319,Active
750,Repeat,20220614,Active
751,New,20240330,Active
752,Repeat,20251009,Active
753,Repeat,20240610,Inactive
754,New,20201122,Active
755,New,20201001,Active
756,Repeat,20221202,Active
757,Repeat,20211011,Active
758,New,20240927,Active
759,Repeat,20250104,Active
760,Repeat,20201016,Active
761,New,20230922,Active
762,New,20250414,Active
763,New,20241205,Active
764,Repeat,20231002,Active
765,New,20230522,Active
766,Repeat,20220405,Active
767,Repeat,20240621,Active
768,Repeat,20210911,Active
769,New,20230419,Active
770,Repeat,20230727,Active
771,New,20220410,Active
772,Repeat,20240320,Active
773,New,20210718,Active
774,New,20221103,Active
775,Repeat,20231226,Active
776,New,20251101,Active
777,New,20240129,Active
778,Repeat,20240621,Inactive
779,Repeat,20250402,Active
780,Repeat,20220906,Active
781,Repeat,20231019,Active
782,New,20240716,Active
783,New,20241025,Active
784,New,20240601,Active
785,New,20240620,Active
786,Repeat,20230113,Inactive
787,Repeat,20250101,Active
788,New,20220512,Active
789,New,20210426,Active
790,Repeat,20240924,Active
791,New,20230927,Active
792,Repeat,20200904,Active
793,New,20220125,Active
794,Repeat,20231028,Active
795,New,20231230,Active
796,Repeat,20241117,Inactive
797,Repeat,20210826,Active
798,Repeat,20241021,Active
799,Repeat,20251125,Active
800,Repeat,20210128,Active
801,Repeat,20241206,Active
802,New,20231203,Active
803,Repeat,20221224,Active
804,Repeat,20220424,Active
805,New,20220419,Active
806,Repeat,20250127,Active
807,Repeat,20251218,Active
808,Repeat,20250825,Active
809,New,20240822,Active
810,New,20240502,Active
811,VIP,20211231,Active
812,Repeat,20230214,Active
813,New,20201102,Active
814,Repeat,20220323,Active
815,Repeat,20251226,Active
816,New,20251229,Active
817,Repeat,20220704,Active
818,New,20210915,Active
819,New,20250202,Active
820,New,20251009,Active
821,Repeat,20230916,Active
822,New,20210921,Active
823,New,20230417,Active
824,New,20210327,Active
825,New,20220115,Active
826,Repeat,20220511,Active
827,New,20210408,Active
828,New,20240805,Active
829,Repeat,20201209,Active
830,New,20231115,Active
831,New,20210329,Active
832,New,20210402,Active
833,New,20210213,Active
834,New,20240209,Active
835,New,20240418,Active
836,New,20260125,Active
837,Repeat,20210313,Active
838,New,20250322,Active
839,Repeat,20240701,Active
840,Repeat,20251009,Active
841,New,20201119,Active
842,Repeat,20230126,Active
843,New,20251010,Active
844,VIP,20220910,Active
845,New,20230830,Active
846,New,20211004,Active
847,New,20210913,Active
848,VIP,20220712,Active
849,New,20250227,Active
850,Repeat,20221207,Active
851,New,20241018,Active
852,Repeat,20220411,Active
853,New,20220320,Active
854,Repeat,20251207,Active
855,New,20201226,Active
856,New,20221015,Active
857,New,20220526,Active
858,New,20240414,Active
859,Repeat,20250504,Active
860,New,20210324,Active
861,Repeat,20230418,Active
862,New,20240816,Active
863,New,20230721,Active
864,New,20250803,Active
865,New,20231214,Active
866,New,20241106,Active
867,New,20240618,Active
868,New,20221012,Active
869,Repeat,20220707,Active
870,Repeat,20240504,Active
871,New,20200923,Active
872,New,20240324,Inactive
873,Repeat,20220706,Active
874,New,20210124,Active
875,New,20240501,Active
876,New,20251107,Active
877,Repeat,20230917,Active
878,Repeat,20210123,Active
879,New,20250812,Active
880,New,20250301,Active
881,New,20230729,Active
882,Repeat,20251231,Active
883,New,20230709,Active
884,New,20210414,Active
885,Repeat,20230409,Active
886,New,20230122,Active
887,Repeat,20201206,Active
888,New,20230526,Active
889,New,20210629,Active
890,New,20200907,Active
891,Repeat,20241214,Active
892,Repeat,20221117,Active
893,Repeat,20250313,Active
894,New,20231001,Active
895,Repeat,20220717,Active
896,New,20250309,Active
897,New,20230531,Active
898,Repeat,20251225,Active
899,New,20240103,Active
900,New,20240727,Active
901,New,20230926,Active
902,New,20230719,Active
903,New,20201221,Active
904,Repeat,20230108,Active
905,New,20210120,Active
906,Repeat,20250729,Active
907,Repeat,20221120,Active
908,New,20240703,Active
909,New,20251019,Active
910,New,20221215,Active
911,Repeat,20220109,Active
912,New,20251205,Active
913,Repeat,20200929,Active
914,New,20230921,Active
915,New,20210322,Active
916,New,20211101,Inactive
917,New,20250912,Active
918,Repeat,20210626,Active
919,Repeat,20210208,Active
920,New,20210331,Active
921,Repeat,20250508,Active
922,New,20250407,Active
923,Repeat,20251127,Active
924,Repeat,20210509,Active
925,New,20230102,Active
926,New,20221201,Active
927,New,20240618,Active
928,New,20211217,Active
929,Repeat,20220718,Active
930,New,20220703,Active
931,New,20240321,Active
932,Repeat,20230508,Active
933,VIP,20210807,Active
934,New,20250323,Active
935,New,20250618,Active
936,New,20230104,Active
937,New,20260110,Active
938,Repeat,20210307,Active
939,New,20240104,Active
940,Repeat,20220218,Active
941,New,20250731,Active
942,New,20210704,Active
943,Repeat,20220401,Active
944,Repeat,20210212,Active
945,New,20211227,Active
946,New,20240420,Active
947,New,20201106,Active
948,Repeat,20210614,Active
949,Repeat,20210504,Active
950,Repeat,20221008,Active
951,Repeat,20231222,Active
952,Repeat,20240131,Active
953,New,20230215,Active
954,Repeat,20220708,Active
955,New,20230317,Active
956,New,20220629,Active
957,New,20240326,Active
958,New,20241029,Active
959,New,20220705,Active
960,Repeat,20251102,Active
961,New,20210915,Active
962,Repeat,20250623,Active
963,New,20231021,Active
964,New,20221202,Active
965,New,20230110,Active
966,New,20221116,Active
967,Repeat,20231012,Active
968,New,20201003,Active
969,Repeat,20250411,Active
970,New,20221013,Active
971,Repeat,20210604,Active
972,Repeat,20250222,Active
973,Repeat,20220202,Active
974,New,20210622,Active
975,New,20220203,Active
976,New,20251124,Inactive
977,Repeat,20220516,Active
978,New,20210406,Active
979,New,20231231,Active
980,Repeat,20220412,Active
981,New,20201117,Active
982,Repeat,20210708,Active
983,New,20210328,Active
984,New,20230409,Active
985,Repeat,20230122,Active
986,New,20250805,Active
987,Repeat,20200826,Active
988,New,20240429,Active
989,New,20230617,Active
990,Repeat,20200919,Active
991,Repeat,20211105,Active
992,Repeat,20240830,Active
993,New,20250614,Active
994,Repeat,20240111,Inactive
995,New,20211030,Active
996,New,20220530,Active
997,Repeat,20241121,Active
998,New,20220402,Active
999,VIP,20210401,Active
1000,New,20251226,Active
1001,New,20210725,Active
1002,New,20230824,Active
1003,Repeat,20240523,Active
1004,Repeat,20240705,Active
1005,Repeat,20240321,Active
1006,Repeat,20240902,Active
1007,Repeat,20250925,Active
1008,Repeat,20250406,Active
1009,New,20230501,Active
1010,New,20231011,Active
1011,New,20250507,Active
1012,VIP,20230210,Active
1013,Repeat,20241129,Active
1014,New,20251119,Active
1015,Repeat,20240529,Active
1016,Repeat,20220124,Active
1017,New,20240413,Active
1018,Repeat,20201029,Active
1019,Repeat,20241202,Inactive
1020,New,20251023,Active
1021,Repeat,20210227,Active
1022,New,20250925,Active
1023,Repeat,20200913,Active
1024,VIP,20220722,Inactive
1025,Repeat,20230602,Active
1026,New,20200831,Active
1027,Repeat,20240801,Active
1028,Repeat,20250114,Active
1029,New,20221029,Active
1030,Repeat,20250118,Active
1031,New,20240714,Active
1032,Repeat,20230313,Active
1033,New,20250302,Active
1034,New,20241117,Active
1035,New,20230409,Active
1036,Repeat,20250208,Active
1037,New,20251125,Active
1038,Repeat,20230821,Active
1039,New,20210401,Active
1040,New,20230404,Active
1041,New,20240328,Active
1042,Repeat,20241027,Active
1043,New,20220731,Active
1044,Repeat,20230426,Active
1045,Repeat,20260126,Inactive
1046,Repeat,20220311,Active
1047,New,20241124,Inactive
1048,New,20250108,Active
1049,Repeat,20220422,Active
1050,New,20260208,Active
1051,Repeat,20210707,Active
1052,New,20240602,Active
1053,Repeat,20250404,Active
1054,Repeat,20230107,Active
1055,VIP,20210809,Active
1056,New,20250511,Active
1057,Repeat,20250731,Active
1058,New,20210705,Active
1059,New,20250503,Active
1060,Repeat,20240426,Active
1061,Repeat,20250219,Active
1062,VIP,20250907,Active
1063,Repeat,20210127,Active
1064,New,20241229,Active
1065,New,20250129,Active
1066,Repeat,20221022,Active
1067,New,20211113,Active
1068,New,20260129,Active
1069,New,20231105,Active
1070,New,20250611,Active
1071,New,20231010,Active
1072,New,20210224,Active
1073,New,20220504,Active
1074,New,20250718,Active
1075,VIP,20220127,Inactive
1076,New,20230615,Active
1077,New,20201115,Active
1078,Repeat,20210101,Active
1079,New,20211209,Active
1080,Repeat,20211107,Active
1081,Repeat,20240503,Active
1082,New,20230101,Active
1083,New,20210721,Active
1084,Repeat,20260121,Active
1085,Repeat,20230727,Active
1086,New,20250512,Active
1087,Repeat,20211124,Active
1088,New,20220803,Active
1089,VIP,20221023,Active
1090,New,20211203,Active
1091,Repeat,20210920,Active
1092,Repeat,20240817,Active
1093,Repeat,20251030,Active
1094,New,20220412,Active
1095,New,20230305,Active
1096,New,20230509,Active
1097,New,20230223,Active
1098,New,20221114,Active
1099,Repeat,20220603,Active
1100,New,20220405,Active
1101,New,20241026,Active
1102,VIP,20231105,Active
1103,Repeat,20220111,Active
1104,Repeat,20241020,Active
1105,VIP,20251006,Active
1106,New,20251122,Active
1107,New,20250716,Active
1108,Repeat,20250411,Active
1109,Repeat,20230611,Active
1110,New,20211228,Active
1111,Repeat,20250327,Active
1112,New,20220802,Active
1113,New,20231001,Active
1114,New,20241002,Active
1115,Repeat,20220408,Active
1116,Repeat,20220612,Active
1117,New,20260111,Active
1118,Repeat,20250414,Active
1119,New,20211126,Active
1120,New,20210123,Active
1121,Repeat,20210512,Active
1122,VIP,20230731,Active
1123,Repeat,20210331,Active
1124,Repeat,20221212,Active
1125,Repeat,20210111,Active
1126,New,20230721,Active
1127,New,20231027,Active
1128,New,20250624,Active
1129,New,20250728,Active
1130,New,20220509,Active
1131,Repeat,20240510,Active
1132,New,20211002,Active
1133,New,20250606,Active
1134,New,20220117,Active
1135,Repeat,20240514,Active
1136,New,20210906,Active
1137,Repeat,20240920,Active
1138,New,20210517,Active
1139,New,20210803,Active
1140,Repeat,20230810,Active
1141,Repeat,20230823,Active
1142,New,20220405,Active
1143,Repeat,20250302,Active
1144,Repeat,20231224,Active
1145,New,20260207,Active
1146,Repeat,20250328,Active
1147,Repeat,20220224,Active
1148,Repeat,20201206,Active
1149,Repeat,20230904,Active
1150,Repeat,20210103,Active
1151,Repeat,20240320,Active
1152,Repeat,20251122,Active
1153,Repeat,20220815,Active
1154,Repeat,20220327,Active
1155,Repeat,20210930,Inactive
1156,Repeat,20210827,Active
1157,New,20240623,Active
1158,Repeat,20250928,Active
1159,Repeat,20231104,Active
1160,New,20250917,Active
1161,Repeat,20220905,Active
1162,New,20220504,Active
1163,New,20240419,Active
1164,Repeat,20240608,Active
1165,New,20250131,Active
1166,Repeat,20230507,Active
1167,Repeat,20241216,Inactive
1168,New,20220719,Active
1169,New,20211120,Active
1170,New,20200827,Active
1171,Repeat,20231108,Active
1172,VIP,20250419,Active
1173,Repeat,20211205,Active
1174,New,20230312,Active
1175,Repeat,20210920,Active
1176,New,20221101,Active
1177,Repeat,20210208,Active
1178,New,20240511,Active
1179,Repeat,20201011,Active
1180,New,20251007,Active
1181,VIP,20251004,Active
1182,New,20211106,Active
1183,Repeat,20210306,Active
1184,Repeat,20250502,Active
1185,New,20250227,Active
1186,Repeat,20220823,Active
1187,Repeat,20210305,Active
1188,New,20240430,Active
1189,New,20210813,Active
1190,Repeat,20230124,Inactive
1191,New,20211112,Active
1192,Repeat,20210806,Active
1193,New,20210319,Inactive
1194,Repeat,20230414,Active
1195,New,20220221,Active
1196,Repeat,20230119,Active
1197,VIP,20200907,Active
1198,VIP,20210117,Active
1199,Repeat,20231208,Active
1200,New,20210421,Active
1201,Repeat,20220903,Active
1202,New,20221029,Active
1203,New,20201227,Active
1204,New,20210702,Active
1205,New,20210909,Active
1206,Repeat,20211023,Active
1207,Repeat,20230627,Active
1208,New,20230105,Active
1209,New,20250125,Active
1210,VIP,20250331,Active
1211,New,20231008,Active
1212,New,20230823,Active
1213,New,20221221,Active
1214,Repeat,20260128,Active
1215,Repeat,20201005,Active
1216,New,20250602,Active
1217,New,20210207,Inactive
1218,Repeat,20230102,Active
1219,Repeat,20210425,Active
1220,New,20230408,Active
1221,VIP,20240206,Active
1222,New,20220824,Active
1223,New,20230919,Active
1224,Repeat,20231215,Active
1225,New,20240416,Active
1226,Repeat,20210613,Active
1227,New,20220214,Active
1228,New,20260114,Active
1229,VIP,20220801,Active
1230,New,20251225,Active
1231,Repeat,20221003,Active
1232,New,20210510,Active
1233,New,20231122,Active
1234,New,20230522,Active
1235,Repeat,20220217,Active
1236,New,20240902,Active
1237,Repeat,20250317,Active
1238,New,20240323,Active
1239,VIP,20241220,Active
1240,New,20250812,Inactive
1241,Repeat,20250814,Active
1242,Repeat,20231024,Active
1243,Repeat,20231029,Active
1244,Repeat,20240803,Active
1245,Repeat,20210625,Active
1246,Repeat,20210215,Active
1247,New,20250330,Active
1248,New,20220729,Inactive
1249,Repeat,20201221,Active
1250,Repeat,20240318,Active
1251,Repeat,20250905,Active
1252,New,20240213,Active
1253,New,20250722,Active
1254,New,20220716,Active
1255,Repeat,20210905,Inactive
1256,New,20240121,Active
1257,New,20210513,Active
1258,New,20250715,Active
1259,New,20221104,Active
1260,Repeat,20211004,Active
1261,New,20210301,Active
1262,Repeat,20240423,Active
1263,New,20230731,Active
1264,New,20221124,Active
1265,New,20231225,Active
1266,New,20250727,Active
1267,New,20250215,Active
1268,New,20220505,Active
1269,Repeat,20220411,Active
1270,New,20231021,Active
1271,Repeat,20240731,Active
1272,Repeat,20250828,Active
1273,Repeat,20230801,Active
1274,New,20241218,Active
1275,New,20230522,Active
1276,New,20201025,Active
1277,New,20230212,Active
1278,VIP,20251205,Active
1279,New,20220401,Active
1280,New,20240611,Active
1281,Repeat,20250211,Active
1282,Repeat,20220407,Active
1283,New,20220111,Active
1284,New,20251024,Active
1285,New,20201107,Active
1286,New,20230506,Active
1287,New,20230718,Active
1288,New,20250401,Active
1289,New,20221202,Active
1290,New,20251225,Active
1291,New,20220413,Active
1292,New,20221103,Active
1293,Repeat,20201226,Active
1294,Repeat,20240704,Active
1295,Repeat,20230809,Active
1296,New,20210601,Active
1297,New,20210826,Active
1298,New,20220923,Active
1299,Repeat,20211125,Active
1300,Repeat,20251119,Active
1301,New,20240104,Active
1302,Repeat,20231031,Active
1303,New,20241229,Active
1304,New,20211129,Active
1305,Repeat,20210111,Active
1306,Repeat,20201111,Active
1307,Repeat,20240424,Active
1308,Repeat,20251116,Active
1309,New,20210915,Active
1310,Repeat,20221014,Active
1311,New,20240713,Active
1312,Repeat,20230826,Active
1313,New,20250307,Active
1314,Repeat,20240317,Active
1315,New,20240621,Active
1316,Repeat,20221228,Active
1317,New,20250805,Active
1318,Repeat,20240301,Active
1319,New,20240323,Inactive
1320,New,20240831,Active
1321,New,20250520,Active
1322,New,20200908,Active
1323,Repeat,20230329,Active
1324,New,20251015,Active
1325,VIP,20210622,Active
1326,New,20240908,Active
1327,New,20231230,Active
1328,Repeat,20250805,Active
1329,Repeat,20250522,Active
1330,New,20220610,Active
1331,New,20211027,Active
1332,Repeat,20241124,Inactive
1333,New,20220722,Active
1334,VIP,20240506,Active
1335,VIP,20211011,Active
1336,Repeat,20250624,Active
1337,New,20210702,Active
1338,Repeat,20241014,Active
1339,New,20220325,Active
1340,New,20230320,Active
1341,New,20231115,Active
1342,New,20250824,Active
1343,Repeat,20241127,Active
1344,Repeat,20231117,Active
1345,Repeat,20221212,Active
1346,New,20250503,Active
1347,New,20241222,Active
1348,New,20240326,Active
1349,VIP,20200926,Inactive
1350,New,20251215,Active
1351,Repeat,20240316,Active
1352,Repeat,20230312,Active
1353,New,20210906,Active
1354,Repeat,20231021,Active
1355,New,20231209,Active
1356,Repeat,20230211,Active
1357,Repeat,20220801,Active
1358,New,20211020,Active
1359,New,20220220,Active
1360,Repeat,20251014,Active
1361,Repeat,20240725,Active
1362,New,20221024,Active
1363,Repeat,20211015,Active
1364,Repeat,20240725,Active
1365,Repeat,20200910,Active
1366,New,20240610,Active
1367,Repeat,20210904,Active
1368,Repeat,20201010,Active
1369,New,20240213,Active
1370,New,20220511,Active
1371,VIP,20201129,Active
1372,New,20231013,Active
1373,Repeat,20221212,Active
1374,New,20220616,Active
1375,New,20210826,Active
1376,Repeat,20220828,Active
1377,New,20230409,Active
1378,New,20210619,Active
1379,New,20201114,Active
1380,Repeat,20240702,Active
1381,New,20241120,Active
1382,New,20221026,Active
1383,VIP,20201203,Active
1384,New,20241217,Active
1385,Repeat,20250307,Active
1386,New,20220323,Active
1387,Repeat,20210721,Active
1388,New,20241221,Inactive
1389,VIP,20230421,Active
1390,New,20210806,Active
1391,New,20251113,Active
1392,New,20210130,Active
1393,New,20220223,Active
1394,New,20240830,Inactive
1395,New,20230206,Active
1396,Repeat,20201128,Active
1397,New,20210112,Active
1398,New,20210108,Active
1399,Repeat,20220801,Active
1400,Repeat,20230106,Active
1401,New,20210610,Active
1402,New,20231119,Active
1403,New,20250518,Active
1404,Repeat,20220523,Active
1405,Repeat,20220808,Active
1406,New,20230723,Active
1407,Repeat,20220515,Inactive
1408,Repeat,20210411,Active
1409,Repeat,20230612,Active
1410,Repeat,20211122,Active
1411,New,20211111,Active
1412,New,20221008,Active
1413,New,20230129,Active
1414,New,20210821,Active
1415,New,20241205,Active
1416,Repeat,20211215,Active
1417,New,20240102,Active
1418,New,20210127,Active
1419,New,20231008,Active
1420,Repeat,20240507,Active
1421,New,20210223,Active
1422,New,20220815,Active
1423,New,20210317,Active
1424,New,20220312,Active
1425,VIP,20240428,Active
1426,VIP,20230330,Active
1427,New,20210831,Active
1428,VIP,20220619,Active
1429,Repeat,20250103,Active
1430,Repeat,20221022,Active
1431,New,20210411,Active
1432,New,20241118,Active
1433,New,20220716,Active
1434,Repeat,20230826,Active
1435,New,20240602,Active
1436,New,20220102,Active
1437,New,20210305,Active
1438,Repeat,20230221,Active
1439,New,20241021,Active
1440,Repeat,20250310,Active
1441,VIP,20200921,Active
1442,New,20220521,Active
1443,Repeat,20250114,Active
1444,New,20250126,Active
1445,Repeat,20260202,Active
1446,New,20240711,Active
1447,Repeat,20220919,Active
1448,Repeat,20251008,Active
1449,Repeat,20220722,Active
1450,Repeat,20231128,Active
1451,New,20220211,Active
1452,Repeat,20241226,Active
1453,Repeat,20240914,Active
1454,Repeat,20231223,Active
1455,New,20220206,Active
1456,Repeat,20241203,Active
1457,Repeat,20230529,Active
1458,Repeat,20250303,Active
1459,New,20210913,Active
1460,Repeat,20221126,Active
1461,New,20230717,Active
1462,Repeat,20220404,Active
1463,New,20210912,Active
1464,Repeat,20220716,Active
1465,VIP,20250217,Active
1466,New,20250727,Active
1467,VIP,20211030,Active
1468,New,20250919,Active
1469,Repeat,20250211,Active
1470,Repeat,20241023,Active
1471,Repeat,20230219,Active
1472,Repeat,20210701,Active
1473,Repeat,20220219,Active
1474,New,20240106,Active
1475,New,20230815,Active
1476,Repeat,20220306,Active
1477,Repeat,20230220,Active
1478,Repeat,20210408,Active
1479,Repeat,20240312,Active
1480,New,20230429,Active
1481,Repeat,20250211,Active
1482,New,20251123,Active
1483,New,20251108,Active
1484,New,20231114,Active
1485,New,20231213,Active
1486,New,20230614,Active
1487,New,20201014,Active
1488,Repeat,20230125,Active
1489,New,20250830,Active
1490,New,20210328,Active
1491,New,20250901,Active
1492,New,20220716,Active
1493,New,20220320,Active
1494,New,20250818,Active
1495,Repeat,20240318,Active
1496,Repeat,20230506,Active
1497,Repeat,20210131,Active
1498,New,20230806,Active
1499,New,20240519,Active
1500,Repeat,20240820,Active
1501,New,20200829,Active
1502,New,20210126,Active
1503,New,20240729,Active
1504,New,20220911,Inactive
1505,New,20250929,Active
1506,New,20241106,Active
1507,Repeat,20250401,Active
1508,New,20241204,Active
1509,Repeat,20241216,Active
1510,Repeat,20250122,Active
1511,Repeat,20230703,Active
1512,Repeat,20250513,Active
1513,VIP,20211104,Active
1514,New,20231230,Active
1515,New,20240917,Active
1516,New,20220801,Active
1517,Repeat,20230418,Active
1518,Repeat,20221112,Active
1519,New,20201127,Active
1520,Repeat,20220827,Active
1521,New,20211015,Inactive
1522,Repeat,20230914,Active
1523,New,20241127,Active
1524,New,20220516,Active
1525,New,20221213,Active
1526,New,20241108,Inactive
1527,New,20230919,Active
1528,New,20250414,Active
1529,Repeat,20260207,Active
1530,New,20220923,Active
1531,New,20250820,Active
1532,Repeat,20210519,Active
1533,Repeat,20230809,Active
1534,New,20250727,Active
1535,New,20230201,Active
1536,New,20210219,Active
1537,New,20240417,Active
1538,Repeat,20251207,Active
1539,New,20231021,Active
1540,New,20240513,Active
1541,Repeat,20201128,Active
1542,New,20220212,Active
1543,Repeat,20210830,Active
1544,New,20201203,Active
1545,VIP,20260104,Active
1546,New,20220211,Active
1547,Repeat,20210804,Active
1548,New,20220828,Active
1549,New,20210628,Active
1550,Repeat,20240226,Active
1551,VIP,20250429,Active
1552,Repeat,20251004,Active
1553,Repeat,20230809,Active
1554,Repeat,20210714,Active
1555,New,20241030,Active
1556,New,20231016,Active
1557,Repeat,20220330,Active
1558,New,20221007,Active
1559,Repeat,20250627,Active
1560,Repeat,20220206,Active
1561,New,20220820,Active
1562,New,20241121,Active
1563,Repeat,20241013,Active
1564,New,20220428,Active
1565,Repeat,20220426,Active
1566,New,20250323,Active
1567,Repeat,20240608,Active
1568,New,20251018,Active
1569,Repeat,20230210,Inactive
1570,New,20251201,Active
1571,Repeat,20250317,Active
1572,New,20250809,Active
1573,Repeat,20250823,Active
1574,Repeat,20230504,Active
1575,New,20201122,Active
1576,New,20210628,Active
1577,New,20201216,Active
1578,Repeat,20240420,Active
1579,Repeat,20221023,Active
1580,New,20250118,Active
1581,New,20241012,Active
1582,New,20211115,Active
1583,Repeat,20220119,Active
1584,New,20220117,Active
1585,VIP,20230218,Active
1586,New,20220802,Active
1587,Repeat,20210626,Active
1588,New,20260106,Active
1589,New,20220725,Active
1590,Repeat,20220726,Active
1591,Repeat,20241128,Active
1592,VIP,20240926,Active
1593,New,20251204,Inactive
1594,New,20260131,Active
1595,Repeat,20230625,Active
1596,Repeat,20220226,Active
1597,New,20230411,Active
1598,New,20231013,Active
1599,New,20240324,Active
1600,Repeat,20251118,Active
1601,New,20231015,Active
1602,New,20210806,Active
1603,New,20230729,Active
1604,New,20230122,Active
1605,New,20221017,Active
1606,New,20240626,Active
1607,New,20210507,Active
1608,Repeat,20230424,Active
1609,New,20240106,Active
1610,New,20240907,Active
1611,Repeat,20240905,Active
1612,Repeat,20221026,Active
1613,New,20200927,Active
1614,New,20250111,Active
1615,New,20221225,Active
1616,Repeat,20240309,Active
1617,VIP,20250920,Active
1618,Repeat,20250628,Active
1619,New,20231013,Active
1620,Repeat,20210731,Active
1621,New,20250511,Active
1622,New,20241130,Active
1623,Repeat,20230919,Active
1624,VIP,20230213,Active
1625,New,20250521,Active
1626,Repeat,20200816,Active
1627,New,20250701,Active
1628,New,20220322,Active
1629,New,20211021,Active
1630,New,20240406,Active
1631,Repeat,20251130,Active
1632,New,20241113,Active
1633,Repeat,20201007,Active
1634,Repeat,20230313,Active
1635,Repeat,20220117,Active
1636,New,20240430,Active
1637,New,20241214,Active
1638,New,20240425,Active
1639,VIP,20230927,Active
1640,Repeat,20210109,Active
1641,New,20231118,Inactive
1642,Repeat,20240618,Active
1643,New,20231022,Active
1644,Repeat,20220506,Active
1645,New,20210610,Active
1646,Repeat,20240307,Active
1647,New,20251207,Active
1648,Repeat,20221013,Inactive
1649,Repeat,20221213,Active
1650,Repeat,20250907,Active
1651,New,20210209,Active
1652,New,20221205,Active
1653,New,20240524,Active
1654,New,20231106,Active
1655,New,20251217,Active
1656,Repeat,20231223,Active
1657,New,20230110,Active
1658,New,20230928,Active
1659,New,20250406,Inactive
1660,New,20241210,Active
1661,Repeat,20220913,Active
1662,New,20230812,Active
1663,Repeat,20240823,Active
1664,New,20211103,Active
1665,VIP,20240426,Active
1666,Repeat,20250928,Active
1667,New,20220724,Active
1668,Repeat,20220409,Active
1669,New,20250217,Active
1670,Repeat,20251101,Active
1671,New,20240529,Active
1672,Repeat,20210107,Active
1673,Repeat,20210517,Active
1674,Repeat,20220106,Active
1675,Repeat,20231201,Active
1676,New,20220907,Active
1677,New,20250920,Active
1678,New,20250913,Active
1679,New,20211205,Active
1680,Repeat,20250925,Active
1681,New,20260205,Active
1682,VIP,20240723,Active
1683,Repeat,20231105,Active
1684,Repeat,20230917,Active
1685,New,20230819,Active
1686,Repeat,20231011,Active
1687,Repeat,20250516,Active
1688,New,20220612,Active
1689,Repeat,20220306,Active
1690,Repeat,20250803,Active
1691,New,20240515,Active
1692,New,20220128,Active
1693,New,20210121,Active
1694,New,20241124,Active
1695,New,20240804,Active
1696,New,20220627,Active
1697,New,20200907,Active
1698,New,20230722,Active
1699,VIP,20220122,Active
1700,New,20220814,Active
1701,VIP,20250916,Active
1702,New,20250511,Active
1703,New,20210106,Active
1704,New,20250110,Active
1705,New,20220614,Active
1706,New,20250114,Active
1707,Repeat,20240728,Active
1708,New,20220627,Active
1709,Repeat,20230415,Active
1710,Repeat,20221023,Active
1711,New,20201108,Active
1712,New,20211005,Active
1713,Repeat,20220710,Active
1714,New,20211210,Active
1715,New,20211114,Active
1716,VIP,20221120,Active
1717,New,20210608,Active
1718,Repeat,20230925,Active
1719,VIP,20260122,Active
1720,New,20240121,Active
1721,New,20230909,Active
1722,New,20230323,Active
1723,New,20220626,Active
1724,New,20210828,Active
1725,Repeat,20231108,Active
1726,New,20211010,Active
1727,New,20201128,Active
1728,VIP,20250510,Active
1729,Repeat,20210711,Active
1730,Repeat,20211028,Active
1731,New,20231015,Active
1732,Repeat,20251019,Active
1733,New,20210901,Active
1734,New,20201231,Active
1735,New,20230316,Active
1736,Repeat,20221206,Active
1737,New,20210512,Active
1738,New,20241206,Active
1739,New,20210915,Active
1740,New,20241213,Active
1741,Repeat,20230214,Active
1742,Repeat,20211122,Active
1743,Repeat,20250410,Active
1744,New,20211108,Active
1745,New,20240501,Active
1746,New,20240213,Active
1747,New,20250416,Active
1748,New,20260123,Active
1749,Repeat,20240316,Inactive
1750,New,20240305,Active
1751,New,20200904,Active
1752,New,20210411,Active
1753,New,20240301,Active
1754,New,20211007,Active
1755,VIP,20260105,Active
1756,Repeat,20240410,Active
1757,VIP,20230706,Active
1758,New,20250908,Active
1759,New,20230917,Active
1760,New,20250417,Active
1761,New,20210217,Active
1762,Repeat,20231011,Active
1763,New,20240101,Active
1764,New,20240723,Active
1765,New,20240312,Active
1766,New,20260119,Active
1767,Repeat,20210425,Active
1768,New,20200903,Active
1769,New,20220728,Active
1770,New,20250606,Active
1771,New,20231019,Active
1772,Repeat,20210326,Active
1773,Repeat,20200818,Active
1774,VIP,20260123,Active
1775,Repeat,20240127,Active
1776,New,20221217,Active
1777,Repeat,20240912,Active
1778,New,20210331,Active
1779,New,20230214,Active
1780,Repeat,20250320,Inactive
1781,New,20211227,Active
1782,Repeat,20220118,Active
1783,New,20220718,Active
1784,Repeat,20251014,Active
1785,Repeat,20230218,Active
1786,Repeat,20260201,Active
1787,Repeat,20250412,Active
1788,Repeat,20231022,Active
1789,New,20240307,Active
1790,New,20210602,Active
1791,New,20230728,Active
1792,Repeat,20250422,Active
1793,New,20230923,Active
1794,Repeat,20220731,Active
1795,New,20230321,Active
1796,New,20220525,Active
1797,Repeat,20230609,Active
1798,New,20250402,Active
1799,New,20220630,Active
1800,New,20251227,Active
1801,VIP,20230102,Active
1802,Repeat,20230722,Active
1803,New,20201117,Active
1804,New,20230313,Active
1805,New,20220226,Active
1806,Repeat,20250626,Active
1807,Repeat,20251011,Active
1808,New,20210316,Active
1809,New,20211025,Active
1810,New,20221215,Inactive
1811,Repeat,20220105,Active
1812,Repeat,20221129,Active
1813,New,20220528,Active
1814,New,20210308,Active
1815,New,20210831,Active
1816,VIP,20230817,Active
1817,New,20241102,Active
1818,Repeat,20230820,Active
1819,Repeat,20250923,Active
1820,New,20201031,Active
1821,New,20221109,Active
1822,New,20220922,Active
1823,Repeat,20210929,Active
1824,Repeat,20250208,Active
1825,Repeat,20201129,Active
1826,New,20250927,Active
1827,New,20220217,Active
1828,VIP,20240923,Active
1829,Repeat,20221119,Active
1830,New,20240306,Active
1831,VIP,20201111,Active
1832,Repeat,20250528,Active
1833,Repeat,20230113,Active
1834,Repeat,20230821,Active
1835,Repeat,20230821,Active
1836,Repeat,20240820,Active
1837,New,20220206,Active
1838,New,20210417,Active
1839,Repeat,20220316,Active
1840,New,20250722,Active
1841,New,20240621,Active
1842,New,20230424,Active
1843,New,20220802,Active
1844,Repeat,20241226,Active
1845,Repeat,20250518,Active
1846,New,20250611,Active
1847,New,20210104,Active
1848,New,20230125,Active
1849,Repeat,20240607,Active
1850,Repeat,20230828,Active
1851,New,20231026,Active
1852,Repeat,20210802,Active
1853,Repeat,20220211,Active
1854,Repeat,20230214,Active
1855,Repeat,20210114,Active
1856,New,20231110,Active
1857,Repeat,20240824,Active
1858,New,20220530,Active
1859,Repeat,20230331,Active
1860,Repeat,20220917,Active
1861,Repeat,20240403,Active
1862,Repeat,20220501,Active
1863,New,20220602,Active
1864,New,20211108,Active
1865,VIP,20220806,Active
1866,Repeat,20240115,Active
1867,New,20200927,Active
1868,New,20210506,Active
1869,New,20250630,Active
1870,Repeat,20230608,Active
1871,Repeat,20250303,Active
1872,New,20240228,Active
1873,New,20220403,Active
1874,Repeat,20230621,Active
1875,Repeat,20240504,Active
1876,New,20240911,Active
1877,Repeat,20230803,Active
1878,New,20230525,Active
1879,New,20210208,Active
1880,Repeat,20201017,Active
1881,Repeat,20230331,Active
1882,Repeat,20230515,Active
1883,Repeat,20220227,Active
1884,Repeat,20240407,Active
1885,New,20240206,Active
1886,New,20240320,Active
1887,New,20250811,Active
1888,New,20230328,Active
1889,Repeat,20240502,Active
1890,VIP,20241113,Active
1891,New,20221213,Active
1892,New,20240215,Active
1893,Repeat,20220411,Active
1894,New,20241027,Inactive
1895,New,20250804,Active
1896,Repeat,20250523,Active
1897,Repeat,20220413,Active
1898,New,20250611,Active
1899,New,20250826,Active
1900,Repeat,20221123,Active
1901,New,20240910,Active
1902,New,20231221,Active
1903,Repeat,20240302,Active
1904,New,20220831,Active
1905,Repeat,20220224,Active
1906,New,20201018,Active
1907,VIP,20240121,Active
1908,New,20230315,Active
1909,New,20260112,Active
1910,New,20210421,Active
1911,New,20240206,Active
1912,Repeat,20230313,Active
1913,VIP,20250112,Active
1914,New,20210119,Active
1915,New,20220820,Active
1916,Repeat,20250507,Active
1917,Repeat,20230427,Active
1918,Repeat,20241220,Active
1919,New,20260110,Active
1920,New,20230901,Active
1921,Repeat,20240413,Active
1922,New,20251003,Active
1923,Repeat,20230810,Active
1924,New,20220608,Active
1925,Repeat,20230625,Active
1926,New,20200917,Active
1927,Repeat,20250922,Active
1928,New,20250806,Active
1929,Repeat,20220224,Active
1930,New,20201027,Active
1931,Repeat,20251018,Active
1932,Repeat,20221118,Active
1933,Repeat,20240513,Active
1934,Repeat,20231016,Active
1935,Repeat,20230730,Active
1936,Repeat,20201015,Active
1937,New,20251009,Active
1938,Repeat,20241106,Active
1939,New,20210514,Active
1940,New,20210418,Active
1941,New,20231128,Active
1942,New,20220505,Active
1943,Repeat,20240417,Active
1944,Repeat,20250727,Active
1945,Repeat,20220721,Active
1946,New,20220608,Active
1947,New,20231014,Active
1948,New,20230915,Active
1949,New,20210621,Active
1950,New,20250726,Active
1951,New,20240323,Active
1952,New,20250527,Active
1953,Repeat,20211223,Active
1954,Repeat,20240531,Active
1955,VIP,20210719,Active
1956,Repeat,20220317,Active
1957,Repeat,20200825,Inactive
1958,New,20201003,Active
1959,Repeat,20241004,Active
1960,Repeat,20220430,Active
1961,New,20240421,Active
1962,New,20220816,Active
1963,Repeat,20241225,Active
1964,New,20221019,Active
1965,Repeat,20230413,Active
1966,Repeat,20250219,Active
1967,New,20201226,Active
1968,New,20250108,Active
1969,New,20201106,Active
1970,New,20201011,Active
1971,New,20210826,Active
1972,Repeat,20210730,Active
1973,New,20210513,Active
1974,New,20240930,Active
1975,New,20201204,Active
1976,Repeat,20230101,Active
1977,New,20230119,Active
1978,New,20201030,Active
1979,Repeat,20231110,Active
1980,Repeat,20241118,Active
1981,New,20251224,Active
1982,Repeat,20250309,Active
1983,New,20210710,Active
1984,New,20201215,Active
1985,New,20200925,Active
1986,New,20231119,Active
1987,Repeat,20230223,Active
1988,New,20220519,Active
1989,New,20230628,Active
1990,Repeat,20210521,Active
1991,Repeat,20220917,Active
1992,New,20211127,Active
1993,Repeat,20240709,Active
1994,New,20200824,Active
1995,Repeat,20200828,Active
1996,Repeat,20230225,Active
1997,VIP,20230224,Active
1998,New,20250901,Active
1999,New,20250914,Inactive
2000,New,20230727,Active
2001,New,20231231,Active
2002,New,20241206,Active
2003,Repeat,20250206,Active
2004,New,20250510,Active
2005,New,20240711,Active
2006,Repeat,20231213,Active
2007,New,20230726,Active
2008,Repeat,20240702,Active
2009,New,20220530,Active
2010,New,20250415,Active
2011,New,20250905,Active
2012,New,20220428,Active
2013,Repeat,20250524,Active
2014,New,20251230,Active
2015,New,20240331,Active
2016,New,20250216,Active
2017,New,20210227,Active
2018,Repeat,20211006,Active
2019,New,20220610,Active
2020,Repeat,20240729,Active
2021,VIP,20250629,Active
2022,Repeat,20250306,Active
2023,Repeat,20250211,Active
2024,New,20241108,Active
2025,New,20240526,Inactive
2026,New,20210110,Active
2027,Repeat,20230513,Active
2028,VIP,20240604,Active
2029,New,20210814,Active
2030,Repeat,20260131,Active
2031,New,20250318,Active
2032,Repeat,20250507,Active
2033,New,20210921,Active
2034,VIP,20220413,Active
2035,Repeat,20241009,Active
2036,New,20210401,Active
2037,New,20241231,Active
2038,New,20251004,Active
2039,New,20220203,Active
2040,New,20210510,Active
2041,Repeat,20240714,Active
2042,Repeat,20250806,Active
2043,New,20230616,Active
2044,New,20240420,Inactive
2045,Repeat,20250518,Active
2046,Repeat,20201219,Active
2047,New,20210617,Active
2048,Repeat,20250507,Active
2049,New,20241028,Active
2050,New,20230902,Active
2051,New,20240525,Active
2052,New,20220505,Active
2053,New,20240522,Active
2054,Repeat,20220705,Active
2055,Repeat,20230619,Active
2056,Repeat,20240217,Active
2057,New,20231231,Active
2058,New,20210523,Active
2059,Repeat,20211101,Active
2060,New,20250922,Active
2061,New,20221130,Active
2062,New,20210908,Active
2063,Repeat,20220424,Active
2064,New,20240930,Active
2065,New,20210109,Active
2066,Repeat,20240310,Active
2067,New,20220118,Active
2068,New,20220507,Active
2069,New,20250131,Active
2070,New,20211023,Active
2071,Repeat,20210106,Active
2072,New,20210531,Active
2073,New,20240625,Active
2074,Repeat,20200829,Active
2075,Repeat,20210429,Active
2076,Repeat,20240516,Active
2077,New,20250503,Active
2078,New,20240515,Active
2079,VIP,20240709,Active
2080,Repeat,20231229,Active
2081,New,20221221,Active
2082,New,20230316,Active
2083,New,20231124,Active
2084,Repeat,20211122,Inactive
2085,New,20210512,Active
2086,New,20240112,Active
2087,New,20231104,Active
2088,Repeat,20220430,Active
2089,Repeat,20231205,Active
2090,New,20240708,Active
2091,Repeat,20251003,Active
2092,VIP,20201026,Active
2093,New,20240727,Active
2094,New,20251119,Active
2095,New,20240314,Active
2096,Repeat,20201028,Active
2097,Repeat,20210805,Active
2098,Repeat,20250601,Active
2099,Repeat,20211225,Active
2100,New,20240428,Active
2101,Repeat,20230430,Active
2102,New,20241121,Active
2103,New,20220318,Active
2104,Repeat,20230211,Active
2105,Repeat,20240825,Active
2106,New,20210823,Active
2107,Repeat,20210812,Active
2108,Repeat,20201116,Active
2109,New,20240421,Active
2110,VIP,20210705,Active
2111,New,20210903,Active
2112,New,20220313,Active
2113,New,20220821,Active
2114,Repeat,20220822,Active
2115,Repeat,20251102,Active
2116,New,20210727,Active
2117,New,20251001,Active
2118,Repeat,20230916,Active
2119,New,20240106,Active
2120,Repeat,20231214,Active
2121,Repeat,20250407,Active
2122,New,20251105,Inactive
2123,VIP,20220804,Active
2124,New,20221005,Active
2125,VIP,20230601,Active
2126,Repeat,20231216,Active
2127,Repeat,20240619,Active
2128,New,20240712,Active
2129,Repeat,20220610,Active
2130,New,20250623,Inactive
2131,New,20220407,Active
2132,New,20200826,Active
2133,New,20210218,Active
2134,New,20220811,Active
2135,Repeat,20230620,Active
2136,Repeat,20221002,Active
2137,New,20240328,Active
2138,Repeat,20210930,Active
2139,New,20230329,Active
2140,Repeat,20220323,Active
2141,Repeat,20230727,Active
2142,New,20250306,Active
2143,Repeat,20230703,Active
2144,New,20220315,Active
2145,New,20230622,Active
2146,Repeat,20240521,Active
2147,New,20240806,Active
2148,New,20250316,Active
2149,New,20250913,Active
2150,Repeat,20240120,Active
2151,New,20250710,Active
2152,New,20230501,Active
2153,Repeat,20240101,Active
2154,Repeat,20240809,Active
2155,New,20240325,Active
2156,New,20220828,Active
2157,New,20250627,Active
2158,New,20250107,Active
2159,New,20230917,Active
2160,Repeat,20210307,Active
2161,Repeat,20230728,Active
2162,Repeat,20230416,Active
2163,New,20230313,Active
2164,Repeat,20240614,Active
2165,New,20250924,Active
2166,VIP,20230729,Active
2167,Repeat,20240307,Active
2168,New,20240505,Active
2169,Repeat,20230706,Active
2170,New,20231018,Active
2171,Repeat,20230802,Active
2172,New,20201128,Active
2173,New,20240226,Active
2174,Repeat,20241108,Active
2175,New,20241013,Active
2176,Repeat,20210425,Active
2177,New,20210606,Active
2178,Repeat,20220614,Active
2179,Repeat,20231110,Active
2180,New,20220215,Active
2181,New,20220508,Active
2182,New,20230811,Active
2183,New,20250628,Active
2184,New,20210610,Active
2185,Repeat,20240910,Active
2186,Repeat,20250530,Active
2187,Repeat,20250902,Active
2188,Repeat,20201124,Active
2189,Repeat,20230731,Active
2190,Repeat,20210713,Active
2191,New,20221129,Active
2192,Repeat,20250625,Active
2193,Repeat,20210912,Active
2194,Repeat,20250617,Active
2195,New,20230106,Active
2196,New,20210831,Active
2197,New,20201115,Active
2198,Repeat,20250804,Active
2199,New,20211105,Active
2200,New,20201202,Active
2201,VIP,20210628,Active
2202,New,20231120,Active
2203,New,20250825,Active
2204,New,20260211,Active
2205,Repeat,20251211,Active
2206,Repeat,20240813,Active
2207,New,20211031,Active
2208,Repeat,20210321,Active
2209,New,20240113,Active
2210,Repeat,20220619,Active
2211,Repeat,20241114,Active
2212,Repeat,20210520,Active
2213,New,20230521,Active
2214,VIP,20220307,Active
2215,Repeat,20241230,Active
2216,New,20230522,Active
2217,Repeat,20230107,Active
2218,New,20211124,Active
2219,Repeat,20221202,Active
2220,New,20220908,Active
2221,Repeat,20250127,Active
2222,New,20250109,Active
2223,New,20221201,Active
2224,New,20200914,Active
2225,New,20210809,Active
2226,New,20251210,Active
2227,New,20240319,Inactive
2228,Repeat,20201109,Active
2229,New,20240125,Active
2230,New,20220901,Active
2231,Repeat,20210624,Active
2232,New,20210815,Active
2233,Repeat,20250721,Active
2234,Repeat,20250812,Active
2235,Repeat,20250921,Active
2236,Repeat,20230206,Active
2237,Repeat,20240229,Active
2238,New,20220714,Active
2239,New,20201224,Active
2240,New,20221027,Active
2241,Repeat,20221013,Active
2242,New,20250914,Active
2243,Repeat,20210801,Active
2244,VIP,20210211,Active
2245,Repeat,20250815,Active
2246,New,20240927,Active
2247,New,20251110,Active
2248,Repeat,20231115,Active
2249,Repeat,20250727,Active
2250,New,20251109,Active
2251,New,20230909,Active
2252,Repeat,20220928,Active
2253,Repeat,20220107,Active
2254,Repeat,20210815,Active
2255,Repeat,20230423,Active
2256,Repeat,20210803,Active
2257,New,20221024,Active
2258,New,20240814,Active
2259,New,20230827,Active
2260,New,20240116,Active
2261,Repeat,20211001,Active
2262,Repeat,20220820,Active
2263,Repeat,20230423,Active
2264,New,20201211,Active
2265,Repeat,20211210,Active
2266,Repeat,20210223,Active
2267,Repeat,20220329,Active
2268,Repeat,20220328,Active
2269,New,20220605,Active
2270,New,20201130,Active
2271,New,20210901,Active
2272,New,20221007,Active
2273,New,20210909,Active
2274,Repeat,20210416,Active
2275,VIP,20220323,Active
2276,Repeat,20230101,Active
2277,Repeat,20211126,Active
2278,New,20221229,Active
2279,Repeat,20230307,Active
2280,New,20241124,Active
2281,New,20240101,Active
2282,New,20220411,Active
2283,New,20250303,Active
2284,New,20230527,Active
2285,New,20260107,Active
2286,New,20230817,Active
2287,VIP,20250301,Active
2288,New,20240409,Active
2289,New,20250501,Active
2290,New,20250504,Active
2291,Repeat,20250515,Active
2292,New,20250115,Active
2293,New,20221223,Active
2294,New,20231208,Active
2295,New,20251008,Active
2296,New,20240213,Active
2297,New,20200828,Active
2298,New,20210610,Active
2299,New,20230820,Active
2300,New,20230726,Active
2301,Repeat,20221011,Active
2302,Repeat,20210111,Active
2303,New,20250605,Active
2304,New,20201215,Active
2305,Repeat,20240102,Active
2306,New,20240311,Active
2307,New,20220204,Active
2308,Repeat,20250420,Active
2309,New,20231108,Active
2310,New,20240129,Active
2311,New,20210826,Active
2312,Repeat,20201105,Inactive
2313,New,20211220,Active
2314,Repeat,20210806,Active
2315,VIP,20230226,Active
2316,New,20240304,Active
2317,New,20250105,Active
2318,New,20230719,Active
2319,New,20230517,Active
2320,New,20241229,Active
2321,Repeat,20201216,Active
2322,Repeat,20240519,Active
2323,Repeat,20220724,Active
2324,New,20210711,Active
2325,Repeat,20240718,Active
2326,VIP,20230503,Active
2327,Repeat,20210704,Active
2328,New,20230924,Active
2329,Repeat,20220924,Active
2330,New,20230902,Active
2331,New,20211022,Active
2332,New,20220726,Active
2333,Repeat,20221018,Inactive
2334,Repeat,20220728,Active
2335,New,20230912,Active
2336,New,20220205,Active
2337,New,20220408,Active
2338,New,20231029,Active
2339,New,20250429,Active
2340,New,20210429,Active
2341,Repeat,20231211,Active
2342,New,20240131,Active
2343,New,20230103,Active
2344,New,20230131,Active
2345,Repeat,20241020,Active
2346,Repeat,20250513,Active
2347,Repeat,20221102,Active
2348,New,20220623,Active
2349,Repeat,20250901,Active
2350,New,20210513,Active
2351,Repeat,20241106,Active
2352,Repeat,20220216,Active
2353,Repeat,20230927,Active
2354,Repeat,20240509,Active
2355,Repeat,20220306,Active
2356,New,20260103,Active
2357,Repeat,20230428,Active
2358,New,20210809,Active
2359,New,20250316,Active
2360,New,20250208,Active
2361,New,20240504,Active
2362,New,20250424,Active
2363,New,20231121,Active
2364,New,20240509,Active
2365,Repeat,20221022,Active
2366,New,20240221,Active
2367,New,20230119,Active
2368,New,20250609,Active
2369,New,20231221,Active
2370,Repeat,20210314,Active
2371,Repeat,20210529,Active
2372,Repeat,20250427,Active
2373,Repeat,20250706,Active
2374,New,20220828,Active
2375,Repeat,20240919,Active
2376,New,20240929,Active
2377,New,20230628,Inactive
2378,Repeat,20241216,Active
2379,New,20230922,Active
2380,Repeat,20210607,Active
2381,Repeat,20200821,Active
2382,Repeat,20220216,Active
2383,Repeat,20220627,Active
2384,New,20251020,Active
2385,New,20221019,Active
2386,Repeat,20210306,Active
2387,New,20210706,Active
2388,Repeat,20221118,Active
2389,Repeat,20250729,Active
2390,Repeat,20210416,Active
2391,New,20210708,Active
2392,New,20230429,Active
2393,New,20230722,Active
2394,New,20220915,Active
2395,Repeat,20250116,Active
2396,New,20250216,Active
2397,New,20230618,Active
2398,New,20230208,Active
2399,Repeat,20240619,Inactive
2400,Repeat,20210815,Active
2401,New,20250127,Active
2402,New,20240512,Active
2403,New,20251012,Active
2404,New,20250805,Active
2405,Repeat,20240112,Active
2406,Repeat,20201027,Active
2407,New,20250620,Active
2408,New,20250716,Active
2409,VIP,20250219,Active
2410,New,20230721,Active
2411,Repeat,20241021,Active
2412,New,20210516,Active
2413,New,20241211,Active
2414,New,20210311,Active
2415,New,20251220,Active
2416,VIP,20251013,Active
2417,New,20250209,Inactive
2418,New,20201217,Active
2419,New,20230615,Active
2420,New,20240429,Active
2421,New,20231209,Active
2422,New,20220209,Active
2423,Repeat,20250403,Active
2424,New,20201014,Active
2425,New,20250705,Active
2426,Repeat,20230131,Active
2427,New,20230118,Active
2428,VIP,20260111,Active
2429,New,20221006,Active
2430,Repeat,20211031,Active
2431,Repeat,20240108,Active
2432,Repeat,20230212,Active
2433,VIP,20230607,Active
2434,New,20241122,Active
2435,VIP,20250523,Active
2436,New,20221125,Active
2437,New,20230520,Active
2438,New,20250516,Active
2439,New,20240526,Active
2440,New,20220503,Active
2441,New,20250805,Active
2442,New,20250402,Active
2443,Repeat,20231117,Active
2444,Repeat,20230510,Inactive
2445,New,20220819,Active
2446,New,20201114,Active
2447,New,20210129,Active
2448,New,20230401,Active
2449,New,20210310,Active
2450,New,20240313,Active
2451,New,20230809,Active
2452,VIP,20251109,Active
2453,New,20220113,Active
2454,New,20231109,Active
2455,Repeat,20250705,Active
2456,New,20250713,Active
2457,New,20220901,Active
2458,Repeat,20210617,Active
2459,New,20251030,Active
2460,New,20260211,Active
2461,VIP,20210914,Active
2462,Repeat,20230818,Active
2463,Repeat,20210218,Active
2464,Repeat,20241230,Active
2465,Repeat,20240507,Active
2466,New,20250411,Active
2467,New,20241224,Active
2468,New,20220430,Active
2469,New,20220815,Active
2470,New,20210412,Active
2471,New,20220130,Active
2472,VIP,20210103,Active
2473,Repeat,20240225,Active
2474,Repeat,20210101,Active
2475,New,20211117,Inactive
2476,Repeat,20201024,Active
2477,New,20210904,Active
2478,Repeat,20220507,Active
2479,New,20210301,Active
2480,Repeat,20210308,Active
2481,New,20250531,Active
2482,Repeat,20220306,Active
2483,Repeat,20250812,Active
2484,New,20230424,Active
2485,New,20221029,Active
2486,VIP,20250422,Active
2487,New,20221222,Active
2488,Repeat,20230114,Active
2489,Repeat,20230416,Active
2490,New,20220517,Active
2491,New,20240809,Active
2492,New,20251111,Active
2493,Repeat,20210706,Active
2494,New,20211031,Active
2495,New,20221028,Active
2496,New,20210530,Active
2497,Repeat,20210329,Active
2498,Repeat,20230808,Active
2499,VIP,20230409,Active
2500,New,20230311,Active
2501,Repeat,20220226,Active
2502,Repeat,20220730,Active
2503,Repeat,20211226,Active
2504,VIP,20221212,Active
2505,New,20230227,Active
2506,New,20251208,Active
2507,Repeat,20201014,Active
2508,New,20240706,Active
2509,Repeat,20210429,Active
2510,Repeat,20220315,Active
2511,New,20210411,Active
2512,Repeat,20250814,Active
2513,New,20200922,Active
2514,New,20200909,Active
2515,Repeat,20210929,Active
2516,Repeat,20211119,Active
2517,New,20241227,Active
2518,New,20230430,Active
2519,Repeat,20240726,Active
2520,Repeat,20210807,Active
2521,Repeat,20210902,Active
2522,New,20250822,Active
2523,New,20231110,Active
2524,New,20220307,Active
2525,Repeat,20240811,Active
2526,New,20230723,Active
2527,New,20240428,Active
2528,VIP,20211022,Active
2529,New,20240809,Active
2530,VIP,20201010,Active
2531,Repeat,20220315,Active
2532,Repeat,20210510,Active
2533,New,20201023,Active
2534,New,20250602,Active
2535,Repeat,20230203,Active
2536,Repeat,20250126,Active
2537,Repeat,20240827,Active
2538,New,20221017,Active
2539,Repeat,20210429,Active
2540,Repeat,20220618,Active
2541,Repeat,20211218,Active
2542,Repeat,20220831,Active
2543,Repeat,20250309,Active
2544,Repeat,20201003,Active
2545,New,20250325,Active
2546,New,20210627,Active
2547,New,20211002,Active
2548,New,20211023,Active
2549,New,20230607,Active
2550,New,20250923,Active
2551,New,20260112,Active
2552,New,20231028,Active
2553,Repeat,20260116,Active
2554,Repeat,20240605,Active
2555,New,20211009,Active
2556,VIP,20241229,Active
2557,New,20250729,Active
2558,New,20241217,Inactive
2559,New,20221207,Active
2560,New,20240822,Active
2561,Repeat,20230217,Active
2562,Repeat,20211023,Active
2563,New,20220520,Active
2564,New,20241211,Active
2565,New,20201011,Active
2566,New,20241218,Active
2567,New,20230406,Active
2568,New,20230419,Active
2569,Repeat,20231130,Active
2570,Repeat,20240324,Active
2571,New,20200930,Active
2572,Repeat,20231122,Active
2573,New,20240302,Active
2574,New,20211006,Active
2575,New,20221211,Active
2576,Repeat,20210101,Active
2577,VIP,20210419,Active
2578,Repeat,20231031,Active
2579,New,20210402,Active
2580,Repeat,20221016,Active
2581,New,20220514,Active
2582,Repeat,20250509,Active
2583,New,20210824,Active
2584,New,20230824,Active
2585,Repeat,20250131,Inactive
2586,Repeat,20220823,Active
2587,New,20230809,Active
2588,Repeat,20201111,Active
2589,New,20230901,Active
2590,Repeat,20220729,Active
2591,Repeat,20250531,Active
2592,Repeat,20231226,Active
2593,New,20251204,Active
2594,New,20240621,Active
2595,New,20220408,Active
2596,Repeat,20240923,Active
2597,New,20241229,Active
2598,New,20250727,Active
2599,New,20250131,Active
2600,New,20250901,Active
2601,Repeat,20220205,Active
2602,New,20210317,Inactive
2603,Repeat,20201028,Active
2604,New,20201015,Active
2605,New,20220714,Active
2606,New,20241129,Inactive
2607,New,20240110,Active
2608,New,20200827,Active
2609,Repeat,20221107,Active
2610,New,20240724,Active
2611,Repeat,20200916,Active
2612,New,20231112,Active
2613,New,20230513,Active
2614,Repeat,20210409,Active
2615,New,20250613,Active
2616,New,20231203,Active
2617,New,20250911,Active
2618,New,20220224,Active
2619,Repeat,20240511,Active
2620,New,20240905,Active
2621,Repeat,20230824,Active
2622,Repeat,20220524,Active
2623,New,20250716,Active
2624,Repeat,20230429,Active
2625,New,20221113,Active
2626,VIP,20250703,Active
2627,New,20211201,Active
2628,Repeat,20250406,Active
2629,New,20250520,Active
2630,New,20201205,Active
2631,Repeat,20260209,Active
2632,Repeat,20240323,Active
2633,New,20260110,Active
2634,New,20250904,Active
2635,Repeat,20250225,Active
2636,Repeat,20210902,Active
2637,VIP,20200901,Active
2638,Repeat,20211221,Active
2639,VIP,20240501,Active
2640,Repeat,20230227,Active
2641,New,20250613,Active
2642,New,20251025,Active
2643,Repeat,20241003,Active
2644,Repeat,20240715,Active
2645,New,20201210,Active
2646,New,20241211,Active
2647,VIP,20230112,Active
2648,New,20201208,Active
2649,New,20250808,Active
2650,New,20241205,Active
2651,New,20221107,Active
2652,New,20250219,Inactive
2653,New,20241203,Active
2654,New,20220521,Active
2655,Repeat,20240506,Active
2656,New,20210717,Active
2657,Repeat,20260210,Active
2658,Repeat,20230223,Active
2659,New,20251110,Active
2660,Repeat,20250614,Active
2661,New,20210109,Active
2662,Repeat,20201215,Active
2663,New,20201104,Active
2664,Repeat,20220701,Active
2665,Repeat,20250401,Active
2666,New,20220608,Active
2667,New,20210825,Active
2668,Repeat,20241226,Active
2669,Repeat,20201017,Active
2670,New,20220101,Active
2671,Repeat,20220614,Active
2672,New,20211107,Active
2673,Repeat,20240806,Active
2674,New,20221231,Active
2675,Repeat,20240805,Active
2676,New,20240730,Active
2677,New,20240422,Active
2678,New,20251204,Active
2679,New,20220626,Active
2680,New,20231118,Active
2681,New,20250122,Active
2682,Repeat,20260117,Active
2683,New,20250315,Active
2684,New,20211119,Active
2685,New,20211117,Active
2686,New,20231211,Active
2687,New,20211122,Active
2688,New,20230213,Inactive
2689,New,20210829,Active
2690,New,20230607,Active
2691,New,20250212,Active
2692,Repeat,20210814,Active
2693,New,20201026,Active
2694,New,20240805,Active
2695,VIP,20220515,Active
2696,New,20231122,Active
2697,Repeat,20231227,Active
2698,New,20250907,Active
2699,Repeat,20210718,Active
2700,Repeat,20240919,Active
2701,New,20210226,Active
2702,VIP,20250405,Active
2703,New,20230524,Active
2704,New,20220530,Active
2705,Repeat,20240306,Active
2706,Repeat,20200822,Active
2707,New,20230206,Active
2708,New,20230421,Active
2709,New,20220304,Active
2710,New,20220423,Active
2711,Repeat,20251006,Active
2712,New,20251002,Active
2713,New,20220311,Active
2714,New,20220406,Active
2715,New,20220924,Active
2716,New,20231130,Active
2717,Repeat,20210414,Active
2718,VIP,20231225,Active
2719,Repeat,20241129,Inactive
2720,New,20250814,Active
2721,Repeat,20240909,Active
2722,Repeat,20230824,Active
2723,Repeat,20241109,Active
2724,New,20240726,Active
2725,New,20220920,Active
2726,New,20210903,Active
2727,New,20210910,Active
2728,New,20230128,Active
2729,New,20250812,Active
2730,New,20220704,Active
2731,Repeat,20231009,Active
2732,New,20241011,Active
2733,New,20201001,Active
2734,VIP,20250523,Active
2735,Repeat,20240923,Active
2736,Repeat,20260109,Active
2737,VIP,20220426,Inactive
2738,New,20211122,Active
2739,VIP,20250731,Active
2740,New,20251001,Active
2741,New,20201216,Active
2742,New,20240921,Active
2743,New,20201227,Active
2744,New,20250213,Active
2745,Repeat,20250830,Active
2746,Repeat,20221204,Active
2747,Repeat,20241218,Active
2748,New,20221212,Inactive
2749,Repeat,20220414,Inactive
2750,Repeat,20250724,Active
2751,New,20200907,Active
2752,Repeat,20220304,Active
2753,New,20251107,Active
2754,New,20220920,Active
2755,Repeat,20230407,Inactive
2756,New,20210407,Active
2757,New,20230508,Active
2758,Repeat,20230803,Active
2759,Repeat,20231116,Active
2760,New,20250715,Active
2761,New,20221119,Active
2762,New,20210319,Active
2763,Repeat,20231205,Active
2764,New,20241225,Active
2765,New,20220603,Active
2766,VIP,20230308,Active
2767,New,20230903,Active
2768,New,20260124,Active
2769,New,20210622,Active
2770,Repeat,20220223,Active
2771,New,20230414,Active
2772,New,20210429,Active
2773,Repeat,20220130,Active
2774,New,20260208,Active
2775,New,20241119,Active
2776,New,20201006,Active
2777,New,20240508,Active
2778,New,20231123,Active
2779,New,20260108,Active
2780,New,20230811,Active
2781,New,20250219,Active
2782,Repeat,20210611,Active
2783,VIP,20220618,Active
2784,Repeat,20221002,Active
2785,Repeat,20221125,Active
2786,New,20210404,Active
2787,VIP,20230417,Active
2788,New,20250919,Active
2789,VIP,20230812,Inactive
2790,VIP,20241023,Active
2791,Repeat,20200912,Active
2792,VIP,20260109,Active
2793,Repeat,20250222,Active
2794,New,20230726,Inactive
2795,New,20250428,Active
2796,Repeat,20240220,Active
2797,New,20220329,Active
2798,Repeat,20221009,Active
2799,VIP,20220427,Active
2800,New,20260123,Active
2801,Repeat,20220324,Active
2802,Repeat,20250422,Active
2803,Repeat,20230514,Active
2804,VIP,20210215,Active
2805,New,20230628,Active
2806,VIP,20250730,Active
2807,Repeat,20201222,Active
2808,New,20210602,Active
2809,New,20250914,Active
2810,Repeat,20211229,Active
2811,New,20210217,Active
2812,Repeat,20211207,Active
2813,Repeat,20241227,Active
2814,New,20211220,Active
2815,Repeat,20220110,Inactive
2816,Repeat,20250309,Active
2817,New,20230811,Active
2818,New,20250818,Active
2819,New,20211125,Active
2820,New,20210527,Active
2821,Repeat,20220408,Active
2822,New,20240726,Active
2823,Repeat,20230913,Active
2824,New,20210220,Active
2825,New,20230501,Active
2826,Repeat,20230122,Active
2827,Repeat,20251010,Active
2828,New,20210907,Active
2829,New,20210413,Active
2830,New,20250726,Active
2831,New,20250605,Active
2832,Repeat,20211006,Active
2833,New,20251209,Active
2834,New,20210207,Active
2835,New,20210906,Active
2836,Repeat,20240918,Active
2837,VIP,20221216,Active
2838,New,20240124,Active
2839,Repeat,20220609,Active
2840,New,20211110,Active
2841,New,20210519,Active
2842,Repeat,20240120,Active
2843,Repeat,20231123,Active
2844,VIP,20250609,Active
2845,Repeat,20210316,Active
2846,New,20240313,Inactive
2847,Repeat,20200925,Active
2848,New,20231005,Active
2849,Repeat,20240118,Active
2850,New,20210605,Active
2851,Repeat,20220407,Active
2852,New,20240227,Active
2853,New,20220207,Active
2854,Repeat,20250703,Active
2855,New,20250910,Active
2856,New,20211109,Active
2857,New,20240827,Active
2858,New,20250630,Active
2859,New,20230805,Active
2860,New,20241019,Inactive
2861,Repeat,20231030,Active
2862,New,20250421,Inactive
2863,VIP,20260105,Active
2864,Repeat,20221014,Active
2865,New,20210715,Active
2866,Repeat,20251102,Active
2867,New,20260113,Active
2868,Repeat,20230123,Inactive
2869,New,20231025,Active
2870,New,20200928,Active
2871,Repeat,20210106,Active
2872,Repeat,20251017,Active
2873,Repeat,20210714,Active
2874,New,20230510,Active
2875,Repeat,20241014,Active
2876,New,20240705,Active
2877,New,20201009,Active
2878,New,20240407,Active
2879,Repeat,20230102,Active
2880,New,20240801,Active
2881,New,20240726,Active
2882,Repeat,20250408,Active
2883,New,20221021,Active
2884,New,20210706,Active
2885,New,20250515,Active
2886,Repeat,20250406,Active
2887,New,20201103,Active
2888,New,20230706,Active
2889,Repeat,20230427,Active
2890,Repeat,20230925,Active
2891,New,20220224,Active
2892,Repeat,20221228,Active
2893,Repeat,20220802,Active
2894,Repeat,20241220,Active
2895,New,20250316,Inactive
2896,Repeat,20211130,Active
2897,New,20201028,Active
2898,New,20241209,Active
2899,New,20240926,Active
2900,New,20220327,Active
2901,New,20240626,Active
2902,Repeat,20250504,Active
2903,New,20251103,Active
2904,New,20220302,Active
2905,New,20251221,Inactive
2906,New,20240811,Active
2907,VIP,20240721,Active
2908,New,20211125,Active
2909,New,20220406,Active
2910,New,20250215,Active
2911,New,20230504,Active
2912,New,20251130,Active
2913,Repeat,20220822,Active
2914,VIP,20230506,Active
2915,New,20210420,Active
2916,Repeat,20250106,Active
2917,Repeat,20231003,Active
2918,Repeat,20201021,Active
2919,New,20220311,Active
2920,New,20260116,Active
2921,New,20240427,Active
2922,Repeat,20251211,Active
2923,Repeat,20220719,Active
2924,New,20211128,Active
2925,New,20211221,Active
2926,Repeat,20250506,Active
2927,Repeat,20220609,Active
2928,VIP,20210528,Active
2929,Repeat,20260116,Active
2930,New,20251205,Active
2931,Repeat,20250202,Active
2932,Repeat,20210623,Active
2933,New,20210620,Active
2934,New,20220929,Active
2935,Repeat,20230910,Active
2936,New,20230407,Active
2937,Repeat,20230926,Inactive
2938,Repeat,20250303,Active
2939,VIP,20211114,Inactive
2940,New,20240910,Active
2941,New,20260108,Active
2942,Repeat,20201225,Active
2943,New,20230303,Active
2944,Repeat,20230407,Active
2945,Repeat,20230302,Active
2946,New,20201214,Active
2947,New,20231219,Active
2948,New,20250819,Active
2949,New,20240929,Active
2950,Repeat,20220511,Active
2951,Repeat,20250807,Active
2952,Repeat,20230129,Active
2953,Repeat,20220926,Active
2954,New,20230714,Inactive
2955,Repeat,20220304,Active
2956,Repeat,20220109,Active
2957,Repeat,20240921,Active
2958,Repeat,20231113,Active
2959,New,20210531,Active
2960,Repeat,20210303,Active
2961,New,20250801,Active
2962,New,20220125,Active
2963,New,20230218,Active
2964,VIP,20250420,Active
2965,Repeat,20241020,Active
2966,Repeat,20240208,Active
2967,Repeat,20240622,Active
2968,Repeat,20240109,Inactive
2969,Repeat,20230831,Active
2970,New,20230826,Active
2971,New,20230806,Active
2972,New,20221023,Active
2973,Repeat,20241017,Active
2974,Repeat,20230717,Active
2975,New,20200827,Active
2976,New,20221126,Active
2977,Repeat,20250620,Active
2978,New,20221204,Active
2979,Repeat,20220520,Active
2980,VIP,20230928,Active
2981,New,20240109,Active
2982,New,20250315,Active
2983,Repeat,20201129,Active
2984,Repeat,20220707,Active
2985,New,20220125,Active
2986,VIP,20240919,Active
2987,New,20250628,Active
2988,New,20221209,Active
2989,Repeat,20230125,Active
2990,Repeat,20210906,Active
2991,New,20240117,Active
2992,Repeat,20211209,Inactive
2993,New,20250628,Active
2994,New,20210927,Active
2995,New,20240904,Active
2996,Repeat,20250319,Active
2997,New,20230130,Active
2998,New,20220727,Active
2999,New,20250218,Active
3000,Repeat,20220516,Active
3001,Repeat,20230626,Active
3002,Repeat,20250325,Active
3003,New,20250126,Active
3004,Repeat,20221108,Active
3005,Repeat,20230219,Active
3006,Repeat,20210306,Active
3007,Repeat,20211006,Active
3008,New,20211005,Active
3009,Repeat,20240826,Active
3010,New,20241029,Active
3011,New,20201108,Active
3012,New,20210129,Inactive
3013,New,20210903,Active
3014,New,20211126,Active
3015,Repeat,20230816,Active
3016,New,20221103,Active
3017,Repeat,20230509,Active
3018,New,20241107,Active
3019,New,20250806,Active
3020,Repeat,20211201,Active
3021,New,20230505,Active
3022,New,20240218,Active
3023,Repeat,20210517,Active
3024,New,20250624,Active
3025,New,20230625,Active
3026,New,20241007,Active
3027,Repeat,20250619,Active
3028,Repeat,20211218,Active
3029,Repeat,20250607,Active
3030,Repeat,20210707,Active
3031,New,20220126,Active
3032,New,20230124,Active
3033,Repeat,20201112,Active
3034,New,20211214,Active
3035,New,20220724,Active
3036,New,20210731,Active
3037,New,20230828,Active
3038,VIP,20210906,Active
3039,New,20201110,Active
3040,New,20210618,Active
3041,New,20251002,Active
3042,VIP,20231106,Active
3043,New,20211029,Active
3044,New,20220825,Active
3045,Repeat,20260120,Active
3046,Repeat,20210506,Active
3047,New,20230419,Inactive
3048,New,20220820,Active
3049,New,20211010,Active
3050,New,20211221,Active
3051,New,20220510,Active
3052,New,20230505,Active
3053,New,20210930,Active
3054,New,20210204,Active
3055,Repeat,20200819,Active
3056,VIP,20221217,Active
3057,Repeat,20250306,Active
3058,New,20230428,Active
3059,New,20240919,Inactive
3060,VIP,20230923,Active
3061,New,20251019,Active
3062,New,20230712,Active
3063,Repeat,20220321,Active
3064,Repeat,20250814,Active
3065,Repeat,20230706,Active
3066,New,20260111,Active
3067,New,20210831,Active
3068,VIP,20240228,Inactive
3069,New,20230616,Active
3070,Repeat,20210725,Active
3071,Repeat,20250922,Active
3072,Repeat,20241130,Inactive
3073,New,20241225,Active
3074,New,20210128,Active
3075,Repeat,20220716,Active
3076,Repeat,20210723,Active
3077,Repeat,20240929,Active
3078,New,20230624,Active
3079,New,20250222,Active
3080,Repeat,20230422,Active
3081,Repeat,20231206,Active
3082,Repeat,20250726,Active
3083,New,20220211,Active
3084,Repeat,20230615,Active
3085,Repeat,20250117,Active
3086,Repeat,20210223,Inactive
3087,New,20210701,Active
3088,New,20250507,Active
3089,Repeat,20220318,Active
3090,New,20211203,Active
3091,New,20251012,Active
3092,VIP,20220514,Active
3093,New,20211016,Active
3094,Repeat,20250930,Active
3095,New,20230803,Active
3096,Repeat,20240814,Active
3097,VIP,20201120,Active
3098,New,20211224,Active
3099,New,20250731,Active
3100,New,20220607,Active
3101,New,20240309,Active
3102,Repeat,20240225,Active
3103,Repeat,20200824,Active
3104,New,20211115,Active
3105,New,20250808,Active
3106,New,20210515,Active
3107,Repeat,20230313,Active
3108,New,20250826,Active
3109,Repeat,20230613,Active
3110,Repeat,20210311,Active
3111,Repeat,20251205,Active
3112,New,20250303,Active
3113,Repeat,20231006,Active
3114,New,20230708,Active
3115,New,20241030,Active
3116,Repeat,20210307,Active
3117,Repeat,20220115,Active
3118,New,20250822,Inactive
3119,New,20260111,Active
3120,New,20220114,Active
3121,New,20211101,Active
3122,New,20250117,Active
3123,New,20250730,Active
3124,New,20220705,Active
3125,Repeat,20221213,Active
3126,Repeat,20221126,Active
3127,Repeat,20210720,Active
3128,New,20240816,Active
3129,VIP,20240823,Active
3130,Repeat,20231019,Active
3131,Repeat,20210906,Active
3132,Repeat,20230630,Active
3133,Repeat,20220103,Active
3134,New,20240425,Active
3135,New,20250430,Active
3136,Repeat,20220626,Active
3137,Repeat,20260208,Active
3138,Repeat,20240508,Active
3139,New,20220706,Active
3140,New,20230117,Active
3141,New,20230908,Active
3142,Repeat,20241201,Active
3143,Repeat,20220430,Active
3144,New,20231029,Active
3145,New,20230125,Active
3146,New,20230326,Active
3147,Repeat,20240122,Active
3148,Repeat,20221008,Active
3149,Repeat,20250930,Active
3150,New,20211223,Active
3151,Repeat,20230713,Active
3152,New,20240803,Active
3153,Repeat,20250313,Active
3154,New,20250928,Active
3155,New,20220901,Active
3156,Repeat,20211026,Active
3157,Repeat,20250913,Inactive
3158,New,20240607,Inactive
3159,Repeat,20210726,Active
3160,New,20231112,Active
3161,New,20220216,Active
3162,New,20250328,Active
3163,New,20251203,Active
3164,New,20221113,Active
3165,New,20220207,Active
3166,New,20210106,Active
3167,Repeat,20220326,Active
3168,New,20220603,Active
3169,Repeat,20250615,Active
3170,New,20250101,Active
3171,Repeat,20251011,Active
3172,New,20210726,Active
3173,New,20240229,Active
3174,New,20250922,Active
3175,New,20220712,Active
3176,New,20250717,Inactive
3177,Repeat,20210510,Active
3178,Repeat,20210131,Active
3179,Repeat,20250715,Active
3180,Repeat,20250613,Inactive
3181,New,20200917,Active
3182,New,20210827,Active
3183,New,20240105,Active
3184,New,20241218,Inactive
3185,New,20240818,Active
3186,New,20241009,Active
3187,New,20210912,Active
3188,New,20211217,Active
3189,Repeat,20220807,Active
3190,Repeat,20230319,Active
3191,New,20230704,Active
3192,Repeat,20200923,Active
3193,VIP,20251011,Active
3194,New,20250206,Inactive
3195,New,20231125,Active
3196,New,20230622,Active
3197,Repeat,20230731,Active
3198,Repeat,20210329,Active
3199,New,20241214,Active
3200,New,20201021,Active
3201,New,20231219,Active
3202,New,20250320,Active
3203,New,20221128,Active
3204,Repeat,20230628,Active
3205,Repeat,20230511,Inactive
3206,Repeat,20250131,Active
3207,Repeat,20250628,Active
3208,Repeat,20210409,Active
3209,New,20230330,Active
3210,Repeat,20230220,Active
3211,New,20251214,Active
3212,Repeat,20241222,Active
3213,New,20231021,Active
3214,Repeat,20211201,Active
3215,New,20250927,Active
3216,New,20250728,Active
3217,New,20220219,Active
3218,New,20250204,Active
3219,Repeat,20220711,Active
3220,Repeat,20250306,Active
3221,New,20240120,Active
3222,New,20210628,Active
3223,New,20220405,Active
3224,New,20220922,Active
3225,New,20250526,Active
3226,Repeat,20250601,Inactive
3227,New,20230118,Active
3228,New,20250206,Active
3229,New,20220227,Active
3230,New,20231223,Active
3231,New,20260108,Active
3232,Repeat,20210430,Active
3233,New,20240927,Active
3234,New,20251109,Active
3235,New,20231130,Active
3236,New,20220911,Active
3237,New,20201216,Inactive
3238,VIP,20210723,Active
3239,Repeat,20231123,Active
3240,New,20250927,Active
3241,New,20250314,Active
3242,New,20230803,Active
3243,New,20250510,Active
3244,Repeat,20240912,Active
3245,Repeat,20250724,Active
3246,New,20210502,Active
3247,New,20240612,Active
3248,New,20260202,Active
3249,Repeat,20201118,Active
3250,Repeat,20231008,Active
3251,New,20200925,Active
3252,New,20251112,Active
3253,Repeat,20210426,Active
3254,New,20200822,Active
3255,New,20240918,Active
3256,New,20220813,Active
3257,Repeat,20241028,Active
3258,New,20250106,Active
3259,New,20201023,Active
3260,Repeat,20230825,Active
3261,New,20220208,Active
3262,New,20250110,Active
3263,New,20240222,Active
3264,New,20201112,Inactive
3265,Repeat,20251206,Active
3266,New,20231230,Inactive
3267,New,20210316,Active
3268,Repeat,20221127,Active
3269,Repeat,20210508,Active
3270,Repeat,20230213,Active
3271,New,20210604,Active
3272,New,20231229,Active
3273,Repeat,20210714,Active
3274,New,20230821,Active
3275,Repeat,20240319,Active
3276,Repeat,20230517,Inactive
3277,Repeat,20201001,Active
3278,New,20220429,Active
3279,New,20231222,Active
3280,Repeat,20211016,Active
3281,New,20210313,Active
3282,New,20230120,Active
3283,Repeat,20240729,Active
3284,Repeat,20210116,Active
3285,New,20241108,Active
3286,New,20211004,Active
3287,New,20240523,Active
3288,Repeat,20231109,Active
3289,Repeat,20240221,Active
3290,New,20230821,Active
3291,New,20220923,Active
3292,Repeat,20230425,Active
3293,New,20241005,Active
3294,New,20231014,Active
3295,VIP,20220317,Active
3296,New,20240902,Active
3297,Repeat,20220825,Active
3298,New,20210125,Active
3299,New,20230620,Active
3300,Repeat,20240123,Active
3301,New,20210226,Active
3302,VIP,20251013,Active
3303,New,20220208,Active
3304,New,20210809,Active
3305,New,20221213,Active
3306,New,20240501,Active
3307,New,20211016,Active
3308,New,20211225,Active
3309,New,20221121,Active
3310,New,20211214,Active
3311,Repeat,20250821,Active
3312,Repeat,20240827,Active
3313,Repeat,20240722,Active
3314,New,20210711,Active
3315,New,20250606,Active
3316,Repeat,20230121,Active
3317,New,20230503,Active
3318,New,20231030,Active
3319,Repeat,20210501,Active
3320,Repeat,20210603,Active
3321,New,20250824,Active
3322,New,20210105,Active
3323,Repeat,20251228,Active
3324,Repeat,20220901,Active
3325,Repeat,20220504,Active
3326,Repeat,20240604,Active
3327,Repeat,20201113,Active
3328,New,20220805,Active
3329,New,20231116,Active
3330,Repeat,20211209,Active
3331,Repeat,20201107,Active
3332,Repeat,20230821,Active
3333,New,20220619,Active
3334,New,20220114,Active
3335,Repeat,20211213,Active
3336,Repeat,20250115,Active
3337,Repeat,20250128,Active
3338,Repeat,20250124,Active
3339,Repeat,20221006,Active
3340,Repeat,20201127,Active
3341,Repeat,20240830,Active
3342,Repeat,20241004,Active
3343,Repeat,20210720,Active
3344,New,20220703,Active
3345,New,20241222,Active
3346,Repeat,20230201,Active
3347,New,20240925,Active
3348,New,20250528,Active
3349,New,20220414,Inactive
3350,New,20210326,Active
3351,New,20230614,Active
3352,New,20230728,Active
3353,Repeat,20230821,Inactive
3354,New,20250523,Inactive
3355,New,20211231,Active
3356,New,20240416,Active
3357,Repeat,20250827,Active
3358,New,20221115,Inactive
3359,Repeat,20250924,Active
3360,Repeat,20220501,Active
3361,Repeat,20251015,Active
3362,New,20210127,Active
3363,Repeat,20240310,Active
3364,New,20230702,Active
3365,Repeat,20230814,Inactive
3366,Repeat,20240109,Active
3367,New,20260122,Active
3368,New,20240604,Active
3369,New,20250506,Active
3370,Repeat,20250927,Active
3371,New,20260107,Active
3372,Repeat,20240406,Active
3373,New,20231007,Active
3374,Repeat,20200903,Active
3375,Repeat,20240217,Inactive
3376,Repeat,20240327,Active
3377,Repeat,20251219,Active
3378,New,20230627,Active
3379,New,20251101,Active
3380,Repeat,20230501,Active
3381,New,20211108,Active
3382,New,20220218,Active
3383,New,20241206,Active
3384,New,20230723,Active
3385,New,20220711,Active
3386,Repeat,20220325,Active
3387,New,20220806,Active
3388,New,20231205,Active
3389,New,20240813,Active
3390,Repeat,20201130,Active
3391,New,20231210,Active
3392,Repeat,20220930,Inactive
3393,Repeat,20230830,Active
3394,New,20250918,Active
3395,Repeat,20250925,Active
3396,VIP,20240903,Active
3397,Repeat,20231020,Active
3398,Repeat,20251010,Active
3399,New,20230130,Active
3400,Repeat,20210717,Active
3401,New,20220414,Active
3402,New,20221201,Active
3403,VIP,20250701,Active
3404,New,20240916,Active
3405,Repeat,20220409,Active
3406,Repeat,20241227,Active
3407,Repeat,20210922,Inactive
3408,VIP,20220206,Active
3409,New,20230816,Active
3410,New,20250726,Active
3411,New,20200908,Active
3412,New,20220501,Active
3413,New,20250825,Active
3414,New,20241002,Active
3415,Repeat,20230731,Active
3416,Repeat,20230428,Active
3417,New,20210326,Active
3418,Repeat,20250226,Active
3419,New,20210210,Active
3420,New,20221024,Active
3421,Repeat,20211023,Active
3422,Repeat,20251228,Active
3423,Repeat,20240828,Active
3424,New,20221017,Active
3425,Repeat,20230116,Active
3426,Repeat,20211220,Active
3427,Repeat,20231211,Active
3428,Repeat,20250103,Active
3429,Repeat,20221103,Active
3430,Repeat,20230403,Active
3431,Repeat,20211009,Active
3432,VIP,20240209,Active
3433,Repeat,20250113,Active
3434,New,20220526,Active
3435,Repeat,20231116,Active
3436,New,20250619,Active
3437,New,20240215,Active
3438,Repeat,20211204,Active
3439,Repeat,20250819,Active
3440,Repeat,20240726,Inactive
3441,New,20210201,Active
3442,New,20240417,Active
3443,New,20210205,Active
3444,VIP,20211128,Active
3445,VIP,20210726,Active
3446,Repeat,20211103,Active
3447,Repeat,20230623,Active
3448,Repeat,20230814,Active
3449,Repeat,20240508,Active
3450,New,20220505,Inactive
3451,New,20220330,Active
3452,Repeat,20220124,Active
3453,Repeat,20250423,Active
3454,New,20211114,Active
3455,Repeat,20240229,Active
3456,New,20250225,Inactive
3457,New,20221104,Active
3458,Repeat,20210219,Active
3459,Repeat,20230602,Active
3460,Repeat,20241225,Active
3461,New,20220727,Active
3462,New,20220126,Inactive
3463,Repeat,20211023,Active
3464,Repeat,20210530,Active
3465,New,20251209,Active
3466,Repeat,20241223,Active
3467,New,20211227,Active
3468,Repeat,20240819,Active
3469,Repeat,20250725,Active
3470,New,20210614,Active
3471,New,20201110,Active
3472,Repeat,20221123,Active
3473,Repeat,20211027,Active
3474,Repeat,20220207,Active
3475,Repeat,20230627,Active
3476,Repeat,20221126,Active
3477,VIP,20221021,Active
3478,New,20220226,Active
3479,New,20241103,Active
3480,New,20220916,Active
3481,New,20250410,Active
3482,Repeat,20241020,Active
3483,New,20250519,Active
3484,Repeat,20211125,Active
3485,Repeat,20230914,Active
3486,Repeat,20250108,Active
3487,New,20260102,Active
3488,New,20220621,Active
3489,New,20220701,Active
3490,New,20231024,Active
3491,New,20201231,Active
3492,Repeat,20220316,Active
3493,Repeat,20220726,Active
3494,Repeat,20250922,Active
3495,Repeat,20210331,Active
3496,New,20210523,Active
3497,Repeat,20220630,Active
3498,Repeat,20221121,Active
3499,New,20211020,Active
3500,Repeat,20230715,Active
3501,New,20241105,Active
3502,Repeat,20250421,Active
3503,VIP,20250329,Active
3504,New,20240102,Active
3505,Repeat,20210613,Active
3506,Repeat,20230830,Active
3507,VIP,20240706,Active
3508,New,20240213,Active
3509,Repeat,20220130,Active
3510,New,20220923,Active
3511,New,20251112,Active
3512,New,20251206,Active
3513,VIP,20240620,Active
3514,Repeat,20211102,Active
3515,Repeat,20230708,Inactive
3516,Repeat,20210502,Active
3517,New,20240125,Active
3518,New,20241101,Active
3519,New,20251011,Active
3520,New,20240408,Active
3521,New,20220824,Active
3522,New,20221020,Active
3523,New,20201024,Active
3524,New,20240901,Active
3525,New,20240817,Active
3526,New,20250907,Active
3527,VIP,20240603,Active
3528,Repeat,20230425,Active
3529,VIP,20250710,Active
3530,New,20211209,Active
3531,New,20231027,Active
3532,Repeat,20200908,Active
3533,New,20230407,Active
3534,New,20240803,Active
3535,New,20220831,Active
3536,New,20221208,Active
3537,New,20231127,Active
3538,New,20250926,Active
3539,Repeat,20210706,Active
3540,New,20251021,Active
3541,New,20250406,Active
3542,Repeat,20251012,Active
3543,New,20240518,Active
3544,New,20221022,Active
3545,Repeat,20200902,Active
3546,New,20200928,Active
3547,New,20210117,Active
3548,New,20221230,Active
3549,New,20230223,Active
3550,Repeat,20240616,Active
3551,Repeat,20220828,Active
3552,New,20251104,Active
3553,Repeat,20250910,Active
3554,New,20240711,Active
3555,New,20210328,Active
3556,Repeat,20210320,Active
3557,New,20241224,Active
3558,New,20200915,Active
3559,New,20251021,Active
3560,New,20230803,Active
3561,New,20251113,Active
3562,Repeat,20230130,Active
3563,New,20240523,Active
3564,New,20230308,Active
3565,New,20211103,Active
3566,Repeat,20240126,Active
3567,Repeat,20230920,Active
3568,Repeat,20231213,Active
3569,Repeat,20220127,Active
3570,Repeat,20251204,Active
3571,New,20220823,Active
3572,New,20250414,Active
3573,Repeat,20250108,Active
3574,VIP,20230106,Active
3575,Repeat,20220304,Active
3576,New,20240205,Active
3577,New,20251014,Active
3578,New,20201030,Active
3579,Repeat,20220213,Active
3580,New,20210509,Active
3581,New,20210628,Active
3582,Repeat,20250825,Active
3583,New,20231004,Active
3584,Repeat,20250918,Active
3585,New,20200909,Active
3586,New,20240810,Active
3587,New,20210122,Active
3588,Repeat,20220403,Inactive
3589,New,20230927,Active
3590,New,20250609,Active
3591,VIP,20230201,Active
3592,New,20211230,Active
3593,Repeat,20231118,Active
3594,Repeat,20230525,Active
3595,New,20220719,Active
3596,Repeat,20231127,Active
3597,New,20200816,Active
3598,New,20251120,Active
3599,New,20220826,Active
3600,Repeat,20230830,Active
3601,New,20241230,Active
3602,Repeat,20210701,Active
3603,New,20240710,Active
3604,New,20210901,Active
3605,New,20250523,Active
3606,New,20250211,Active
3607,Repeat,20240418,Active
3608,New,20250816,Active
3609,Repeat,20240210,Active
3610,VIP,20241111,Active
3611,Repeat,20250410,Active
3612,New,20241211,Active
3613,New,20230130,Active
3614,Repeat,20260112,Active
3615,New,20250217,Active
3616,New,20220802,Active
3617,New,20251117,Active
3618,Repeat,20240216,Active
3619,Repeat,20210618,Active
3620,New,20260110,Active
3621,Repeat,20231027,Active
3622,New,20250324,Active
3623,New,20210910,Active
3624,Repeat,20250826,Active
3625,New,20250411,Active
3626,New,20231121,Active
3627,New,20230502,Active
3628,Repeat,20210609,Active
3629,Repeat,20210405,Active
3630,Repeat,20251124,Active
3631,Repeat,20210513,Active
3632,New,20230804,Active
3633,New,20240327,Active
3634,New,20240914,Active
3635,New,20240126,Active
3636,New,20220623,Active
3637,Repeat,20220722,Active
3638,New,20210406,Active
3639,New,20240607,Active
3640,New,20250430,Active
3641,New,20221208,Active
3642,Repeat,20240123,Active
3643,New,20251025,Active
3644,New,20211219,Active
3645,Repeat,20250213,Active
3646,New,20211231,Active
3647,New,20230122,Active
3648,New,20250609,Active
3649,Repeat,20220330,Active
3650,VIP,20220831,Active
3651,Repeat,20240620,Active
3652,New,20250501,Active
3653,Repeat,20211017,Active
3654,New,20220713,Active
3655,New,20220523,Active
3656,New,20220817,Active
3657,New,20221024,Active
3658,New,20210814,Active
3659,Repeat,20210305,Active
3660,Repeat,20230114,Active
3661,New,20210108,Active
3662,New,20221129,Active
3663,New,20220516,Active
3664,New,20240904,Active
3665,New,20201228,Active
3666,New,20220503,Active
3667,Repeat,20240224,Active
3668,New,20201018,Active
3669,New,20211219,Active
3670,New,20250313,Active
3671,New,20200925,Active
3672,New,20240327,Active
3673,Repeat,20230608,Active
3674,New,20230214,Active
3675,Repeat,20250511,Active
3676,New,20230417,Active
3677,New,20230923,Active
3678,New,20240112,Active
3679,Repeat,20240609,Active
3680,New,20210818,Active
3681,Repeat,20240814,Active
3682,New,20230219,Active
3683,Repeat,20230609,Active
3684,New,20210416,Active
3685,Repeat,20230203,Active
3686,Repeat,20210128,Active
3687,Repeat,20230701,Active
3688,New,20240704,Active
3689,New,20240921,Active
3690,New,20230622,Active
3691,Repeat,20220813,Active
3692,New,20230905,Active
3693,Repeat,20211211,Active
3694,New,20220209,Active
3695,New,20231227,Active
3696,New,20241019,Active
3697,VIP,20230304,Active
3698,Repeat,20210919,Active
3699,Repeat,20231229,Active
3700,New,20220426,Active
3701,Repeat,20231029,Active
3702,Repeat,20230111,Active
3703,New,20201124,Active
3704,Repeat,20230112,Active
3705,Repeat,20221123,Active
3706,Repeat,20251101,Active
3707,Repeat,20240201,Active
3708,New,20251214,Active
3709,New,20220913,Active
3710,VIP,20210125,Active
3711,New,20251105,Active
3712,Repeat,20231125,Active
3713,Repeat,20211230,Active
3714,Repeat,20220213,Active
3715,VIP,20240315,Active
3716,New,20240529,Active
3717,New,20210831,Active
3718,New,20230102,Active
3719,New,20230206,Active
3720,New,20260201,Active
3721,New,20251202,Active
3722,Repeat,20241119,Active
3723,Repeat,20250902,Active
3724,New,20231115,Active
3725,New,20230514,Active
3726,Repeat,20220416,Active
3727,New,20210618,Active
3728,New,20240509,Active
3729,New,20201009,Active
3730,Repeat,20230425,Active
3731,New,20210714,Active
3732,VIP,20201220,Inactive
3733,New,20251231,Active
3734,New,20220721,Active
3735,New,20210415,Active
3736,New,20251013,Active
3737,Repeat,20220407,Active
3738,Repeat,20250930,Active
3739,Repeat,20240718,Active
3740,Repeat,20211231,Active
3741,Repeat,20250601,Active
3742,Repeat,20220411,Active
3743,Repeat,20210614,Active
3744,New,20240911,Active
3745,New,20210407,Active
3746,New,20250501,Active
3747,Repeat,20230713,Active
3748,New,20210101,Active
3749,New,20210226,Active
3750,Repeat,20241113,Active
3751,Repeat,20250713,Active
3752,Repeat,20220524,Active
3753,New,20200816,Active
3754,Repeat,20220227,Active
3755,New,20230909,Active
3756,New,20220729,Active
3757,New,20211002,Active
3758,New,20220204,Active
3759,New,20251007,Active
3760,Repeat,20211018,Active
3761,New,20210407,Active
3762,Repeat,20210730,Inactive
3763,New,20250630,Active
3764,New,20251022,Active
3765,New,20240928,Active
3766,New,20250921,Active
3767,Repeat,20210915,Active
3768,New,20240521,Active
3769,New,20211005,Active
3770,New,20251107,Active
3771,New,20230217,Active
3772,Repeat,20251108,Active
3773,New,20230726,Active
3774,Repeat,20201104,Active
3775,Repeat,20200920,Active
3776,Repeat,20230811,Active
3777,Repeat,20220518,Active
3778,Repeat,20230114,Active
3779,Repeat,20250402,Active
3780,Repeat,20220911,Active
3781,New,20220430,Active
3782,New,20250415,Active
3783,New,20240928,Active
3784,Repeat,20211126,Active
3785,Repeat,20231025,Active
3786,New,20210806,Active
3787,Repeat,20220725,Active
3788,New,20240918,Active
3789,New,20250215,Active
3790,VIP,20230601,Active
3791,New,20251109,Active
3792,New,20250116,Active
3793,Repeat,20230203,Active
3794,Repeat,20220619,Active
3795,New,20211028,Active
3796,Repeat,20220128,Active
3797,New,20201220,Active
3798,New,20210308,Active
3799,New,20200913,Active
3800,Repeat,20211103,Active
3801,New,20230408,Active
3802,Repeat,20250524,Active
3803,Repeat,20211122,Active
3804,VIP,20240311,Active
3805,New,20210113,Active
3806,VIP,20210412,Active
3807,New,20210508,Active
3808,New,20250429,Active
3809,New,20230918,Active
3810,New,20251228,Active
3811,Repeat,20240811,Active
3812,New,20230214,Active
3813,New,20211225,Active
3814,Repeat,20240818,Active
3815,New,20250622,Active
3816,Repeat,20220701,Active
3817,New,20210120,Active
3818,Repeat,20210203,Active
3819,Repeat,20211222,Active
3820,New,20230412,Active
3821,New,20240411,Active
3822,New,20240712,Active
3823,Repeat,20250404,Active
3824,New,20250714,Active
3825,New,20220622,Active
3826,New,20220605,Active
3827,New,20230204,Active
3828,New,20220612,Active
3829,Repeat,20240910,Active
3830,New,20210817,Active
3831,New,20220216,Active
3832,Repeat,20220520,Active
3833,Repeat,20251022,Active
3834,New,20210427,Active
3835,New,20210311,Active
3836,New,20211108,Active
3837,Repeat,20201118,Active
3838,New,20251012,Inactive
3839,Repeat,20221202,Active
3840,Repeat,20211206,Active
3841,New,20220629,Active
3842,New,20220916,Active
3843,New,20210221,Active
3844,New,20220727,Active
3845,New,20241001,Active
3846,Repeat,20250607,Active
3847,VIP,20241122,Active
3848,Repeat,20220910,Active
3849,Repeat,20240801,Active
3850,New,20221129,Active
3851,New,20250306,Active
3852,New,20250130,Active
3853,Repeat,20250825,Active
3854,Repeat,20201226,Active
3855,Repeat,20201009,Active
3856,New,20220107,Inactive
3857,New,20220616,Inactive
3858,New,20241127,Active
3859,New,20210929,Active
3860,Repeat,20240102,Active
3861,Repeat,20250401,Active
3862,Repeat,20240324,Active
3863,New,20230429,Active
3864,New,20220819,Active
3865,New,20230928,Active
3866,New,20260109,Active
3867,New,20250405,Active
3868,Repeat,20210501,Active
3869,Repeat,20250707,Active
3870,New,20231005,Active
3871,New,20210610,Active
3872,New,20250719,Active
3873,New,20240620,Active
3874,Repeat,20220227,Active
3875,New,20251110,Active
3876,New,20250923,Active
3877,New,20241018,Active
3878,Repeat,20210608,Active
3879,New,20210812,Active
3880,New,20220327,Active
3881,New,20240910,Active
3882,Repeat,20240816,Active
3883,VIP,20201220,Active
3884,New,20210228,Active
3885,Repeat,20210324,Active
3886,Repeat,20230507,Active
3887,Repeat,20201114,Active
3888,Repeat,20210930,Active
3889,Repeat,20200823,Active
3890,New,20220210,Active
3891,Repeat,20211126,Active
3892,New,20210701,Active
3893,Repeat,20240703,Active
3894,New,20210511,Active
3895,Repeat,20231213,Active
3896,Repeat,20251013,Active
3897,New,20250410,Active
3898,Repeat,20201015,Active
3899,New,20240816,Active
3900,Repeat,20240224,Active
3901,New,20221021,Inactive
3902,New,20230908,Active
3903,Repeat,20220219,Active
3904,New,20230227,Inactive
3905,Repeat,20240917,Active
3906,New,20220607,Active
3907,New,20220801,Active
3908,New,20221003,Active
3909,Repeat,20241031,Active
3910,New,20250425,Active
3911,New,20251228,Active
3912,New,20210225,Active
3913,New,20211210,Active
3914,VIP,20251120,Active
3915,VIP,20240506,Active
3916,New,20240813,Active
3917,Repeat,20231218,Active
3918,New,20221218,Active
3919,Repeat,20240209,Inactive
3920,Repeat,20211226,Active
3921,Repeat,20210315,Active
3922,New,20220611,Active
3923,Repeat,20220616,Active
3924,New,20240913,Active
3925,VIP,20251026,Active
3926,New,20250317,Active
3927,Repeat,20210324,Active
3928,Repeat,20210515,Active
3929,Repeat,20231106,Active
3930,New,20240209,Active
3931,Repeat,20210521,Active
3932,New,20240818,Active
3933,Repeat,20260108,Active
3934,New,20221109,Active
3935,New,20210518,Active
3936,New,20230517,Active
3937,New,20220111,Active
3938,New,20230901,Active
3939,New,20250812,Active
3940,New,20230224,Active
3941,Repeat,20220519,Active
3942,Repeat,20220102,Active
3943,New,20220328,Active
3944,New,20220926,Active
3945,New,20240201,Inactive
3946,New,20250319,Active
3947,Repeat,20220825,Active
3948,Repeat,20220621,Active
3949,New,20240127,Active
3950,New,20230526,Active
3951,New,20201221,Inactive
3952,Repeat,20211231,Inactive
3953,VIP,20231222,Active
3954,New,20260122,Active
3955,New,20230203,Active
3956,Repeat,20220209,Active
3957,Repeat,20241019,Active
3958,New,20250316,Active
3959,New,20211220,Active
3960,New,20230626,Active
3961,Repeat,20240125,Active
3962,New,20220730,Active
3963,New,20221015,Active
3964,Repeat,20250309,Inactive
3965,New,20211005,Active
3966,Repeat,20210110,Active
3967,New,20230412,Active
3968,New,20200913,Active
3969,Repeat,20240531,Active
3970,New,20210619,Active
3971,VIP,20251104,Active
3972,New,20260102,Active
3973,New,20210124,Active
3974,Repeat,20230101,Active
3975,New,20221215,Active
3976,Repeat,20201015,Active
3977,New,20201218,Active
3978,New,20240903,Active
3979,New,20230815,Active
3980,New,20221201,Active
3981,Repeat,20251128,Active
3982,Repeat,20251028,Active
3983,New,20211124,Active
3984,New,20210415,Active
3985,Repeat,20241007,Active
3986,Repeat,20250705,Active
3987,New,20240112,Active
3988,New,20211201,Active
3989,New,20230401,Active
3990,Repeat,20220130,Active
3991,New,20211222,Active
3992,New,20230131,Active
3993,Repeat,20201105,Inactive
3994,New,20221219,Active
3995,New,20230111,Active
3996,New,20241108,Active
3997,New,20230224,Inactive
3998,New,20200827,Active
3999,New,20240223,Active
4000,New,20250323,Active
4001,Repeat,20211107,Active
4002,Repeat,20231214,Active
4003,Repeat,20220916,Active
4004,New,20230927,Active
4005,New,20200910,Active
4006,New,20250727,Active
4007,New,20241016,Active
4008,New,20220105,Inactive
4009,Repeat,20241201,Active
4010,New,20201016,Active
4011,New,20210401,Active
4012,New,20250828,Active
4013,Repeat,20220414,Active
4014,New,20230710,Active
4015,Repeat,20250510,Active
4016,New,20240903,Active
4017,Repeat,20250113,Active
4018,Repeat,20230123,Active
4019,New,20241019,Active
4020,New,20220915,Active
4021,New,20220402,Active
4022,New,20230630,Active
4023,Repeat,20241225,Active
4024,Repeat,20230707,Active
4025,Repeat,20250913,Active
4026,Repeat,20230617,Active
4027,New,20240419,Active
4028,New,20250927,Active
4029,Repeat,20250129,Active
4030,New,20200816,Active
4031,Repeat,20240813,Active
4032,New,20250920,Inactive
4033,New,20231019,Active
4034,VIP,20231218,Active
4035,New,20201226,Active
4036,VIP,20201109,Active
4037,VIP,20240923,Active
4038,Repeat,20250820,Active
4039,Repeat,20250804,Active
4040,Repeat,20240424,Inactive
4041,Repeat,20231202,Active
4042,New,20220113,Active
4043,New,20250304,Active
4044,Repeat,20210206,Active
4045,New,20220917,Active
4046,New,20230626,Active
4047,New,20230509,Active
4048,Repeat,20260112,Active
4049,Repeat,20230918,Active
4050,New,20220316,Active
4051,Repeat,20240821,Active
4052,Repeat,20250719,Active
4053,Repeat,20201003,Inactive
4054,New,20220125,Active
4055,Repeat,20210107,Active
4056,New,20240510,Active
4057,Repeat,20220916,Active
4058,New,20251007,Active
4059,Repeat,20240524,Active
4060,VIP,20230819,Active
4061,New,20250815,Active
4062,New,20230302,Active
4063,Repeat,20221018,Active
4064,New,20250103,Active
4065,Repeat,20250303,Active
4066,New,20210630,Active
4067,New,20230831,Active
4068,VIP,20241209,Active
4069,Repeat,20260211,Active
4070,Repeat,20220714,Active
4071,New,20251018,Active
4072,Repeat,20251113,Active
4073,Repeat,20221210,Active
4074,Repeat,20250722,Active
4075,Repeat,20221007,Active
4076,Repeat,20200926,Active
4077,New,20230906,Active
4078,New,20250502,Active
4079,Repeat,20250601,Active
4080,New,20241024,Inactive
4081,Repeat,20220126,Active
4082,New,20260116,Active
4083,Repeat,20240225,Active
4084,Repeat,20250220,Active
4085,New,20210603,Active
4086,New,20230411,Active
4087,New,20240911,Active
4088,Repeat,20250817,Active
4089,Repeat,20241216,Active
4090,New,20250901,Active
4091,Repeat,20201120,Active
4092,New,20251108,Active
4093,New,20230908,Active
4094,Repeat,20240426,Active
4095,New,20201028,Active
4096,New,20240506,Active
4097,New,20230812,Active
4098,New,20220912,Active
4099,New,20251209,Active
4100,New,20230821,Active
4101,Repeat,20210311,Active
4102,New,20251105,Active
4103,New,20250710,Active
4104,New,20240112,Active
4105,New,20240222,Active
4106,Repeat,20210929,Active
4107,VIP,20210712,Active
4108,New,20210725,Active
4109,Repeat,20230501,Active
4110,Repeat,20220925,Active
4111,Repeat,20250902,Active
4112,New,20201028,Active
4113,New,20250303,Active
4114,New,20250505,Active
4115,Repeat,20210426,Active
4116,New,20230401,Active
4117,Repeat,20250915,Active
4118,New,20221113,Active
4119,New,20250621,Active
4120,Repeat,20230428,Active
4121,New,20250706,Active
4122,New,20210713,Active
4123,Repeat,20240707,Active
4124,Repeat,20240515,Active
4125,Repeat,20250109,Active
4126,Repeat,20220901,Active
4127,Repeat,20221129,Active
4128,Repeat,20250403,Active
4129,New,20211113,Active
4130,New,20251127,Active
4131,New,20230928,Active
4132,New,20210624,Active
4133,Repeat,20230530,Active
4134,Repeat,20210331,Active
4135,Repeat,20221127,Active
4136,New,20221221,Active
4137,Repeat,20240205,Active
4138,New,20221111,Active
4139,Repeat,20241112,Active
4140,New,20230530,Active
4141,New,20220125,Inactive
4142,New,20230323,Active
4143,New,20211016,Active
4144,Repeat,20200926,Active
4145,Repeat,20211123,Active
4146,Repeat,20250216,Active
4147,New,20210520,Active
4148,New,20221129,Active
4149,Repeat,20200903,Active
4150,Repeat,20201020,Active
4151,New,20210129,Active
4152,New,20250110,Active
4153,Repeat,20230601,Active
4154,New,20210922,Active
4155,New,20251203,Active
4156,New,20250904,Active
4157,New,20210928,Active
4158,Repeat,20201205,Active
4159,VIP,20240305,Active
4160,Repeat,20240716,Active
4161,New,20240612,Active
4162,New,20220404,Active
4163,New,20220528,Active
4164,New,20230714,Active
4165,Repeat,20201128,Active
4166,New,20210705,Inactive
4167,New,20250806,Active
4168,New,20260119,Active
4169,New,20230504,Active
4170,New,20240723,Active
4171,New,20211018,Active
4172,VIP,20220512,Active
4173,New,20220815,Active
4174,New,20230121,Active
4175,Repeat,20230805,Active
4176,VIP,20250206,Active
4177,Repeat,20240407,Active
4178,Repeat,20240524,Active
4179,New,20210912,Active
4180,New,20210307,Active
4181,New,20210430,Active
4182,Repeat,20211214,Active
4183,Repeat,20241103,Inactive
4184,New,20211104,Inactive
4185,New,20250514,Active
4186,Repeat,20231202,Active
4187,New,20230605,Active
4188,Repeat,20210723,Active
4189,Repeat,20201226,Active
4190,Repeat,20211101,Active
4191,Repeat,20250918,Active
4192,Repeat,20210425,Active
4193,New,20210507,Active
4194,Repeat,20201116,Active
4195,Repeat,20250328,Active
4196,New,20240720,Active
4197,New,20201231,Active
4198,New,20231230,Active
4199,New,20230514,Active
4200,Repeat,20250303,Active
4201,Repeat,20250620,Active
4202,New,20241229,Active
4203,New,20210618,Active
4204,VIP,20210508,Active
4205,New,20220523,Active
4206,New,20210629,Active
4207,Repeat,20230926,Active
4208,New,20230202,Active
4209,New,20240617,Active
4210,New,20211112,Active
4211,New,20210222,Active
4212,Repeat,20251112,Active
4213,New,20240818,Active
4214,New,20231209,Active
4215,Repeat,20221124,Active
4216,Repeat,20240606,Active
4217,New,20230902,Active
4218,New,20210218,Active
4219,Repeat,20221112,Active
4220,New,20260106,Active
4221,New,20230602,Active
4222,Repeat,20201225,Active
4223,Repeat,20230104,Active
4224,Repeat,20220512,Active
4225,Repeat,20241216,Active
4226,Repeat,20250813,Active
4227,New,20240615,Active
4228,Repeat,20220707,Active
4229,New,20220708,Active
4230,New,20230912,Active
4231,Repeat,20250924,Active
4232,New,20230709,Active
4233,New,20251223,Active
4234,Repeat,20220320,Active
4235,New,20210202,Active
4236,New,20240605,Active
4237,New,20221008,Active
4238,Repeat,20230803,Active
4239,Repeat,20210212,Active
4240,New,20200903,Active
4241,Repeat,20240117,Inactive
4242,New,20240920,Active
4243,Repeat,20230908,Active
4244,New,20230113,Active
4245,New,20240328,Active
4246,Repeat,20250118,Active
4247,New,20210206,Active
4248,New,20240113,Active
4249,Repeat,20250209,Active
4250,VIP,20201008,Active
4251,New,20220711,Active
4252,New,20221226,Active
4253,New,20240712,Active
4254,New,20240418,Active
4255,New,20251019,Active
4256,Repeat,20210730,Active
4257,VIP,20211101,Active
4258,New,20221126,Active
4259,New,20220318,Active
4260,New,20241126,Active
4261,New,20250730,Active
4262,Repeat,20210524,Active
4263,New,20210810,Active
4264,New,20230216,Active
4265,Repeat,20221116,Active
4266,New,20250225,Active
4267,Repeat,20230124,Active
4268,New,20230326,Active
4269,Repeat,20250312,Active
4270,Repeat,20220518,Active
4271,Repeat,20230613,Active
4272,VIP,20220301,Active
4273,New,20211219,Active
4274,New,20210722,Inactive
4275,Repeat,20211130,Active
4276,Repeat,20250806,Active
4277,New,20250422,Active
4278,New,20250430,Active
4279,New,20250509,Active
4280,New,20210421,Active
4281,New,20210407,Active
4282,Repeat,20230827,Active
4283,New,20230906,Active
4284,New,20251106,Active
4285,New,20240703,Active
4286,Repeat,20221117,Active
4287,Repeat,20240228,Active
4288,Repeat,20240726,Active
4289,New,20220509,Active
4290,Repeat,20250108,Active
4291,New,20220126,Active
4292,New,20240213,Active
4293,Repeat,20260117,Active
4294,Repeat,20201215,Active
4295,New,20230124,Active
4296,New,20200825,Active
4297,New,20250812,Active
4298,New,20240416,Active
4299,New,20221201,Active
4300,Repeat,20240304,Active
4301,New,20240406,Active
4302,Repeat,20250818,Inactive
4303,Repeat,20240101,Active
4304,Repeat,20260118,Active
4305,Repeat,20250604,Active
4306,New,20220907,Active
4307,New,20230118,Active
4308,Repeat,20211122,Active
4309,Repeat,20220728,Active
4310,Repeat,20220813,Active
4311,New,20220802,Active
4312,Repeat,20251216,Active
4313,New,20240725,Active
4314,Repeat,20240107,Active
4315,VIP,20201103,Active
4316,New,20250723,Active
4317,Repeat,20211208,Active
4318,New,20230203,Active
4319,New,20230123,Active
4320,New,20241203,Active
4321,Repeat,20250814,Active
4322,Repeat,20200902,Inactive
4323,Repeat,20231117,Active
4324,New,20241111,Active
4325,Repeat,20210305,Active
4326,VIP,20220826,Active
4327,New,20240516,Active
4328,VIP,20240605,Active
4329,New,20260206,Active
4330,Repeat,20240826,Active
4331,New,20241030,Active
4332,New,20210630,Active
4333,New,20210320,Active
4334,Repeat,20230709,Active
4335,New,20251023,Active
4336,New,20210508,Active
4337,Repeat,20250306,Active
4338,Repeat,20220809,Active
4339,New,20220929,Active
4340,New,20250906,Active
4341,New,20230824,Active
4342,New,20250412,Active
4343,Repeat,20211002,Active
4344,Repeat,20240212,Active
4345,Repeat,20230617,Inactive
4346,New,20210920,Active
4347,Repeat,20250829,Active
4348,New,20220809,Active
4349,Repeat,20210524,Active
4350,Repeat,20230925,Active
4351,Repeat,20220808,Active
4352,Repeat,20240617,Active
4353,New,20220905,Active
4354,VIP,20210510,Active
4355,New,20251208,Active
4356,Repeat,20210609,Active
4357,New,20240417,Active
4358,Repeat,20220308,Active
4359,Repeat,20220106,Active
4360,New,20260110,Active
4361,New,20220212,Active
4362,Repeat,20220929,Active
4363,Repeat,20210815,Active
4364,New,20220213,Active
4365,New,20210513,Active
4366,Repeat,20260121,Active
4367,New,20240921,Active
4368,New,20220824,Active
4369,New,20220203,Active
4370,New,20240125,Active
4371,New,20201013,Active
4372,New,20240211,Active
4373,New,20250929,Active
4374,New,20201109,Active
4375,New,20220917,Active
4376,New,20210909,Active
4377,New,20231202,Active
4378,Repeat,20220804,Active
4379,New,20221219,Active
4380,New,20210111,Active
4381,New,20220321,Active
4382,New,20201214,Active
4383,Repeat,20220919,Active
4384,Repeat,20220412,Active
4385,Repeat,20210428,Active
4386,New,20220920,Active
4387,VIP,20221227,Active
4388,New,20221024,Active
4389,New,20240409,Active
4390,New,20201013,Active
4391,New,20230603,Active
4392,New,20230813,Active
4393,Repeat,20240824,Active
4394,New,20210907,Active
4395,Repeat,20230830,Active
4396,Repeat,20221010,Active
4397,New,20240118,Active
4398,New,20220331,Active
4399,New,20250220,Active
4400,New,20231206,Active
4401,New,20250805,Active
4402,New,20240422,Active
4403,New,20230210,Inactive
4404,New,20240418,Active
4405,VIP,20220304,Inactive
4406,Repeat,20210918,Active
4407,Repeat,20250514,Active
4408,New,20230131,Active
4409,New,20240324,Active
4410,New,20210604,Active
4411,New,20211213,Active
4412,New,20251120,Active
4413,Repeat,20240825,Active
4414,Repeat,20221027,Active
4415,New,20250427,Active
4416,New,20251113,Active
4417,New,20240721,Active
4418,New,20241025,Active
4419,New,20250608,Active
4420,New,20250730,Active
4421,New,20230122,Active
4422,VIP,20210416,Active
4423,Repeat,20240729,Active
4424,Repeat,20251220,Active
4425,New,20230402,Active
4426,New,20231106,Active
4427,New,20221109,Active
4428,New,20240802,Active
4429,New,20210515,Active
4430,Repeat,20251227,Inactive
4431,Repeat,20250313,Active
4432,New,20250907,Active
4433,New,20220117,Active
4434,Repeat,20231011,Active
4435,New,20240612,Active
4436,New,20220306,Active
4437,New,20220515,Active
4438,Repeat,20210121,Active
4439,VIP,20241227,Active
4440,New,20241226,Active
4441,Repeat,20220529,Active
4442,Repeat,20210207,Active
4443,New,20251218,Active
4444,New,20220427,Active
4445,New,20210314,Active
4446,VIP,20211105,Active
4447,New,20220324,Active
4448,Repeat,20210129,Active
4449,New,20211118,Active
4450,Repeat,20230217,Active
4451,New,20240527,Active
4452,Repeat,20240404,Active
4453,Repeat,20240124,Active
4454,Repeat,20240427,Active
4455,Repeat,20251105,Active
4456,New,20231204,Active
4457,Repeat,20250228,Active
4458,New,20240504,Active
4459,New,20250520,Active
4460,New,20260127,Active
4461,New,20230704,Active
4462,New,20220730,Active
4463,VIP,20230906,Active
4464,New,20221204,Active
4465,Repeat,20221231,Active
4466,New,20220704,Active
4467,New,20210711,Active
4468,New,20250528,Active
4469,Repeat,20231206,Active
4470,Repeat,20201118,Active
4471,Repeat,20221009,Active
4472,VIP,20220526,Active
4473,New,20250623,Active
4474,New,20210803,Active
4475,Repeat,20230303,Active
4476,New,20230314,Active
4477,New,20230426,Active
4478,New,20240225,Active
4479,Repeat,20250313,Active
4480,Repeat,20250322,Active
4481,New,20230624,Active
4482,New,20250617,Active
4483,New,20220523,Active
4484,Repeat,20220503,Active
4485,New,20241016,Active
4486,Repeat,20210101,Active
4487,New,20250303,Active
4488,New,20220801,Active
4489,Repeat,20241229,Active
4490,Repeat,20220916,Active
4491,New,20250823,Active
4492,Repeat,20241111,Active
4493,Repeat,20251129,Active
4494,Repeat,20210427,Active
4495,Repeat,20230829,Active
4496,Repeat,20240905,Active
4497,New,20241118,Active
4498,New,20241218,Active
4499,New,20220622,Active
4500,New,20201115,Active
4501,Repeat,20250125,Active
4502,New,20230813,Active
4503,New,20200921,Active
4504,New,20250709,Active
4505,New,20250708,Active
4506,New,20210102,Active
4507,Repeat,20221230,Active
4508,New,20251114,Active
4509,Repeat,20220626,Active
4510,Repeat,20241222,Active
4511,New,20251119,Active
4512,New,20231130,Active
4513,New,20250822,Active
4514,Repeat,20250826,Active
4515,New,20251023,Active
4516,New,20250212,Active
4517,New,20201230,Active
4518,Repeat,20210221,Active
4519,New,20250306,Active
4520,New,20210723,Active
4521,Repeat,20241215,Active
4522,Repeat,20230610,Active
4523,Repeat,20230414,Inactive
4524,Repeat,20240217,Active
4525,Repeat,20250825,Active
4526,New,20220608,Active
4527,Repeat,20250819,Active
4528,Repeat,20210415,Active
4529,Repeat,20250731,Active
4530,New,20250525,Active
4531,New,20211004,Active
4532,New,20250221,Active
4533,New,20220723,Active
4534,New,20210724,Active
4535,New,20220628,Active
4536,Repeat,20240618,Active
4537,New,20250119,Active
4538,Repeat,20250401,Active
4539,New,20220530,Active
4540,New,20250908,Active
4541,New,20210108,Active
4542,New,20210704,Active
4543,New,20201215,Active
4544,New,20240212,Active
4545,New,20251007,Active
4546,Repeat,20251120,Active
4547,New,20210622,Active
4548,Repeat,20220408,Active
4549,Repeat,20211203,Active
4550,Repeat,20220308,Active
4551,Repeat,20241009,Active
4552,New,20220313,Active
4553,New,20210728,Active
4554,Repeat,20221113,Active
4555,New,20241004,Active
4556,Repeat,20240920,Active
4557,Repeat,20210901,Active
4558,Repeat,20240311,Active
4559,Repeat,20201026,Active
4560,VIP,20220118,Active
4561,Repeat,20240605,Active
4562,New,20230306,Active
4563,Repeat,20230907,Active
4564,New,20240612,Active
4565,New,20210720,Active
4566,Repeat,20240815,Active
4567,New,20240506,Active
4568,New,20220610,Active
4569,New,20241009,Active
4570,Repeat,20251208,Active
4571,New,20251020,Active
4572,Repeat,20200924,Active
4573,New,20240529,Active
4574,Repeat,20220312,Inactive
4575,Repeat,20240214,Active
4576,New,20230408,Active
4577,New,20220319,Active
4578,New,20240707,Active
4579,VIP,20250701,Active
4580,Repeat,20251029,Active
4581,Repeat,20210201,Active
4582,New,20250425,Active
4583,Repeat,20220717,Active
4584,Repeat,20220108,Active
4585,Repeat,20240220,Active
4586,VIP,20220322,Active
4587,New,20230426,Active
4588,New,20211117,Active
4589,Repeat,20220126,Active
4590,Repeat,20251103,Active
4591,Repeat,20210722,Active
4592,New,20201011,Active
4593,New,20210321,Active
4594,New,20220426,Active
4595,New,20221109,Active
4596,Repeat,20251231,Active
4597,Repeat,20250420,Active
4598,New,20220816,Active
4599,New,20211122,Active
4600,New,20210419,Inactive
4601,New,20220815,Active
4602,Repeat,20210823,Active
4603,Repeat,20211006,Active
4604,New,20230706,Active
4605,Repeat,20210818,Active
4606,Repeat,20220225,Active
4607,Repeat,20250312,Active
4608,New,20201201,Active
4609,VIP,20220322,Active
4610,New,20221202,Active
4611,New,20211007,Active
4612,New,20250214,Active
4613,New,20221114,Active
4614,New,20240707,Active
4615,New,20240303,Active
4616,New,20220629,Active
4617,Repeat,20230929,Active
4618,Repeat,20250923,Active
4619,New,20250111,Inactive
4620,Repeat,20210428,Active
4621,Repeat,20230825,Active
4622,Repeat,20221004,Active
4623,New,20231011,Active
4624,Repeat,20221201,Active
4625,Repeat,20230216,Active
4626,Repeat,20210407,Active
4627,New,20220219,Active
4628,New,20210212,Active
4629,Repeat,20210119,Active
4630,New,20240901,Active
4631,New,20220309,Active
4632,New,20221220,Inactive
4633,Repeat,20250705,Active
4634,Repeat,20250509,Active
4635,New,20230629,Active
4636,VIP,20240920,Active
4637,New,20240709,Active
4638,Repeat,20230321,Active
4639,Repeat,20220330,Active
4640,Repeat,20201227,Active
4641,Repeat,20211010,Active
4642,New,20210316,Active
4643,Repeat,20230201,Active
4644,New,20211210,Active
4645,Repeat,20210729,Active
4646,Repeat,20210128,Active
4647,Repeat,20230310,Active
4648,New,20210729,Active
4649,Repeat,20221212,Active
4650,New,20210917,Active
4651,New,20220321,Active
4652,Repeat,20220811,Active
4653,New,20240813,Inactive
4654,Repeat,20250102,Active
4655,New,20240112,Active
4656,New,20210619,Active
4657,Repeat,20230503,Active
4658,New,20221022,Active
4659,New,20250502,Active
4660,Repeat,20220804,Active
4661,New,20211124,Active
4662,Repeat,20201122,Active
4663,New,20240202,Active
4664,Repeat,20210120,Active
4665,Repeat,20220417,Active
4666,Repeat,20220220,Active
4667,New,20220528,Active
4668,Repeat,20250808,Active
4669,Repeat,20230221,Active
4670,Repeat,20210330,Active
4671,New,20211012,Inactive
4672,Repeat,20230816,Active
4673,Repeat,20210415,Active
4674,New,20220127,Active
4675,New,20250114,Active
4676,Repeat,20230720,Active
4677,New,20240919,Active
4678,VIP,20210821,Active
4679,Repeat,20251007,Active
4680,Repeat,20220529,Active
4681,New,20220705,Active
4682,New,20220819,Active
4683,Repeat,20251218,Active
4684,New,20201115,Active
4685,Repeat,20230627,Active
4686,New,20210203,Active
4687,New,20250129,Active
4688,New,20231214,Active
4689,New,20230821,Active
4690,VIP,20240312,Active
4691,New,20240603,Inactive
4692,New,20210210,Active
4693,New,20210410,Active
4694,New,20231018,Active
4695,New,20230109,Active
4696,Repeat,20230203,Active
4697,New,20210522,Active
4698,New,20230624,Active
4699,New,20250120,Active
4700,VIP,20220825,Active
4701,New,20210821,Active
4702,New,20250721,Active
4703,Repeat,20230925,Active
4704,Repeat,20250707,Active
4705,New,20250411,Active
4706,New,20230102,Active
4707,Repeat,20250415,Active
4708,New,20230531,Inactive
4709,Repeat,20210324,Active
4710,Repeat,20230221,Active
4711,New,20210615,Active
4712,New,20250508,Active
4713,New,20240425,Active
4714,Repeat,20240815,Active
4715,New,20211027,Active
4716,New,20231122,Active
4717,Repeat,20210825,Active
4718,VIP,20241213,Active
4719,New,20210831,Active
4720,Repeat,20230428,Active
4721,New,20200829,Active
4722,New,20220828,Active
4723,New,20220615,Active
4724,New,20211228,Active
4725,New,20250312,Inactive
4726,New,20240630,Active
4727,Repeat,20241205,Active
4728,Repeat,20220303,Active
4729,Repeat,20220127,Active
4730,New,20211220,Active
4731,New,20241206,Active
4732,New,20250504,Active
4733,Repeat,20240624,Active
4734,Repeat,20231218,Active
4735,New,20220909,Active
4736,New,20210611,Active
4737,New,20221108,Active
4738,New,20220213,Active
4739,New,20220812,Active
4740,Repeat,20220816,Active
4741,Repeat,20221121,Inactive
4742,New,20220409,Active
4743,New,20240408,Active
4744,VIP,20240212,Active
4745,New,20230613,Active
4746,New,20220922,Active
4747,New,20230107,Inactive
4748,New,20231230,Active
4749,New,20230310,Active
4750,Repeat,20201224,Active
4751,New,20250610,Active
4752,New,20250514,Active
4753,Repeat,20260209,Active
4754,New,20250320,Active
4755,Repeat,20250708,Active
4756,Repeat,20220415,Active
4757,New,20200910,Active
4758,Repeat,20250217,Active
4759,New,20240901,Active
4760,VIP,20220512,Active
4761,New,20231208,Active
4762,VIP,20211212,Active
4763,Repeat,20220626,Active
4764,New,20230726,Active
4765,New,20251112,Active
4766,VIP,20200820,Active
4767,Repeat,20220327,Inactive
4768,New,20231112,Active
4769,Repeat,20210311,Active
4770,New,20210429,Active
4771,New,20231227,Active
4772,New,20250711,Active
4773,New,20260110,Active
4774,Repeat,20200826,Active
4775,New,20230322,Active
4776,Repeat,20200823,Active
4777,New,20240718,Active
4778,New,20230309,Inactive
4779,New,20200916,Active
4780,New,20220206,Active
4781,New,20250523,Inactive
4782,New,20230517,Active
4783,New,20210906,Active
4784,New,20240119,Active
4785,New,20220517,Active
4786,New,20250711,Active
4787,Repeat,20240922,Active
4788,Repeat,20250529,Active
4789,New,20250625,Active
4790,New,20210310,Active
4791,New,20240418,Active
4792,VIP,20250808,Active
4793,New,20250701,Active
4794,New,20220223,Active
4795,New,20250211,Active
4796,New,20210729,Active
4797,New,20221017,Inactive
4798,Repeat,20210406,Active
4799,New,20250506,Active
4800,Repeat,20230719,Active
4801,New,20230518,Active
4802,New,20220822,Active
4803,Repeat,20230315,Active
4804,New,20231025,Active
4805,Repeat,20250314,Active
4806,New,20210207,Active
4807,New,20250320,Active
4808,VIP,20211107,Active
4809,New,20220330,Active
4810,Repeat,20201105,Active
4811,New,20201228,Active
4812,Repeat,20250524,Active
4813,New,20221219,Active
4814,New,20231129,Active
4815,Repeat,20240622,Active
4816,Repeat,20240203,Active
4817,Repeat,20241223,Active
4818,Repeat,20231024,Active
4819,Repeat,20240904,Active
4820,New,20211029,Active
4821,New,20230731,Active
4822,New,20241113,Active
4823,New,20220713,Active
4824,New,20250908,Active
4825,New,20211008,Active
4826,New,20201111,Active
4827,Repeat,20250203,Active
4828,New,20220602,Active
4829,New,20230613,Active
4830,New,20240924,Active
4831,Repeat,20210318,Active
4832,Repeat,20250420,Active
4833,Repeat,20250609,Active
4834,New,20220218,Active
4835,New,20241014,Active
4836,New,20250429,Active
4837,New,20211231,Active
4838,New,20250726,Active
4839,New,20220715,Active
4840,New,20210417,Active
4841,VIP,20240925,Active
4842,VIP,20210620,Active
4843,New,20210403,Inactive
4844,New,20240622,Active
4845,New,20210117,Active
4846,New,20231127,Active
4847,Repeat,20221211,Active
4848,New,20201208,Active
4849,Repeat,20240629,Active
4850,New,20210622,Active
4851,VIP,20230505,Active
4852,New,20210611,Active
4853,Repeat,20230623,Active
4854,New,20221008,Active
4855,Repeat,20200827,Active
4856,New,20240713,Active
4857,New,20250826,Active
4858,Repeat,20250509,Active
4859,Repeat,20210404,Active
4860,Repeat,20230328,Active
4861,Repeat,20250130,Active
4862,Repeat,20220815,Active
4863,New,20240309,Active
4864,New,20240523,Active
4865,New,20230530,Active
4866,Repeat,20230511,Active
4867,New,20210614,Active
4868,New,20220207,Active
4869,Repeat,20211128,Active
4870,Repeat,20221106,Active
4871,New,20201031,Active
4872,New,20230601,Active
4873,New,20241107,Active
4874,New,20200908,Active
4875,New,20230620,Active
4876,Repeat,20220622,Active
4877,Repeat,20220122,Active
4878,Repeat,20210728,Inactive
4879,New,20210203,Active
4880,Repeat,20251021,Active
4881,New,20240427,Active
4882,New,20220728,Active
4883,Repeat,20241002,Active
4884,New,20211217,Active
4885,New,20240909,Active
4886,Repeat,20210828,Active
4887,New,20250113,Active
4888,Repeat,20231116,Active
4889,New,20210822,Active
4890,Repeat,20241229,Active
4891,New,20230512,Active
4892,New,20230419,Active
4893,Repeat,20240802,Active
4894,New,20220911,Active
4895,New,20211205,Inactive
4896,New,20210901,Active
4897,New,20210117,Inactive
4898,New,20210429,Active
4899,New,20250630,Inactive
4900,Repeat,20220620,Active
4901,New,20201022,Active
4902,New,20210725,Active
4903,New,20240308,Active
4904,New,20220619,Active
4905,Repeat,20210910,Active
4906,New,20240827,Active
4907,VIP,20210501,Active
4908,New,20210618,Active
4909,Repeat,20250929,Active
4910,New,20230908,Active
4911,Repeat,20230323,Inactive
4912,New,20240911,Active
4913,New,20230412,Active
4914,New,20210418,Active
4915,New,20220818,Active
4916,Repeat,20250301,Active
4917,New,20210218,Active
4918,New,20250718,Active
4919,Repeat,20230226,Active
4920,New,20221009,Active
4921,VIP,20240612,Active
4922,Repeat,20241228,Active
4923,Repeat,20240715,Active
4924,Repeat,20210927,Active
4925,New,20231008,Active
4926,New,20240507,Active
4927,New,20210722,Active
4928,New,20220301,Active
4929,Repeat,20231130,Active
4930,Repeat,20220528,Active
4931,New,20230325,Active
4932,New,20250921,Active
4933,VIP,20231122,Active
4934,New,20230714,Active
4935,New,20201023,Active
4936,New,20240127,Active
4937,Repeat,20241216,Active
4938,Repeat,20210831,Active
4939,Repeat,20201011,Active
4940,Repeat,20240308,Active
4941,New,20221213,Active
4942,New,20230912,Active
4943,Repeat,20230217,Active
4944,New,20241113,Active
4945,Repeat,20210706,Active
4946,Repeat,20211119,Active
4947,Repeat,20210210,Active
4948,Repeat,20221207,Active
4949,Repeat,20220312,Active
4950,Repeat,20201212,Active
4951,New,20240916,Active
4952,New,20220215,Active
4953,New,20220523,Active
4954,Repeat,20240902,Inactive
4955,New,20200910,Active
4956,Repeat,20241007,Active
4957,New,20230613,Active
4958,Repeat,20230411,Active
4959,New,20241102,Active
4960,Repeat,20220130,Active
4961,New,20251218,Active
4962,New,20210111,Active
4963,New,20241005,Inactive
4964,Repeat,20230630,Active
4965,New,20220601,Active
4966,New,20250701,Active
4967,VIP,20251222,Active
4968,Repeat,20230318,Active
4969,VIP,20220221,Active
4970,New,20211014,Active
4971,New,20210604,Active
4972,Repeat,20231207,Active
4973,New,20220220,Active
4974,Repeat,20211020,Active
4975,New,20220411,Active
4976,New,20210628,Active
4977,New,20210917,Active
4978,New,20240424,Active
4979,New,20241221,Active
4980,New,20220403,Active
4981,VIP,20220212,Active
4982,New,20201030,Active
4983,Repeat,20221228,Active
4984,Repeat,20251211,Active
4985,New,20230217,Active
4986,New,20220725,Active
4987,Repeat,20211214,Active
4988,Repeat,20250811,Active
4989,Repeat,20230901,Active
4990,Repeat,20220901,Active
4991,VIP,20240123,Active
4992,Repeat,20230612,Active
4993,New,20250817,Active
4994,Repeat,20220216,Active
4995,New,20230418,Active
4996,Repeat,20230727,Active
4997,New,20250321,Active
4998,New,20230315,Active
4999,Repeat,20230220,Active
5000,Repeat,20240705,Active
5001,New,20240112,Active
5002,New,20240806,Active
5003,Repeat,20250626,Active
5004,New,20231026,Inactive
5005,Repeat,20251013,Active
5006,New,20210813,Inactive
5007,Repeat,20210901,Active
5008,Repeat,20241217,Active
5009,New,20240308,Active
5010,New,20210513,Active
5011,New,20230619,Inactive
5012,Repeat,20210609,Active
5013,New,20230516,Active
5014,Repeat,20240911,Active
5015,New,20241113,Active
5016,New,20210406,Active
5017,New,20220313,Active
5018,New,20250513,Active
5019,New,20200911,Active
5020,Repeat,20240918,Active
5021,Repeat,20201116,Active
5022,New,20220424,Active
5023,VIP,20210620,Active
5024,Repeat,20201006,Active
5025,Repeat,20210630,Active
5026,New,20260129,Active
5027,New,20210212,Inactive
5028,New,20241225,Active
5029,Repeat,20231003,Active
5030,New,20250902,Active
5031,New,20230107,Active
5032,New,20230718,Active
5033,Repeat,20220524,Active
5034,Repeat,20251106,Active
5035,New,20251229,Active
5036,New,20240220,Active
5037,Repeat,20210228,Active
5038,VIP,20220522,Inactive
5039,Repeat,20230413,Active
5040,Repeat,20210427,Active
5041,Repeat,20220817,Active
5042,Repeat,20210717,Inactive
5043,New,20241209,Active
5044,Repeat,20241019,Active
5045,Repeat,20230502,Active
5046,Repeat,20230201,Active
5047,New,20240215,Active
5048,New,20220111,Active
5049,New,20250512,Active
5050,New,20210414,Active
5051,New,20210111,Active
5052,Repeat,20250515,Active
5053,New,20240330,Active
5054,New,20220911,Active
5055,New,20251002,Active
5056,Repeat,20220427,Active
5057,New,20211111,Active
5058,New,20240702,Active
5059,New,20210315,Active
5060,New,20220614,Active
5061,Repeat,20241124,Active
5062,Repeat,20220401,Active
5063,New,20250120,Inactive
5064,New,20201224,Active
5065,Repeat,20240429,Active
5066,New,20220419,Active
5067,New,20210428,Active
5068,New,20240926,Active
5069,Repeat,20220227,Active
5070,New,20251204,Active
5071,New,20201017,Active
5072,Repeat,20240411,Active
5073,New,20210926,Active
5074,New,20221026,Active
5075,VIP,20230918,Active
5076,New,20250211,Active
5077,Repeat,20250919,Active
5078,New,20200830,Active
5079,New,20250422,Active
5080,New,20210501,Active
5081,New,20220808,Active
5082,New,20240721,Active
5083,Repeat,20240219,Active
5084,New,20220421,Active
5085,New,20240220,Active
5086,New,20251008,Active
5087,Repeat,20250406,Active
5088,New,20230720,Active
5089,Repeat,20260115,Active
5090,New,20221106,Active
5091,New,20250707,Active
5092,New,20210712,Active
5093,Repeat,20210127,Active
5094,New,20231215,Active
5095,New,20241107,Active
5096,New,20240710,Active
5097,Repeat,20240613,Active
5098,New,20230809,Active
5099,New,20210906,Active
5100,New,20241012,Active
5101,New,20250807,Active
5102,Repeat,20250428,Active
5103,Repeat,20240724,Active
5104,New,20250807,Active
5105,New,20250804,Active
5106,New,20230705,Active
5107,New,20240226,Active
5108,New,20210709,Active
5109,Repeat,20241009,Active
5110,VIP,20240108,Active
5111,VIP,20210701,Active
5112,Repeat,20251209,Active
5113,Repeat,20210918,Active
5114,Repeat,20251112,Active
5115,New,20201128,Active
5116,Repeat,20220712,Active
5117,New,20230529,Active
5118,New,20210711,Active
5119,Repeat,20220606,Active
5120,New,20250211,Active
5121,New,20230722,Active
5122,Repeat,20220406,Active
5123,New,20221114,Active
5124,New,20260109,Active
5125,Repeat,20220518,Active
5126,Repeat,20250714,Active
5127,New,20210625,Active
5128,New,20231030,Active
5129,New,20260118,Active
5130,Repeat,20211120,Active
5131,New,20250109,Active
5132,New,20211214,Inactive
5133,New,20250318,Active
5134,New,20210929,Active
5135,VIP,20200911,Active
5136,New,20230704,Active
5137,Repeat,20210513,Active
5138,New,20220702,Active
5139,Repeat,20211229,Active
5140,Repeat,20240213,Active
5141,Repeat,20210904,Active
5142,New,20201014,Active
5143,Repeat,20230920,Active
5144,Repeat,20210323,Active
5145,New,20240819,Active
5146,Repeat,20220925,Active
5147,Repeat,20251104,Active
5148,Repeat,20250324,Active
5149,Repeat,20220302,Active
5150,New,20241228,Active
5151,New,20220212,Active
5152,New,20201119,Active
5153,Repeat,20230501,Active
5154,Repeat,20230902,Active
5155,Repeat,20221121,Active
5156,New,20251213,Active
5157,New,20210403,Active
5158,Repeat,20230410,Active
5159,New,20210517,Active
5160,New,20210418,Active
5161,Repeat,20201204,Active
5162,New,20210406,Active
5163,New,20240309,Active
5164,New,20240924,Active
5165,New,20211006,Active
5166,VIP,20220624,Inactive
5167,New,20231011,Active
5168,New,20240128,Active
5169,New,20221027,Active
5170,Repeat,20220426,Active
5171,New,20231011,Active
5172,Repeat,20220723,Active
5173,New,20221214,Active
5174,New,20240703,Active
5175,New,20211203,Active
5176,Repeat,20220601,Active
5177,Repeat,20210914,Active
5178,New,20201204,Active
5179,New,20201113,Active
5180,Repeat,20220917,Inactive
5181,New,20240311,Active
5182,Repeat,20240503,Active
5183,New,20240115,Active
5184,Repeat,20230914,Active
5185,Repeat,20201225,Active
5186,Repeat,20230618,Active
5187,Repeat,20211115,Active
5188,New,20240819,Active
5189,Repeat,20201121,Active
5190,New,20231003,Active
5191,New,20210604,Active
5192,Repeat,20250829,Active
5193,Repeat,20250516,Active
5194,Repeat,20230606,Inactive
5195,New,20220310,Active
5196,Repeat,20210422,Active
5197,Repeat,20220529,Active
5198,New,20210111,Active
5199,New,20240704,Active
5200,New,20200928,Active
5201,New,20251104,Active
5202,VIP,20250503,Active
5203,Repeat,20250214,Active
5204,Repeat,20230719,Active
5205,VIP,20230822,Active
5206,New,20240117,Active
5207,Repeat,20210124,Active
5208,New,20250806,Active
5209,Repeat,20210425,Active
5210,New,20201225,Active
5211,Repeat,20240826,Active
5212,New,20251105,Active
5213,New,20251108,Active
5214,Repeat,20211202,Active
5215,New,20250322,Active
5216,Repeat,20250722,Active
5217,New,20230922,Active
5218,Repeat,20220722,Active
5219,New,20230710,Active
5220,New,20240914,Active
5221,New,20251123,Active
5222,New,20210517,Active
5223,New,20210218,Active
5224,New,20230322,Active
5225,New,20210415,Active
5226,New,20210506,Active
5227,Repeat,20260203,Active
5228,Repeat,20220119,Active
5229,New,20230405,Active
5230,Repeat,20250413,Active
5231,Repeat,20241127,Active
5232,New,20221007,Active
5233,Repeat,20230831,Active
5234,New,20220201,Active
5235,New,20210313,Active
5236,New,20200930,Active
5237,Repeat,20240914,Active
5238,Repeat,20241126,Active
5239,New,20200910,Active
5240,New,20240226,Active
5241,VIP,20210206,Active
5242,New,20241102,Active
5243,New,20240411,Active
5244,Repeat,20210703,Active
5245,Repeat,20250104,Active
5246,Repeat,20231018,Active
5247,Repeat,20201009,Active
5248,Repeat,20260205,Active
5249,New,20241129,Active
5250,New,20250111,Active
5251,New,20241117,Active
5252,VIP,20231108,Active
5253,Repeat,20251001,Active
5254,New,20220614,Active
5255,Repeat,20210109,Active
5256,New,20241002,Active
5257,New,20220406,Active
5258,New,20200904,Active
5259,New,20240229,Active
5260,Repeat,20210714,Active
5261,New,20241211,Active
5262,Repeat,20230208,Active
5263,New,20230317,Active
5264,New,20230212,Active
5265,VIP,20210920,Active
5266,New,20230323,Active
5267,New,20240406,Active
5268,New,20200912,Active
5269,Repeat,20211125,Inactive
5270,New,20240220,Active
5271,New,20241120,Active
5272,New,20230424,Active
5273,New,20251108,Active
5274,Repeat,20201124,Active
5275,New,20220217,Active
5276,New,20221026,Active
5277,New,20210803,Active
5278,New,20240331,Active
5279,Repeat,20250417,Active
5280,New,20210607,Inactive
5281,VIP,20210803,Active
5282,New,20230209,Inactive
5283,New,20231013,Active
5284,Repeat,20230531,Active
5285,New,20231108,Active
5286,Repeat,20230818,Active
5287,VIP,20240512,Active
5288,New,20240912,Active
5289,New,20230903,Inactive
5290,Repeat,20250104,Active
5291,New,20211113,Active
5292,New,20250622,Active
5293,New,20220728,Active
5294,New,20230422,Active
5295,Repeat,20240502,Active
5296,New,20220824,Active
5297,New,20230419,Active
5298,Repeat,20240518,Active
5299,New,20210405,Active
5300,New,20250722,Active
5301,Repeat,20250123,Inactive
5302,New,20230605,Active
5303,Repeat,20201125,Active
5304,Repeat,20230326,Active
5305,New,20211209,Active
5306,New,20240105,Active
5307,New,20201201,Active
5308,New,20231117,Active
5309,Repeat,20230415,Active
5310,Repeat,20250128,Active
5311,New,20220720,Inactive
5312,Repeat,20210716,Active
5313,Repeat,20201109,Inactive
5314,VIP,20220819,Active
5315,New,20230107,Active
5316,New,20240802,Active
5317,New,20250207,Active
5318,VIP,20250612,Active
5319,New,20210814,Active
5320,Repeat,20201014,Active
5321,New,20240929,Active
5322,New,20240210,Active
5323,New,20220226,Active
5324,VIP,20201210,Active
5325,New,20250613,Active
5326,Repeat,20230106,Active
5327,New,20230216,Active
5328,New,20230410,Active
5329,New,20230511,Active
5330,New,20241201,Active
5331,New,20200928,Active
5332,New,20220106,Active
5333,New,20231117,Active
5334,New,20240607,Active
5335,VIP,20251009,Active
5336,Repeat,20240323,Active
5337,New,20221212,Active
5338,Repeat,20251008,Active
5339,Repeat,20230218,Active
5340,New,20230130,Active
5341,Repeat,20221023,Active
5342,Repeat,20230108,Active
5343,New,20250611,Active
5344,New,20210528,Active
5345,VIP,20231226,Active
5346,New,20220630,Active
5347,New,20241110,Active
5348,New,20221112,Active
5349,New,20201214,Active
5350,Repeat,20230318,Active
5351,Repeat,20250630,Active
5352,VIP,20250330,Active
5353,New,20250330,Active
5354,New,20230530,Active
5355,New,20231210,Active
5356,New,20230208,Active
5357,New,20200828,Active
5358,VIP,20220410,Active
5359,Repeat,20210303,Active
5360,New,20220324,Active
5361,Repeat,20250712,Active
5362,New,20240903,Active
5363,New,20211106,Inactive
5364,Repeat,20250801,Active
5365,New,20250922,Active
5366,VIP,20221204,Active
5367,Repeat,20230815,Active
5368,New,20220328,Active
5369,Repeat,20250809,Active
5370,New,20231013,Active
5371,New,20230121,Active
5372,New,20200927,Active
5373,New,20220117,Active
5374,Repeat,20230618,Active
5375,New,20220810,Inactive
5376,Repeat,20220430,Active
5377,Repeat,20230430,Active
5378,New,20221027,Active
5379,Repeat,20220201,Active
5380,New,20210613,Active
5381,New,20250710,Active
5382,New,20220124,Active
5383,New,20250308,Active
5384,New,20241229,Active
5385,Repeat,20230928,Active
5386,New,20211118,Active
5387,New,20221125,Active
5388,VIP,20220102,Active
5389,Repeat,20240408,Active
5390,Repeat,20230305,Active
5391,New,20260123,Active
5392,Repeat,20210706,Active
5393,Repeat,20220317,Active
5394,Repeat,20220915,Active
5395,Repeat,20231127,Active
5396,New,20221214,Active
5397,New,20241031,Active
5398,New,20231124,Inactive
5399,New,20230402,Active
5400,Repeat,20211230,Active
5401,New,20260206,Active
5402,VIP,20210715,Active
5403,VIP,20210526,Active
5404,New,20211203,Active
5405,New,20230729,Inactive
5406,Repeat,20240905,Active
5407,VIP,20250104,Active
5408,New,20240729,Active
5409,New,20250208,Inactive
5410,New,20220509,Active
5411,Repeat,20220719,Active
5412,New,20210928,Active
5413,Repeat,20230424,Active
5414,New,20240404,Active
5415,New,20251226,Active
5416,New,20220225,Inactive
5417,New,20210325,Active
5418,New,20241119,Active
5419,New,20210120,Active
5420,New,20210729,Active
5421,New,20231111,Active
5422,New,20230121,Inactive
5423,VIP,20251105,Active
5424,New,20230223,Active
5425,New,20240126,Active
5426,Repeat,20220608,Active
5427,VIP,20210924,Active
5428,New,20240217,Active
5429,Repeat,20220623,Active
5430,Repeat,20220327,Active
5431,Repeat,20250122,Active
5432,New,20220224,Active
5433,Repeat,20230206,Active
5434,New,20251204,Active
5435,Repeat,20230722,Active
5436,Repeat,20240104,Active
5437,New,20211207,Active
5438,Repeat,20211215,Active
5439,New,20241227,Active
5440,Repeat,20220304,Active
5441,New,20240512,Active
5442,New,20220121,Active
5443,New,20220720,Active
5444,VIP,20241020,Active
5445,New,20230611,Active
5446,New,20221114,Active
5447,New,20231027,Active
5448,Repeat,20221221,Active
5449,New,20240221,Active
5450,New,20220323,Active
5451,New,20220702,Active
5452,New,20210404,Active
5453,New,20210512,Active
5454,New,20230313,Active
5455,Repeat,20240825,Active
5456,New,20230106,Active
5457,New,20240113,Active
5458,New,20201006,Active
5459,VIP,20201209,Active
5460,VIP,20220204,Active
5461,Repeat,20241221,Active
5462,New,20251029,Active
5463,New,20220207,Active
5464,New,20230624,Active
5465,New,20221108,Active
5466,New,20240701,Active
5467,Repeat,20221015,Active
5468,Repeat,20250223,Active
5469,Repeat,20220425,Active
5470,New,20211008,Active
5471,Repeat,20210620,Active
5472,New,20250613,Active
5473,New,20221227,Active
5474,Repeat,20210217,Active
5475,New,20210503,Active
5476,New,20241114,Inactive
5477,New,20240304,Active
5478,Repeat,20210122,Active
5479,Repeat,20230102,Active
5480,New,20220916,Active
5481,Repeat,20210327,Active
5482,New,20240216,Active
5483,New,20210211,Active
5484,Repeat,20200904,Active
5485,Repeat,20250218,Active
5486,VIP,20220509,Active
5487,New,20250511,Active
5488,Repeat,20240915,Active
5489,Repeat,20250217,Active
5490,Repeat,20240101,Active
5491,New,20241030,Active
5492,Repeat,20201012,Active
5493,Repeat,20230906,Active
5494,New,20240112,Active
5495,New,20220808,Active
5496,New,20251231,Active
5497,Repeat,20240123,Active
5498,Repeat,20250718,Active
5499,Repeat,20240603,Active
5500,Repeat,20220422,Active
5501,New,20220228,Active
5502,New,20210824,Active
5503,New,20220429,Active
5504,New,20240903,Active
5505,New,20201111,Active
5506,New,20230625,Active
5507,New,20230526,Active
5508,New,20200829,Active
5509,New,20201226,Active
5510,New,20251228,Active
5511,New,20250821,Inactive
5512,Repeat,20230709,Active
5513,Repeat,20230124,Active
5514,Repeat,20231230,Active
5515,New,20250826,Active
5516,Repeat,20231221,Active
5517,Repeat,20220330,Active
5518,Repeat,20220321,Active
5519,New,20231107,Active
5520,Repeat,20250115,Active
5521,Repeat,20230822,Inactive
5522,Repeat,20231124,Active
5523,Repeat,20210531,Active
5524,New,20241201,Active
5525,New,20250825,Active
5526,New,20250801,Active
5527,Repeat,20230525,Active
5528,New,20230111,Active
5529,New,20240729,Active
5530,New,20200822,Active
5531,New,20231112,Inactive
5532,New,20210412,Active
5533,Repeat,20260123,Active
5534,Repeat,20240801,Active
5535,New,20220202,Active
5536,New,20250531,Inactive
5537,New,20201024,Active
5538,Repeat,20251101,Active
5539,New,20210319,Active
5540,New,20230917,Active
5541,New,20250601,Active
5542,Repeat,20230729,Inactive
5543,Repeat,20221030,Active
5544,Repeat,20210711,Inactive
5545,Repeat,20221211,Active
5546,New,20231225,Active
5547,New,20240319,Active
5548,New,20200929,Active
5549,New,20221122,Active
5550,New,20210301,Active
5551,New,20240107,Active
5552,New,20240928,Active
5553,Repeat,20240409,Active
5554,Repeat,20230128,Active
5555,Repeat,20240813,Active
5556,Repeat,20210713,Active
5557,New,20220712,Active
5558,Repeat,20200911,Active
5559,New,20231118,Active
5560,Repeat,20210629,Active
5561,New,20240305,Active
5562,VIP,20240622,Active
5563,New,20210815,Active
5564,New,20230916,Active
5565,Repeat,20230402,Active
5566,New,20241020,Active
5567,Repeat,20250927,Active
5568,Repeat,20210823,Active
5569,Repeat,20250210,Active
5570,VIP,20251217,Active
5571,VIP,20210417,Active
5572,New,20250830,Active
5573,Repeat,20231121,Active
5574,Repeat,20250222,Active
5575,Repeat,20250319,Active
5576,New,20240727,Active
5577,Repeat,20240526,Active
5578,VIP,20211206,Active
5579,Repeat,20201218,Active
5580,New,20220203,Active
5581,New,20220722,Active
5582,New,20251117,Active
5583,Repeat,20250206,Active
5584,Repeat,20240711,Active
5585,New,20241103,Active
5586,New,20220128,Active
5587,New,20250417,Active
5588,New,20221010,Active
5589,Repeat,20210426,Active
5590,Repeat,20201214,Active
5591,New,20230707,Active
5592,New,20220607,Active
5593,New,20250722,Active
5594,VIP,20230712,Active
5595,New,20250424,Active
5596,New,20240512,Active
5597,New,20230618,Active
5598,Repeat,20231205,Active
5599,Repeat,20250323,Active
5600,Repeat,20240225,Active
5601,New,20201111,Active
5602,New,20251231,Active
5603,New,20240909,Active
5604,Repeat,20200930,Inactive
5605,New,20240701,Active
5606,Repeat,20231002,Active
5607,Repeat,20230306,Active
5608,Repeat,20241117,Active
5609,New,20240825,Active
5610,New,20250606,Active
5611,New,20260102,Active
5612,Repeat,20220830,Active
5613,Repeat,20250131,Active
5614,New,20230409,Active
5615,New,20220917,Active
5616,Repeat,20220916,Active
5617,Repeat,20221018,Active
5618,New,20220829,Active
5619,New,20230721,Active
5620,New,20251107,Active
5621,New,20241025,Active
5622,Repeat,20220224,Active
5623,Repeat,20260131,Active
5624,Repeat,20220123,Active
5625,New,20220404,Active
5626,Repeat,20250913,Active
5627,New,20221203,Active
5628,New,20200818,Active
5629,New,20230703,Active
5630,New,20240620,Active
5631,Repeat,20210119,Active
5632,Repeat,20221218,Active
5633,New,20251205,Active
5634,New,20251222,Active
5635,New,20220108,Active
5636,New,20240503,Active
5637,Repeat,20250926,Active
5638,Repeat,20220703,Active
5639,New,20230927,Active
5640,New,20240628,Active
5641,Repeat,20241004,Active
5642,Repeat,20250925,Active
5643,New,20240210,Active
5644,New,20220309,Active
5645,Repeat,20220731,Inactive
5646,New,20240415,Active
5647,New,20210411,Active
5648,Repeat,20240125,Active
5649,Repeat,20210614,Active
5650,Repeat,20220414,Active
5651,Repeat,20230503,Active
5652,Repeat,20250319,Active
5653,New,20210715,Active
5654,New,20201206,Active
5655,New,20250215,Active
5656,New,20210812,Active
5657,Repeat,20251009,Active
5658,Repeat,20221025,Active
5659,VIP,20201120,Active
5660,Repeat,20260118,Active
5661,New,20250929,Active
5662,New,20200831,Active
5663,Repeat,20220222,Active
5664,Repeat,20260114,Active
5665,Repeat,20210826,Active
5666,Repeat,20220827,Active
5667,Repeat,20210909,Active
5668,Repeat,20220427,Active
5669,New,20240108,Active
5670,Repeat,20240708,Active
5671,Repeat,20240220,Active
5672,New,20221117,Active
5673,Repeat,20210701,Active
5674,New,20210227,Active
5675,VIP,20240925,Inactive
5676,New,20211007,Active
5677,Repeat,20240922,Active
5678,New,20220414,Active
5679,Repeat,20220306,Active
5680,New,20220210,Active
5681,New,20210403,Active
5682,New,20230116,Active
5683,Repeat,20220118,Active
5684,New,20220719,Active
5685,New,20251025,Active
5686,Repeat,20231222,Active
5687,New,20221209,Active
5688,Repeat,20220619,Active
5689,New,20250124,Active
5690,Repeat,20200905,Active
5691,New,20240411,Active
5692,New,20220326,Active
5693,Repeat,20260113,Active
5694,Repeat,20230130,Inactive
5695,Repeat,20250319,Active
5696,New,20250304,Active
5697,New,20250707,Active
5698,New,20251121,Active
5699,VIP,20250121,Active
5700,New,20240812,Active
5701,New,20210821,Active
5702,New,20241216,Active
5703,Repeat,20251112,Active
5704,New,20201101,Active
5705,Repeat,20241128,Active
5706,New,20240316,Active
5707,Repeat,20220525,Active
5708,New,20210102,Active
5709,Repeat,20220219,Active
5710,Repeat,20230510,Active
5711,New,20210524,Active
5712,VIP,20241218,Inactive
5713,New,20240218,Active
5714,Repeat,20250905,Active
5715,Repeat,20240530,Active
5716,New,20211029,Active
5717,New,20210512,Active
5718,New,20231017,Active
5719,New,20220831,Active
5720,New,20250306,Active
5721,New,20201127,Active
5722,New,20220920,Active
5723,Repeat,20201118,Active
5724,New,20251001,Active
5725,New,20220814,Active
5726,Repeat,20241229,Active
5727,New,20211208,Active
5728,New,20221004,Active
5729,New,20240201,Active
5730,Repeat,20200828,Active
5731,Repeat,20231030,Active
5732,New,20251231,Active
5733,Repeat,20250626,Active
5734,New,20220408,Active
5735,Repeat,20201118,Active
5736,Repeat,20250909,Active
5737,Repeat,20210604,Active
5738,New,20200909,Active
5739,New,20240303,Active
5740,New,20241022,Active
5741,Repeat,20231118,Active
5742,Repeat,20230312,Active
5743,Repeat,20220916,Active
5744,VIP,20230831,Active
5745,New,20220531,Inactive
5746,Repeat,20250312,Active
5747,Repeat,20230427,Active
5748,VIP,20250804,Active
5749,VIP,20220515,Active
5750,Repeat,20250910,Active
5751,New,20211219,Active
5752,Repeat,20251129,Active
5753,New,20231024,Active
5754,Repeat,20251020,Inactive
5755,Repeat,20230916,Active
5756,New,20240117,Active
5757,Repeat,20251123,Active
5758,New,20220313,Active
5759,New,20210605,Active
5760,New,20230128,Active
5761,Repeat,20240406,Active
5762,Repeat,20240214,Active
5763,Repeat,20231202,Active
5764,New,20200924,Active
5765,Repeat,20220930,Active
5766,Repeat,20250506,Active
5767,New,20220117,Active
5768,New,20250210,Active
5769,New,20250611,Active
5770,Repeat,20220212,Active
5771,Repeat,20210408,Active
5772,Repeat,20211121,Active
5773,New,20240119,Active
5774,Repeat,20250505,Active
5775,New,20250907,Active
5776,New,20211211,Active
5777,Repeat,20211019,Active
5778,New,20230627,Active
5779,Repeat,20210724,Active
5780,New,20230715,Active
5781,Repeat,20231125,Active
5782,New,20240817,Active
5783,Repeat,20231201,Active
5784,New,20250123,Active
5785,New,20201226,Active
5786,Repeat,20210801,Active
5787,New,20241111,Active
5788,Repeat,20241126,Active
5789,VIP,20220103,Active
5790,New,20201107,Active
5791,New,20230505,Active
5792,Repeat,20240911,Inactive
5793,VIP,20221123,Active
5794,Repeat,20221224,Active
5795,New,20210724,Active
5796,Repeat,20240311,Active
5797,New,20221229,Active
5798,VIP,20240223,Active
5799,VIP,20231118,Active
5800,New,20210604,Active
5801,New,20241026,Active
5802,New,20250105,Active
5803,New,20240117,Active
5804,Repeat,20231122,Active
5805,New,20220405,Active
5806,New,20220522,Active
5807,New,20211106,Active
5808,VIP,20220706,Active
5809,Repeat,20230514,Active
5810,New,20221218,Active
5811,New,20211230,Active
5812,VIP,20220918,Active
5813,Repeat,20241113,Active
5814,New,20220820,Active
5815,New,20240618,Active
5816,New,20231223,Active
5817,New,20250213,Active
5818,Repeat,20210422,Active
5819,Repeat,20260109,Active
5820,New,20240718,Active
5821,Repeat,20220408,Active
5822,New,20201218,Active
5823,Repeat,20201206,Active
5824,Repeat,20230423,Active
5825,New,20231020,Active
5826,New,20250703,Active
5827,Repeat,20241013,Active
5828,New,20250413,Active
5829,New,20210112,Active
5830,New,20230107,Active
5831,VIP,20210724,Active
5832,New,20260105,Active
5833,Repeat,20220318,Active
5834,New,20250607,Active
5835,Repeat,20221007,Active
5836,Repeat,20210702,Active
5837,Repeat,20221115,Active
5838,New,20251217,Active
5839,Repeat,20251013,Active
5840,Repeat,20220129,Active
5841,New,20240320,Active
5842,New,20241006,Active
5843,New,20211220,Active
5844,New,20220419,Active
5845,Repeat,20210424,Active
5846,New,20260211,Active
5847,New,20230821,Active
5848,Repeat,20250313,Active
5849,New,20240701,Active
5850,New,20240721,Active
5851,New,20210204,Active
5852,VIP,20230107,Active
5853,Repeat,20210304,Active
5854,Repeat,20210320,Active
5855,New,20210826,Active
5856,Repeat,20250525,Active
5857,New,20250111,Active
5858,New,20200826,Active
5859,New,20250812,Active
5860,Repeat,20250712,Active
5861,New,20230617,Active
5862,New,20230124,Active
5863,New,20250115,Active
5864,New,20211024,Active
5865,Repeat,20250419,Active
5866,New,20250202,Active
5867,Repeat,20221111,Active
5868,New,20240612,Active
5869,Repeat,20240304,Active
5870,Repeat,20230304,Active
5871,New,20251118,Active
5872,New,20251216,Active
5873,Repeat,20220707,Active
5874,Repeat,20250101,Active
5875,New,20241026,Active
5876,New,20231015,Active
5877,Repeat,20221218,Active
5878,Repeat,20251215,Active
5879,New,20221008,Active
5880,New,20210630,Active
5881,New,20221207,Active
5882,Repeat,20260109,Active
5883,New,20251005,Active
5884,VIP,20220428,Active
5885,New,20221009,Active
5886,New,20231120,Active
5887,Repeat,20210916,Active
5888,Repeat,20231202,Active
5889,Repeat,20230802,Active
5890,New,20240927,Inactive
5891,Repeat,20251224,Active
5892,Repeat,20250116,Active
5893,New,20211118,Active
5894,New,20201015,Active
5895,New,20210819,Active
5896,New,20231004,Active
5897,Repeat,20220804,Active
5898,New,20220212,Active
5899,VIP,20250107,Active
5900,New,20230622,Active
5901,Repeat,20211224,Active
5902,New,20211225,Active
5903,New,20220102,Active
5904,New,20241118,Active
5905,New,20230411,Active
5906,Repeat,20240415,Active
5907,New,20230813,Active
5908,Repeat,20250601,Active
5909,New,20210123,Active
5910,New,20250208,Active
5911,New,20251109,Active
5912,Repeat,20220803,Active
5913,Repeat,20231028,Active
5914,New,20241225,Active
5915,New,20250120,Inactive
5916,New,20230505,Active
5917,VIP,20240624,Active
5918,Repeat,20210511,Active
5919,New,20251214,Active
5920,Repeat,20240901,Active
5921,New,20220715,Active
5922,VIP,20241104,Active
5923,New,20221228,Active
5924,Repeat,20210731,Active
5925,New,20201203,Active
5926,Repeat,20240930,Active
5927,Repeat,20210926,Inactive
5928,Repeat,20220527,Active
5929,Repeat,20201005,Active
5930,Repeat,20240712,Active
5931,New,20241219,Active
5932,New,20240923,Active
5933,New,20230831,Active
5934,VIP,20230812,Active
5935,New,20220403,Active
5936,Repeat,20230421,Active
5937,Repeat,20230717,Active
5938,New,20220816,Active
5939,New,20201011,Active
5940,New,20220823,Active
5941,New,20210227,Active
5942,New,20250704,Active
5943,New,20250413,Active
5944,Repeat,20230806,Active
5945,VIP,20240223,Active
5946,New,20201205,Active
5947,New,20220919,Active
5948,New,20220727,Active
5949,Repeat,20231130,Active
5950,Repeat,20230321,Active
5951,New,20200910,Active
5952,New,20210929,Active
5953,Repeat,20220912,Active
5954,Repeat,20220128,Active
5955,New,20250721,Active
5956,Repeat,20240417,Active
5957,New,20241118,Inactive
5958,New,20230919,Active
5959,Repeat,20220903,Active
5960,Repeat,20250831,Active
5961,New,20240911,Active
5962,Repeat,20210418,Active
5963,New,20230825,Active
5964,Repeat,20220608,Active
5965,New,20230210,Active
5966,Repeat,20210915,Active
5967,Repeat,20220119,Active
5968,New,20250915,Active
5969,Repeat,20250610,Active
5970,Repeat,20230227,Active
5971,Repeat,20210506,Active
5972,New,20250327,Active
5973,Repeat,20221014,Active
5974,Repeat,20240305,Active
5975,New,20250511,Active
5976,VIP,20260104,Active
5977,New,20210203,Active
5978,New,20210507,Active
5979,New,20260123,Active
5980,Repeat,20250904,Active
5981,Repeat,20230701,Active
5982,New,20240916,Active
5983,VIP,20251014,Active
5984,New,20211204,Active
5985,New,20210806,Active
5986,New,20230701,Active
5987,Repeat,20200918,Active
5988,Repeat,20210506,Active
5989,Repeat,20231021,Active
5990,Repeat,20221109,Active
5991,New,20250430,Active
5992,New,20230107,Active
5993,New,20220908,Active
5994,New,20220304,Active
5995,New,20211120,Active
5996,Repeat,20231120,Active
5997,New,20250225,Active
5998,Repeat,20220601,Active
5999,New,20201104,Active
6000,New,20220911,Active
