customer_id,customer_name,gender_code,date_of_birth,signup_date,prime_member_flag,customer_segment_code,geography_id,updated_at
CUST00000001,Rahul Pandey,M,1986-10-03,2022-10-02,True,BUDGET,GEO000036,2025-12-17 09:00:00
CUST00000002,Manish Thakur,M,1987-06-27,2021-07-21,False,REGULAR,GEO000016,2025-09-01 09:00:00
CUST00000003,Rahul Kulkarni,M,1981-04-22,2023-01-21,False,PREMIUM,GEO000030,2025-11-28 09:00:00
CUST00000004,Kunal Goswami,F,1982-05-01,2024-05-24,False,PREMIUM,GEO000004,2025-09-14 09:00:00
CUST00000005,Anaya Iyer,M,2007-09-18,2024-03-26,False,BUDGET,GEO000027,2025-11-17 09:00:00
CUST00000006,Sneha Yadav,M,1983-01-24,2018-08-23,False,REGULAR,GEO000012,2025-09-02 09:00:00
CUST00000007,Rohit Malhotra,M,1980-03-13,2020-04-19,False,BUDGET,GEO000013,2026-01-13 09:00:00
CUST00000008,Priya Dutta,M,2001-02-23,2019-08-28,False,REGULAR,GEO000008,2025-08-17 09:00:00
CUST00000009,Sai Patel,F,1984-10-01,2022-06-02,False,REGULAR,GEO000046,2025-12-03 09:00:00
CUST00000010,Rahul Das,F,1973-12-08,2020-02-12,True,REGULAR,GEO000029,2025-11-21 09:00:00
CUST00000011,Arjun Gupta,F,1992-02-06,2019-08-28,False,BUDGET,GEO000001,2025-12-08 09:00:00
CUST00000012,Vikram Dutta,M,1975-04-03,2024-07-30,False,BUDGET,GEO000045,2025-09-29 09:00:00
CUST00000013,Kiran Saxena,F,1992-09-29,2022-12-27,True,PREMIUM,GEO000004,2025-08-23 09:00:00
CUST00000014,Nikhil Verma,F,1992-04-21,2021-11-24,False,BUSINESS,GEO000020,2026-01-27 09:00:00
CUST00000015,Priya Jain,M,2005-01-18,2022-05-04,False,REGULAR,GEO000006,2026-01-25 09:00:00
CUST00000016,Rahul Malhotra,F,1996-10-30,2021-05-02,False,PREMIUM,GEO000015,2025-11-03 09:00:00
CUST00000017,Ankit Bhat,M,2000-01-02,2018-01-02,False,PREMIUM,GEO000057,2026-01-19 09:00:00
CUST00000018,Nikhil Iyer,M,1978-10-19,2020-02-17,True,BUDGET,GEO000047,2026-01-04 09:00:00
CUST00000019,Priya Sharma,M,2003-04-08,2022-12-21,False,REGULAR,GEO000016,2025-09-14 09:00:00
CUST00000020,Shreya Yadav,M,1988-03-17,2024-06-05,False,REGULAR,GEO000034,2026-01-23 09:00:00
CUST00000021,Aditya Verma,F,1979-04-06,2020-01-26,False,BUDGET,GEO000008,2025-09-19 09:00:00
CUST00000022,Vivaan Nair,F,2004-05-18,2022-08-01,True,REGULAR,GEO000040,2025-12-28 09:00:00
CUST00000023,Kiran Khan,M,1992-11-23,2020-05-31,True,BUDGET,GEO000058,2025-08-13 09:00:00
CUST00000024,Priya Sharma,M,1971-10-24,2022-03-06,False,BUDGET,GEO000025,2025-11-26 09:00:00
CUST00000025,Varun Kulkarni,M,1970-10-15,2022-09-23,False,REGULAR,GEO000028,2025-08-11 09:00:00
CUST00000026,Riya Kulkarni,M,2005-10-16,2024-09-24,False,REGULAR,GEO000027,2025-10-07 09:00:00
CUST00000027,Pooja Nair,F,1993-05-01,2024-12-17,False,REGULAR,GEO000047,2026-01-09 09:00:00
CUST00000028,Kunal Khan,F,2006-02-13,2018-04-18,False,BUDGET,GEO000052,2025-10-15 09:00:00
CUST00000029,Nikhil Das,M,1971-06-13,2019-11-28,False,REGULAR,GEO000008,2025-08-09 09:00:00
CUST00000030,Rohit Sharma,M,2007-03-21,2022-07-25,False,PREMIUM,GEO000007,2025-08-27 09:00:00
CUST00000031,Suresh Gupta,M,1975-03-08,2023-11-21,False,REGULAR,GEO000042,2025-08-29 09:00:00
CUST00000032,Rahul Malhotra,F,1990-06-21,2019-05-07,False,REGULAR,GEO000046,2025-11-13 09:00:00
CUST00000033,Isha Bose,F,1975-06-02,2022-02-01,False,REGULAR,GEO000047,2026-01-07 09:00:00
CUST00000034,Vikram Gupta,F,1971-12-04,2022-05-10,False,BUDGET,GEO000009,2025-12-18 09:00:00
CUST00000035,Meera Singh,F,1985-07-01,2025-10-17,True,BUDGET,GEO000046,2025-11-11 09:00:00
CUST00000036,Riya Thakur,F,2002-11-06,2023-07-26,False,BUSINESS,GEO000021,2026-01-18 09:00:00
CUST00000037,Diya Yadav,F,1991-04-27,2019-06-15,False,REGULAR,GEO000004,2025-11-01 09:00:00
CUST00000038,Aditi Sharma,M,1973-06-27,2020-09-28,False,REGULAR,GEO000053,2026-02-04 09:00:00
CUST00000039,Aditya Goswami,M,1979-10-17,2018-09-14,False,REGULAR,GEO000004,2025-09-05 09:00:00
CUST00000040,Varun Patel,F,1994-01-25,2025-02-03,False,BUDGET,GEO000008,2025-12-20 09:00:00
CUST00000041,Kavya Patel,M,1973-06-23,2019-03-10,False,PREMIUM,GEO000035,2025-12-08 09:00:00
CUST00000042,Manish Das,M,1971-05-17,2025-03-21,False,PREMIUM,GEO000026,2025-10-02 09:00:00
CUST00000043,Kavya Gupta,M,1975-06-15,2023-05-16,True,REGULAR,GEO000001,2026-01-30 09:00:00
CUST00000044,Aarav Kapoor,M,1970-04-30,2024-10-05,False,REGULAR,GEO000006,2025-08-11 09:00:00
CUST00000045,Aarav Nair,M,1980-02-15,2020-05-08,False,PREMIUM,GEO000028,2025-11-21 09:00:00
CUST00000046,Anaya Verma,M,1998-10-01,2020-02-27,False,REGULAR,GEO000012,2025-09-20 09:00:00
CUST00000047,Rohit Jain,F,2004-01-25,2023-07-31,False,REGULAR,GEO000018,2025-12-31 09:00:00
CUST00000048,Meera Jain,F,1976-02-16,2019-09-03,False,REGULAR,GEO000020,2026-01-31 09:00:00
CUST00000049,Sanjana Gupta,F,1994-10-09,2022-03-24,False,BUSINESS,GEO000047,2025-09-29 09:00:00
CUST00000050,Pooja Malhotra,F,1979-01-19,2022-12-28,True,REGULAR,GEO000039,2025-10-04 09:00:00
CUST00000051,Anaya Thakur,F,1970-03-01,2019-06-20,False,BUDGET,GEO000016,2026-01-19 09:00:00
CUST00000052,Suresh Singh,M,1980-12-26,2025-08-31,False,REGULAR,GEO000003,2026-01-06 09:00:00
CUST00000053,Riya Gupta,M,1970-09-12,2023-03-10,True,REGULAR,GEO000016,2025-09-06 09:00:00
CUST00000054,Aditi Chatterjee,M,2003-05-09,2023-07-26,True,PREMIUM,GEO000034,2025-08-11 09:00:00
CUST00000055,Aarav Bose,F,1976-09-03,2023-08-12,False,BUSINESS,GEO000011,2026-01-24 09:00:00
CUST00000056,Varun Patel,M,1990-04-04,2025-02-08,False,PREMIUM,GEO000027,2025-08-30 09:00:00
CUST00000057,Arjun Khan,M,1999-02-11,2018-11-22,False,REGULAR,GEO000016,2025-11-19 09:00:00
CUST00000058,Meera Patel,F,1987-09-04,2022-10-14,False,BUDGET,GEO000054,2026-01-05 09:00:00
CUST00000059,Aarav Verma,M,2005-01-06,2020-07-17,False,BUDGET,GEO000007,2026-01-28 09:00:00
CUST00000060,Rahul Dutta,F,1993-04-25,2020-09-07,False,REGULAR,GEO000044,2026-01-08 09:00:00
CUST00000061,Rohit Iyer,F,2007-11-18,2022-06-30,True,REGULAR,GEO000007,2025-11-30 09:00:00
CUST00000062,Suresh Pandey,F,1984-03-31,2022-05-13,False,REGULAR,GEO000031,2025-12-09 09:00:00
CUST00000063,Anaya Kulkarni,M,1973-08-20,2019-07-11,False,BUDGET,GEO000037,2025-08-18 09:00:00
CUST00000064,Kunal Nair,M,2002-11-27,2025-07-15,False,REGULAR,GEO000051,2026-01-19 09:00:00
CUST00000065,Ankit Thakur,F,1995-02-11,2024-11-26,True,PREMIUM,GEO000015,2025-12-10 09:00:00
CUST00000066,Arjun Bose,F,1984-11-03,2022-02-15,False,REGULAR,GEO000044,2025-11-23 09:00:00
CUST00000067,Nikhil Jain,F,1971-07-08,2023-01-21,False,REGULAR,GEO000036,2025-11-03 09:00:00
CUST00000068,Vihaan Jain,F,2002-06-01,2018-10-17,False,REGULAR,GEO000009,2025-10-24 09:00:00
CUST00000069,Sanjana Nair,F,2004-03-09,2024-03-19,False,REGULAR,GEO000059,2025-10-14 09:00:00
CUST00000070,Aarav Singh,F,1996-09-27,2023-06-24,False,REGULAR,GEO000036,2025-09-25 09:00:00
CUST00000071,Manish Dutta,M,2005-04-17,2025-08-05,False,BUDGET,GEO000014,2025-08-18 09:00:00
CUST00000072,Pooja Das,F,1999-04-07,2019-05-02,True,REGULAR,GEO000046,2025-09-20 09:00:00
CUST00000073,Kiran Sharma,F,2001-06-28,2022-01-19,False,REGULAR,GEO000058,2025-09-24 09:00:00
CUST00000074,Anaya Iyer,M,1971-07-30,2020-06-07,True,REGULAR,GEO000043,2025-08-12 09:00:00
CUST00000075,Kavya Bhat,F,1988-12-20,2021-10-16,True,REGULAR,GEO000002,2025-12-15 09:00:00
CUST00000076,Nikhil Goswami,M,2003-10-24,2023-03-12,False,BUDGET,GEO000011,2026-01-15 09:00:00
CUST00000077,Vihaan Verma,M,1995-09-15,2018-01-13,False,BUDGET,GEO000035,2025-10-11 09:00:00
CUST00000078,Arjun Nair,M,1989-10-09,2018-09-17,True,REGULAR,GEO000005,2025-08-14 09:00:00
CUST00000079,Rahul Singh,M,1995-08-26,2022-06-07,False,BUDGET,GEO000048,2026-01-31 09:00:00
CUST00000080,Aarav Thakur,F,1971-09-07,2025-07-13,False,PREMIUM,GEO000033,2025-12-02 09:00:00
CUST00000081,Priya Chatterjee,M,1971-02-21,2021-05-28,False,BUDGET,GEO000001,2025-12-26 09:00:00
CUST00000082,Shreya Das,F,1980-01-21,2020-07-17,True,PREMIUM,GEO000056,2026-01-12 09:00:00
CUST00000083,Kavya Gupta,F,1990-01-26,2021-11-28,True,PREMIUM,GEO000054,2025-11-25 09:00:00
CUST00000084,Aditya Gupta,M,1999-03-21,2025-12-14,False,BUDGET,GEO000013,2025-09-23 09:00:00
CUST00000085,Anaya Goswami,M,2002-12-29,2025-06-24,True,REGULAR,GEO000008,2025-09-08 09:00:00
CUST00000086,Nikhil Khan,M,2001-10-21,2018-08-02,False,BUDGET,GEO000044,2026-01-20 09:00:00
CUST00000087,Aarav Bhat,F,1983-03-14,2023-01-24,True,REGULAR,GEO000018,2025-09-25 09:00:00
CUST00000088,Neha Mehta,F,1991-08-24,2022-11-09,False,REGULAR,GEO000022,2025-11-15 09:00:00
CUST00000089,Priya Kulkarni,F,1991-05-12,2023-05-31,False,REGULAR,GEO000052,2025-12-18 09:00:00
CUST00000090,Arjun Goswami,F,1988-10-28,2022-01-28,False,BUDGET,GEO000038,2025-09-08 09:00:00
CUST00000091,Rohit Goswami,F,2003-12-03,2022-07-06,False,PREMIUM,GEO000001,2026-01-20 09:00:00
CUST00000092,Arjun Jain,F,1980-01-23,2018-03-16,True,BUDGET,GEO000031,2025-08-22 09:00:00
CUST00000093,Sai Malhotra,M,2004-04-20,2025-09-07,False,BUDGET,GEO000001,2025-11-11 09:00:00
CUST00000094,Arjun Das,F,2001-06-19,2022-09-29,True,PREMIUM,GEO000044,2025-08-29 09:00:00
CUST00000095,Deepak Khan,M,1970-04-20,2024-10-21,False,PREMIUM,GEO000050,2025-12-29 09:00:00
CUST00000096,Shreya Bhat,M,1989-10-23,2022-04-18,True,REGULAR,GEO000054,2025-09-14 09:00:00
CUST00000097,Diya Joshi,M,1973-10-13,2021-11-12,False,REGULAR,GEO000045,2025-12-07 09:00:00
CUST00000098,Anaya Iyer,F,1989-05-16,2024-09-14,False,REGULAR,GEO000054,2025-11-13 09:00:00
CUST00000099,Ankit Malhotra,F,1974-02-19,2020-04-24,False,BUDGET,GEO000052,2025-11-15 09:00:00
CUST00000100,Vikram Nair,F,1974-07-11,2024-04-15,False,REGULAR,GEO000033,2026-01-07 09:00:00
CUST00000101,Suresh Jain,M,1970-07-23,2023-09-14,False,BUDGET,GEO000038,2026-01-22 09:00:00
CUST00000102,Kiran Mishra,M,1975-01-14,2022-09-18,False,REGULAR,GEO000010,2025-08-17 09:00:00
CUST00000103,Priya Gupta,F,1984-05-08,2021-01-04,False,PREMIUM,GEO000034,2025-10-27 09:00:00
CUST00000104,Sanjana Verma,M,1998-09-16,2025-08-28,False,PREMIUM,GEO000025,2025-12-09 09:00:00
CUST00000105,Vihaan Patel,M,1983-08-18,2019-02-23,True,BUDGET,GEO000004,2025-08-20 09:00:00
CUST00000106,Vivaan Yadav,M,1979-04-05,2019-08-26,False,PREMIUM,GEO000001,2025-11-12 09:00:00
CUST00000107,Isha Khan,M,1979-10-05,2025-04-12,False,REGULAR,GEO000024,2025-11-19 09:00:00
CUST00000108,Ankit Saxena,M,1998-03-22,2025-04-20,False,REGULAR,GEO000003,2025-12-21 09:00:00
CUST00000109,Kavya Singh,M,1999-07-04,2025-03-23,False,REGULAR,GEO000019,2025-10-02 09:00:00
CUST00000110,Sanjana Bhat,F,1975-08-17,2024-10-28,False,REGULAR,GEO000001,2025-08-12 09:00:00
CUST00000111,Rohit Das,F,2005-09-13,2020-08-31,True,BUDGET,GEO000001,2025-09-06 09:00:00
CUST00000112,Kunal Iyer,F,1999-02-23,2019-08-22,False,BUDGET,GEO000024,2025-08-14 09:00:00
CUST00000113,Deepak Joshi,M,1971-11-23,2024-07-12,False,BUDGET,GEO000019,2025-09-29 09:00:00
CUST00000114,Aditya Reddy,F,2000-12-06,2025-04-22,False,REGULAR,GEO000050,2025-12-23 09:00:00
CUST00000115,Diya Mishra,F,1975-02-10,2019-03-24,False,REGULAR,GEO000005,2026-01-28 09:00:00
CUST00000116,Vikram Malhotra,F,2005-09-17,2025-02-12,False,REGULAR,GEO000046,2025-09-13 09:00:00
CUST00000117,Manish Bhat,F,1982-11-12,2022-10-13,True,REGULAR,GEO000055,2025-09-06 09:00:00
CUST00000118,Priya Gupta,F,1988-01-01,2024-02-22,False,BUDGET,GEO000012,2025-11-05 09:00:00
CUST00000119,Isha Nair,M,1994-09-11,2022-01-20,False,PREMIUM,GEO000048,2025-09-02 09:00:00
CUST00000120,Deepak Nair,M,2005-07-25,2023-08-19,True,BUDGET,GEO000027,2025-11-19 09:00:00
CUST00000121,Ankit Sharma,M,2003-08-11,2021-12-27,True,REGULAR,GEO000036,2025-10-17 09:00:00
CUST00000122,Aditya Singh,F,2003-02-11,2019-05-17,True,BUDGET,GEO000051,2025-12-19 09:00:00
CUST00000123,Sanjana Kulkarni,F,1988-11-03,2022-07-31,False,REGULAR,GEO000036,2025-10-22 09:00:00
CUST00000124,Diya Verma,M,1973-06-06,2025-02-03,False,PREMIUM,GEO000058,2025-09-19 09:00:00
CUST00000125,Vivaan Iyer,M,1994-03-04,2023-10-09,True,REGULAR,GEO000046,2025-08-12 09:00:00
CUST00000126,Aditi Mehta,F,1993-10-15,2019-01-12,False,PREMIUM,GEO000021,2025-09-06 09:00:00
CUST00000127,Kunal Goswami,M,1991-05-17,2019-03-31,False,REGULAR,GEO000039,2025-12-20 09:00:00
CUST00000128,Arjun Gupta,F,2003-03-05,2023-12-01,False,PREMIUM,GEO000031,2025-09-01 09:00:00
CUST00000129,Neha Reddy,F,2005-11-23,2018-11-04,False,BUDGET,GEO000038,2025-09-18 09:00:00
CUST00000130,Kiran Kulkarni,F,2006-09-16,2023-05-14,True,BUDGET,GEO000044,2025-11-13 09:00:00
CUST00000131,Riya Kapoor,F,2006-12-01,2025-11-10,False,REGULAR,GEO000046,2025-08-22 09:00:00
CUST00000132,Ankit Saxena,M,1993-05-04,2024-09-02,False,REGULAR,GEO000003,2025-09-29 09:00:00
CUST00000133,Kunal Goswami,F,2001-07-17,2018-05-28,True,BUDGET,GEO000036,2026-01-03 09:00:00
CUST00000134,Arjun Goswami,M,2000-06-21,2024-10-15,True,REGULAR,GEO000050,2025-08-14 09:00:00
CUST00000135,Vivaan Sharma,F,1973-01-19,2023-06-07,False,REGULAR,GEO000016,2025-09-18 09:00:00
CUST00000136,Rohit Mehta,M,2007-04-25,2018-01-15,False,REGULAR,GEO000039,2025-11-13 09:00:00
CUST00000137,Meera Das,F,1985-04-12,2021-08-09,False,BUDGET,GEO000056,2026-01-07 09:00:00
CUST00000138,Vivaan Sharma,M,1977-01-20,2025-03-10,True,REGULAR,GEO000023,2025-12-24 09:00:00
CUST00000139,Priya Malhotra,M,1971-05-06,2019-05-08,False,REGULAR,GEO000030,2025-12-11 09:00:00
CUST00000140,Aditya Mishra,F,2001-09-19,2023-02-10,False,REGULAR,GEO000014,2026-01-27 09:00:00
CUST00000141,Aditya Joshi,F,2003-07-03,2023-03-10,False,REGULAR,GEO000001,2025-11-11 09:00:00
CUST00000142,Aditi Chatterjee,F,2006-08-06,2022-08-20,True,REGULAR,GEO000011,2025-09-07 09:00:00
CUST00000143,Arjun Gupta,F,1981-01-07,2018-11-11,True,REGULAR,GEO000059,2025-10-25 09:00:00
CUST00000144,Aditya Kulkarni,M,1978-07-03,2019-04-07,True,BUDGET,GEO000052,2025-12-08 09:00:00
CUST00000145,Vikram Mehta,F,1978-05-02,2021-12-26,False,REGULAR,GEO000021,2026-01-11 09:00:00
CUST00000146,Ankit Verma,F,2006-09-13,2023-05-23,False,REGULAR,GEO000043,2025-11-01 09:00:00
CUST00000147,Kiran Joshi,M,2003-12-14,2020-03-26,False,REGULAR,GEO000050,2025-12-26 09:00:00
CUST00000148,Ankit Saxena,M,1985-10-09,2019-12-10,False,PREMIUM,GEO000024,2025-11-13 09:00:00
CUST00000149,Arjun Dutta,M,1977-05-17,2018-11-30,False,BUDGET,GEO000006,2025-10-04 09:00:00
CUST00000150,Deepak Chatterjee,F,2002-07-06,2023-02-20,False,PREMIUM,GEO000001,2026-01-17 09:00:00
CUST00000151,Neha Gupta,F,1976-12-13,2020-11-29,False,BUDGET,GEO000055,2025-09-03 09:00:00
CUST00000152,Suresh Mishra,F,1999-07-05,2021-12-08,False,PREMIUM,GEO000017,2025-09-24 09:00:00
CUST00000153,Kiran Gupta,M,1986-10-17,2024-06-14,False,BUDGET,GEO000011,2025-11-21 09:00:00
CUST00000154,Manish Bose,M,1997-12-12,2019-07-24,True,BUDGET,GEO000058,2025-11-22 09:00:00
CUST00000155,Sneha Sharma,F,1977-03-05,2024-08-08,False,BUDGET,GEO000055,2025-12-26 09:00:00
CUST00000156,Manish Mishra,F,1991-06-19,2022-05-23,False,REGULAR,GEO000037,2026-01-06 09:00:00
CUST00000157,Pooja Sharma,F,1979-09-01,2022-11-21,False,PREMIUM,GEO000011,2025-12-16 09:00:00
CUST00000158,Priya Kapoor,M,1992-03-15,2021-06-30,False,REGULAR,GEO000013,2026-01-13 09:00:00
CUST00000159,Kavya Jain,M,2007-05-21,2019-05-30,True,REGULAR,GEO000036,2025-10-06 09:00:00
CUST00000160,Pooja Sharma,F,1998-12-08,2023-12-31,False,REGULAR,GEO000040,2025-10-18 09:00:00
CUST00000161,Priya Gupta,M,1970-11-23,2020-12-30,False,REGULAR,GEO000013,2025-12-07 09:00:00
CUST00000162,Aditya Gupta,F,1975-06-03,2020-07-13,False,BUDGET,GEO000056,2026-01-24 09:00:00
CUST00000163,Nikhil Patel,F,1989-02-26,2020-01-20,False,REGULAR,GEO000054,2026-01-11 09:00:00
CUST00000164,Isha Bose,M,2001-06-09,2024-05-18,False,REGULAR,GEO000038,2026-01-05 09:00:00
CUST00000165,Ankit Chatterjee,M,1993-12-03,2019-01-08,False,REGULAR,GEO000058,2025-09-18 09:00:00
CUST00000166,Kavya Joshi,F,1994-08-29,2021-07-30,False,BUDGET,GEO000041,2025-08-17 09:00:00
CUST00000167,Meera Goswami,F,1989-03-19,2025-08-02,False,REGULAR,GEO000025,2025-08-21 09:00:00
CUST00000168,Rahul Kulkarni,M,1974-02-04,2024-09-16,True,REGULAR,GEO000006,2026-01-20 09:00:00
CUST00000169,Rahul Pandey,M,1989-11-28,2019-11-09,False,BUDGET,GEO000053,2025-09-12 09:00:00
CUST00000170,Aditya Yadav,F,1998-11-29,2018-01-12,True,REGULAR,GEO000012,2025-08-15 09:00:00
CUST00000171,Varun Yadav,M,1988-06-26,2021-10-08,True,REGULAR,GEO000013,2026-01-11 09:00:00
CUST00000172,Aarav Das,M,2005-11-27,2022-05-15,False,BUDGET,GEO000036,2025-12-27 09:00:00
CUST00000173,Priya Gupta,F,1980-06-16,2021-10-12,True,REGULAR,GEO000020,2025-10-24 09:00:00
CUST00000174,Rohit Sharma,M,2007-12-23,2024-11-02,False,PREMIUM,GEO000006,2025-09-03 09:00:00
CUST00000175,Diya Saxena,F,1974-10-26,2019-04-27,True,REGULAR,GEO000035,2025-09-08 09:00:00
CUST00000176,Vihaan Mishra,F,1984-05-12,2022-01-05,True,REGULAR,GEO000049,2025-11-05 09:00:00
CUST00000177,Varun Bhat,M,1997-09-10,2021-12-05,False,BUDGET,GEO000045,2026-01-21 09:00:00
CUST00000178,Suresh Mishra,M,1997-07-23,2020-06-20,True,BUDGET,GEO000002,2025-09-09 09:00:00
CUST00000179,Isha Sharma,M,1971-07-19,2022-10-12,False,REGULAR,GEO000057,2025-10-01 09:00:00
CUST00000180,Neha Das,F,2007-03-22,2023-05-20,False,BUDGET,GEO000006,2025-08-15 09:00:00
CUST00000181,Arjun Kapoor,M,1972-08-10,2020-09-24,False,BUDGET,GEO000012,2025-10-28 09:00:00
CUST00000182,Priya Nair,F,1970-11-09,2018-12-19,False,REGULAR,GEO000010,2025-08-30 09:00:00
CUST00000183,Kunal Iyer,F,1983-01-13,2024-03-20,False,REGULAR,GEO000050,2025-10-30 09:00:00
CUST00000184,Varun Chatterjee,F,2002-06-15,2021-04-20,False,PREMIUM,GEO000047,2025-11-20 09:00:00
CUST00000185,Suresh Kulkarni,F,2000-06-03,2020-12-08,False,BUDGET,GEO000059,2025-09-24 09:00:00
CUST00000186,Rohit Khan,M,1972-10-19,2024-10-25,False,BUDGET,GEO000008,2026-01-12 09:00:00
CUST00000187,Riya Jain,M,1984-06-03,2025-01-26,True,BUDGET,GEO000052,2025-10-11 09:00:00
CUST00000188,Suresh Singh,F,1987-11-24,2019-08-27,True,REGULAR,GEO000059,2025-12-12 09:00:00
CUST00000189,Anaya Malhotra,M,1996-07-06,2021-03-07,False,REGULAR,GEO000003,2025-09-15 09:00:00
CUST00000190,Sanjana Dutta,F,1999-05-01,2022-10-29,False,BUDGET,GEO000023,2025-10-09 09:00:00
CUST00000191,Sneha Thakur,M,1988-07-25,2025-03-05,False,REGULAR,GEO000016,2026-02-03 09:00:00
CUST00000192,Deepak Nair,M,1972-12-04,2024-05-18,False,REGULAR,GEO000040,2025-11-21 09:00:00
CUST00000193,Kiran Nair,F,1994-12-29,2021-12-30,False,BUSINESS,GEO000038,2025-09-07 09:00:00
CUST00000194,Kavya Khan,M,2007-08-22,2018-02-27,False,REGULAR,GEO000050,2025-10-31 09:00:00
CUST00000195,Pooja Chatterjee,F,1991-06-07,2025-03-17,False,REGULAR,GEO000018,2026-01-04 09:00:00
CUST00000196,Anaya Reddy,F,1992-02-23,2023-11-12,False,BUDGET,GEO000005,2025-09-26 09:00:00
CUST00000197,Arjun Mishra,M,2006-05-17,2021-04-30,False,REGULAR,GEO000053,2025-12-31 09:00:00
CUST00000198,Neha Verma,M,2005-12-18,2022-11-04,False,REGULAR,GEO000005,2025-09-18 09:00:00
CUST00000199,Meera Gupta,M,1985-04-26,2023-07-31,False,REGULAR,GEO000027,2026-01-15 09:00:00
CUST00000200,Isha Iyer,M,1971-08-09,2023-12-18,False,REGULAR,GEO000007,2025-10-06 09:00:00
CUST00000201,Vihaan Kulkarni,M,1990-09-21,2022-09-24,True,REGULAR,GEO000026,2026-01-26 09:00:00
CUST00000202,Rohit Singh,F,1977-04-25,2022-05-03,False,REGULAR,GEO000041,2025-12-19 09:00:00
CUST00000203,Deepak Nair,F,1973-01-01,2025-11-09,False,REGULAR,GEO000026,2025-08-14 09:00:00
CUST00000204,Shreya Bose,F,1980-04-26,2020-11-05,False,BUDGET,GEO000055,2025-10-03 09:00:00
CUST00000205,Kavya Malhotra,F,1971-04-19,2019-10-14,False,BUDGET,GEO000003,2026-01-13 09:00:00
CUST00000206,Kunal Mishra,F,2006-08-14,2018-07-30,False,REGULAR,GEO000052,2026-01-23 09:00:00
CUST00000207,Suresh Chatterjee,F,1977-03-11,2022-10-28,False,REGULAR,GEO000054,2025-12-28 09:00:00
CUST00000208,Meera Bhat,F,1971-01-17,2024-10-07,False,REGULAR,GEO000027,2025-08-18 09:00:00
CUST00000209,Rahul Chatterjee,F,1985-06-19,2021-06-22,False,REGULAR,GEO000032,2025-12-23 09:00:00
CUST00000210,Aditya Verma,M,1971-01-02,2024-11-14,False,BUDGET,GEO000041,2025-09-11 09:00:00
CUST00000211,Isha Bhat,M,1991-02-17,2019-03-27,False,BUDGET,GEO000021,2025-10-25 09:00:00
CUST00000212,Vivaan Kapoor,M,1986-12-12,2021-07-05,False,PREMIUM,GEO000017,2025-11-07 09:00:00
CUST00000213,Meera Singh,F,1975-01-31,2019-05-19,False,BUDGET,GEO000022,2025-09-14 09:00:00
CUST00000214,Pooja Mehta,M,1987-05-05,2020-09-29,False,REGULAR,GEO000010,2025-12-25 09:00:00
CUST00000215,Aditi Malhotra,F,1997-11-05,2022-09-19,False,REGULAR,GEO000006,2025-11-07 09:00:00
CUST00000216,Sneha Goswami,F,2007-12-21,2021-06-23,False,BUSINESS,GEO000011,2025-09-13 09:00:00
CUST00000217,Aarav Malhotra,F,1975-04-18,2020-08-19,False,REGULAR,GEO000033,2025-12-15 09:00:00
CUST00000218,Arjun Jain,M,1979-12-10,2023-07-27,False,BUDGET,GEO000035,2025-11-08 09:00:00
CUST00000219,Rahul Nair,F,1980-10-03,2025-05-13,False,PREMIUM,GEO000039,2025-08-14 09:00:00
CUST00000220,Aarav Thakur,M,2001-05-23,2021-09-25,False,PREMIUM,GEO000016,2025-11-03 09:00:00
CUST00000221,Shreya Singh,F,2003-04-16,2021-08-18,True,REGULAR,GEO000031,2025-11-18 09:00:00
CUST00000222,Diya Thakur,M,1995-10-31,2024-12-11,False,BUDGET,GEO000017,2026-01-11 09:00:00
CUST00000223,Arjun Dutta,M,1986-01-10,2021-02-23,False,PREMIUM,GEO000003,2025-10-12 09:00:00
CUST00000224,Vivaan Malhotra,M,1988-04-22,2024-12-22,True,REGULAR,GEO000047,2026-01-21 09:00:00
CUST00000225,Vihaan Kulkarni,M,2004-05-17,2024-07-01,False,REGULAR,GEO000004,2025-09-17 09:00:00
CUST00000226,Vihaan Malhotra,M,1989-04-16,2019-06-14,False,BUDGET,GEO000039,2025-10-31 09:00:00
CUST00000227,Vikram Malhotra,M,1999-08-03,2021-02-22,False,REGULAR,GEO000026,2025-11-07 09:00:00
CUST00000228,Nikhil Dutta,F,1998-11-12,2019-10-11,True,BUDGET,GEO000038,2025-09-01 09:00:00
CUST00000229,Neha Gupta,M,1973-02-24,2020-06-26,False,BUDGET,GEO000009,2025-11-08 09:00:00
CUST00000230,Suresh Nair,M,1974-04-13,2019-04-24,False,BUSINESS,GEO000027,2025-09-24 09:00:00
CUST00000231,Anaya Mishra,M,1991-01-27,2024-05-11,False,BUDGET,GEO000051,2026-02-04 09:00:00
CUST00000232,Isha Iyer,M,1998-01-08,2018-12-09,False,BUDGET,GEO000056,2025-09-19 09:00:00
CUST00000233,Meera Sharma,M,1988-12-29,2024-06-04,False,PREMIUM,GEO000041,2025-12-22 09:00:00
CUST00000234,Varun Mishra,M,2000-01-30,2018-11-16,False,REGULAR,GEO000041,2025-09-17 09:00:00
CUST00000235,Vikram Saxena,M,1990-08-10,2020-12-09,False,PREMIUM,GEO000031,2025-08-13 09:00:00
CUST00000236,Vivaan Iyer,F,1981-08-19,2020-03-16,False,BUDGET,GEO000019,2026-01-19 09:00:00
CUST00000237,Diya Singh,F,1994-11-29,2023-03-06,False,REGULAR,GEO000042,2026-01-05 09:00:00
CUST00000238,Varun Mehta,F,1990-10-26,2024-05-14,False,REGULAR,GEO000025,2025-12-04 09:00:00
CUST00000239,Vikram Saxena,F,2000-12-24,2023-07-16,False,REGULAR,GEO000049,2025-11-20 09:00:00
CUST00000240,Kunal Yadav,M,1984-03-17,2021-02-06,False,REGULAR,GEO000037,2025-12-08 09:00:00
CUST00000241,Priya Thakur,F,1988-01-17,2024-06-14,False,REGULAR,GEO000026,2025-08-26 09:00:00
CUST00000242,Sai Jain,M,1993-04-22,2020-10-13,False,PREMIUM,GEO000008,2026-01-13 09:00:00
CUST00000243,Manish Dutta,F,1991-04-06,2019-05-10,True,REGULAR,GEO000009,2025-10-14 09:00:00
CUST00000244,Meera Khan,F,2007-02-10,2025-06-09,False,REGULAR,GEO000020,2025-08-16 09:00:00
CUST00000245,Aditya Bose,M,1972-09-10,2022-04-13,True,REGULAR,GEO000057,2025-08-10 09:00:00
CUST00000246,Deepak Joshi,M,2000-07-16,2019-04-19,False,REGULAR,GEO000013,2025-12-29 09:00:00
CUST00000247,Kavya Reddy,M,1987-06-09,2025-07-07,False,BUDGET,GEO000018,2025-09-10 09:00:00
CUST00000248,Rahul Kulkarni,F,1978-09-01,2019-11-29,False,REGULAR,GEO000001,2025-08-25 09:00:00
CUST00000249,Anaya Malhotra,M,1989-08-31,2025-02-17,False,REGULAR,GEO000019,2025-09-14 09:00:00
CUST00000250,Kiran Sharma,M,1976-03-09,2018-07-23,False,REGULAR,GEO000053,2025-12-05 09:00:00
CUST00000251,Kavya Pandey,M,1970-09-04,2018-08-12,False,REGULAR,GEO000030,2025-11-14 09:00:00
CUST00000252,Pooja Malhotra,M,1982-03-08,2022-07-18,False,REGULAR,GEO000054,2025-11-28 09:00:00
CUST00000253,Kiran Yadav,F,1978-12-18,2018-03-13,False,BUDGET,GEO000002,2025-11-15 09:00:00
CUST00000254,Sneha Chatterjee,F,1987-05-15,2021-06-05,False,REGULAR,GEO000008,2026-01-11 09:00:00
CUST00000255,Rahul Chatterjee,M,1997-02-08,2025-08-30,False,REGULAR,GEO000026,2026-01-20 09:00:00
CUST00000256,Nikhil Nair,F,1991-06-01,2019-09-28,False,REGULAR,GEO000032,2025-11-10 09:00:00
CUST00000257,Vihaan Joshi,M,1990-05-25,2025-05-05,False,BUDGET,GEO000023,2025-11-24 09:00:00
CUST00000258,Manish Dutta,F,2001-05-09,2020-04-02,False,REGULAR,GEO000010,2025-11-28 09:00:00
CUST00000259,Nikhil Saxena,M,1986-07-19,2021-11-28,False,REGULAR,GEO000024,2025-10-27 09:00:00
CUST00000260,Vihaan Nair,M,1977-03-03,2022-12-07,False,BUDGET,GEO000053,2025-09-02 09:00:00
CUST00000261,Diya Jain,F,2003-06-03,2018-07-22,True,REGULAR,GEO000031,2026-01-07 09:00:00
CUST00000262,Aditya Das,M,1987-06-29,2021-10-24,False,BUDGET,GEO000020,2025-10-24 09:00:00
CUST00000263,Vikram Dutta,M,1992-07-07,2019-08-17,False,BUDGET,GEO000053,2025-11-08 09:00:00
CUST00000264,Deepak Chatterjee,M,2003-02-07,2021-06-20,False,REGULAR,GEO000029,2025-11-14 09:00:00
CUST00000265,Isha Saxena,F,1995-04-05,2022-09-01,True,REGULAR,GEO000039,2025-08-16 09:00:00
CUST00000266,Manish Sharma,M,1992-06-29,2020-06-05,False,REGULAR,GEO000016,2025-11-04 09:00:00
CUST00000267,Neha Yadav,M,1998-07-19,2025-04-11,False,BUDGET,GEO000013,2025-12-28 09:00:00
CUST00000268,Aditya Verma,F,2007-10-12,2024-07-10,False,BUDGET,GEO000025,2025-11-05 09:00:00
CUST00000269,Rahul Chatterjee,F,2000-09-17,2023-09-12,True,REGULAR,GEO000046,2026-01-10 09:00:00
CUST00000270,Vikram Bose,M,1998-04-04,2023-02-10,False,PREMIUM,GEO000037,2025-09-23 09:00:00
CUST00000271,Varun Singh,F,2007-09-09,2025-01-22,True,PREMIUM,GEO000004,2026-01-28 09:00:00
CUST00000272,Rohit Sharma,F,1977-12-28,2022-10-21,False,PREMIUM,GEO000046,2025-12-28 09:00:00
CUST00000273,Anaya Dutta,M,1995-06-30,2022-07-05,False,REGULAR,GEO000057,2026-01-24 09:00:00
CUST00000274,Manish Gupta,M,1979-04-20,2020-07-19,False,BUDGET,GEO000031,2026-01-26 09:00:00
CUST00000275,Sanjana Dutta,M,1989-03-19,2019-09-27,False,REGULAR,GEO000026,2025-10-29 09:00:00
CUST00000276,Vivaan Iyer,F,1994-04-11,2023-08-11,False,PREMIUM,GEO000031,2025-10-23 09:00:00
CUST00000277,Vikram Chatterjee,O,2000-07-06,2021-10-30,True,REGULAR,GEO000015,2025-10-15 09:00:00
CUST00000278,Suresh Dutta,M,1996-02-27,2023-11-01,True,BUSINESS,GEO000027,2025-11-16 09:00:00
CUST00000279,Deepak Reddy,M,2004-09-25,2020-07-14,False,REGULAR,GEO000044,2025-08-18 09:00:00
CUST00000280,Rohit Reddy,F,1979-04-04,2023-05-18,True,REGULAR,GEO000055,2025-11-17 09:00:00
CUST00000281,Kunal Joshi,F,2005-04-12,2020-08-24,False,BUDGET,GEO000044,2025-11-23 09:00:00
CUST00000282,Kunal Kapoor,F,1986-08-04,2025-02-16,False,BUDGET,GEO000031,2026-01-17 09:00:00
CUST00000283,Meera Kulkarni,M,1971-03-31,2020-11-23,True,BUDGET,GEO000050,2025-09-12 09:00:00
CUST00000284,Kiran Mishra,M,1981-06-30,2020-09-28,False,BUDGET,GEO000002,2025-11-04 09:00:00
CUST00000285,Pooja Saxena,M,1995-04-05,2019-05-01,True,BUDGET,GEO000008,2025-10-30 09:00:00
CUST00000286,Aditya Thakur,M,1991-12-31,2024-04-03,False,BUDGET,GEO000046,2025-11-22 09:00:00
CUST00000287,Diya Kulkarni,F,1981-09-17,2023-08-13,True,REGULAR,GEO000005,2025-12-05 09:00:00
CUST00000288,Kunal Pandey,F,1990-03-08,2021-02-15,False,BUDGET,GEO000051,2025-10-06 09:00:00
CUST00000289,Aditi Joshi,M,1983-03-07,2022-04-28,False,REGULAR,GEO000034,2025-12-29 09:00:00
CUST00000290,Vikram Malhotra,M,2005-02-08,2022-02-02,False,REGULAR,GEO000039,2025-12-23 09:00:00
CUST00000291,Sai Yadav,F,1980-07-18,2018-10-02,False,REGULAR,GEO000056,2025-12-28 09:00:00
CUST00000292,Kunal Pandey,F,1977-06-01,2021-12-26,False,PREMIUM,GEO000033,2025-09-07 09:00:00
CUST00000293,Isha Das,M,1992-07-27,2020-06-30,True,BUDGET,GEO000039,2025-10-20 09:00:00
CUST00000294,Suresh Jain,M,1983-01-08,2020-03-11,False,REGULAR,GEO000032,2025-10-13 09:00:00
CUST00000295,Manish Bhat,M,1975-09-08,2021-02-12,False,REGULAR,GEO000016,2025-11-04 09:00:00
CUST00000296,Anaya Das,F,1990-05-31,2020-10-14,True,REGULAR,GEO000049,2025-08-16 09:00:00
CUST00000297,Manish Reddy,M,1986-09-11,2024-04-23,False,BUDGET,GEO000026,2025-11-26 09:00:00
CUST00000298,Vikram Yadav,M,1990-06-27,2023-09-26,False,PREMIUM,GEO000035,2025-08-29 09:00:00
CUST00000299,Isha Goswami,F,1973-10-06,2022-09-15,True,BUDGET,GEO000001,2026-01-20 09:00:00
CUST00000300,Rohit Nair,M,1991-12-05,2024-01-20,False,REGULAR,GEO000007,2025-11-04 09:00:00
CUST00000301,Sanjana Pandey,F,1987-12-11,2023-04-09,False,BUDGET,GEO000038,2026-02-02 09:00:00
CUST00000302,Vihaan Yadav,M,1971-04-01,2018-07-02,True,PREMIUM,GEO000008,2025-09-15 09:00:00
CUST00000303,Aarav Bhat,M,1990-03-24,2025-01-18,False,REGULAR,GEO000022,2025-12-12 09:00:00
CUST00000304,Kavya Sharma,F,2004-08-03,2021-12-08,False,PREMIUM,GEO000040,2025-11-18 09:00:00
CUST00000305,Vikram Verma,F,1991-07-06,2025-03-04,False,BUDGET,GEO000005,2025-09-05 09:00:00
CUST00000306,Kunal Jain,M,1987-12-27,2024-10-21,True,REGULAR,GEO000049,2025-09-03 09:00:00
CUST00000307,Vikram Dutta,M,1985-02-04,2023-09-26,True,REGULAR,GEO000022,2025-09-06 09:00:00
CUST00000308,Pooja Patel,F,1993-11-23,2022-04-25,False,BUDGET,GEO000052,2025-08-11 09:00:00
CUST00000309,Rohit Gupta,M,1974-01-22,2024-09-08,True,BUDGET,GEO000047,2025-12-10 09:00:00
CUST00000310,Meera Iyer,M,1977-06-10,2018-08-02,True,REGULAR,GEO000049,2025-08-23 09:00:00
CUST00000311,Aditya Pandey,F,1985-02-27,2022-01-18,False,REGULAR,GEO000004,2025-09-26 09:00:00
CUST00000312,Rahul Bose,F,1978-01-09,2024-03-01,False,PREMIUM,GEO000019,2025-11-25 09:00:00
CUST00000313,Deepak Dutta,M,2002-01-05,2020-03-02,True,REGULAR,GEO000027,2025-10-22 09:00:00
CUST00000314,Deepak Jain,M,2000-06-28,2022-06-25,True,REGULAR,GEO000026,2025-12-31 09:00:00
CUST00000315,Isha Khan,F,1998-09-06,2020-04-30,False,REGULAR,GEO000048,2025-08-20 09:00:00
CUST00000316,Rohit Mishra,M,1993-02-21,2019-04-14,False,REGULAR,GEO000016,2025-11-15 09:00:00
CUST00000317,Arjun Chatterjee,F,1988-05-17,2024-02-25,False,BUDGET,GEO000011,2025-08-21 09:00:00
CUST00000318,Sanjana Mishra,F,2007-06-14,2019-04-13,False,REGULAR,GEO000013,2025-12-15 09:00:00
CUST00000319,Kunal Chatterjee,M,1992-02-22,2024-12-08,False,BUSINESS,GEO000011,2025-12-22 09:00:00
CUST00000320,Vihaan Nair,F,1988-05-19,2021-04-04,True,PREMIUM,GEO000034,2025-09-21 09:00:00
CUST00000321,Sanjana Bhat,F,1992-08-12,2018-09-14,False,BUDGET,GEO000047,2025-12-01 09:00:00
CUST00000322,Aarav Singh,M,2000-05-28,2023-10-16,True,PREMIUM,GEO000059,2025-12-11 09:00:00
CUST00000323,Arjun Saxena,M,1981-04-01,2025-11-20,False,BUSINESS,GEO000039,2025-12-04 09:00:00
CUST00000324,Varun Sharma,F,1996-08-03,2022-05-29,False,PREMIUM,GEO000049,2025-11-23 09:00:00
CUST00000325,Vivaan Nair,F,1970-01-01,2023-11-23,False,REGULAR,GEO000028,2025-12-17 09:00:00
CUST00000326,Arjun Khan,F,1972-03-07,2020-07-01,False,BUDGET,GEO000040,2025-11-05 09:00:00
CUST00000327,Aarav Kapoor,F,1979-02-26,2020-02-13,False,REGULAR,GEO000052,2025-11-13 09:00:00
CUST00000328,Aditi Chatterjee,F,1992-03-27,2019-07-09,False,REGULAR,GEO000033,2025-12-08 09:00:00
CUST00000329,Ankit Mehta,M,1994-02-23,2019-10-29,True,BUDGET,GEO000002,2025-12-29 09:00:00
CUST00000330,Diya Bhat,M,1981-03-21,2020-05-21,False,REGULAR,GEO000009,2025-11-18 09:00:00
CUST00000331,Rohit Patel,F,2007-07-30,2024-03-16,False,REGULAR,GEO000018,2025-12-23 09:00:00
CUST00000332,Rohit Joshi,F,1996-02-19,2019-06-26,False,BUSINESS,GEO000026,2025-10-28 09:00:00
CUST00000333,Pooja Patel,M,1975-09-01,2021-07-25,False,REGULAR,GEO000020,2025-09-20 09:00:00
CUST00000334,Manish Yadav,M,1990-10-08,2024-03-22,False,REGULAR,GEO000037,2025-10-07 09:00:00
CUST00000335,Priya Singh,M,2003-01-09,2019-05-27,False,REGULAR,GEO000014,2025-11-08 09:00:00
CUST00000336,Meera Nair,M,2004-02-18,2018-10-28,True,REGULAR,GEO000059,2025-11-11 09:00:00
CUST00000337,Meera Yadav,M,1994-01-03,2023-04-28,False,REGULAR,GEO000001,2025-10-30 09:00:00
CUST00000338,Kiran Bose,F,1998-11-09,2021-09-03,False,BUSINESS,GEO000002,2025-11-10 09:00:00
CUST00000339,Aarav Jain,F,2003-04-15,2023-06-14,False,REGULAR,GEO000058,2025-12-15 09:00:00
CUST00000340,Nikhil Bose,M,1999-08-14,2021-07-18,False,REGULAR,GEO000030,2025-12-19 09:00:00
CUST00000341,Shreya Yadav,F,1997-09-17,2020-09-12,True,REGULAR,GEO000035,2026-01-16 09:00:00
CUST00000342,Priya Iyer,M,1985-09-28,2018-08-15,False,BUDGET,GEO000026,2025-12-23 09:00:00
CUST00000343,Vikram Nair,F,1992-10-07,2023-06-24,False,BUDGET,GEO000022,2025-08-18 09:00:00
CUST00000344,Manish Malhotra,F,1976-02-08,2018-08-22,True,BUDGET,GEO000003,2025-08-19 09:00:00
CUST00000345,Vikram Malhotra,F,1975-01-28,2024-04-16,False,REGULAR,GEO000030,2025-11-23 09:00:00
CUST00000346,Anaya Yadav,M,1996-08-09,2019-12-23,True,BUSINESS,GEO000052,2025-09-12 09:00:00
CUST00000347,Anaya Pandey,F,2002-10-06,2019-06-04,False,BUDGET,GEO000053,2025-10-11 09:00:00
CUST00000348,Priya Goswami,M,1990-07-07,2025-11-09,True,REGULAR,GEO000025,2025-10-01 09:00:00
CUST00000349,Manish Reddy,F,1978-10-31,2025-08-08,False,REGULAR,GEO000006,2025-08-22 09:00:00
CUST00000350,Diya Joshi,M,2001-08-18,2023-10-04,False,BUSINESS,GEO000026,2025-08-11 09:00:00
CUST00000351,Nikhil Dutta,M,1987-01-11,2018-05-28,False,BUDGET,GEO000059,2026-01-31 09:00:00
CUST00000352,Neha Iyer,F,1988-07-13,2022-11-14,False,REGULAR,GEO000056,2025-10-10 09:00:00
CUST00000353,Riya Bhat,F,1996-03-13,2024-05-08,True,REGULAR,GEO000055,2026-01-03 09:00:00
CUST00000354,Riya Nair,M,1970-03-26,2022-12-03,False,REGULAR,GEO000058,2025-11-20 09:00:00
CUST00000355,Anaya Thakur,M,1981-11-17,2020-08-17,False,BUDGET,GEO000006,2026-01-08 09:00:00
CUST00000356,Anaya Patel,F,1970-01-07,2021-11-22,False,REGULAR,GEO000007,2025-08-21 09:00:00
CUST00000357,Arjun Khan,M,1993-11-18,2025-11-07,False,BUDGET,GEO000012,2025-09-09 09:00:00
CUST00000358,Arjun Joshi,F,1994-07-04,2025-02-23,False,PREMIUM,GEO000024,2025-09-18 09:00:00
CUST00000359,Aditya Singh,M,1992-09-09,2023-01-14,False,REGULAR,GEO000049,2025-11-20 09:00:00
CUST00000360,Kavya Patel,M,1995-10-06,2022-07-27,False,BUDGET,GEO000010,2026-01-21 09:00:00
CUST00000361,Sanjana Bose,F,1971-01-01,2019-02-20,False,PREMIUM,GEO000036,2025-10-29 09:00:00
CUST00000362,Vikram Dutta,F,1982-09-06,2023-02-07,False,BUDGET,GEO000019,2025-11-10 09:00:00
CUST00000363,Meera Reddy,F,1990-10-30,2024-02-28,False,BUDGET,GEO000048,2025-10-25 09:00:00
CUST00000364,Anaya Jain,F,1992-02-10,2020-10-08,False,BUDGET,GEO000001,2025-10-14 09:00:00
CUST00000365,Nikhil Kapoor,M,1984-06-24,2019-02-19,True,REGULAR,GEO000048,2025-10-17 09:00:00
CUST00000366,Sneha Sharma,F,1994-08-18,2019-09-03,False,BUDGET,GEO000033,2025-12-23 09:00:00
CUST00000367,Vihaan Nair,F,1995-10-16,2019-02-25,True,BUDGET,GEO000025,2025-09-30 09:00:00
CUST00000368,Pooja Kapoor,M,1975-11-16,2025-02-10,False,REGULAR,GEO000040,2026-01-09 09:00:00
CUST00000369,Neha Mehta,F,1999-01-27,2020-12-20,False,BUDGET,GEO000055,2025-12-14 09:00:00
CUST00000370,Vihaan Saxena,M,1996-07-04,2024-08-18,False,BUDGET,GEO000013,2026-01-08 09:00:00
CUST00000371,Kunal Malhotra,F,1990-10-10,2020-12-27,True,REGULAR,GEO000048,2025-11-30 09:00:00
CUST00000372,Varun Chatterjee,F,2003-12-23,2024-05-10,False,PREMIUM,GEO000026,2026-02-03 09:00:00
CUST00000373,Kunal Kapoor,M,1989-10-10,2020-04-19,True,BUDGET,GEO000037,2025-12-09 09:00:00
CUST00000374,Shreya Nair,M,1970-11-13,2018-12-19,True,BUDGET,GEO000004,2025-10-11 09:00:00
CUST00000375,Sneha Gupta,M,1986-08-14,2020-07-28,False,REGULAR,GEO000002,2025-11-07 09:00:00
CUST00000376,Rohit Patel,M,1994-09-16,2019-03-06,False,REGULAR,GEO000040,2026-01-11 09:00:00
CUST00000377,Aarav Verma,M,2003-08-20,2022-03-26,False,REGULAR,GEO000025,2025-09-20 09:00:00
CUST00000378,Varun Pandey,M,1998-03-07,2021-11-18,False,REGULAR,GEO000015,2026-01-19 09:00:00
CUST00000379,Priya Yadav,F,1994-11-10,2018-10-19,True,BUDGET,GEO000041,2025-11-13 09:00:00
CUST00000380,Kiran Goswami,M,1998-09-26,2022-02-18,False,PREMIUM,GEO000035,2025-09-11 09:00:00
CUST00000381,Rohit Reddy,F,1982-01-23,2025-10-20,True,REGULAR,GEO000046,2025-08-21 09:00:00
CUST00000382,Anaya Iyer,M,1999-09-24,2020-03-12,False,BUDGET,GEO000013,2025-12-13 09:00:00
CUST00000383,Vihaan Nair,M,1980-02-14,2020-05-20,False,BUDGET,GEO000055,2025-08-17 09:00:00
CUST00000384,Sai Iyer,F,1985-05-26,2025-11-10,False,BUDGET,GEO000001,2025-08-16 09:00:00
CUST00000385,Aditi Kapoor,M,1973-05-12,2022-04-17,False,REGULAR,GEO000007,2025-10-23 09:00:00
CUST00000386,Vihaan Goswami,F,1988-11-24,2020-02-23,False,REGULAR,GEO000029,2025-08-18 09:00:00
CUST00000387,Vivaan Reddy,M,1994-02-18,2022-04-14,False,PREMIUM,GEO000023,2025-12-17 09:00:00
CUST00000388,Suresh Kulkarni,F,2001-11-26,2024-09-05,True,PREMIUM,GEO000024,2025-11-13 09:00:00
CUST00000389,Aditya Thakur,F,1971-03-03,2018-04-06,False,BUDGET,GEO000001,2025-10-23 09:00:00
CUST00000390,Vihaan Chatterjee,M,1997-06-12,2018-10-06,False,REGULAR,GEO000007,2025-10-23 09:00:00
CUST00000391,Kavya Kulkarni,F,2006-08-14,2022-08-06,True,PREMIUM,GEO000026,2025-11-05 09:00:00
CUST00000392,Sanjana Yadav,F,1987-09-01,2021-05-12,False,BUDGET,GEO000031,2025-08-24 09:00:00
CUST00000393,Neha Bose,O,1997-05-24,2022-12-22,True,BUDGET,GEO000046,2026-01-23 09:00:00
CUST00000394,Anaya Bhat,M,1992-12-04,2023-10-15,True,REGULAR,GEO000047,2025-11-24 09:00:00
CUST00000395,Neha Sharma,F,2000-04-11,2023-08-16,False,BUDGET,GEO000001,2025-12-25 09:00:00
CUST00000396,Nikhil Saxena,F,1983-01-16,2025-01-20,False,REGULAR,GEO000055,2025-11-22 09:00:00
CUST00000397,Vivaan Nair,F,1977-05-26,2020-08-31,False,BUSINESS,GEO000024,2026-02-02 09:00:00
CUST00000398,Sai Bose,F,1973-05-25,2020-05-09,False,PREMIUM,GEO000054,2025-10-29 09:00:00
CUST00000399,Rahul Mehta,F,1989-11-14,2021-07-29,False,REGULAR,GEO000010,2025-08-20 09:00:00
CUST00000400,Ankit Mehta,M,1984-09-19,2023-10-26,True,REGULAR,GEO000033,2025-09-06 09:00:00
CUST00000401,Kavya Nair,M,2007-05-16,2025-07-05,False,PREMIUM,GEO000012,2025-09-26 09:00:00
CUST00000402,Priya Iyer,F,1984-01-14,2024-02-09,False,REGULAR,GEO000045,2025-08-13 09:00:00
CUST00000403,Vihaan Yadav,M,1994-11-08,2019-08-11,False,BUDGET,GEO000057,2025-08-10 09:00:00
CUST00000404,Sneha Sharma,M,1978-07-23,2021-08-31,False,PREMIUM,GEO000022,2025-09-24 09:00:00
CUST00000405,Riya Gupta,M,2005-11-18,2025-05-31,False,REGULAR,GEO000040,2025-10-24 09:00:00
CUST00000406,Sneha Saxena,M,1994-05-19,2023-10-05,True,REGULAR,GEO000004,2025-09-05 09:00:00
CUST00000407,Kiran Malhotra,F,1984-02-03,2019-05-02,True,REGULAR,GEO000016,2025-12-31 09:00:00
CUST00000408,Kavya Goswami,M,1996-07-07,2021-05-11,False,PREMIUM,GEO000042,2025-10-27 09:00:00
CUST00000409,Priya Nair,F,1995-08-13,2020-05-16,False,BUDGET,GEO000011,2025-11-29 09:00:00
CUST00000410,Kunal Goswami,M,1988-09-26,2020-05-20,False,BUDGET,GEO000022,2025-08-20 09:00:00
CUST00000411,Riya Dutta,F,1985-07-12,2021-08-21,False,REGULAR,GEO000016,2025-09-26 09:00:00
CUST00000412,Varun Singh,M,2004-06-19,2023-09-29,True,REGULAR,GEO000012,2026-01-14 09:00:00
CUST00000413,Isha Patel,F,2007-05-11,2023-02-23,False,BUDGET,GEO000028,2025-12-13 09:00:00
CUST00000414,Ankit Joshi,M,2003-10-05,2020-12-07,True,PREMIUM,GEO000037,2025-11-21 09:00:00
CUST00000415,Varun Iyer,F,1978-01-02,2023-12-11,False,PREMIUM,GEO000031,2026-01-23 09:00:00
CUST00000416,Shreya Jain,M,2004-08-24,2020-05-02,False,REGULAR,GEO000001,2025-11-15 09:00:00
CUST00000417,Arjun Chatterjee,M,2000-05-17,2020-05-07,False,REGULAR,GEO000038,2026-01-02 09:00:00
CUST00000418,Kiran Pandey,F,1992-04-06,2020-06-10,False,BUDGET,GEO000018,2026-01-22 09:00:00
CUST00000419,Meera Mehta,F,1986-02-26,2022-05-13,False,BUDGET,GEO000032,2025-08-29 09:00:00
CUST00000420,Varun Bose,M,1994-12-22,2024-02-20,False,REGULAR,GEO000024,2025-08-22 09:00:00
CUST00000421,Varun Iyer,F,2003-05-30,2022-07-17,False,REGULAR,GEO000007,2025-10-02 09:00:00
CUST00000422,Kavya Nair,M,1981-04-24,2020-10-31,False,REGULAR,GEO000005,2025-08-23 09:00:00
CUST00000423,Ankit Iyer,M,1988-11-27,2021-07-25,False,BUDGET,GEO000016,2025-09-23 09:00:00
CUST00000424,Aditya Dutta,F,1988-07-08,2025-12-14,False,PREMIUM,GEO000036,2025-12-16 09:00:00
CUST00000425,Riya Das,F,2001-02-13,2023-07-11,False,REGULAR,GEO000049,2025-12-10 09:00:00
CUST00000426,Rohit Patel,M,1992-08-21,2020-08-13,True,REGULAR,GEO000022,2025-09-07 09:00:00
CUST00000427,Aarav Mehta,M,1993-12-20,2021-12-13,False,REGULAR,GEO000021,2025-12-07 09:00:00
CUST00000428,Nikhil Bhat,M,1998-04-20,2022-06-01,True,REGULAR,GEO000052,2025-12-09 09:00:00
CUST00000429,Vivaan Khan,M,1987-12-29,2025-03-26,False,BUDGET,GEO000016,2025-10-11 09:00:00
CUST00000430,Isha Kapoor,F,1983-09-02,2022-07-09,True,PREMIUM,GEO000023,2025-10-19 09:00:00
CUST00000431,Aditi Chatterjee,F,1981-07-06,2023-10-23,False,REGULAR,GEO000012,2025-10-26 09:00:00
CUST00000432,Anaya Kapoor,F,1991-07-19,2018-08-27,True,BUDGET,GEO000049,2025-12-27 09:00:00
CUST00000433,Kavya Goswami,M,1989-11-19,2024-08-14,False,PREMIUM,GEO000034,2025-12-06 09:00:00
CUST00000434,Sai Pandey,M,1987-05-16,2020-07-08,False,PREMIUM,GEO000047,2025-11-22 09:00:00
CUST00000435,Aditya Jain,M,1973-02-17,2019-12-21,False,REGULAR,GEO000041,2025-11-03 09:00:00
CUST00000436,Kunal Mishra,M,2002-01-27,2024-03-06,False,PREMIUM,GEO000048,2025-12-09 09:00:00
CUST00000437,Nikhil Nair,M,2004-09-29,2018-10-22,True,REGULAR,GEO000011,2025-10-07 09:00:00
CUST00000438,Meera Patel,F,1999-12-05,2019-12-02,False,REGULAR,GEO000048,2025-11-18 09:00:00
CUST00000439,Varun Jain,F,1974-05-06,2020-07-26,False,PREMIUM,GEO000036,2026-01-26 09:00:00
CUST00000440,Pooja Sharma,M,1974-04-09,2022-06-20,False,REGULAR,GEO000038,2026-01-27 09:00:00
CUST00000441,Vihaan Bhat,F,1993-11-15,2021-05-26,False,REGULAR,GEO000014,2025-08-13 09:00:00
CUST00000442,Vihaan Joshi,F,1992-11-08,2024-07-06,False,REGULAR,GEO000029,2026-01-02 09:00:00
CUST00000443,Diya Singh,F,2002-07-26,2022-03-26,True,REGULAR,GEO000043,2025-09-06 09:00:00
CUST00000444,Rahul Jain,F,1982-07-14,2022-04-04,True,BUDGET,GEO000052,2025-08-22 09:00:00
CUST00000445,Kunal Verma,F,1988-09-22,2018-02-21,False,BUDGET,GEO000057,2025-09-28 09:00:00
CUST00000446,Varun Nair,M,1999-01-25,2023-10-28,False,REGULAR,GEO000017,2025-12-13 09:00:00
CUST00000447,Nikhil Jain,F,1974-07-03,2024-12-10,False,PREMIUM,GEO000042,2025-08-09 09:00:00
CUST00000448,Aarav Patel,M,1977-06-30,2024-05-09,False,REGULAR,GEO000048,2025-08-28 09:00:00
CUST00000449,Isha Singh,M,1994-09-25,2021-04-26,False,REGULAR,GEO000030,2025-10-13 09:00:00
CUST00000450,Isha Chatterjee,M,1983-05-15,2020-05-30,False,BUDGET,GEO000034,2025-12-01 09:00:00
CUST00000451,Vikram Pandey,M,2005-10-13,2019-11-16,False,BUDGET,GEO000013,2025-08-09 09:00:00
CUST00000452,Kunal Bose,M,1981-04-21,2022-09-11,False,REGULAR,GEO000046,2025-09-25 09:00:00
CUST00000453,Kunal Goswami,M,1976-08-14,2023-09-17,True,PREMIUM,GEO000052,2025-11-01 09:00:00
CUST00000454,Manish Patel,F,1982-07-31,2023-12-07,True,REGULAR,GEO000010,2025-09-21 09:00:00
CUST00000455,Nikhil Kulkarni,F,1990-05-12,2023-03-12,True,REGULAR,GEO000029,2025-09-29 09:00:00
CUST00000456,Sneha Malhotra,M,1995-05-17,2020-07-10,False,PREMIUM,GEO000021,2025-12-10 09:00:00
CUST00000457,Aditya Pandey,F,2004-03-09,2025-02-14,False,PREMIUM,GEO000055,2025-11-28 09:00:00
CUST00000458,Priya Kapoor,M,1986-09-14,2024-01-02,False,BUDGET,GEO000009,2025-11-05 09:00:00
CUST00000459,Varun Verma,F,1998-10-04,2025-12-05,False,BUDGET,GEO000025,2026-01-06 09:00:00
CUST00000460,Kavya Iyer,F,1971-09-28,2019-08-21,False,PREMIUM,GEO000028,2026-01-15 09:00:00
CUST00000461,Kavya Mishra,M,1999-01-01,2018-06-13,True,REGULAR,GEO000043,2025-12-04 09:00:00
CUST00000462,Sai Mishra,F,1993-12-22,2018-08-06,True,BUDGET,GEO000016,2025-11-02 09:00:00
CUST00000463,Vikram Bhat,F,2004-02-29,2021-02-11,False,REGULAR,GEO000002,2026-02-04 09:00:00
CUST00000464,Priya Verma,F,1977-10-20,2018-05-03,False,REGULAR,GEO000031,2025-08-22 09:00:00
CUST00000465,Sanjana Mishra,F,1987-07-14,2019-07-14,False,BUDGET,GEO000046,2025-12-13 09:00:00
CUST00000466,Sanjana Das,F,1987-10-30,2022-12-12,True,REGULAR,GEO000010,2025-11-27 09:00:00
CUST00000467,Kunal Jain,F,1989-03-13,2021-05-10,False,PREMIUM,GEO000032,2025-08-11 09:00:00
CUST00000468,Priya Das,F,2005-02-21,2022-09-17,True,REGULAR,GEO000040,2026-01-08 09:00:00
CUST00000469,Neha Yadav,M,1999-03-22,2023-11-27,True,PREMIUM,GEO000031,2025-09-05 09:00:00
CUST00000470,Aditi Mishra,M,1973-11-27,2025-11-05,False,REGULAR,GEO000001,2025-12-01 09:00:00
CUST00000471,Nikhil Singh,M,1979-04-10,2022-10-10,True,REGULAR,GEO000048,2025-12-10 09:00:00
CUST00000472,Vikram Das,M,1970-05-27,2021-05-22,False,BUDGET,GEO000050,2025-10-25 09:00:00
CUST00000473,Suresh Saxena,M,2003-10-15,2024-03-19,False,BUDGET,GEO000038,2025-09-06 09:00:00
CUST00000474,Ankit Das,M,1997-08-27,2022-04-05,True,BUDGET,GEO000023,2025-09-09 09:00:00
CUST00000475,Aarav Sharma,F,1971-12-01,2019-11-03,False,PREMIUM,GEO000023,2025-11-24 09:00:00
CUST00000476,Varun Khan,M,2003-02-05,2019-04-05,False,PREMIUM,GEO000009,2025-10-23 09:00:00
CUST00000477,Pooja Verma,M,1972-12-03,2020-10-09,True,REGULAR,GEO000026,2025-12-23 09:00:00
CUST00000478,Nikhil Iyer,F,1999-01-14,2023-05-22,False,BUDGET,GEO000055,2025-11-11 09:00:00
CUST00000479,Sanjana Thakur,M,1993-06-15,2019-09-21,False,BUDGET,GEO000043,2025-09-16 09:00:00
CUST00000480,Suresh Jain,M,1980-01-18,2020-01-28,False,REGULAR,GEO000004,2025-11-04 09:00:00
CUST00000481,Vivaan Chatterjee,F,2001-05-02,2021-10-28,True,REGULAR,GEO000015,2025-09-19 09:00:00
CUST00000482,Ankit Jain,F,1975-11-03,2022-07-11,False,BUDGET,GEO000033,2025-09-21 09:00:00
CUST00000483,Vivaan Goswami,F,2000-05-09,2021-12-30,True,REGULAR,GEO000004,2025-11-24 09:00:00
CUST00000484,Ankit Chatterjee,M,1997-09-07,2020-10-17,False,REGULAR,GEO000022,2025-09-05 09:00:00
CUST00000485,Aditya Dutta,F,1989-09-07,2018-12-16,True,REGULAR,GEO000002,2026-01-24 09:00:00
CUST00000486,Kiran Khan,M,1985-07-19,2018-05-09,False,BUDGET,GEO000056,2025-11-17 09:00:00
CUST00000487,Sanjana Joshi,M,1983-01-24,2021-01-25,False,REGULAR,GEO000014,2026-01-08 09:00:00
CUST00000488,Rohit Singh,M,1978-01-17,2022-01-24,False,REGULAR,GEO000019,2025-12-27 09:00:00
CUST00000489,Varun Khan,M,1973-07-28,2025-08-27,False,BUDGET,GEO000041,2025-09-25 09:00:00
CUST00000490,Vivaan Yadav,F,1997-04-11,2020-12-22,False,BUDGET,GEO000024,2025-10-10 09:00:00
CUST00000491,Vihaan Dutta,M,2005-07-02,2020-05-15,True,BUDGET,GEO000031,2025-09-09 09:00:00
CUST00000492,Ankit Kulkarni,M,1994-01-24,2021-07-21,False,REGULAR,GEO000022,2025-11-01 09:00:00
CUST00000493,Arjun Khan,F,1981-11-30,2021-02-28,False,BUDGET,GEO000002,2025-10-21 09:00:00
CUST00000494,Priya Saxena,F,1994-01-27,2024-06-14,False,REGULAR,GEO000050,2025-09-04 09:00:00
CUST00000495,Vihaan Verma,M,1992-12-10,2024-10-22,True,REGULAR,GEO000049,2025-09-28 09:00:00
CUST00000496,Priya Bose,M,1977-12-21,2019-05-18,False,REGULAR,GEO000003,2025-11-14 09:00:00
CUST00000497,Rahul Patel,F,1997-08-31,2025-01-13,False,REGULAR,GEO000057,2025-10-01 09:00:00
CUST00000498,Anaya Verma,F,1991-03-21,2023-08-31,True,PREMIUM,GEO000051,2025-10-16 09:00:00
CUST00000499,Neha Yadav,M,2004-11-15,2025-04-11,False,PREMIUM,GEO000005,2025-09-23 09:00:00
CUST00000500,Arjun Patel,F,2002-05-03,2019-04-15,False,PREMIUM,GEO000040,2026-01-04 09:00:00
CUST00000501,Neha Kulkarni,M,1986-12-30,2018-03-31,True,BUDGET,GEO000010,2025-11-20 09:00:00
CUST00000502,Arjun Kapoor,F,2001-08-31,2018-10-13,False,REGULAR,GEO000003,2025-10-02 09:00:00
CUST00000503,Sanjana Kulkarni,M,1995-10-13,2021-03-29,False,REGULAR,GEO000015,2025-09-18 09:00:00
CUST00000504,Priya Singh,M,2007-02-12,2020-09-29,False,REGULAR,GEO000026,2026-01-04 09:00:00
CUST00000505,Nikhil Goswami,F,1992-08-01,2020-02-15,False,REGULAR,GEO000004,2025-10-10 09:00:00
CUST00000506,Suresh Bose,F,1991-02-03,2018-08-28,False,BUDGET,GEO000005,2025-10-05 09:00:00
CUST00000507,Neha Thakur,M,1983-07-16,2018-10-26,False,BUDGET,GEO000057,2025-10-03 09:00:00
CUST00000508,Ankit Yadav,M,1998-09-10,2024-09-30,False,REGULAR,GEO000034,2025-10-23 09:00:00
CUST00000509,Shreya Reddy,M,1982-03-15,2022-12-12,True,REGULAR,GEO000025,2025-12-03 09:00:00
CUST00000510,Aditi Joshi,F,1975-01-22,2018-06-22,False,BUDGET,GEO000041,2025-09-08 09:00:00
CUST00000511,Arjun Khan,M,1991-11-06,2024-10-25,False,BUDGET,GEO000010,2025-11-11 09:00:00
CUST00000512,Rohit Patel,M,1973-08-30,2019-08-27,False,REGULAR,GEO000039,2025-08-29 09:00:00
CUST00000513,Kunal Das,M,1973-04-14,2024-07-27,False,REGULAR,GEO000012,2025-11-09 09:00:00
CUST00000514,Sneha Yadav,F,1990-04-22,2019-03-11,True,BUDGET,GEO000030,2025-10-02 09:00:00
CUST00000515,Priya Mehta,M,1972-04-21,2025-05-19,False,REGULAR,GEO000024,2025-12-26 09:00:00
CUST00000516,Isha Singh,M,2000-07-17,2024-11-20,False,REGULAR,GEO000026,2025-10-20 09:00:00
CUST00000517,Priya Kapoor,M,1973-09-09,2023-01-13,False,REGULAR,GEO000016,2025-09-27 09:00:00
CUST00000518,Ankit Goswami,M,1980-07-12,2019-11-03,False,REGULAR,GEO000048,2026-01-21 09:00:00
CUST00000519,Meera Goswami,M,2006-05-06,2023-01-21,False,PREMIUM,GEO000006,2026-01-18 09:00:00
CUST00000520,Anaya Malhotra,F,1997-09-12,2023-03-16,False,REGULAR,GEO000050,2025-11-27 09:00:00
CUST00000521,Isha Thakur,M,1982-12-23,2025-12-10,False,REGULAR,GEO000021,2025-08-10 09:00:00
CUST00000522,Diya Nair,M,1994-08-07,2019-02-17,False,REGULAR,GEO000007,2025-08-23 09:00:00
CUST00000523,Diya Yadav,M,1992-01-14,2018-10-27,True,REGULAR,GEO000014,2025-10-29 09:00:00
CUST00000524,Nikhil Nair,F,1991-01-08,2021-01-05,True,REGULAR,GEO000009,2025-08-17 09:00:00
CUST00000525,Kiran Kapoor,M,1992-07-18,2022-09-03,True,REGULAR,GEO000059,2025-09-15 09:00:00
CUST00000526,Vivaan Malhotra,O,1979-03-09,2023-07-16,False,REGULAR,GEO000011,2025-08-12 09:00:00
CUST00000527,Vivaan Sharma,F,1976-11-23,2018-10-15,True,PREMIUM,GEO000043,2025-08-14 09:00:00
CUST00000528,Isha Singh,M,1985-09-27,2022-08-30,False,REGULAR,GEO000047,2025-09-03 09:00:00
CUST00000529,Sanjana Sharma,F,1981-04-14,2024-11-10,False,REGULAR,GEO000050,2025-10-25 09:00:00
CUST00000530,Priya Verma,M,2006-02-19,2021-05-22,False,REGULAR,GEO000039,2026-01-31 09:00:00
CUST00000531,Vihaan Khan,F,1998-06-12,2022-05-28,False,REGULAR,GEO000009,2025-08-23 09:00:00
CUST00000532,Vikram Singh,F,1994-10-08,2019-03-23,False,REGULAR,GEO000039,2025-12-31 09:00:00
CUST00000533,Aditya Thakur,M,1986-04-01,2020-05-26,False,REGULAR,GEO000045,2025-10-28 09:00:00
CUST00000534,Aditya Kapoor,M,1977-02-28,2021-11-17,False,BUSINESS,GEO000029,2025-09-02 09:00:00
CUST00000535,Sai Pandey,M,1985-05-25,2018-03-10,False,REGULAR,GEO000033,2025-09-15 09:00:00
CUST00000536,Diya Malhotra,M,1991-01-10,2018-12-25,False,REGULAR,GEO000018,2025-09-04 09:00:00
CUST00000537,Neha Mishra,M,1975-11-28,2018-04-28,False,REGULAR,GEO000007,2026-01-08 09:00:00
CUST00000538,Rohit Mehta,M,2006-11-14,2019-02-24,False,BUDGET,GEO000028,2025-11-01 09:00:00
CUST00000539,Anaya Chatterjee,M,2000-03-17,2021-11-05,False,BUDGET,GEO000058,2025-08-14 09:00:00
CUST00000540,Riya Mishra,F,1989-11-02,2021-03-27,True,REGULAR,GEO000031,2025-12-27 09:00:00
CUST00000541,Ankit Reddy,M,1982-02-10,2019-01-31,False,BUDGET,GEO000026,2025-08-11 09:00:00
CUST00000542,Shreya Gupta,M,1995-12-15,2022-10-06,False,REGULAR,GEO000026,2025-09-20 09:00:00
CUST00000543,Sneha Patel,M,1972-01-14,2020-08-27,False,REGULAR,GEO000029,2025-10-22 09:00:00
CUST00000544,Rahul Dutta,M,1981-01-01,2023-08-15,True,BUDGET,GEO000057,2025-10-03 09:00:00
CUST00000545,Shreya Bhat,M,1999-05-07,2019-06-27,False,BUDGET,GEO000053,2025-10-31 09:00:00
CUST00000546,Shreya Thakur,F,1983-07-03,2023-09-18,True,BUDGET,GEO000027,2025-09-07 09:00:00
CUST00000547,Varun Nair,F,1974-10-01,2020-07-10,False,PREMIUM,GEO000040,2025-09-26 09:00:00
CUST00000548,Rahul Bose,M,2001-12-07,2019-08-31,False,REGULAR,GEO000020,2025-09-27 09:00:00
CUST00000549,Ankit Singh,M,2001-04-16,2023-06-23,False,BUDGET,GEO000042,2026-01-13 09:00:00
CUST00000550,Kavya Dutta,F,1995-08-13,2019-09-05,False,REGULAR,GEO000009,2025-11-06 09:00:00
CUST00000551,Arjun Mehta,F,1972-12-12,2024-08-06,True,REGULAR,GEO000054,2025-08-10 09:00:00
CUST00000552,Arjun Malhotra,M,1972-06-20,2020-10-21,True,BUDGET,GEO000043,2025-10-22 09:00:00
CUST00000553,Shreya Bhat,M,1993-11-03,2021-08-26,False,REGULAR,GEO000016,2025-10-26 09:00:00
CUST00000554,Riya Das,F,1981-01-13,2020-10-27,False,BUDGET,GEO000044,2025-08-26 09:00:00
CUST00000555,Vikram Thakur,M,1984-08-01,2024-02-27,False,REGULAR,GEO000034,2026-01-30 09:00:00
CUST00000556,Ankit Iyer,M,1980-05-16,2023-11-17,False,REGULAR,GEO000052,2025-11-01 09:00:00
CUST00000557,Sanjana Malhotra,F,2007-05-18,2021-11-12,False,REGULAR,GEO000037,2026-01-15 09:00:00
CUST00000558,Neha Goswami,F,1989-09-09,2023-01-12,False,PREMIUM,GEO000006,2025-08-11 09:00:00
CUST00000559,Vihaan Kulkarni,M,1998-07-07,2024-11-02,False,PREMIUM,GEO000039,2026-01-10 09:00:00
CUST00000560,Kiran Chatterjee,F,2007-08-21,2025-12-24,False,BUSINESS,GEO000044,2025-11-11 09:00:00
CUST00000561,Aditya Pandey,O,2004-03-16,2023-07-26,False,REGULAR,GEO000024,2025-10-24 09:00:00
CUST00000562,Aditya Bose,M,1971-04-26,2019-12-04,False,PREMIUM,GEO000016,2025-11-25 09:00:00
CUST00000563,Pooja Goswami,F,2007-11-19,2023-02-23,True,PREMIUM,GEO000025,2025-12-09 09:00:00
CUST00000564,Rohit Kapoor,F,1980-08-01,2020-07-14,False,PREMIUM,GEO000053,2025-08-16 09:00:00
CUST00000565,Rahul Das,M,1991-11-18,2020-12-05,True,BUDGET,GEO000005,2025-09-22 09:00:00
CUST00000566,Shreya Thakur,F,1987-06-13,2022-07-24,False,BUDGET,GEO000022,2026-01-09 09:00:00
CUST00000567,Aarav Gupta,F,1986-08-01,2023-01-26,True,REGULAR,GEO000018,2026-01-17 09:00:00
CUST00000568,Aditi Nair,M,1979-11-11,2019-08-12,True,BUDGET,GEO000024,2025-09-03 09:00:00
CUST00000569,Deepak Kapoor,F,1971-09-20,2021-07-10,False,BUDGET,GEO000023,2026-01-05 09:00:00
CUST00000570,Priya Gupta,M,1985-11-05,2020-02-18,False,REGULAR,GEO000050,2025-11-23 09:00:00
CUST00000571,Meera Das,M,1981-08-23,2021-04-21,False,REGULAR,GEO000057,2025-10-25 09:00:00
CUST00000572,Rohit Joshi,F,1978-01-22,2025-12-09,True,BUDGET,GEO000009,2026-02-02 09:00:00
CUST00000573,Varun Saxena,M,1986-04-10,2019-02-23,False,REGULAR,GEO000053,2025-10-30 09:00:00
CUST00000574,Riya Das,F,2002-12-04,2020-04-07,False,REGULAR,GEO000050,2025-08-31 09:00:00
CUST00000575,Kiran Reddy,M,1993-08-29,2024-05-29,False,PREMIUM,GEO000028,2025-12-30 09:00:00
CUST00000576,Diya Mehta,M,2007-11-07,2024-09-07,True,BUDGET,GEO000005,2025-10-06 09:00:00
CUST00000577,Suresh Joshi,F,1987-02-14,2018-02-25,False,BUSINESS,GEO000037,2025-09-05 09:00:00
CUST00000578,Riya Mehta,F,1979-02-16,2019-11-21,False,PREMIUM,GEO000045,2025-12-30 09:00:00
CUST00000579,Deepak Patel,M,1983-09-02,2019-05-11,False,REGULAR,GEO000030,2025-08-29 09:00:00
CUST00000580,Riya Saxena,M,1970-08-04,2020-05-16,False,PREMIUM,GEO000045,2025-11-09 09:00:00
CUST00000581,Rahul Goswami,F,1991-04-14,2019-04-09,False,PREMIUM,GEO000002,2025-12-28 09:00:00
CUST00000582,Priya Kapoor,M,1991-01-16,2019-06-01,False,REGULAR,GEO000048,2025-11-15 09:00:00
CUST00000583,Deepak Singh,F,1972-03-28,2023-06-29,False,REGULAR,GEO000005,2026-01-30 09:00:00
CUST00000584,Rahul Yadav,M,1978-03-18,2023-11-11,False,REGULAR,GEO000039,2025-11-07 09:00:00
CUST00000585,Sneha Das,F,1985-09-11,2023-03-06,False,BUDGET,GEO000005,2025-08-09 09:00:00
CUST00000586,Rahul Chatterjee,M,1993-03-29,2025-09-26,False,REGULAR,GEO000051,2025-08-10 09:00:00
CUST00000587,Diya Jain,F,1975-04-28,2020-02-22,False,BUDGET,GEO000004,2025-11-13 09:00:00
CUST00000588,Deepak Joshi,F,1995-11-16,2020-08-17,False,REGULAR,GEO000030,2025-10-28 09:00:00
CUST00000589,Kiran Yadav,M,1995-09-23,2025-09-13,False,BUDGET,GEO000031,2025-10-10 09:00:00
CUST00000590,Diya Gupta,M,1976-06-18,2019-10-22,False,BUDGET,GEO000042,2026-01-04 09:00:00
CUST00000591,Neha Mehta,F,2003-03-13,2022-10-14,False,REGULAR,GEO000020,2025-12-28 09:00:00
CUST00000592,Aarav Mehta,M,1975-08-02,2022-05-18,False,BUSINESS,GEO000014,2025-10-15 09:00:00
CUST00000593,Suresh Jain,M,1990-04-29,2023-07-27,False,BUDGET,GEO000013,2025-12-25 09:00:00
CUST00000594,Pooja Jain,F,1974-09-30,2023-05-24,False,REGULAR,GEO000024,2025-09-14 09:00:00
CUST00000595,Sneha Nair,M,1979-07-22,2023-09-27,False,REGULAR,GEO000036,2025-12-06 09:00:00
CUST00000596,Ankit Goswami,M,1998-12-31,2025-07-10,False,REGULAR,GEO000037,2026-01-24 09:00:00
CUST00000597,Neha Dutta,M,1975-04-15,2019-01-12,False,REGULAR,GEO000033,2025-10-04 09:00:00
CUST00000598,Kavya Pandey,F,1987-03-03,2018-03-22,False,REGULAR,GEO000046,2025-10-07 09:00:00
CUST00000599,Arjun Goswami,M,1983-08-17,2025-12-01,False,REGULAR,GEO000011,2025-08-28 09:00:00
CUST00000600,Pooja Iyer,F,2007-02-18,2024-08-31,False,REGULAR,GEO000055,2025-11-01 09:00:00
CUST00000601,Sai Gupta,M,1988-09-13,2018-05-09,False,REGULAR,GEO000028,2025-11-23 09:00:00
CUST00000602,Varun Kulkarni,M,1988-07-06,2022-01-07,True,REGULAR,GEO000004,2025-11-02 09:00:00
CUST00000603,Kiran Das,F,1977-10-17,2022-01-13,False,REGULAR,GEO000021,2025-12-27 09:00:00
CUST00000604,Sneha Sharma,M,1979-06-17,2024-10-07,True,REGULAR,GEO000013,2025-10-26 09:00:00
CUST00000605,Diya Yadav,F,1999-09-02,2025-07-01,False,BUDGET,GEO000008,2025-09-29 09:00:00
CUST00000606,Vivaan Pandey,F,1996-04-06,2024-06-12,False,REGULAR,GEO000027,2025-12-06 09:00:00
CUST00000607,Sai Goswami,F,1983-07-29,2020-09-15,False,PREMIUM,GEO000058,2026-01-07 09:00:00
CUST00000608,Aditi Sharma,F,1994-07-16,2020-11-24,False,REGULAR,GEO000014,2026-01-07 09:00:00
CUST00000609,Nikhil Dutta,M,1972-08-31,2024-07-11,True,BUDGET,GEO000047,2026-01-10 09:00:00
CUST00000610,Sanjana Gupta,M,1997-05-01,2020-04-08,False,REGULAR,GEO000007,2026-01-01 09:00:00
CUST00000611,Pooja Pandey,M,1975-11-09,2025-06-21,False,BUDGET,GEO000041,2025-11-07 09:00:00
CUST00000612,Aditi Dutta,F,1973-01-20,2019-07-14,False,REGULAR,GEO000040,2025-11-09 09:00:00
CUST00000613,Vikram Gupta,F,1989-05-05,2020-11-19,False,REGULAR,GEO000007,2025-08-23 09:00:00
CUST00000614,Riya Gupta,F,1979-04-06,2023-03-21,True,REGULAR,GEO000032,2025-08-12 09:00:00
CUST00000615,Isha Joshi,F,1975-12-15,2023-10-04,False,PREMIUM,GEO000011,2025-12-30 09:00:00
CUST00000616,Vihaan Chatterjee,F,1994-04-30,2018-10-13,False,REGULAR,GEO000025,2026-01-11 09:00:00
CUST00000617,Aditya Sharma,F,1996-07-15,2025-07-20,False,REGULAR,GEO000054,2025-12-26 09:00:00
CUST00000618,Nikhil Malhotra,F,2002-10-04,2025-10-01,False,BUDGET,GEO000021,2025-09-11 09:00:00
CUST00000619,Arjun Patel,F,1991-09-16,2022-11-07,False,BUDGET,GEO000048,2025-12-07 09:00:00
CUST00000620,Ankit Malhotra,F,2007-04-09,2023-10-23,False,REGULAR,GEO000050,2026-01-14 09:00:00
CUST00000621,Sanjana Khan,F,1975-01-31,2020-06-12,False,BUDGET,GEO000004,2025-09-18 09:00:00
CUST00000622,Meera Khan,M,1990-07-31,2019-01-19,False,BUDGET,GEO000018,2025-08-09 09:00:00
CUST00000623,Rohit Thakur,M,1971-04-20,2025-12-18,True,REGULAR,GEO000051,2025-11-14 09:00:00
CUST00000624,Deepak Yadav,F,1999-11-22,2020-06-11,False,PREMIUM,GEO000002,2025-12-02 09:00:00
CUST00000625,Riya Thakur,M,1982-01-28,2025-01-14,True,REGULAR,GEO000053,2025-08-08 09:00:00
CUST00000626,Rahul Jain,M,1986-10-12,2018-01-30,False,BUDGET,GEO000052,2025-08-19 09:00:00
CUST00000627,Neha Chatterjee,M,1996-04-18,2021-04-03,False,BUDGET,GEO000009,2025-12-11 09:00:00
CUST00000628,Sneha Chatterjee,F,1990-04-19,2024-07-19,True,PREMIUM,GEO000037,2025-09-15 09:00:00
CUST00000629,Suresh Reddy,M,1992-03-07,2024-04-08,False,REGULAR,GEO000037,2025-11-13 09:00:00
CUST00000630,Rohit Mishra,M,1983-06-27,2018-12-25,False,BUSINESS,GEO000007,2025-09-06 09:00:00
CUST00000631,Vikram Dutta,M,1987-01-17,2024-10-03,True,BUDGET,GEO000038,2025-12-03 09:00:00
CUST00000632,Ankit Gupta,F,1973-01-04,2022-08-27,False,PREMIUM,GEO000051,2025-09-26 09:00:00
CUST00000633,Meera Bhat,F,1993-02-12,2024-10-17,False,BUDGET,GEO000008,2025-09-12 09:00:00
CUST00000634,Deepak Verma,M,1987-06-09,2025-11-27,False,REGULAR,GEO000050,2025-09-17 09:00:00
CUST00000635,Sanjana Thakur,F,2001-03-29,2021-02-14,False,REGULAR,GEO000014,2025-12-22 09:00:00
CUST00000636,Shreya Kapoor,M,1978-12-22,2018-02-22,True,BUDGET,GEO000033,2025-11-09 09:00:00
CUST00000637,Neha Sharma,M,2007-07-29,2021-01-06,False,REGULAR,GEO000037,2025-10-27 09:00:00
CUST00000638,Sneha Jain,M,1971-05-29,2022-06-12,False,PREMIUM,GEO000059,2025-08-09 09:00:00
CUST00000639,Shreya Gupta,M,1992-03-19,2021-01-07,True,REGULAR,GEO000046,2025-09-21 09:00:00
CUST00000640,Kiran Kulkarni,F,2004-04-14,2018-06-26,False,PREMIUM,GEO000040,2025-11-07 09:00:00
CUST00000641,Vikram Malhotra,F,1982-05-28,2023-10-04,False,PREMIUM,GEO000049,2025-10-09 09:00:00
CUST00000642,Aarav Yadav,M,2004-02-01,2021-12-26,False,BUDGET,GEO000029,2025-08-17 09:00:00
CUST00000643,Neha Saxena,F,1976-10-13,2025-12-27,False,REGULAR,GEO000014,2025-09-02 09:00:00
CUST00000644,Aarav Dutta,M,1988-07-15,2024-08-30,False,BUDGET,GEO000021,2025-10-24 09:00:00
CUST00000645,Vihaan Bose,M,1975-09-18,2020-04-22,False,BUDGET,GEO000020,2025-11-01 09:00:00
CUST00000646,Deepak Bose,F,2001-10-13,2019-06-22,False,BUSINESS,GEO000020,2025-09-25 09:00:00
CUST00000647,Deepak Reddy,F,2001-02-15,2018-01-05,False,REGULAR,GEO000018,2025-12-17 09:00:00
CUST00000648,Diya Joshi,F,1993-02-28,2025-03-16,True,REGULAR,GEO000017,2025-10-01 09:00:00
CUST00000649,Sai Malhotra,M,2002-07-17,2022-05-02,False,REGULAR,GEO000003,2025-12-23 09:00:00
CUST00000650,Kavya Kapoor,M,1975-01-20,2022-10-22,False,REGULAR,GEO000025,2025-09-05 09:00:00
CUST00000651,Sai Chatterjee,M,1986-02-26,2025-01-12,False,REGULAR,GEO000032,2025-10-26 09:00:00
CUST00000652,Anaya Jain,M,1990-01-12,2018-02-17,False,BUDGET,GEO000058,2025-10-23 09:00:00
CUST00000653,Sanjana Yadav,M,2007-11-17,2018-11-27,False,REGULAR,GEO000054,2025-12-15 09:00:00
CUST00000654,Aditi Singh,F,1970-08-01,2019-02-04,False,BUDGET,GEO000014,2025-12-01 09:00:00
CUST00000655,Kiran Verma,F,1980-07-19,2024-08-04,True,REGULAR,GEO000003,2026-02-02 09:00:00
CUST00000656,Rohit Das,F,1980-10-18,2020-03-12,False,REGULAR,GEO000022,2025-11-10 09:00:00
CUST00000657,Ankit Patel,F,2004-11-07,2024-12-05,False,REGULAR,GEO000036,2025-09-18 09:00:00
CUST00000658,Aditi Malhotra,M,1994-05-01,2023-08-23,True,REGULAR,GEO000057,2025-08-09 09:00:00
CUST00000659,Arjun Thakur,M,1971-09-24,2024-06-08,False,REGULAR,GEO000027,2025-12-06 09:00:00
CUST00000660,Deepak Iyer,M,1982-01-26,2022-12-14,False,BUDGET,GEO000001,2026-01-30 09:00:00
CUST00000661,Deepak Verma,M,1992-06-03,2025-10-03,False,REGULAR,GEO000057,2026-01-27 09:00:00
CUST00000662,Varun Kulkarni,F,1983-07-28,2024-06-09,False,REGULAR,GEO000044,2025-11-30 09:00:00
CUST00000663,Aarav Goswami,M,1992-09-01,2021-01-17,False,BUDGET,GEO000027,2025-09-23 09:00:00
CUST00000664,Rohit Dutta,F,1987-03-07,2020-04-12,False,REGULAR,GEO000022,2025-12-19 09:00:00
CUST00000665,Vivaan Chatterjee,F,1989-01-05,2022-04-27,True,REGULAR,GEO000042,2025-08-28 09:00:00
CUST00000666,Vihaan Nair,M,1994-09-02,2022-01-15,False,REGULAR,GEO000006,2026-01-23 09:00:00
CUST00000667,Sai Mehta,M,1974-08-02,2024-06-18,False,REGULAR,GEO000014,2025-08-31 09:00:00
CUST00000668,Anaya Goswami,F,1989-06-17,2018-07-30,False,REGULAR,GEO000017,2025-10-29 09:00:00
CUST00000669,Diya Bhat,M,2003-07-03,2025-10-07,False,REGULAR,GEO000007,2025-12-09 09:00:00
CUST00000670,Meera Mishra,F,2004-01-17,2025-06-04,False,BUDGET,GEO000056,2025-10-21 09:00:00
CUST00000671,Priya Yadav,M,1979-04-26,2024-05-15,False,REGULAR,GEO000004,2025-12-22 09:00:00
CUST00000672,Diya Kulkarni,M,1999-07-06,2019-11-09,False,REGULAR,GEO000037,2025-08-16 09:00:00
CUST00000673,Sai Singh,M,2003-03-14,2018-05-11,False,REGULAR,GEO000009,2025-10-27 09:00:00
CUST00000674,Kavya Iyer,M,1982-06-19,2023-03-20,True,PREMIUM,GEO000040,2025-10-24 09:00:00
CUST00000675,Deepak Thakur,F,1984-10-30,2020-09-25,False,PREMIUM,GEO000041,2025-11-24 09:00:00
CUST00000676,Deepak Das,M,1978-11-23,2025-05-28,False,REGULAR,GEO000030,2025-10-07 09:00:00
CUST00000677,Nikhil Pandey,M,1990-10-03,2022-01-03,False,REGULAR,GEO000023,2025-08-08 09:00:00
CUST00000678,Shreya Pandey,F,1980-08-30,2020-02-20,False,PREMIUM,GEO000031,2025-10-22 09:00:00
CUST00000679,Rohit Singh,M,2002-06-23,2024-11-30,False,PREMIUM,GEO000028,2026-01-27 09:00:00
CUST00000680,Rohit Jain,M,1984-08-24,2020-12-15,False,BUDGET,GEO000033,2026-01-27 09:00:00
CUST00000681,Deepak Chatterjee,F,1989-01-20,2021-01-15,False,REGULAR,GEO000032,2025-08-28 09:00:00
CUST00000682,Suresh Pandey,M,1981-12-27,2024-06-29,True,REGULAR,GEO000042,2025-12-27 09:00:00
CUST00000683,Varun Gupta,F,1992-08-13,2024-05-09,True,REGULAR,GEO000017,2026-01-15 09:00:00
CUST00000684,Rohit Khan,M,1975-04-23,2019-04-11,False,REGULAR,GEO000019,2025-09-05 09:00:00
CUST00000685,Kavya Verma,M,2004-04-25,2021-04-29,False,PREMIUM,GEO000053,2025-12-12 09:00:00
CUST00000686,Anaya Reddy,M,1993-12-07,2021-07-31,False,BUDGET,GEO000027,2026-02-04 09:00:00
CUST00000687,Sneha Dutta,F,2003-06-26,2025-10-15,False,REGULAR,GEO000038,2025-12-29 09:00:00
CUST00000688,Kavya Yadav,M,1981-09-19,2025-07-13,True,REGULAR,GEO000004,2025-09-06 09:00:00
CUST00000689,Sneha Yadav,M,1984-07-04,2022-05-21,False,BUDGET,GEO000025,2025-08-26 09:00:00
CUST00000690,Varun Singh,M,1983-03-28,2023-01-01,False,PREMIUM,GEO000012,2026-01-08 09:00:00
CUST00000691,Sneha Verma,F,1987-07-02,2019-06-21,False,PREMIUM,GEO000046,2025-10-15 09:00:00
CUST00000692,Suresh Khan,F,1993-04-02,2021-01-11,False,REGULAR,GEO000040,2025-10-03 09:00:00
CUST00000693,Kiran Sharma,M,2003-10-25,2020-06-06,False,PREMIUM,GEO000041,2025-10-07 09:00:00
CUST00000694,Manish Mishra,F,1970-04-23,2020-01-11,False,REGULAR,GEO000004,2025-10-28 09:00:00
CUST00000695,Kiran Mehta,M,1998-06-26,2022-07-19,True,PREMIUM,GEO000048,2025-11-24 09:00:00
CUST00000696,Rahul Dutta,F,1995-04-19,2022-10-08,False,REGULAR,GEO000034,2025-08-19 09:00:00
CUST00000697,Diya Saxena,F,1971-09-09,2024-06-01,False,REGULAR,GEO000032,2025-12-29 09:00:00
CUST00000698,Sanjana Bhat,M,1991-04-27,2022-08-05,True,PREMIUM,GEO000011,2025-08-18 09:00:00
CUST00000699,Manish Iyer,M,1996-08-23,2025-03-21,False,REGULAR,GEO000002,2025-08-19 09:00:00
CUST00000700,Sanjana Iyer,O,1990-06-25,2022-03-16,False,BUDGET,GEO000048,2025-08-12 09:00:00
CUST00000701,Varun Chatterjee,M,1996-05-01,2018-04-28,False,REGULAR,GEO000022,2026-01-01 09:00:00
CUST00000702,Arjun Singh,F,1975-12-19,2022-07-22,False,BUSINESS,GEO000032,2025-11-11 09:00:00
CUST00000703,Deepak Dutta,M,1987-03-05,2021-02-18,False,REGULAR,GEO000011,2026-01-24 09:00:00
CUST00000704,Kunal Reddy,F,1991-01-15,2019-05-08,False,REGULAR,GEO000040,2026-01-03 09:00:00
CUST00000705,Nikhil Joshi,F,1976-04-04,2025-01-27,False,BUDGET,GEO000008,2025-08-08 09:00:00
CUST00000706,Priya Singh,M,1984-01-02,2018-09-16,False,BUSINESS,GEO000049,2025-08-30 09:00:00
CUST00000707,Kunal Pandey,F,1985-10-29,2020-10-27,True,BUDGET,GEO000032,2025-12-05 09:00:00
CUST00000708,Vivaan Reddy,M,1970-10-10,2023-12-22,False,REGULAR,GEO000007,2025-09-17 09:00:00
CUST00000709,Pooja Thakur,M,1997-03-05,2025-05-14,False,PREMIUM,GEO000035,2025-08-17 09:00:00
CUST00000710,Sai Sharma,F,1974-10-18,2018-09-13,False,REGULAR,GEO000053,2025-12-09 09:00:00
CUST00000711,Anaya Reddy,F,1972-08-11,2020-07-08,False,BUDGET,GEO000015,2025-10-16 09:00:00
CUST00000712,Shreya Reddy,F,1980-10-13,2023-07-20,False,BUDGET,GEO000036,2026-01-01 09:00:00
CUST00000713,Aditya Mehta,F,1986-08-04,2022-03-11,False,BUSINESS,GEO000048,2026-01-26 09:00:00
CUST00000714,Isha Bhat,M,2003-02-05,2019-10-03,False,BUDGET,GEO000015,2025-12-01 09:00:00
CUST00000715,Meera Yadav,M,2003-03-03,2025-11-19,True,BUSINESS,GEO000006,2025-08-29 09:00:00
CUST00000716,Vihaan Mishra,F,1973-02-07,2020-02-11,False,REGULAR,GEO000010,2025-12-15 09:00:00
CUST00000717,Meera Kulkarni,F,1985-11-15,2023-08-15,False,REGULAR,GEO000051,2026-01-02 09:00:00
CUST00000718,Aditya Joshi,M,1997-07-02,2025-02-01,False,REGULAR,GEO000013,2026-01-11 09:00:00
CUST00000719,Pooja Pandey,M,1985-09-10,2019-03-30,False,REGULAR,GEO000029,2025-11-10 09:00:00
CUST00000720,Manish Yadav,F,1977-04-24,2024-11-22,False,PREMIUM,GEO000055,2025-08-17 09:00:00
CUST00000721,Aditi Sharma,F,1973-12-10,2020-01-04,False,BUDGET,GEO000038,2026-01-30 09:00:00
CUST00000722,Sneha Nair,M,1980-04-02,2022-10-06,False,PREMIUM,GEO000044,2025-09-22 09:00:00
CUST00000723,Sanjana Nair,F,1995-08-15,2018-04-22,False,PREMIUM,GEO000034,2025-10-07 09:00:00
CUST00000724,Deepak Kapoor,M,2002-12-20,2018-10-23,False,PREMIUM,GEO000040,2025-08-29 09:00:00
CUST00000725,Aditya Dutta,F,1993-11-25,2024-12-11,True,REGULAR,GEO000054,2025-11-14 09:00:00
CUST00000726,Shreya Kulkarni,F,1983-05-17,2022-03-31,False,BUDGET,GEO000048,2025-12-15 09:00:00
CUST00000727,Anaya Verma,F,2005-06-16,2019-09-24,False,REGULAR,GEO000011,2026-01-11 09:00:00
CUST00000728,Vikram Bose,F,1999-05-15,2020-09-21,False,REGULAR,GEO000012,2025-12-14 09:00:00
CUST00000729,Kunal Mishra,M,1983-11-07,2018-05-08,True,REGULAR,GEO000016,2026-01-06 09:00:00
CUST00000730,Sai Das,M,1994-11-30,2020-07-02,True,REGULAR,GEO000037,2025-11-17 09:00:00
CUST00000731,Riya Das,F,1999-06-27,2021-05-12,False,PREMIUM,GEO000051,2025-08-18 09:00:00
CUST00000732,Kavya Gupta,F,1998-05-06,2019-09-08,True,BUDGET,GEO000050,2025-11-06 09:00:00
CUST00000733,Vikram Das,M,1992-01-18,2023-07-28,True,BUDGET,GEO000005,2025-12-05 09:00:00
CUST00000734,Rahul Kapoor,M,2000-12-04,2024-04-02,False,PREMIUM,GEO000033,2025-10-17 09:00:00
CUST00000735,Meera Gupta,O,2002-07-30,2021-10-19,False,BUDGET,GEO000027,2025-12-09 09:00:00
CUST00000736,Neha Gupta,F,1995-10-07,2018-07-15,False,BUDGET,GEO000036,2026-01-07 09:00:00
CUST00000737,Suresh Reddy,F,2000-06-16,2021-08-10,False,BUDGET,GEO000021,2025-11-16 09:00:00
CUST00000738,Vihaan Kapoor,F,1979-06-30,2023-07-15,False,BUDGET,GEO000013,2025-11-24 09:00:00
CUST00000739,Kavya Kapoor,M,1991-04-04,2025-12-09,False,BUDGET,GEO000011,2025-11-27 09:00:00
CUST00000740,Rahul Joshi,F,1995-04-10,2022-02-01,True,REGULAR,GEO000039,2025-10-06 09:00:00
CUST00000741,Sneha Patel,F,1982-07-23,2019-07-07,False,PREMIUM,GEO000005,2026-01-02 09:00:00
CUST00000742,Nikhil Kulkarni,F,1970-09-04,2018-09-03,False,BUSINESS,GEO000002,2025-08-19 09:00:00
CUST00000743,Aarav Jain,F,1998-07-20,2022-11-27,False,REGULAR,GEO000006,2025-08-09 09:00:00
CUST00000744,Meera Saxena,F,1984-10-25,2021-06-01,True,REGULAR,GEO000050,2025-08-29 09:00:00
CUST00000745,Rohit Khan,F,1982-04-30,2020-10-12,False,BUDGET,GEO000059,2025-09-29 09:00:00
CUST00000746,Aditi Goswami,F,1983-10-28,2021-08-16,False,REGULAR,GEO000025,2026-02-02 09:00:00
CUST00000747,Vihaan Kulkarni,F,2003-10-17,2018-03-13,False,REGULAR,GEO000024,2025-10-04 09:00:00
CUST00000748,Varun Sharma,M,1981-06-07,2022-07-17,True,BUDGET,GEO000009,2026-01-21 09:00:00
CUST00000749,Manish Dutta,M,2004-08-09,2024-01-16,False,REGULAR,GEO000037,2025-09-24 09:00:00
CUST00000750,Ankit Nair,F,1999-12-07,2025-08-08,True,REGULAR,GEO000023,2025-11-20 09:00:00
CUST00000751,Kiran Bhat,M,1999-01-31,2019-05-31,False,PREMIUM,GEO000053,2025-08-13 09:00:00
CUST00000752,Arjun Das,M,1978-03-31,2023-11-20,False,BUDGET,GEO000022,2025-12-02 09:00:00
CUST00000753,Nikhil Jain,F,1976-01-12,2024-06-11,False,PREMIUM,GEO000054,2025-10-09 09:00:00
CUST00000754,Deepak Pandey,M,1997-02-08,2020-05-29,False,REGULAR,GEO000043,2025-08-25 09:00:00
CUST00000755,Ankit Das,M,2001-08-09,2020-05-30,False,REGULAR,GEO000053,2025-11-15 09:00:00
CUST00000756,Riya Thakur,M,1970-07-06,2018-07-23,False,REGULAR,GEO000018,2025-08-26 09:00:00
CUST00000757,Kavya Pandey,F,2007-03-11,2023-01-25,False,BUSINESS,GEO000019,2026-01-25 09:00:00
CUST00000758,Suresh Gupta,F,1972-12-06,2024-01-16,False,REGULAR,GEO000024,2025-09-01 09:00:00
CUST00000759,Isha Nair,F,1976-03-03,2022-01-15,False,REGULAR,GEO000018,2025-10-22 09:00:00
CUST00000760,Anaya Jain,F,1970-11-07,2024-07-25,False,REGULAR,GEO000054,2025-08-30 09:00:00
CUST00000761,Ankit Patel,F,2002-11-27,2025-03-13,False,REGULAR,GEO000009,2025-09-03 09:00:00
CUST00000762,Riya Das,M,1996-12-26,2021-05-15,False,BUDGET,GEO000043,2025-09-10 09:00:00
CUST00000763,Isha Goswami,F,1979-09-24,2018-07-26,False,REGULAR,GEO000042,2025-12-22 09:00:00
CUST00000764,Rohit Joshi,F,1994-09-07,2018-08-13,False,REGULAR,GEO000034,2025-12-19 09:00:00
CUST00000765,Nikhil Chatterjee,F,1982-10-12,2024-04-23,True,BUDGET,GEO000053,2026-01-08 09:00:00
CUST00000766,Rahul Jain,M,1992-09-12,2019-11-10,False,BUDGET,GEO000046,2025-12-31 09:00:00
CUST00000767,Aditya Patel,M,2002-06-24,2019-12-12,False,BUSINESS,GEO000036,2025-12-25 09:00:00
CUST00000768,Arjun Bhat,F,1988-03-29,2018-01-25,True,PREMIUM,GEO000054,2025-08-10 09:00:00
CUST00000769,Vihaan Reddy,F,1981-05-02,2021-04-05,True,PREMIUM,GEO000038,2025-10-23 09:00:00
CUST00000770,Suresh Malhotra,M,1995-06-02,2020-04-19,False,BUDGET,GEO000010,2025-09-07 09:00:00
CUST00000771,Meera Iyer,M,2004-05-27,2021-02-23,False,BUSINESS,GEO000006,2025-09-05 09:00:00
CUST00000772,Sai Nair,F,1992-01-12,2018-02-28,False,REGULAR,GEO000055,2026-01-28 09:00:00
CUST00000773,Kavya Verma,M,1996-10-22,2021-01-09,False,BUDGET,GEO000050,2025-11-08 09:00:00
CUST00000774,Shreya Kulkarni,F,2002-07-21,2019-09-30,False,PREMIUM,GEO000046,2025-11-24 09:00:00
CUST00000775,Pooja Saxena,M,2003-06-20,2022-06-14,False,REGULAR,GEO000009,2025-08-09 09:00:00
CUST00000776,Aditya Patel,F,2003-06-03,2019-02-25,False,REGULAR,GEO000042,2026-01-16 09:00:00
CUST00000777,Diya Verma,M,1990-11-22,2020-05-05,True,REGULAR,GEO000048,2025-09-15 09:00:00
CUST00000778,Sai Patel,M,2007-12-18,2020-07-09,False,REGULAR,GEO000044,2025-11-22 09:00:00
CUST00000779,Sanjana Bose,M,1985-03-11,2019-05-11,False,REGULAR,GEO000027,2026-01-10 09:00:00
CUST00000780,Varun Gupta,F,2004-07-01,2022-08-15,False,PREMIUM,GEO000049,2025-12-17 09:00:00
CUST00000781,Riya Bose,M,1992-10-27,2023-03-23,False,REGULAR,GEO000018,2025-08-17 09:00:00
CUST00000782,Deepak Yadav,M,1992-12-23,2022-04-22,False,REGULAR,GEO000042,2025-10-28 09:00:00
CUST00000783,Arjun Malhotra,F,1983-07-14,2022-01-21,False,BUSINESS,GEO000039,2025-09-22 09:00:00
CUST00000784,Anaya Thakur,F,1974-06-29,2025-01-16,False,REGULAR,GEO000048,2025-09-05 09:00:00
CUST00000785,Arjun Saxena,F,1983-06-25,2020-07-15,False,REGULAR,GEO000036,2026-02-03 09:00:00
CUST00000786,Kavya Mishra,M,2004-10-12,2025-11-21,False,REGULAR,GEO000059,2026-01-21 09:00:00
CUST00000787,Riya Bose,F,1999-03-31,2023-09-30,False,REGULAR,GEO000013,2025-08-09 09:00:00
CUST00000788,Priya Sharma,F,1998-09-11,2020-02-18,False,BUDGET,GEO000048,2025-12-25 09:00:00
CUST00000789,Ankit Jain,M,2000-03-16,2022-03-14,False,BUDGET,GEO000045,2025-10-03 09:00:00
CUST00000790,Priya Saxena,F,1973-03-10,2020-08-20,False,BUDGET,GEO000026,2025-08-31 09:00:00
CUST00000791,Riya Dutta,M,1977-01-09,2018-07-26,False,REGULAR,GEO000034,2025-10-27 09:00:00
CUST00000792,Sneha Khan,M,1993-05-10,2025-01-27,False,BUDGET,GEO000048,2025-12-22 09:00:00
CUST00000793,Suresh Bhat,M,1989-03-03,2022-03-08,False,PREMIUM,GEO000033,2025-10-21 09:00:00
CUST00000794,Kunal Sharma,F,1970-03-08,2025-08-12,False,BUDGET,GEO000055,2026-01-24 09:00:00
CUST00000795,Isha Chatterjee,F,1996-11-09,2018-02-16,False,BUDGET,GEO000010,2025-11-06 09:00:00
CUST00000796,Anaya Chatterjee,F,1989-07-12,2024-12-14,False,BUDGET,GEO000059,2026-01-17 09:00:00
CUST00000797,Aditi Malhotra,F,1982-09-18,2024-06-28,False,REGULAR,GEO000056,2025-11-08 09:00:00
CUST00000798,Rahul Patel,F,1975-05-25,2020-04-28,True,BUDGET,GEO000023,2025-12-06 09:00:00
CUST00000799,Vikram Jain,M,1985-05-04,2024-08-25,False,REGULAR,GEO000046,2025-08-30 09:00:00
CUST00000800,Anaya Yadav,F,1991-08-26,2023-11-13,False,REGULAR,GEO000045,2025-11-14 09:00:00
CUST00000801,Riya Dutta,F,2007-02-28,2019-06-17,False,REGULAR,GEO000042,2026-01-06 09:00:00
CUST00000802,Aditi Patel,M,1979-08-18,2024-08-07,False,BUSINESS,GEO000034,2025-09-14 09:00:00
CUST00000803,Priya Saxena,F,1981-08-26,2025-04-22,True,PREMIUM,GEO000032,2026-01-23 09:00:00
CUST00000804,Sai Singh,M,1989-05-12,2022-01-21,False,BUDGET,GEO000042,2025-09-14 09:00:00
CUST00000805,Varun Pandey,M,1994-07-03,2024-01-23,False,PREMIUM,GEO000056,2026-01-19 09:00:00
CUST00000806,Kiran Das,F,1994-06-18,2024-11-22,False,REGULAR,GEO000043,2025-10-23 09:00:00
CUST00000807,Vikram Khan,M,1985-01-30,2021-12-18,False,REGULAR,GEO000021,2025-12-05 09:00:00
CUST00000808,Neha Bhat,F,1989-06-29,2021-04-26,False,PREMIUM,GEO000016,2025-11-07 09:00:00
CUST00000809,Kunal Yadav,F,1994-12-13,2019-02-19,False,BUDGET,GEO000004,2025-11-24 09:00:00
CUST00000810,Arjun Goswami,F,1972-03-30,2019-08-26,True,REGULAR,GEO000029,2025-12-21 09:00:00
CUST00000811,Meera Nair,F,1995-03-29,2022-12-26,False,REGULAR,GEO000006,2025-09-05 09:00:00
CUST00000812,Deepak Yadav,M,2000-12-02,2023-10-02,False,REGULAR,GEO000057,2025-08-09 09:00:00
CUST00000813,Meera Saxena,M,1993-12-23,2018-07-20,False,PREMIUM,GEO000045,2025-11-12 09:00:00
CUST00000814,Shreya Nair,M,2005-07-12,2025-02-25,True,BUDGET,GEO000046,2025-11-22 09:00:00
CUST00000815,Pooja Sharma,F,1986-04-21,2021-06-30,True,PREMIUM,GEO000040,2025-10-26 09:00:00
CUST00000816,Nikhil Kapoor,M,1991-11-10,2023-09-21,True,BUDGET,GEO000034,2025-08-20 09:00:00
CUST00000817,Anaya Thakur,F,1990-07-10,2024-06-27,False,REGULAR,GEO000030,2025-10-25 09:00:00
CUST00000818,Aditya Reddy,M,1970-10-14,2024-08-06,False,BUDGET,GEO000010,2025-10-09 09:00:00
CUST00000819,Diya Mishra,F,1982-02-13,2022-06-10,False,REGULAR,GEO000047,2025-12-31 09:00:00
CUST00000820,Pooja Bose,M,1989-12-15,2025-08-25,True,REGULAR,GEO000047,2025-09-14 09:00:00
CUST00000821,Meera Chatterjee,F,1981-10-27,2022-04-21,False,REGULAR,GEO000029,2025-10-11 09:00:00
CUST00000822,Riya Gupta,M,2004-03-06,2021-06-08,True,BUSINESS,GEO000043,2025-10-11 09:00:00
CUST00000823,Deepak Mehta,F,1973-06-14,2025-12-25,False,BUSINESS,GEO000058,2025-10-20 09:00:00
CUST00000824,Isha Kulkarni,M,1981-10-20,2021-09-09,False,BUDGET,GEO000031,2026-01-31 09:00:00
CUST00000825,Kiran Patel,F,1986-05-20,2024-07-02,False,BUDGET,GEO000011,2025-08-17 09:00:00
CUST00000826,Rahul Joshi,M,2000-04-20,2020-01-06,False,REGULAR,GEO000028,2025-08-31 09:00:00
CUST00000827,Arjun Khan,M,1971-03-24,2021-01-07,False,REGULAR,GEO000027,2025-11-19 09:00:00
CUST00000828,Kiran Goswami,M,2005-10-10,2025-10-29,False,REGULAR,GEO000054,2025-10-13 09:00:00
CUST00000829,Vikram Pandey,M,1999-10-15,2023-10-23,True,PREMIUM,GEO000050,2025-11-21 09:00:00
CUST00000830,Vikram Gupta,F,1987-04-01,2024-12-06,True,PREMIUM,GEO000053,2025-10-07 09:00:00
CUST00000831,Vikram Singh,M,1974-04-05,2022-07-27,False,BUDGET,GEO000009,2025-12-02 09:00:00
CUST00000832,Sai Joshi,M,1996-08-03,2018-04-17,False,REGULAR,GEO000005,2026-01-27 09:00:00
CUST00000833,Kiran Chatterjee,F,1983-05-14,2025-03-26,False,BUDGET,GEO000044,2025-12-30 09:00:00
CUST00000834,Priya Reddy,M,1984-03-21,2025-02-17,True,REGULAR,GEO000053,2025-08-26 09:00:00
CUST00000835,Vihaan Sharma,F,1982-03-07,2024-08-05,False,REGULAR,GEO000005,2025-08-16 09:00:00
CUST00000836,Aditi Kapoor,M,1998-11-20,2018-01-08,False,REGULAR,GEO000045,2026-01-23 09:00:00
CUST00000837,Kiran Mehta,F,1994-08-28,2018-11-05,False,PREMIUM,GEO000051,2026-01-01 09:00:00
CUST00000838,Diya Thakur,M,2004-03-19,2022-03-23,False,REGULAR,GEO000010,2025-12-05 09:00:00
CUST00000839,Pooja Mehta,M,1983-02-01,2024-07-18,False,PREMIUM,GEO000052,2025-09-13 09:00:00
CUST00000840,Shreya Iyer,M,1982-12-08,2020-08-15,False,REGULAR,GEO000009,2025-12-04 09:00:00
CUST00000841,Sai Bhat,F,2002-06-19,2022-10-12,False,BUDGET,GEO000052,2026-01-27 09:00:00
CUST00000842,Vikram Dutta,M,1971-06-16,2020-12-15,False,REGULAR,GEO000042,2026-01-10 09:00:00
CUST00000843,Aditya Kulkarni,M,1983-08-23,2022-11-07,True,BUDGET,GEO000030,2025-08-08 09:00:00
CUST00000844,Vivaan Jain,F,1991-07-25,2019-03-26,False,REGULAR,GEO000059,2025-10-15 09:00:00
CUST00000845,Sai Dutta,F,1993-11-10,2019-01-25,False,PREMIUM,GEO000020,2025-09-26 09:00:00
CUST00000846,Deepak Kapoor,F,1971-11-16,2020-03-09,False,REGULAR,GEO000032,2026-01-08 09:00:00
CUST00000847,Arjun Das,F,1980-06-23,2018-08-06,False,REGULAR,GEO000013,2025-10-16 09:00:00
CUST00000848,Varun Kapoor,F,1972-07-15,2024-02-24,False,BUDGET,GEO000038,2025-09-13 09:00:00
CUST00000849,Manish Joshi,M,2006-05-28,2023-06-17,False,PREMIUM,GEO000040,2025-09-11 09:00:00
CUST00000850,Deepak Jain,M,1978-04-08,2020-09-04,True,REGULAR,GEO000022,2026-01-01 09:00:00
CUST00000851,Priya Goswami,F,2000-11-17,2018-02-26,True,REGULAR,GEO000022,2025-09-22 09:00:00
CUST00000852,Nikhil Dutta,M,1980-07-13,2022-04-07,False,REGULAR,GEO000017,2025-08-26 09:00:00
CUST00000853,Varun Sharma,M,1981-10-26,2020-04-23,False,REGULAR,GEO000043,2025-11-26 09:00:00
CUST00000854,Sai Nair,F,2005-02-21,2023-08-08,False,BUDGET,GEO000012,2025-10-26 09:00:00
CUST00000855,Sanjana Kulkarni,M,1998-11-01,2023-02-06,False,BUDGET,GEO000017,2025-11-19 09:00:00
CUST00000856,Vivaan Reddy,F,2004-10-30,2019-10-28,False,BUDGET,GEO000054,2026-01-06 09:00:00
CUST00000857,Kunal Jain,M,1986-03-01,2021-05-25,False,REGULAR,GEO000020,2026-01-25 09:00:00
CUST00000858,Vihaan Goswami,F,1993-01-02,2019-11-19,False,PREMIUM,GEO000021,2025-12-24 09:00:00
CUST00000859,Kavya Iyer,F,1992-10-19,2022-12-14,True,PREMIUM,GEO000044,2025-08-18 09:00:00
CUST00000860,Riya Yadav,F,1975-05-28,2018-10-07,True,REGULAR,GEO000013,2025-12-06 09:00:00
CUST00000861,Arjun Singh,F,1982-05-01,2024-05-18,True,BUDGET,GEO000004,2025-12-27 09:00:00
CUST00000862,Diya Goswami,F,1993-08-04,2018-01-09,False,PREMIUM,GEO000006,2025-11-04 09:00:00
CUST00000863,Deepak Chatterjee,M,1994-03-23,2018-02-06,False,REGULAR,GEO000029,2025-10-09 09:00:00
CUST00000864,Vivaan Malhotra,F,1984-09-17,2023-10-07,False,REGULAR,GEO000054,2025-11-06 09:00:00
CUST00000865,Sneha Verma,M,1999-02-06,2024-09-20,False,REGULAR,GEO000037,2025-08-26 09:00:00
CUST00000866,Ankit Kapoor,F,1979-10-27,2020-01-20,False,BUSINESS,GEO000019,2025-11-27 09:00:00
CUST00000867,Sneha Reddy,F,2007-12-17,2020-12-17,False,PREMIUM,GEO000027,2025-11-13 09:00:00
CUST00000868,Kavya Mishra,F,1973-03-07,2018-12-16,True,REGULAR,GEO000034,2025-12-12 09:00:00
CUST00000869,Priya Patel,M,1981-06-28,2022-05-26,False,REGULAR,GEO000009,2025-09-15 09:00:00
CUST00000870,Rohit Mehta,M,1994-09-02,2018-03-07,False,REGULAR,GEO000011,2025-10-31 09:00:00
CUST00000871,Sanjana Bhat,F,1995-07-27,2019-02-17,False,REGULAR,GEO000016,2025-11-24 09:00:00
CUST00000872,Deepak Saxena,M,1973-10-31,2023-06-12,False,PREMIUM,GEO000025,2025-10-15 09:00:00
CUST00000873,Pooja Thakur,F,1995-06-10,2024-06-19,False,REGULAR,GEO000025,2025-12-26 09:00:00
CUST00000874,Sanjana Thakur,M,1980-02-22,2021-09-18,False,REGULAR,GEO000026,2025-11-19 09:00:00
CUST00000875,Aditi Mishra,M,1973-02-27,2019-06-01,True,REGULAR,GEO000011,2025-12-25 09:00:00
CUST00000876,Kiran Kulkarni,M,1991-07-16,2023-03-07,False,REGULAR,GEO000024,2025-12-28 09:00:00
CUST00000877,Shreya Saxena,M,1997-03-19,2024-09-12,False,REGULAR,GEO000013,2026-01-05 09:00:00
CUST00000878,Sanjana Bose,M,1993-08-22,2022-06-23,False,PREMIUM,GEO000052,2025-11-30 09:00:00
CUST00000879,Vihaan Goswami,F,1988-04-24,2023-02-18,False,REGULAR,GEO000002,2025-08-14 09:00:00
CUST00000880,Vihaan Yadav,M,1974-06-04,2025-12-19,False,REGULAR,GEO000027,2025-09-03 09:00:00
CUST00000881,Riya Yadav,M,1988-03-17,2022-02-07,True,REGULAR,GEO000032,2025-10-25 09:00:00
CUST00000882,Kunal Bose,M,1999-02-17,2021-09-29,False,REGULAR,GEO000018,2025-09-11 09:00:00
CUST00000883,Sanjana Sharma,M,1994-01-24,2024-09-12,False,BUSINESS,GEO000048,2026-01-14 09:00:00
CUST00000884,Riya Verma,F,1995-12-31,2022-03-11,False,BUDGET,GEO000054,2025-09-20 09:00:00
CUST00000885,Aditi Joshi,F,2006-01-12,2024-02-14,True,BUDGET,GEO000028,2025-11-07 09:00:00
CUST00000886,Priya Bose,F,1993-10-22,2020-01-12,False,BUDGET,GEO000002,2025-11-05 09:00:00
CUST00000887,Ankit Jain,M,1997-06-17,2020-08-19,True,BUDGET,GEO000031,2026-01-14 09:00:00
CUST00000888,Priya Chatterjee,F,2004-11-19,2020-09-16,False,PREMIUM,GEO000040,2025-08-28 09:00:00
CUST00000889,Varun Dutta,F,2005-10-10,2020-01-31,False,REGULAR,GEO000053,2025-08-21 09:00:00
CUST00000890,Aditi Goswami,M,1997-02-11,2021-10-24,False,BUDGET,GEO000044,2025-11-21 09:00:00
CUST00000891,Kiran Gupta,F,1989-02-03,2020-01-27,False,REGULAR,GEO000044,2025-11-07 09:00:00
CUST00000892,Diya Patel,F,1993-04-01,2023-07-18,False,REGULAR,GEO000007,2026-01-16 09:00:00
CUST00000893,Manish Kulkarni,M,2004-05-10,2018-01-16,False,REGULAR,GEO000037,2025-10-25 09:00:00
CUST00000894,Diya Yadav,M,1999-07-08,2023-03-25,False,BUSINESS,GEO000017,2026-01-14 09:00:00
CUST00000895,Manish Jain,F,1973-03-16,2021-03-06,True,BUDGET,GEO000042,2025-09-04 09:00:00
CUST00000896,Vivaan Mishra,M,1981-09-28,2022-08-03,False,BUSINESS,GEO000020,2025-11-19 09:00:00
CUST00000897,Meera Patel,M,1970-12-03,2023-07-03,False,PREMIUM,GEO000050,2026-02-02 09:00:00
CUST00000898,Kunal Khan,M,1986-12-14,2022-09-28,False,BUDGET,GEO000003,2026-01-25 09:00:00
CUST00000899,Vikram Das,F,2002-11-07,2023-10-19,False,REGULAR,GEO000042,2025-09-06 09:00:00
CUST00000900,Suresh Jain,F,1970-05-23,2019-02-21,False,REGULAR,GEO000017,2025-12-14 09:00:00
CUST00000901,Diya Gupta,F,2002-04-30,2019-04-03,True,REGULAR,GEO000012,2025-12-14 09:00:00
CUST00000902,Deepak Joshi,M,1978-02-14,2018-02-23,False,REGULAR,GEO000018,2025-08-14 09:00:00
CUST00000903,Manish Kapoor,M,2006-12-15,2024-01-09,True,BUDGET,GEO000043,2025-11-20 09:00:00
CUST00000904,Neha Pandey,M,2003-01-07,2025-05-17,False,REGULAR,GEO000001,2025-12-13 09:00:00
CUST00000905,Sanjana Goswami,F,1999-06-11,2021-06-17,True,BUDGET,GEO000041,2025-10-21 09:00:00
CUST00000906,Sneha Iyer,M,2004-08-25,2019-07-16,False,REGULAR,GEO000010,2025-08-19 09:00:00
CUST00000907,Diya Malhotra,M,2003-11-23,2025-05-12,False,PREMIUM,GEO000011,2025-09-25 09:00:00
CUST00000908,Ankit Bose,F,2002-03-25,2018-01-03,True,BUSINESS,GEO000018,2025-08-08 09:00:00
CUST00000909,Pooja Patel,F,1974-10-22,2021-07-04,False,REGULAR,GEO000017,2026-01-26 09:00:00
CUST00000910,Kiran Gupta,M,2004-01-08,2023-02-08,True,BUDGET,GEO000059,2025-09-25 09:00:00
CUST00000911,Vihaan Yadav,M,1984-06-01,2019-09-09,False,BUDGET,GEO000025,2025-10-13 09:00:00
CUST00000912,Sneha Reddy,M,1976-09-19,2022-11-05,False,BUDGET,GEO000054,2025-12-23 09:00:00
CUST00000913,Vihaan Pandey,F,2006-05-18,2021-08-07,False,BUDGET,GEO000059,2025-11-14 09:00:00
CUST00000914,Pooja Kulkarni,M,1974-10-28,2018-01-26,True,REGULAR,GEO000002,2025-10-28 09:00:00
CUST00000915,Aarav Das,M,1988-01-24,2019-12-28,False,REGULAR,GEO000045,2025-08-28 09:00:00
CUST00000916,Diya Joshi,M,2005-09-28,2021-02-13,False,REGULAR,GEO000028,2025-11-29 09:00:00
CUST00000917,Aditi Sharma,M,1976-08-12,2021-10-18,False,REGULAR,GEO000003,2025-10-30 09:00:00
CUST00000918,Riya Iyer,M,1995-04-17,2024-04-28,False,BUDGET,GEO000051,2025-09-27 09:00:00
CUST00000919,Aditya Kulkarni,M,1979-05-26,2020-08-04,False,REGULAR,GEO000005,2025-08-31 09:00:00
CUST00000920,Kiran Kulkarni,F,2002-06-15,2024-02-08,False,REGULAR,GEO000041,2026-01-04 09:00:00
CUST00000921,Shreya Yadav,F,2002-10-28,2018-09-20,False,REGULAR,GEO000009,2026-02-01 09:00:00
CUST00000922,Kavya Reddy,M,2003-08-28,2020-09-24,True,BUDGET,GEO000043,2025-09-27 09:00:00
CUST00000923,Neha Saxena,M,1999-04-19,2021-10-16,False,REGULAR,GEO000026,2026-01-22 09:00:00
CUST00000924,Pooja Khan,M,1989-05-06,2022-07-10,False,BUDGET,GEO000044,2025-12-22 09:00:00
CUST00000925,Vivaan Das,F,1971-05-06,2019-04-13,False,BUDGET,GEO000046,2025-10-08 09:00:00
CUST00000926,Aarav Kulkarni,F,1993-10-04,2022-02-09,False,BUDGET,GEO000022,2026-01-22 09:00:00
CUST00000927,Kiran Chatterjee,F,1979-08-15,2023-10-03,False,REGULAR,GEO000039,2025-12-17 09:00:00
CUST00000928,Aditi Chatterjee,M,1978-06-18,2021-03-18,False,PREMIUM,GEO000026,2025-09-08 09:00:00
CUST00000929,Rohit Reddy,M,2006-02-20,2020-06-24,False,REGULAR,GEO000037,2025-08-25 09:00:00
CUST00000930,Deepak Thakur,F,1984-07-26,2025-01-23,False,BUDGET,GEO000002,2026-01-28 09:00:00
CUST00000931,Varun Mishra,F,1994-01-14,2022-01-18,True,REGULAR,GEO000057,2025-09-19 09:00:00
CUST00000932,Kiran Nair,F,1991-10-21,2021-09-01,False,REGULAR,GEO000008,2026-01-15 09:00:00
CUST00000933,Anaya Das,M,1970-08-05,2025-08-11,False,BUSINESS,GEO000030,2025-11-16 09:00:00
CUST00000934,Manish Saxena,F,1987-09-28,2023-01-23,False,BUDGET,GEO000011,2025-10-14 09:00:00
CUST00000935,Kiran Verma,M,1970-06-19,2025-10-10,False,PREMIUM,GEO000045,2026-01-11 09:00:00
CUST00000936,Anaya Chatterjee,M,2003-05-04,2023-06-23,True,BUDGET,GEO000031,2025-11-16 09:00:00
CUST00000937,Shreya Mehta,M,1995-07-17,2021-10-05,False,REGULAR,GEO000046,2025-11-22 09:00:00
CUST00000938,Kiran Mishra,F,1972-10-17,2019-12-10,False,REGULAR,GEO000035,2026-01-22 09:00:00
CUST00000939,Aarav Iyer,M,2002-03-19,2018-10-01,False,BUDGET,GEO000038,2026-01-15 09:00:00
CUST00000940,Nikhil Saxena,F,1974-04-27,2018-09-18,True,PREMIUM,GEO000038,2026-01-25 09:00:00
CUST00000941,Vikram Nair,M,1970-02-07,2023-11-08,True,REGULAR,GEO000048,2025-10-07 09:00:00
CUST00000942,Vikram Malhotra,F,1997-02-25,2018-07-13,False,REGULAR,GEO000036,2026-01-09 09:00:00
CUST00000943,Diya Nair,F,1994-01-18,2021-05-13,False,BUDGET,GEO000047,2025-11-17 09:00:00
CUST00000944,Kiran Verma,M,1981-11-03,2018-09-10,False,REGULAR,GEO000025,2026-01-24 09:00:00
CUST00000945,Nikhil Patel,M,1978-11-17,2021-06-22,False,REGULAR,GEO000007,2025-10-05 09:00:00
CUST00000946,Aditi Joshi,F,1999-03-10,2019-11-26,False,REGULAR,GEO000004,2025-08-22 09:00:00
CUST00000947,Shreya Chatterjee,F,1975-04-08,2023-07-28,True,PREMIUM,GEO000006,2025-12-24 09:00:00
CUST00000948,Kiran Singh,F,2004-04-01,2019-04-28,False,REGULAR,GEO000049,2026-01-07 09:00:00
CUST00000949,Manish Bose,F,1975-11-27,2019-02-08,False,REGULAR,GEO000038,2025-11-19 09:00:00
CUST00000950,Meera Reddy,M,1995-01-27,2024-12-10,False,BUDGET,GEO000059,2025-10-03 09:00:00
CUST00000951,Riya Saxena,M,1975-03-14,2025-01-06,False,BUDGET,GEO000030,2025-11-27 09:00:00
CUST00000952,Varun Kulkarni,F,2002-02-15,2025-06-23,False,BUDGET,GEO000039,2025-12-28 09:00:00
CUST00000953,Sanjana Gupta,M,1981-01-07,2020-06-04,False,BUSINESS,GEO000045,2025-09-18 09:00:00
CUST00000954,Sai Khan,F,2000-08-19,2018-06-06,False,BUDGET,GEO000009,2025-11-14 09:00:00
CUST00000955,Manish Das,F,2002-10-13,2019-02-05,False,REGULAR,GEO000059,2025-08-18 09:00:00
CUST00000956,Vihaan Saxena,F,2006-07-17,2019-12-26,False,REGULAR,GEO000042,2025-08-26 09:00:00
CUST00000957,Meera Nair,F,1975-07-21,2018-12-15,False,BUDGET,GEO000027,2025-10-10 09:00:00
CUST00000958,Isha Iyer,F,2005-10-19,2019-03-31,True,PREMIUM,GEO000016,2026-01-22 09:00:00
CUST00000959,Ankit Khan,M,1986-11-19,2020-10-06,False,REGULAR,GEO000021,2026-01-05 09:00:00
CUST00000960,Kunal Kapoor,F,1985-02-01,2018-05-21,False,BUDGET,GEO000011,2025-12-25 09:00:00
CUST00000961,Aditi Dutta,F,1988-05-06,2018-07-07,True,BUDGET,GEO000024,2025-10-17 09:00:00
CUST00000962,Isha Mehta,M,1976-11-03,2020-06-11,False,PREMIUM,GEO000031,2025-11-10 09:00:00
CUST00000963,Sneha Kapoor,M,1996-05-07,2022-05-03,False,REGULAR,GEO000011,2025-11-03 09:00:00
CUST00000964,Kunal Patel,M,1999-03-03,2020-05-11,False,PREMIUM,GEO000040,2025-08-17 09:00:00
CUST00000965,Pooja Yadav,F,1998-01-07,2019-11-13,False,BUDGET,GEO000028,2026-02-01 09:00:00
CUST00000966,Diya Das,M,1985-09-03,2023-09-26,False,REGULAR,GEO000042,2026-01-05 09:00:00
CUST00000967,Kiran Iyer,F,1992-08-31,2020-02-01,False,REGULAR,GEO000032,2025-12-02 09:00:00
CUST00000968,Suresh Khan,M,2005-06-04,2019-05-19,False,REGULAR,GEO000011,2025-08-11 09:00:00
CUST00000969,Isha Reddy,M,1978-10-29,2025-01-11,False,BUDGET,GEO000011,2025-12-27 09:00:00
CUST00000970,Nikhil Kapoor,F,1986-05-20,2021-12-14,False,BUDGET,GEO000008,2025-11-02 09:00:00
CUST00000971,Aditya Kulkarni,F,1984-03-18,2019-08-06,True,REGULAR,GEO000008,2025-12-14 09:00:00
CUST00000972,Aditya Kulkarni,F,2007-03-09,2018-12-17,True,BUDGET,GEO000055,2026-01-06 09:00:00
CUST00000973,Deepak Yadav,M,2007-01-12,2022-10-10,True,REGULAR,GEO000035,2025-11-01 09:00:00
CUST00000974,Aditya Yadav,M,1991-06-30,2021-06-17,False,BUDGET,GEO000045,2025-10-24 09:00:00
CUST00000975,Deepak Verma,M,1977-12-28,2018-04-10,True,REGULAR,GEO000035,2025-10-13 09:00:00
CUST00000976,Aarav Bhat,M,1990-01-17,2021-05-29,False,BUSINESS,GEO000010,2025-08-12 09:00:00
CUST00000977,Pooja Das,M,1994-07-12,2024-11-25,False,BUDGET,GEO000026,2026-01-23 09:00:00
CUST00000978,Vikram Singh,M,1971-09-21,2019-09-06,False,PREMIUM,GEO000013,2025-08-23 09:00:00
CUST00000979,Sanjana Dutta,M,1989-12-27,2021-10-16,False,REGULAR,GEO000009,2026-01-15 09:00:00
CUST00000980,Pooja Gupta,F,1997-12-27,2021-12-31,False,REGULAR,GEO000019,2025-12-22 09:00:00
CUST00000981,Sai Das,O,1975-07-07,2020-07-10,False,REGULAR,GEO000020,2025-11-05 09:00:00
CUST00000982,Varun Nair,M,1977-06-14,2020-01-06,False,PREMIUM,GEO000031,2025-08-13 09:00:00
CUST00000983,Diya Iyer,F,1975-02-18,2023-07-04,False,REGULAR,GEO000055,2026-02-03 09:00:00
CUST00000984,Isha Joshi,F,1985-05-04,2018-10-26,False,REGULAR,GEO000022,2025-12-03 09:00:00
CUST00000985,Vikram Sharma,M,1994-12-29,2024-05-07,False,BUDGET,GEO000020,2025-11-17 09:00:00
CUST00000986,Sai Dutta,M,1997-06-09,2018-06-21,False,REGULAR,GEO000015,2025-08-14 09:00:00
CUST00000987,Kiran Reddy,F,1996-07-21,2022-08-16,False,BUSINESS,GEO000050,2025-08-20 09:00:00
CUST00000988,Kiran Verma,M,1972-09-15,2022-02-05,False,REGULAR,GEO000049,2025-08-21 09:00:00
CUST00000989,Priya Kulkarni,F,1981-04-28,2018-06-21,False,PREMIUM,GEO000021,2025-11-23 09:00:00
CUST00000990,Deepak Thakur,F,1975-12-23,2023-03-26,False,REGULAR,GEO000055,2025-12-09 09:00:00
CUST00000991,Pooja Jain,F,2005-06-01,2025-09-29,True,REGULAR,GEO000003,2025-09-13 09:00:00
CUST00000992,Aarav Mishra,M,2000-09-07,2022-01-08,False,REGULAR,GEO000033,2025-08-22 09:00:00
CUST00000993,Vivaan Iyer,M,2004-10-22,2020-04-16,False,PREMIUM,GEO000017,2025-12-13 09:00:00
CUST00000994,Aditya Pandey,F,1975-11-10,2019-08-23,False,REGULAR,GEO000034,2025-12-20 09:00:00
CUST00000995,Varun Malhotra,M,1984-01-23,2018-07-21,True,REGULAR,GEO000040,2025-10-18 09:00:00
CUST00000996,Deepak Mehta,M,1999-09-27,2021-11-24,False,BUDGET,GEO000052,2026-02-03 09:00:00
CUST00000997,Riya Kapoor,M,1977-07-12,2024-01-13,False,BUDGET,GEO000054,2025-11-04 09:00:00
CUST00000998,Rohit Dutta,M,1991-01-11,2020-06-09,True,REGULAR,GEO000057,2026-01-21 09:00:00
CUST00000999,Vivaan Yadav,M,1992-10-02,2025-07-23,False,REGULAR,GEO000008,2025-10-07 09:00:00
CUST00001000,Aditi Yadav,F,1991-03-26,2018-06-07,False,BUDGET,GEO000036,2025-09-27 09:00:00
CUST00001001,Shreya Malhotra,M,1990-09-28,2020-07-24,False,BUDGET,GEO000054,2026-01-14 09:00:00
CUST00001002,Suresh Yadav,M,1979-10-18,2019-03-20,False,BUDGET,GEO000022,2025-10-10 09:00:00
CUST00001003,Ankit Pandey,M,1979-01-22,2019-08-25,False,REGULAR,GEO000027,2025-09-03 09:00:00
CUST00001004,Sai Bhat,M,1976-10-22,2023-05-22,False,REGULAR,GEO000022,2026-01-20 09:00:00
CUST00001005,Varun Thakur,M,1975-12-26,2025-08-23,True,PREMIUM,GEO000048,2025-12-11 09:00:00
CUST00001006,Sai Patel,O,2007-11-25,2022-10-16,True,BUDGET,GEO000018,2026-01-03 09:00:00
CUST00001007,Priya Bose,F,1997-02-05,2020-03-14,False,REGULAR,GEO000029,2025-11-03 09:00:00
CUST00001008,Diya Kapoor,F,1987-02-26,2020-12-21,False,REGULAR,GEO000006,2025-10-15 09:00:00
CUST00001009,Rahul Pandey,F,2003-07-02,2025-11-24,False,REGULAR,GEO000033,2026-01-01 09:00:00
CUST00001010,Varun Singh,M,1995-11-30,2018-07-24,False,BUDGET,GEO000043,2025-10-23 09:00:00
CUST00001011,Sneha Saxena,F,2003-02-26,2024-05-16,False,REGULAR,GEO000021,2025-08-15 09:00:00
CUST00001012,Sneha Joshi,F,2003-08-25,2021-04-17,True,REGULAR,GEO000040,2025-12-31 09:00:00
CUST00001013,Diya Singh,F,1988-01-03,2025-11-03,False,REGULAR,GEO000015,2025-12-09 09:00:00
CUST00001014,Rohit Pandey,F,1994-10-28,2023-07-23,True,REGULAR,GEO000059,2026-01-02 09:00:00
CUST00001015,Diya Goswami,F,1994-08-31,2021-11-27,False,REGULAR,GEO000005,2025-12-29 09:00:00
CUST00001016,Priya Mishra,F,2004-01-10,2020-09-27,False,REGULAR,GEO000003,2026-01-19 09:00:00
CUST00001017,Isha Verma,F,1983-08-03,2022-06-29,False,REGULAR,GEO000054,2025-12-28 09:00:00
CUST00001018,Anaya Bhat,F,2005-10-09,2022-01-12,True,REGULAR,GEO000013,2026-01-11 09:00:00
CUST00001019,Meera Verma,M,1999-05-20,2021-10-19,False,BUDGET,GEO000027,2025-10-19 09:00:00
CUST00001020,Pooja Kulkarni,M,1993-03-16,2023-07-12,True,REGULAR,GEO000011,2025-09-20 09:00:00
CUST00001021,Manish Iyer,M,1989-04-29,2023-02-11,False,BUSINESS,GEO000021,2025-08-16 09:00:00
CUST00001022,Riya Reddy,M,2005-03-03,2019-11-26,False,REGULAR,GEO000051,2025-09-16 09:00:00
CUST00001023,Priya Sharma,F,2006-07-26,2023-10-30,True,PREMIUM,GEO000006,2026-01-09 09:00:00
CUST00001024,Priya Mishra,M,1983-02-02,2023-07-01,True,REGULAR,GEO000026,2025-08-14 09:00:00
CUST00001025,Sneha Bose,F,1989-01-03,2020-08-14,False,REGULAR,GEO000050,2025-09-22 09:00:00
CUST00001026,Kunal Kulkarni,M,1987-02-12,2019-11-17,False,REGULAR,GEO000052,2025-10-10 09:00:00
CUST00001027,Ankit Singh,M,1981-12-12,2023-05-05,False,BUDGET,GEO000034,2025-10-08 09:00:00
CUST00001028,Manish Dutta,M,1973-09-06,2021-05-14,False,BUDGET,GEO000020,2025-09-24 09:00:00
CUST00001029,Aarav Gupta,F,1971-10-02,2021-06-26,True,BUDGET,GEO000039,2025-10-25 09:00:00
CUST00001030,Vihaan Iyer,M,1997-01-01,2023-08-08,False,BUDGET,GEO000024,2025-11-05 09:00:00
CUST00001031,Pooja Malhotra,M,1979-08-17,2018-10-28,False,REGULAR,GEO000016,2026-01-24 09:00:00
CUST00001032,Vikram Goswami,F,1988-06-17,2023-12-26,True,BUSINESS,GEO000038,2026-01-12 09:00:00
CUST00001033,Sneha Joshi,F,1970-10-03,2021-05-11,True,REGULAR,GEO000037,2025-08-27 09:00:00
CUST00001034,Diya Bhat,F,2006-07-05,2018-11-27,False,BUDGET,GEO000024,2025-12-16 09:00:00
CUST00001035,Arjun Verma,M,1989-01-12,2025-08-04,False,PREMIUM,GEO000006,2026-01-29 09:00:00
CUST00001036,Aditi Bose,M,1987-01-08,2022-09-17,False,REGULAR,GEO000054,2025-10-11 09:00:00
CUST00001037,Vivaan Saxena,M,1972-06-26,2022-05-23,True,REGULAR,GEO000043,2026-01-11 09:00:00
CUST00001038,Riya Bhat,M,1998-10-18,2022-03-03,False,BUDGET,GEO000025,2025-10-16 09:00:00
CUST00001039,Ankit Yadav,F,1971-11-30,2022-01-28,False,REGULAR,GEO000012,2025-11-14 09:00:00
CUST00001040,Varun Singh,F,2006-05-18,2021-03-11,True,REGULAR,GEO000018,2025-11-22 09:00:00
CUST00001041,Varun Goswami,F,1990-04-19,2018-07-27,True,REGULAR,GEO000057,2025-10-26 09:00:00
CUST00001042,Rohit Gupta,M,1974-04-06,2025-07-16,False,PREMIUM,GEO000005,2025-09-29 09:00:00
CUST00001043,Nikhil Yadav,F,2000-10-21,2021-09-25,False,REGULAR,GEO000046,2026-01-23 09:00:00
CUST00001044,Sai Jain,F,2007-03-30,2024-08-10,True,BUSINESS,GEO000052,2025-09-27 09:00:00
CUST00001045,Isha Khan,F,1972-07-30,2018-12-14,False,PREMIUM,GEO000054,2025-09-02 09:00:00
CUST00001046,Sai Mishra,F,1986-01-24,2020-06-14,False,BUSINESS,GEO000013,2025-10-24 09:00:00
CUST00001047,Meera Kapoor,M,1985-03-02,2025-08-06,True,BUDGET,GEO000030,2025-12-21 09:00:00
CUST00001048,Shreya Bhat,M,1981-01-08,2023-08-17,False,BUDGET,GEO000034,2025-11-05 09:00:00
CUST00001049,Sneha Kulkarni,F,1976-11-12,2020-11-12,False,REGULAR,GEO000036,2025-11-27 09:00:00
CUST00001050,Vivaan Chatterjee,F,1997-05-23,2023-03-24,False,BUDGET,GEO000020,2025-11-05 09:00:00
CUST00001051,Sanjana Kulkarni,M,1986-05-24,2025-11-26,False,REGULAR,GEO000004,2025-12-20 09:00:00
CUST00001052,Neha Saxena,F,1985-12-18,2018-07-19,False,REGULAR,GEO000050,2025-08-17 09:00:00
CUST00001053,Anaya Saxena,F,2003-07-27,2019-03-02,False,REGULAR,GEO000015,2025-11-24 09:00:00
CUST00001054,Vivaan Reddy,M,1970-09-23,2024-06-13,False,PREMIUM,GEO000047,2025-08-30 09:00:00
CUST00001055,Rohit Thakur,F,2000-04-28,2025-05-26,False,PREMIUM,GEO000003,2025-11-29 09:00:00
CUST00001056,Varun Bhat,F,1975-11-10,2018-10-12,False,BUDGET,GEO000056,2025-10-13 09:00:00
CUST00001057,Arjun Reddy,M,2000-06-18,2020-03-16,False,BUDGET,GEO000056,2025-10-18 09:00:00
CUST00001058,Ankit Kulkarni,F,1992-11-14,2023-08-23,False,PREMIUM,GEO000015,2025-12-06 09:00:00
CUST00001059,Kunal Joshi,F,2002-04-13,2020-10-03,False,REGULAR,GEO000032,2025-10-16 09:00:00
CUST00001060,Vivaan Sharma,F,2000-02-25,2024-11-14,True,PREMIUM,GEO000009,2025-12-03 09:00:00
CUST00001061,Diya Bose,M,1974-07-05,2024-02-09,False,BUDGET,GEO000033,2025-08-29 09:00:00
CUST00001062,Kiran Yadav,M,1981-05-09,2023-01-17,False,REGULAR,GEO000056,2025-10-21 09:00:00
CUST00001063,Arjun Gupta,F,1990-07-19,2022-03-16,False,REGULAR,GEO000012,2025-10-16 09:00:00
CUST00001064,Kavya Pandey,F,2004-07-03,2018-10-18,False,REGULAR,GEO000005,2025-11-25 09:00:00
CUST00001065,Aditi Mishra,M,1987-02-10,2021-07-31,False,REGULAR,GEO000053,2025-09-02 09:00:00
CUST00001066,Sanjana Gupta,M,1985-05-16,2024-05-31,True,REGULAR,GEO000038,2026-01-20 09:00:00
CUST00001067,Vivaan Kapoor,M,2006-12-14,2019-04-06,True,REGULAR,GEO000004,2025-12-02 09:00:00
CUST00001068,Meera Thakur,F,1993-02-20,2020-09-18,False,PREMIUM,GEO000051,2025-11-07 09:00:00
CUST00001069,Ankit Bhat,M,2005-03-03,2025-04-11,True,REGULAR,GEO000056,2025-09-11 09:00:00
CUST00001070,Diya Das,M,1982-06-29,2025-05-18,True,BUDGET,GEO000027,2025-09-05 09:00:00
CUST00001071,Isha Patel,M,1988-06-19,2018-07-30,False,BUDGET,GEO000034,2026-01-22 09:00:00
CUST00001072,Vikram Khan,F,2002-12-10,2018-05-11,False,REGULAR,GEO000023,2025-12-02 09:00:00
CUST00001073,Sanjana Kulkarni,M,1981-04-17,2021-06-17,False,BUDGET,GEO000041,2025-11-16 09:00:00
CUST00001074,Aditya Khan,F,1979-02-10,2021-06-06,False,REGULAR,GEO000004,2025-09-04 09:00:00
CUST00001075,Neha Das,F,1989-01-13,2024-09-24,True,REGULAR,GEO000054,2025-10-15 09:00:00
CUST00001076,Riya Bhat,M,1981-10-23,2020-11-13,False,REGULAR,GEO000004,2026-01-23 09:00:00
CUST00001077,Anaya Verma,F,2002-07-27,2019-08-08,False,BUSINESS,GEO000002,2025-09-01 09:00:00
CUST00001078,Sai Jain,M,1990-04-08,2018-01-30,False,REGULAR,GEO000018,2025-11-15 09:00:00
CUST00001079,Pooja Malhotra,M,1982-08-27,2019-01-19,False,PREMIUM,GEO000050,2025-11-19 09:00:00
CUST00001080,Vivaan Joshi,F,2006-06-20,2022-12-17,True,BUDGET,GEO000058,2025-11-01 09:00:00
CUST00001081,Riya Goswami,M,1993-12-17,2019-07-07,False,REGULAR,GEO000018,2025-12-09 09:00:00
CUST00001082,Meera Goswami,M,1992-07-12,2018-10-03,False,BUDGET,GEO000050,2025-12-15 09:00:00
CUST00001083,Deepak Iyer,F,1985-09-09,2023-01-13,False,REGULAR,GEO000025,2025-09-24 09:00:00
CUST00001084,Rahul Jain,M,1988-08-14,2022-07-14,False,REGULAR,GEO000046,2025-11-21 09:00:00
CUST00001085,Deepak Nair,F,2002-04-24,2021-03-02,True,REGULAR,GEO000020,2025-08-12 09:00:00
CUST00001086,Kavya Jain,M,1980-02-03,2019-10-22,False,BUDGET,GEO000052,2026-01-24 09:00:00
CUST00001087,Sneha Verma,M,1999-04-16,2023-12-09,False,REGULAR,GEO000054,2025-10-17 09:00:00
CUST00001088,Anaya Bose,M,2006-02-25,2023-09-21,True,PREMIUM,GEO000030,2025-11-27 09:00:00
CUST00001089,Neha Khan,F,1987-01-26,2022-04-29,False,PREMIUM,GEO000044,2025-10-21 09:00:00
CUST00001090,Sai Dutta,M,1977-06-15,2023-10-20,True,PREMIUM,GEO000019,2026-01-08 09:00:00
CUST00001091,Vikram Dutta,F,1992-03-10,2018-08-18,False,BUDGET,GEO000041,2025-08-25 09:00:00
CUST00001092,Sai Mishra,F,1974-02-12,2023-06-11,False,REGULAR,GEO000022,2025-12-03 09:00:00
CUST00001093,Anaya Jain,F,1997-06-24,2022-09-01,True,REGULAR,GEO000053,2025-09-02 09:00:00
CUST00001094,Anaya Bhat,F,2002-05-04,2023-03-12,False,BUDGET,GEO000042,2026-02-02 09:00:00
CUST00001095,Rahul Thakur,M,2001-11-04,2023-04-25,False,BUDGET,GEO000004,2025-10-19 09:00:00
CUST00001096,Aditi Mishra,F,1983-10-14,2025-01-06,False,REGULAR,GEO000050,2025-09-17 09:00:00
CUST00001097,Rahul Mishra,M,1991-04-01,2018-01-31,False,BUDGET,GEO000029,2025-09-08 09:00:00
CUST00001098,Nikhil Kapoor,M,1988-04-14,2022-08-04,False,REGULAR,GEO000057,2025-11-26 09:00:00
CUST00001099,Sai Mishra,M,2003-08-04,2023-02-20,True,BUSINESS,GEO000034,2025-12-23 09:00:00
CUST00001100,Anaya Pandey,F,1971-12-23,2021-09-16,False,REGULAR,GEO000019,2025-11-13 09:00:00
CUST00001101,Kavya Bose,F,2005-02-11,2025-10-23,True,BUDGET,GEO000034,2026-01-04 09:00:00
CUST00001102,Aditya Verma,M,2000-01-25,2018-05-15,False,PREMIUM,GEO000023,2025-09-26 09:00:00
CUST00001103,Meera Singh,M,1975-11-11,2019-01-29,False,BUSINESS,GEO000042,2025-09-20 09:00:00
CUST00001104,Neha Singh,F,1989-04-03,2024-12-12,False,REGULAR,GEO000059,2025-10-05 09:00:00
CUST00001105,Priya Sharma,F,1988-04-22,2020-08-21,False,REGULAR,GEO000054,2026-01-06 09:00:00
CUST00001106,Kunal Iyer,F,2001-03-29,2024-01-01,False,PREMIUM,GEO000025,2025-11-04 09:00:00
CUST00001107,Ankit Singh,M,2003-03-21,2023-01-12,False,BUDGET,GEO000002,2025-11-01 09:00:00
CUST00001108,Kunal Jain,F,1992-09-26,2024-03-25,False,REGULAR,GEO000055,2025-10-23 09:00:00
CUST00001109,Pooja Malhotra,M,2001-03-17,2018-05-17,True,BUSINESS,GEO000035,2025-11-16 09:00:00
CUST00001110,Meera Nair,F,1979-05-23,2023-04-04,False,REGULAR,GEO000014,2026-01-13 09:00:00
CUST00001111,Isha Patel,M,1992-07-04,2023-11-14,False,REGULAR,GEO000039,2025-09-19 09:00:00
CUST00001112,Neha Verma,M,1971-06-01,2023-10-16,False,BUDGET,GEO000042,2025-12-02 09:00:00
CUST00001113,Arjun Joshi,M,2004-07-19,2018-05-07,False,BUDGET,GEO000037,2025-11-13 09:00:00
CUST00001114,Deepak Thakur,O,1984-06-27,2021-07-26,True,REGULAR,GEO000007,2025-12-29 09:00:00
CUST00001115,Neha Reddy,M,1991-09-22,2021-01-01,True,REGULAR,GEO000024,2025-08-13 09:00:00
CUST00001116,Varun Khan,F,1984-09-08,2025-04-28,False,REGULAR,GEO000052,2025-12-02 09:00:00
CUST00001117,Ankit Patel,F,1975-05-25,2025-12-26,False,REGULAR,GEO000006,2026-01-24 09:00:00
CUST00001118,Aarav Chatterjee,M,1970-06-28,2020-09-03,True,BUDGET,GEO000032,2025-10-22 09:00:00
CUST00001119,Shreya Jain,M,1993-06-16,2024-12-08,True,BUDGET,GEO000024,2025-10-23 09:00:00
CUST00001120,Rahul Gupta,M,1988-05-23,2022-03-10,False,REGULAR,GEO000036,2026-01-31 09:00:00
CUST00001121,Manish Jain,F,2003-10-14,2019-11-02,False,PREMIUM,GEO000003,2025-10-26 09:00:00
CUST00001122,Riya Singh,M,1996-04-14,2025-05-15,False,REGULAR,GEO000021,2025-11-10 09:00:00
CUST00001123,Varun Yadav,M,1977-05-15,2021-05-03,False,REGULAR,GEO000028,2025-12-08 09:00:00
CUST00001124,Suresh Verma,M,1990-09-15,2024-09-20,False,REGULAR,GEO000028,2025-09-28 09:00:00
CUST00001125,Aditi Jain,M,1974-07-27,2023-02-11,False,REGULAR,GEO000030,2025-08-30 09:00:00
CUST00001126,Priya Khan,M,2007-06-12,2023-02-25,False,BUDGET,GEO000027,2025-08-12 09:00:00
CUST00001127,Rohit Verma,M,2003-01-17,2024-12-16,False,PREMIUM,GEO000014,2025-11-07 09:00:00
CUST00001128,Anaya Reddy,M,1970-08-06,2018-06-06,False,REGULAR,GEO000037,2025-12-02 09:00:00
CUST00001129,Kunal Bhat,M,1984-07-08,2020-11-08,False,REGULAR,GEO000048,2025-10-29 09:00:00
CUST00001130,Arjun Verma,F,1996-01-13,2018-03-30,False,REGULAR,GEO000015,2026-01-24 09:00:00
CUST00001131,Anaya Das,M,1985-10-01,2024-08-21,False,REGULAR,GEO000021,2025-09-11 09:00:00
CUST00001132,Sanjana Bose,F,2007-05-24,2023-02-21,False,REGULAR,GEO000050,2025-10-12 09:00:00
CUST00001133,Rohit Pandey,M,1986-04-17,2019-09-30,False,PREMIUM,GEO000054,2025-12-23 09:00:00
CUST00001134,Meera Reddy,M,1995-10-17,2020-12-03,False,REGULAR,GEO000034,2025-12-10 09:00:00
CUST00001135,Kunal Saxena,M,2001-05-06,2021-08-26,True,REGULAR,GEO000029,2025-09-27 09:00:00
CUST00001136,Vikram Singh,M,1995-12-27,2025-04-16,True,BUDGET,GEO000035,2025-10-05 09:00:00
CUST00001137,Riya Joshi,M,1995-09-23,2022-08-05,False,BUDGET,GEO000055,2025-09-09 09:00:00
CUST00001138,Rahul Kapoor,M,1999-06-30,2019-08-08,True,PREMIUM,GEO000025,2025-08-23 09:00:00
CUST00001139,Kavya Reddy,M,1982-11-28,2024-10-17,False,BUDGET,GEO000003,2025-09-10 09:00:00
CUST00001140,Kiran Nair,M,2001-11-02,2021-02-26,False,REGULAR,GEO000034,2025-10-05 09:00:00
CUST00001141,Shreya Singh,M,1976-12-26,2018-06-07,False,REGULAR,GEO000017,2025-09-22 09:00:00
CUST00001142,Vikram Saxena,F,1988-11-14,2023-01-16,True,REGULAR,GEO000052,2025-11-15 09:00:00
CUST00001143,Rahul Jain,M,2004-10-05,2021-06-28,False,BUDGET,GEO000002,2025-09-02 09:00:00
CUST00001144,Arjun Jain,M,1971-04-19,2018-08-12,True,BUSINESS,GEO000043,2026-01-11 09:00:00
CUST00001145,Kunal Mehta,F,2002-03-15,2018-03-13,True,REGULAR,GEO000027,2025-12-14 09:00:00
CUST00001146,Diya Patel,M,2001-03-23,2019-02-22,False,BUDGET,GEO000057,2025-12-23 09:00:00
CUST00001147,Aditi Mehta,M,1975-03-04,2025-01-17,False,REGULAR,GEO000002,2025-11-04 09:00:00
CUST00001148,Neha Bhat,M,2000-10-29,2022-05-22,False,BUDGET,GEO000012,2025-08-10 09:00:00
CUST00001149,Anaya Reddy,M,1976-10-24,2018-01-01,False,REGULAR,GEO000053,2025-11-14 09:00:00
CUST00001150,Vivaan Sharma,F,1989-11-25,2019-09-04,False,REGULAR,GEO000023,2025-09-08 09:00:00
CUST00001151,Ankit Malhotra,M,1977-03-20,2025-12-11,False,REGULAR,GEO000032,2025-08-19 09:00:00
CUST00001152,Rohit Goswami,M,1977-12-11,2020-10-24,False,BUDGET,GEO000034,2025-10-26 09:00:00
CUST00001153,Aarav Dutta,M,1976-07-02,2018-02-25,False,BUDGET,GEO000010,2025-08-28 09:00:00
CUST00001154,Varun Joshi,F,1976-12-14,2021-06-19,False,BUDGET,GEO000038,2025-11-13 09:00:00
CUST00001155,Aditi Kapoor,F,2007-11-05,2022-08-14,True,PREMIUM,GEO000002,2025-12-31 09:00:00
CUST00001156,Suresh Gupta,F,1970-11-20,2021-09-06,False,REGULAR,GEO000005,2025-10-23 09:00:00
CUST00001157,Deepak Nair,M,2006-05-03,2025-06-15,True,BUDGET,GEO000036,2025-10-30 09:00:00
CUST00001158,Vikram Saxena,M,1993-06-16,2024-11-19,False,REGULAR,GEO000013,2026-02-02 09:00:00
CUST00001159,Neha Kapoor,F,1988-01-27,2018-11-09,False,REGULAR,GEO000025,2025-11-03 09:00:00
CUST00001160,Vihaan Thakur,F,1998-08-07,2021-02-03,True,REGULAR,GEO000040,2025-08-14 09:00:00
CUST00001161,Manish Mehta,M,1998-01-11,2019-11-13,False,BUDGET,GEO000048,2025-10-09 09:00:00
CUST00001162,Diya Dutta,M,1980-02-06,2020-06-05,False,REGULAR,GEO000038,2025-09-30 09:00:00
CUST00001163,Nikhil Singh,F,1992-07-05,2018-06-13,True,BUDGET,GEO000031,2025-11-09 09:00:00
CUST00001164,Aditya Dutta,F,1972-11-22,2024-09-02,False,REGULAR,GEO000012,2026-01-25 09:00:00
CUST00001165,Sanjana Patel,F,1975-05-30,2022-03-03,False,PREMIUM,GEO000009,2025-09-27 09:00:00
CUST00001166,Kavya Mishra,M,1991-03-13,2021-03-09,False,PREMIUM,GEO000049,2025-09-09 09:00:00
CUST00001167,Vivaan Mishra,M,1998-10-13,2021-10-06,False,REGULAR,GEO000026,2025-09-13 09:00:00
CUST00001168,Kavya Chatterjee,F,1994-10-03,2022-12-23,False,REGULAR,GEO000014,2025-10-15 09:00:00
CUST00001169,Aditi Mishra,M,2001-02-03,2022-08-01,False,BUDGET,GEO000021,2026-01-16 09:00:00
CUST00001170,Meera Singh,M,1990-12-18,2023-02-16,False,PREMIUM,GEO000021,2025-08-27 09:00:00
CUST00001171,Diya Iyer,M,1981-01-08,2021-10-27,True,BUDGET,GEO000043,2025-12-06 09:00:00
CUST00001172,Deepak Jain,F,1996-01-27,2018-12-31,False,BUDGET,GEO000030,2025-09-04 09:00:00
CUST00001173,Anaya Mishra,M,1981-12-28,2025-04-03,False,PREMIUM,GEO000014,2025-12-04 09:00:00
CUST00001174,Varun Iyer,F,1972-10-08,2023-06-01,False,REGULAR,GEO000047,2025-12-13 09:00:00
CUST00001175,Neha Kapoor,F,1971-01-22,2024-05-22,False,REGULAR,GEO000016,2026-01-27 09:00:00
CUST00001176,Meera Khan,M,1986-02-15,2024-04-04,True,REGULAR,GEO000055,2026-01-20 09:00:00
CUST00001177,Kunal Gupta,F,1990-02-18,2025-09-04,False,PREMIUM,GEO000027,2025-08-10 09:00:00
CUST00001178,Ankit Chatterjee,M,2007-03-24,2019-03-21,True,REGULAR,GEO000049,2025-11-26 09:00:00
CUST00001179,Deepak Bose,F,2007-11-02,2022-10-08,False,BUDGET,GEO000021,2025-11-23 09:00:00
CUST00001180,Sneha Reddy,F,1982-12-17,2023-04-04,False,BUDGET,GEO000018,2025-09-29 09:00:00
CUST00001181,Rohit Goswami,F,1986-11-20,2020-05-10,False,REGULAR,GEO000045,2025-09-03 09:00:00
CUST00001182,Isha Saxena,F,1978-06-15,2018-04-21,False,REGULAR,GEO000059,2025-08-29 09:00:00
CUST00001183,Manish Pandey,F,1972-01-15,2020-12-31,False,BUDGET,GEO000053,2026-01-07 09:00:00
CUST00001184,Aditi Saxena,F,1978-01-04,2018-07-10,False,BUDGET,GEO000047,2025-08-29 09:00:00
CUST00001185,Deepak Sharma,F,1986-05-19,2022-04-24,False,REGULAR,GEO000035,2025-11-02 09:00:00
CUST00001186,Kiran Jain,M,1987-01-29,2019-07-11,False,PREMIUM,GEO000037,2026-01-07 09:00:00
CUST00001187,Vihaan Mehta,M,1980-03-16,2022-09-28,True,BUDGET,GEO000025,2025-09-19 09:00:00
CUST00001188,Deepak Gupta,M,1988-03-04,2023-02-15,False,REGULAR,GEO000004,2025-09-03 09:00:00
CUST00001189,Deepak Jain,F,2005-08-23,2024-12-20,False,BUDGET,GEO000031,2025-12-27 09:00:00
CUST00001190,Isha Verma,F,1984-10-12,2023-12-21,False,REGULAR,GEO000046,2025-12-14 09:00:00
CUST00001191,Kavya Mishra,M,2007-11-03,2018-08-11,False,BUDGET,GEO000018,2025-10-31 09:00:00
CUST00001192,Manish Goswami,F,1986-07-07,2018-12-31,False,REGULAR,GEO000031,2025-12-12 09:00:00
CUST00001193,Aditi Mishra,F,1970-10-22,2022-08-01,False,BUDGET,GEO000028,2025-12-09 09:00:00
CUST00001194,Ankit Chatterjee,F,2005-04-06,2022-09-06,True,REGULAR,GEO000036,2025-12-14 09:00:00
CUST00001195,Kiran Singh,F,2007-07-03,2021-10-18,False,BUDGET,GEO000011,2025-12-18 09:00:00
CUST00001196,Aditya Sharma,F,2002-07-30,2022-01-23,False,PREMIUM,GEO000046,2025-08-08 09:00:00
CUST00001197,Vivaan Mehta,F,2000-07-02,2024-10-04,True,BUDGET,GEO000036,2025-12-26 09:00:00
CUST00001198,Riya Mehta,M,1980-08-26,2022-10-30,False,BUDGET,GEO000019,2026-01-27 09:00:00
CUST00001199,Pooja Das,F,1975-03-31,2018-11-18,False,REGULAR,GEO000035,2025-09-06 09:00:00
CUST00001200,Isha Kapoor,M,2006-11-21,2022-07-25,False,REGULAR,GEO000038,2025-12-28 09:00:00
CUST00001201,Kiran Iyer,M,1987-06-07,2024-01-23,True,PREMIUM,GEO000028,2026-01-13 09:00:00
CUST00001202,Nikhil Mishra,M,1977-07-05,2024-05-28,False,PREMIUM,GEO000028,2025-12-30 09:00:00
CUST00001203,Kavya Bhat,F,2003-02-28,2023-03-07,True,PREMIUM,GEO000037,2025-10-08 09:00:00
CUST00001204,Riya Mehta,F,2003-11-19,2022-05-03,False,REGULAR,GEO000044,2025-10-18 09:00:00
CUST00001205,Aarav Goswami,F,1986-01-08,2020-02-28,False,BUDGET,GEO000018,2025-09-13 09:00:00
CUST00001206,Meera Nair,F,1997-11-11,2018-10-21,False,REGULAR,GEO000011,2025-11-22 09:00:00
CUST00001207,Varun Gupta,M,1971-08-23,2023-01-23,False,REGULAR,GEO000005,2025-08-16 09:00:00
CUST00001208,Nikhil Verma,F,2006-02-21,2021-07-22,True,BUDGET,GEO000029,2025-09-18 09:00:00
CUST00001209,Priya Pandey,M,1999-07-09,2019-04-30,False,BUSINESS,GEO000023,2025-08-31 09:00:00
CUST00001210,Sanjana Bhat,F,1999-02-18,2018-11-26,True,BUDGET,GEO000021,2025-12-21 09:00:00
CUST00001211,Sanjana Gupta,F,1981-06-07,2025-07-25,False,BUDGET,GEO000008,2025-12-17 09:00:00
CUST00001212,Isha Gupta,F,1975-05-07,2021-04-21,False,PREMIUM,GEO000018,2025-11-25 09:00:00
CUST00001213,Shreya Kulkarni,F,1981-09-16,2021-07-03,False,REGULAR,GEO000004,2025-12-21 09:00:00
CUST00001214,Kiran Kulkarni,F,1978-02-09,2018-02-08,False,REGULAR,GEO000023,2025-11-09 09:00:00
CUST00001215,Kavya Jain,F,1992-05-26,2020-09-23,False,REGULAR,GEO000027,2025-11-23 09:00:00
CUST00001216,Vivaan Dutta,M,1999-12-12,2023-06-26,True,REGULAR,GEO000050,2025-11-09 09:00:00
CUST00001217,Arjun Kapoor,F,2003-09-28,2020-05-15,False,BUDGET,GEO000041,2025-11-19 09:00:00
CUST00001218,Kunal Singh,F,1989-08-01,2020-02-09,False,REGULAR,GEO000006,2025-10-21 09:00:00
CUST00001219,Aditi Mishra,F,1972-05-21,2019-09-08,False,REGULAR,GEO000013,2025-11-03 09:00:00
CUST00001220,Neha Mishra,M,1972-02-17,2022-06-21,False,REGULAR,GEO000048,2026-01-25 09:00:00
CUST00001221,Aarav Reddy,F,1982-08-23,2018-05-02,False,BUDGET,GEO000022,2025-11-15 09:00:00
CUST00001222,Priya Nair,F,2003-01-31,2023-10-14,False,BUDGET,GEO000024,2025-09-03 09:00:00
CUST00001223,Isha Khan,F,1983-11-17,2022-03-27,False,BUDGET,GEO000051,2025-11-01 09:00:00
CUST00001224,Isha Kapoor,M,1970-12-18,2025-02-26,False,REGULAR,GEO000044,2025-08-15 09:00:00
CUST00001225,Diya Khan,F,2004-10-05,2021-01-08,False,REGULAR,GEO000009,2025-08-27 09:00:00
CUST00001226,Kunal Sharma,F,2006-05-25,2021-12-30,False,REGULAR,GEO000021,2025-08-29 09:00:00
CUST00001227,Deepak Pandey,M,2004-08-09,2021-12-16,False,BUDGET,GEO000046,2026-01-16 09:00:00
CUST00001228,Kavya Sharma,F,1982-05-14,2024-01-03,False,PREMIUM,GEO000011,2026-01-07 09:00:00
CUST00001229,Diya Pandey,M,1972-10-09,2022-02-24,False,REGULAR,GEO000017,2025-10-02 09:00:00
CUST00001230,Rohit Malhotra,M,1977-06-07,2019-04-07,False,REGULAR,GEO000028,2025-08-09 09:00:00
CUST00001231,Varun Pandey,F,1980-11-12,2018-04-22,False,BUDGET,GEO000045,2026-01-23 09:00:00
CUST00001232,Aditya Bhat,M,1979-06-24,2022-10-08,False,REGULAR,GEO000006,2025-09-11 09:00:00
CUST00001233,Shreya Pandey,F,1986-10-02,2023-05-23,False,BUSINESS,GEO000053,2025-11-08 09:00:00
CUST00001234,Kiran Saxena,M,1997-11-01,2024-09-17,False,REGULAR,GEO000036,2025-12-11 09:00:00
CUST00001235,Sneha Chatterjee,F,1984-05-15,2019-02-26,False,PREMIUM,GEO000041,2026-01-14 09:00:00
CUST00001236,Isha Mehta,M,2003-04-09,2021-01-14,True,REGULAR,GEO000012,2025-10-14 09:00:00
CUST00001237,Vihaan Sharma,M,1979-04-02,2023-10-05,False,PREMIUM,GEO000044,2025-08-21 09:00:00
CUST00001238,Riya Dutta,M,2003-10-04,2021-03-13,False,BUDGET,GEO000035,2026-02-02 09:00:00
CUST00001239,Meera Nair,M,1993-05-19,2020-03-13,False,REGULAR,GEO000003,2025-12-16 09:00:00
CUST00001240,Meera Jain,F,1970-04-01,2018-11-01,False,PREMIUM,GEO000023,2026-01-27 09:00:00
CUST00001241,Suresh Iyer,M,1979-08-01,2021-12-21,False,PREMIUM,GEO000011,2025-08-16 09:00:00
CUST00001242,Anaya Iyer,M,1994-02-04,2022-09-03,False,PREMIUM,GEO000037,2026-01-22 09:00:00
CUST00001243,Sai Chatterjee,F,1996-02-19,2018-11-17,True,BUSINESS,GEO000020,2025-11-21 09:00:00
CUST00001244,Priya Saxena,M,1975-12-21,2019-10-12,False,REGULAR,GEO000008,2025-12-14 09:00:00
CUST00001245,Rohit Dutta,M,1984-01-23,2020-04-05,False,REGULAR,GEO000038,2026-01-01 09:00:00
CUST00001246,Pooja Das,M,2001-04-17,2023-08-18,False,REGULAR,GEO000020,2025-12-23 09:00:00
CUST00001247,Neha Bose,M,1983-02-05,2025-11-27,False,REGULAR,GEO000053,2025-12-25 09:00:00
CUST00001248,Aditi Mehta,F,2004-12-15,2018-10-05,False,PREMIUM,GEO000015,2025-10-13 09:00:00
CUST00001249,Ankit Kapoor,M,1990-09-30,2018-01-31,False,REGULAR,GEO000057,2025-11-06 09:00:00
CUST00001250,Vikram Mishra,M,1975-03-31,2025-02-09,True,PREMIUM,GEO000058,2025-11-04 09:00:00
CUST00001251,Diya Malhotra,M,2000-02-12,2024-09-22,True,REGULAR,GEO000057,2025-08-28 09:00:00
CUST00001252,Diya Mehta,F,2003-01-11,2025-12-14,False,REGULAR,GEO000009,2025-10-07 09:00:00
CUST00001253,Riya Saxena,F,1977-04-16,2021-10-31,False,REGULAR,GEO000036,2026-01-08 09:00:00
CUST00001254,Sai Yadav,M,1989-04-10,2020-02-05,False,REGULAR,GEO000045,2025-10-21 09:00:00
CUST00001255,Ankit Reddy,M,1996-12-03,2025-02-16,False,REGULAR,GEO000033,2026-01-01 09:00:00
CUST00001256,Kiran Gupta,F,1981-05-16,2025-08-23,False,REGULAR,GEO000015,2026-01-24 09:00:00
CUST00001257,Aditya Patel,M,1986-04-11,2021-10-14,False,PREMIUM,GEO000058,2025-10-10 09:00:00
CUST00001258,Kiran Saxena,M,1978-06-12,2019-11-02,False,BUDGET,GEO000013,2025-10-22 09:00:00
CUST00001259,Aditi Patel,M,1977-02-17,2025-09-17,False,REGULAR,GEO000012,2025-09-21 09:00:00
CUST00001260,Manish Kulkarni,F,1998-07-16,2025-05-19,True,REGULAR,GEO000046,2025-11-19 09:00:00
CUST00001261,Kunal Thakur,M,1998-10-07,2020-01-01,False,BUDGET,GEO000044,2026-01-05 09:00:00
CUST00001262,Suresh Mishra,F,2004-07-17,2024-03-22,True,REGULAR,GEO000020,2025-08-17 09:00:00
CUST00001263,Vivaan Iyer,F,1982-09-22,2025-08-22,False,REGULAR,GEO000038,2025-12-03 09:00:00
CUST00001264,Priya Bose,M,2002-06-24,2023-02-11,False,BUDGET,GEO000026,2025-12-13 09:00:00
CUST00001265,Manish Mishra,M,1992-10-21,2023-09-07,False,BUDGET,GEO000011,2025-12-07 09:00:00
CUST00001266,Vivaan Mehta,F,1992-09-29,2020-10-12,False,PREMIUM,GEO000056,2026-01-14 09:00:00
CUST00001267,Isha Jain,F,2001-06-05,2018-07-23,True,REGULAR,GEO000026,2025-10-31 09:00:00
CUST00001268,Kunal Joshi,M,2002-06-04,2024-09-07,False,BUDGET,GEO000051,2025-08-12 09:00:00
CUST00001269,Sneha Saxena,F,1984-12-05,2023-09-28,False,REGULAR,GEO000047,2025-10-06 09:00:00
CUST00001270,Kavya Singh,M,1993-07-25,2020-01-27,True,REGULAR,GEO000046,2025-11-01 09:00:00
CUST00001271,Meera Malhotra,M,1999-10-11,2023-09-22,False,BUDGET,GEO000057,2025-12-01 09:00:00
CUST00001272,Isha Mehta,F,2003-03-20,2024-11-08,False,REGULAR,GEO000008,2025-12-29 09:00:00
CUST00001273,Meera Kapoor,F,2003-11-27,2025-03-01,False,REGULAR,GEO000006,2026-01-31 09:00:00
CUST00001274,Riya Iyer,F,2005-12-04,2023-05-30,True,BUDGET,GEO000023,2025-12-11 09:00:00
CUST00001275,Riya Thakur,F,2006-03-06,2021-09-28,False,PREMIUM,GEO000051,2025-09-11 09:00:00
CUST00001276,Anaya Goswami,M,1994-03-21,2025-11-03,False,PREMIUM,GEO000010,2025-11-07 09:00:00
CUST00001277,Shreya Reddy,M,2001-01-15,2025-12-28,False,BUDGET,GEO000035,2026-01-11 09:00:00
CUST00001278,Pooja Bose,F,1975-03-30,2020-09-30,True,REGULAR,GEO000043,2025-11-05 09:00:00
CUST00001279,Nikhil Saxena,F,1991-01-24,2022-07-01,False,REGULAR,GEO000037,2026-02-04 09:00:00
CUST00001280,Arjun Bhat,M,1995-04-08,2020-08-07,False,PREMIUM,GEO000022,2025-09-06 09:00:00
CUST00001281,Ankit Singh,F,1987-06-11,2023-01-29,False,REGULAR,GEO000021,2026-01-21 09:00:00
CUST00001282,Sneha Iyer,M,1989-11-22,2025-08-14,True,REGULAR,GEO000013,2025-10-29 09:00:00
CUST00001283,Arjun Nair,M,2007-08-31,2020-11-30,True,BUDGET,GEO000048,2025-08-18 09:00:00
CUST00001284,Kavya Bhat,M,1996-10-03,2023-12-18,False,BUDGET,GEO000047,2025-12-11 09:00:00
CUST00001285,Suresh Das,F,1984-04-01,2023-12-07,False,REGULAR,GEO000041,2025-11-14 09:00:00
CUST00001286,Diya Malhotra,F,2006-05-10,2022-07-31,False,BUSINESS,GEO000033,2025-08-15 09:00:00
CUST00001287,Sai Sharma,M,1993-02-25,2023-07-21,True,PREMIUM,GEO000026,2025-11-21 09:00:00
CUST00001288,Rohit Goswami,F,1995-02-20,2020-01-29,False,REGULAR,GEO000049,2025-10-05 09:00:00
CUST00001289,Meera Dutta,F,1992-10-13,2018-11-12,False,BUDGET,GEO000006,2025-10-02 09:00:00
CUST00001290,Deepak Reddy,F,1994-08-31,2018-04-02,False,PREMIUM,GEO000034,2025-08-18 09:00:00
CUST00001291,Isha Saxena,M,1985-11-24,2022-06-07,True,BUDGET,GEO000027,2025-08-29 09:00:00
CUST00001292,Isha Bose,M,2007-10-30,2025-12-10,False,BUDGET,GEO000020,2025-12-21 09:00:00
CUST00001293,Isha Malhotra,F,1978-02-26,2019-10-27,False,REGULAR,GEO000050,2025-08-21 09:00:00
CUST00001294,Suresh Jain,M,2003-10-20,2023-10-15,False,BUDGET,GEO000045,2025-10-12 09:00:00
CUST00001295,Kavya Kapoor,M,2001-08-31,2020-11-01,False,BUSINESS,GEO000056,2025-10-10 09:00:00
CUST00001296,Arjun Verma,F,1978-07-15,2024-04-24,False,REGULAR,GEO000011,2025-09-13 09:00:00
CUST00001297,Sai Saxena,M,1993-08-02,2019-03-19,False,PREMIUM,GEO000037,2025-08-20 09:00:00
CUST00001298,Vihaan Verma,M,1994-02-02,2021-10-17,False,BUDGET,GEO000047,2025-12-28 09:00:00
CUST00001299,Anaya Das,M,1988-02-22,2023-09-28,True,BUDGET,GEO000005,2025-10-07 09:00:00
CUST00001300,Neha Joshi,M,1975-03-14,2020-09-30,True,PREMIUM,GEO000030,2025-11-17 09:00:00
CUST00001301,Vikram Dutta,M,2004-07-09,2024-01-26,False,REGULAR,GEO000050,2025-11-03 09:00:00
CUST00001302,Vihaan Jain,F,2006-09-08,2024-11-29,False,BUDGET,GEO000014,2025-08-08 09:00:00
CUST00001303,Riya Sharma,F,2002-06-29,2025-04-14,False,PREMIUM,GEO000040,2025-09-02 09:00:00
CUST00001304,Shreya Pandey,M,1995-08-14,2021-02-09,False,REGULAR,GEO000012,2026-01-11 09:00:00
CUST00001305,Manish Mishra,M,1973-08-21,2018-11-29,False,PREMIUM,GEO000008,2025-11-08 09:00:00
CUST00001306,Sai Mehta,M,1973-09-17,2025-03-02,False,REGULAR,GEO000019,2025-10-10 09:00:00
CUST00001307,Aditya Das,M,1984-12-02,2021-05-31,True,REGULAR,GEO000051,2025-09-12 09:00:00
CUST00001308,Rahul Dutta,M,1984-05-26,2019-07-25,True,REGULAR,GEO000027,2025-10-13 09:00:00
CUST00001309,Manish Malhotra,M,1983-05-04,2021-08-30,False,REGULAR,GEO000052,2025-11-06 09:00:00
CUST00001310,Aditi Khan,F,1984-10-05,2019-07-24,False,BUSINESS,GEO000013,2026-01-25 09:00:00
CUST00001311,Kavya Joshi,F,1987-09-20,2024-02-07,False,BUDGET,GEO000046,2025-09-25 09:00:00
CUST00001312,Priya Bose,F,1973-11-18,2021-11-21,False,BUDGET,GEO000047,2025-11-20 09:00:00
CUST00001313,Varun Reddy,F,1971-08-21,2022-12-26,False,REGULAR,GEO000058,2025-12-16 09:00:00
CUST00001314,Pooja Jain,F,1986-10-29,2024-03-13,False,BUDGET,GEO000009,2025-12-26 09:00:00
CUST00001315,Suresh Saxena,M,1982-01-04,2023-01-18,False,REGULAR,GEO000014,2025-11-10 09:00:00
CUST00001316,Anaya Pandey,M,1986-06-10,2019-01-04,True,REGULAR,GEO000023,2025-08-31 09:00:00
CUST00001317,Aditi Dutta,M,1996-10-15,2023-02-24,False,REGULAR,GEO000019,2026-01-09 09:00:00
CUST00001318,Manish Reddy,F,1988-07-11,2018-07-26,False,BUDGET,GEO000056,2025-10-23 09:00:00
CUST00001319,Rahul Iyer,F,1985-01-09,2020-08-21,False,REGULAR,GEO000007,2025-10-29 09:00:00
CUST00001320,Shreya Patel,F,1973-02-02,2018-11-16,False,REGULAR,GEO000044,2025-09-27 09:00:00
CUST00001321,Vikram Singh,M,1976-09-20,2022-08-29,False,BUDGET,GEO000042,2025-10-19 09:00:00
CUST00001322,Kiran Mishra,F,1975-12-05,2022-12-15,True,PREMIUM,GEO000025,2025-12-04 09:00:00
CUST00001323,Sanjana Patel,M,1971-11-06,2022-09-26,False,BUDGET,GEO000023,2025-12-05 09:00:00
CUST00001324,Arjun Chatterjee,M,2000-06-03,2020-12-27,False,REGULAR,GEO000051,2025-11-03 09:00:00
CUST00001325,Kiran Sharma,M,1994-11-18,2025-04-01,False,BUDGET,GEO000019,2025-11-30 09:00:00
CUST00001326,Isha Goswami,M,1986-10-09,2019-05-13,False,REGULAR,GEO000041,2025-09-06 09:00:00
CUST00001327,Pooja Reddy,F,1980-06-11,2020-05-16,False,REGULAR,GEO000017,2025-11-12 09:00:00
CUST00001328,Isha Malhotra,F,1989-07-02,2018-05-27,False,BUDGET,GEO000036,2025-11-20 09:00:00
CUST00001329,Kavya Singh,M,1990-02-26,2018-07-04,False,PREMIUM,GEO000030,2025-12-07 09:00:00
CUST00001330,Riya Khan,F,1998-05-03,2018-08-20,False,REGULAR,GEO000024,2025-08-20 09:00:00
CUST00001331,Aditya Mishra,F,1986-04-15,2020-02-03,True,REGULAR,GEO000031,2025-12-06 09:00:00
CUST00001332,Anaya Mehta,M,1985-03-30,2020-11-25,True,BUDGET,GEO000003,2025-12-24 09:00:00
CUST00001333,Vikram Singh,F,1991-10-09,2023-11-20,False,REGULAR,GEO000012,2026-01-19 09:00:00
CUST00001334,Vikram Verma,M,1972-05-07,2024-02-11,True,BUDGET,GEO000021,2025-12-15 09:00:00
CUST00001335,Arjun Gupta,F,1977-12-12,2022-09-23,True,BUDGET,GEO000022,2025-12-03 09:00:00
CUST00001336,Aarav Thakur,F,2005-12-16,2019-06-03,True,PREMIUM,GEO000050,2025-09-15 09:00:00
CUST00001337,Aditi Kapoor,M,2003-05-25,2019-05-07,False,BUDGET,GEO000052,2025-10-12 09:00:00
CUST00001338,Aditya Sharma,F,1980-03-03,2020-05-20,True,BUDGET,GEO000009,2025-09-22 09:00:00
CUST00001339,Sai Chatterjee,M,1980-12-30,2025-04-19,False,BUDGET,GEO000057,2025-09-13 09:00:00
CUST00001340,Rohit Reddy,M,1998-03-08,2025-07-07,False,BUDGET,GEO000026,2025-10-22 09:00:00
CUST00001341,Sneha Nair,M,1994-08-28,2018-04-16,True,BUDGET,GEO000014,2025-08-19 09:00:00
CUST00001342,Manish Bose,F,2003-10-15,2020-12-14,False,BUDGET,GEO000020,2025-12-10 09:00:00
CUST00001343,Rohit Verma,M,2006-07-21,2023-07-06,False,BUDGET,GEO000049,2025-08-10 09:00:00
CUST00001344,Sanjana Mehta,M,1977-06-05,2020-05-01,False,REGULAR,GEO000011,2026-01-10 09:00:00
CUST00001345,Sneha Pandey,F,1994-02-05,2024-07-07,False,BUDGET,GEO000058,2025-08-15 09:00:00
CUST00001346,Kavya Pandey,F,1972-02-17,2022-04-29,False,BUDGET,GEO000002,2025-10-27 09:00:00
CUST00001347,Vivaan Nair,F,1993-06-02,2020-11-24,False,PREMIUM,GEO000029,2025-08-29 09:00:00
CUST00001348,Vikram Bhat,F,2007-12-26,2019-09-14,True,BUDGET,GEO000036,2026-01-27 09:00:00
CUST00001349,Suresh Bhat,F,2000-12-27,2020-11-18,False,BUDGET,GEO000030,2025-10-16 09:00:00
CUST00001350,Isha Singh,M,1970-04-08,2018-09-20,False,REGULAR,GEO000025,2025-11-08 09:00:00
CUST00001351,Anaya Das,F,1986-06-24,2020-04-26,False,REGULAR,GEO000018,2025-08-11 09:00:00
CUST00001352,Manish Khan,M,1995-02-28,2021-04-21,False,REGULAR,GEO000047,2025-11-30 09:00:00
CUST00001353,Sneha Kulkarni,M,1973-06-04,2025-03-02,False,PREMIUM,GEO000039,2026-01-12 09:00:00
CUST00001354,Pooja Joshi,M,2005-05-08,2019-05-24,False,REGULAR,GEO000050,2026-01-26 09:00:00
CUST00001355,Vivaan Iyer,F,1990-04-12,2024-10-02,False,BUDGET,GEO000030,2025-08-25 09:00:00
CUST00001356,Manish Sharma,F,2006-08-24,2019-12-08,False,BUDGET,GEO000033,2026-01-30 09:00:00
CUST00001357,Sai Pandey,M,1970-11-20,2021-04-07,True,PREMIUM,GEO000022,2026-01-13 09:00:00
CUST00001358,Vihaan Kapoor,M,2000-04-08,2021-09-30,True,REGULAR,GEO000035,2025-12-18 09:00:00
CUST00001359,Aditya Singh,M,1977-04-28,2022-07-18,True,REGULAR,GEO000010,2026-01-01 09:00:00
CUST00001360,Neha Sharma,M,1971-10-17,2025-06-10,False,BUDGET,GEO000046,2026-01-13 09:00:00
CUST00001361,Varun Pandey,F,1976-08-01,2020-10-24,False,REGULAR,GEO000016,2025-09-09 09:00:00
CUST00001362,Aditi Gupta,F,2007-01-25,2024-06-20,False,BUDGET,GEO000005,2025-08-09 09:00:00
CUST00001363,Kunal Kulkarni,M,2001-04-29,2024-08-12,False,BUDGET,GEO000017,2025-09-30 09:00:00
CUST00001364,Aarav Nair,M,1972-02-08,2021-03-18,True,PREMIUM,GEO000021,2026-01-11 09:00:00
CUST00001365,Aditya Mehta,M,1988-12-31,2024-07-09,True,REGULAR,GEO000053,2026-01-12 09:00:00
CUST00001366,Aarav Thakur,F,1993-04-09,2024-04-26,True,PREMIUM,GEO000057,2025-12-27 09:00:00
CUST00001367,Kunal Singh,M,1987-03-21,2019-07-27,False,REGULAR,GEO000030,2025-11-15 09:00:00
CUST00001368,Sneha Khan,F,1977-12-16,2025-04-27,False,REGULAR,GEO000041,2026-01-31 09:00:00
CUST00001369,Sneha Joshi,F,1987-01-21,2022-02-19,False,BUSINESS,GEO000050,2025-11-14 09:00:00
CUST00001370,Rohit Jain,M,1983-06-19,2019-04-10,True,REGULAR,GEO000054,2025-12-21 09:00:00
CUST00001371,Aditi Dutta,M,1975-11-01,2018-12-02,False,BUDGET,GEO000030,2025-12-13 09:00:00
CUST00001372,Vikram Kapoor,M,1980-05-12,2018-06-07,True,REGULAR,GEO000009,2025-09-01 09:00:00
CUST00001373,Varun Dutta,M,1997-08-05,2023-08-21,True,BUDGET,GEO000056,2025-10-15 09:00:00
CUST00001374,Varun Patel,F,1986-07-04,2023-01-29,False,REGULAR,GEO000008,2025-09-28 09:00:00
CUST00001375,Deepak Mishra,F,2001-11-19,2022-04-10,False,PREMIUM,GEO000037,2025-09-19 09:00:00
CUST00001376,Kavya Saxena,F,1979-08-02,2020-02-15,False,PREMIUM,GEO000025,2025-11-23 09:00:00
CUST00001377,Sanjana Singh,M,1981-06-15,2025-10-18,True,BUDGET,GEO000040,2025-08-25 09:00:00
CUST00001378,Kiran Bhat,F,1992-09-09,2022-11-22,False,REGULAR,GEO000052,2025-09-08 09:00:00
CUST00001379,Aarav Sharma,F,1979-10-28,2020-08-09,False,BUDGET,GEO000049,2025-10-31 09:00:00
CUST00001380,Pooja Reddy,F,1972-09-12,2018-07-23,True,REGULAR,GEO000028,2025-11-02 09:00:00
CUST00001381,Diya Chatterjee,F,1971-09-16,2022-03-26,True,REGULAR,GEO000041,2025-09-12 09:00:00
CUST00001382,Kavya Joshi,F,1973-01-08,2023-08-12,False,REGULAR,GEO000041,2026-01-02 09:00:00
CUST00001383,Neha Yadav,M,1973-10-27,2020-05-21,True,PREMIUM,GEO000029,2025-11-06 09:00:00
CUST00001384,Suresh Singh,M,1976-05-23,2025-03-27,False,PREMIUM,GEO000016,2025-10-13 09:00:00
CUST00001385,Sneha Mehta,M,1975-09-29,2022-12-03,False,BUDGET,GEO000001,2025-10-27 09:00:00
CUST00001386,Nikhil Malhotra,F,1974-09-12,2023-03-29,True,BUDGET,GEO000058,2026-01-19 09:00:00
CUST00001387,Rahul Mehta,M,1977-11-20,2018-05-08,False,BUDGET,GEO000033,2025-12-23 09:00:00
CUST00001388,Aditi Singh,M,1983-08-19,2021-01-16,False,REGULAR,GEO000019,2025-11-28 09:00:00
CUST00001389,Aditya Malhotra,F,1983-04-15,2023-11-04,False,BUSINESS,GEO000058,2025-12-15 09:00:00
CUST00001390,Riya Bhat,M,2001-11-15,2020-05-29,True,REGULAR,GEO000059,2026-01-10 09:00:00
CUST00001391,Vihaan Singh,M,1976-09-28,2024-12-09,False,PREMIUM,GEO000033,2025-09-22 09:00:00
CUST00001392,Riya Nair,M,1978-06-01,2019-02-11,True,REGULAR,GEO000032,2025-11-30 09:00:00
CUST00001393,Ankit Iyer,M,1990-09-20,2023-05-14,False,BUDGET,GEO000037,2026-01-07 09:00:00
CUST00001394,Anaya Verma,F,1986-02-16,2023-01-01,False,PREMIUM,GEO000026,2025-10-07 09:00:00
CUST00001395,Ankit Reddy,M,1981-06-13,2021-11-23,True,PREMIUM,GEO000031,2025-09-10 09:00:00
CUST00001396,Vikram Das,F,1991-07-05,2023-06-12,False,REGULAR,GEO000035,2025-10-20 09:00:00
CUST00001397,Suresh Nair,F,1973-03-28,2020-05-23,True,REGULAR,GEO000029,2025-10-31 09:00:00
CUST00001398,Sai Mehta,F,2005-03-11,2018-02-27,True,PREMIUM,GEO000027,2026-01-09 09:00:00
CUST00001399,Vihaan Reddy,M,1976-12-10,2025-02-06,False,REGULAR,GEO000055,2026-01-17 09:00:00
CUST00001400,Arjun Mehta,F,1978-02-06,2021-04-24,False,REGULAR,GEO000037,2026-02-03 09:00:00
CUST00001401,Neha Iyer,F,1997-10-22,2019-05-20,False,REGULAR,GEO000002,2025-12-18 09:00:00
CUST00001402,Sanjana Sharma,M,1992-06-24,2019-08-27,False,BUDGET,GEO000025,2025-09-24 09:00:00
CUST00001403,Aarav Jain,F,1996-06-04,2025-09-01,False,PREMIUM,GEO000053,2025-09-06 09:00:00
CUST00001404,Kunal Verma,F,1971-11-06,2023-06-04,True,REGULAR,GEO000010,2025-11-17 09:00:00
CUST00001405,Kavya Patel,M,2003-01-27,2023-07-30,False,REGULAR,GEO000050,2026-01-06 09:00:00
CUST00001406,Riya Pandey,F,1991-10-01,2024-10-03,False,REGULAR,GEO000032,2025-11-08 09:00:00
CUST00001407,Shreya Thakur,M,1995-06-05,2024-01-06,False,BUDGET,GEO000029,2025-11-04 09:00:00
CUST00001408,Anaya Sharma,M,1987-04-04,2018-08-21,False,BUDGET,GEO000020,2025-11-05 09:00:00
CUST00001409,Kiran Iyer,M,1983-07-24,2023-07-03,True,PREMIUM,GEO000022,2025-11-06 09:00:00
CUST00001410,Riya Gupta,M,1992-11-24,2019-03-01,True,PREMIUM,GEO000043,2025-10-29 09:00:00
CUST00001411,Varun Goswami,F,1998-05-31,2020-05-28,True,BUDGET,GEO000059,2025-09-26 09:00:00
CUST00001412,Vihaan Goswami,F,1981-07-05,2023-02-16,False,BUDGET,GEO000057,2026-01-02 09:00:00
CUST00001413,Riya Bose,F,1992-07-09,2025-04-10,False,BUDGET,GEO000007,2025-12-19 09:00:00
CUST00001414,Rohit Khan,F,2004-03-03,2020-05-29,False,PREMIUM,GEO000056,2025-10-11 09:00:00
CUST00001415,Rohit Bose,F,1992-05-01,2020-04-17,True,PREMIUM,GEO000004,2025-08-31 09:00:00
CUST00001416,Varun Saxena,M,1998-07-19,2022-11-10,False,BUSINESS,GEO000052,2025-10-22 09:00:00
CUST00001417,Kiran Iyer,M,1978-10-22,2020-06-07,False,REGULAR,GEO000029,2025-12-09 09:00:00
CUST00001418,Shreya Singh,F,2001-11-26,2024-09-11,False,PREMIUM,GEO000055,2026-01-10 09:00:00
CUST00001419,Aditya Kapoor,F,1997-11-05,2022-10-23,False,BUSINESS,GEO000051,2025-12-29 09:00:00
CUST00001420,Kavya Chatterjee,F,1987-11-07,2019-06-16,False,BUDGET,GEO000006,2025-08-25 09:00:00
CUST00001421,Kiran Iyer,F,1998-07-05,2019-03-10,False,REGULAR,GEO000020,2025-11-05 09:00:00
CUST00001422,Varun Mehta,M,1999-03-21,2021-04-24,False,REGULAR,GEO000047,2025-12-31 09:00:00
CUST00001423,Kunal Sharma,F,2006-05-09,2020-10-04,False,REGULAR,GEO000027,2026-01-31 09:00:00
CUST00001424,Arjun Joshi,M,1994-08-14,2023-07-08,True,REGULAR,GEO000024,2025-10-16 09:00:00
CUST00001425,Nikhil Kapoor,M,2000-08-15,2025-03-06,True,REGULAR,GEO000055,2025-08-14 09:00:00
CUST00001426,Kavya Malhotra,F,2005-11-17,2022-03-08,False,PREMIUM,GEO000001,2025-10-19 09:00:00
CUST00001427,Vivaan Nair,M,1978-11-29,2022-11-12,True,REGULAR,GEO000017,2025-08-15 09:00:00
CUST00001428,Priya Bhat,M,1978-09-15,2020-07-27,False,REGULAR,GEO000057,2025-12-06 09:00:00
CUST00001429,Neha Kulkarni,M,1977-06-28,2019-02-10,False,REGULAR,GEO000007,2025-12-25 09:00:00
CUST00001430,Manish Saxena,M,1978-11-13,2025-11-29,False,REGULAR,GEO000034,2025-08-15 09:00:00
CUST00001431,Nikhil Bose,M,1985-07-22,2021-04-19,False,REGULAR,GEO000058,2025-11-01 09:00:00
CUST00001432,Kunal Goswami,M,2007-10-22,2023-08-15,False,PREMIUM,GEO000046,2025-12-26 09:00:00
CUST00001433,Deepak Patel,M,1973-12-30,2023-04-12,False,REGULAR,GEO000045,2025-12-06 09:00:00
CUST00001434,Vihaan Joshi,M,1989-07-17,2018-01-29,False,REGULAR,GEO000032,2025-09-09 09:00:00
CUST00001435,Meera Joshi,F,1994-03-23,2019-11-08,False,BUDGET,GEO000053,2025-12-14 09:00:00
CUST00001436,Rahul Bose,M,1970-12-04,2022-08-06,False,REGULAR,GEO000040,2025-11-15 09:00:00
CUST00001437,Suresh Kulkarni,M,2003-06-02,2025-05-02,False,BUDGET,GEO000006,2025-11-16 09:00:00
CUST00001438,Sanjana Jain,M,1983-12-25,2021-12-11,False,PREMIUM,GEO000007,2025-12-27 09:00:00
CUST00001439,Kunal Khan,F,1976-01-06,2023-08-20,False,REGULAR,GEO000008,2025-12-25 09:00:00
CUST00001440,Kavya Bhat,F,1979-11-18,2020-02-03,False,BUDGET,GEO000058,2025-12-16 09:00:00
CUST00001441,Vikram Goswami,M,1982-03-20,2024-12-13,False,PREMIUM,GEO000030,2025-09-05 09:00:00
CUST00001442,Vivaan Yadav,M,1998-05-06,2022-01-24,False,REGULAR,GEO000051,2025-12-17 09:00:00
CUST00001443,Deepak Verma,F,1998-03-26,2018-08-18,False,REGULAR,GEO000038,2025-12-27 09:00:00
CUST00001444,Kunal Malhotra,M,1978-07-04,2021-12-21,False,BUDGET,GEO000050,2025-12-26 09:00:00
CUST00001445,Rahul Kulkarni,F,1973-04-27,2019-05-14,False,BUDGET,GEO000035,2026-01-11 09:00:00
CUST00001446,Aditi Goswami,M,2007-01-31,2025-03-12,False,REGULAR,GEO000050,2025-08-13 09:00:00
CUST00001447,Vivaan Bhat,M,2006-04-14,2018-10-28,True,REGULAR,GEO000015,2025-10-25 09:00:00
CUST00001448,Vivaan Chatterjee,M,1981-12-18,2020-08-15,False,REGULAR,GEO000017,2025-12-10 09:00:00
CUST00001449,Arjun Pandey,F,1995-09-21,2018-11-24,False,BUDGET,GEO000005,2025-12-15 09:00:00
CUST00001450,Rahul Chatterjee,F,2005-08-10,2022-11-04,False,BUDGET,GEO000006,2025-09-23 09:00:00
CUST00001451,Isha Joshi,F,1984-12-18,2018-02-11,True,REGULAR,GEO000004,2025-11-02 09:00:00
CUST00001452,Priya Chatterjee,F,1987-02-07,2024-05-30,False,PREMIUM,GEO000021,2025-12-05 09:00:00
CUST00001453,Anaya Joshi,M,1985-03-19,2023-02-04,False,REGULAR,GEO000023,2025-08-16 09:00:00
CUST00001454,Rohit Pandey,M,1995-03-21,2021-10-19,False,REGULAR,GEO000056,2026-01-03 09:00:00
CUST00001455,Kavya Verma,M,1986-01-01,2021-06-17,False,BUDGET,GEO000055,2025-11-18 09:00:00
CUST00001456,Manish Reddy,F,2000-09-02,2018-06-17,True,PREMIUM,GEO000052,2025-11-29 09:00:00
CUST00001457,Varun Mishra,F,1991-08-04,2024-09-13,False,REGULAR,GEO000029,2025-10-16 09:00:00
CUST00001458,Vihaan Khan,M,2002-03-14,2024-02-21,False,BUDGET,GEO000020,2025-09-08 09:00:00
CUST00001459,Sai Malhotra,M,1993-07-04,2018-10-10,False,PREMIUM,GEO000048,2025-11-22 09:00:00
CUST00001460,Sneha Reddy,M,1979-04-22,2023-08-02,True,REGULAR,GEO000019,2025-09-15 09:00:00
CUST00001461,Shreya Patel,F,1979-02-06,2021-08-16,False,REGULAR,GEO000051,2025-10-04 09:00:00
CUST00001462,Sneha Patel,M,2000-02-09,2022-10-22,False,BUDGET,GEO000044,2025-10-14 09:00:00
CUST00001463,Kunal Singh,M,1986-04-26,2018-05-22,True,PREMIUM,GEO000051,2025-09-25 09:00:00
CUST00001464,Isha Gupta,M,1977-06-14,2021-03-11,False,BUDGET,GEO000031,2025-11-02 09:00:00
CUST00001465,Sai Verma,F,1976-09-14,2018-10-09,False,BUDGET,GEO000040,2025-11-09 09:00:00
CUST00001466,Meera Chatterjee,M,1980-12-23,2023-02-10,False,BUDGET,GEO000059,2025-09-01 09:00:00
CUST00001467,Isha Yadav,F,2001-04-13,2021-09-08,True,BUSINESS,GEO000022,2025-11-08 09:00:00
CUST00001468,Sneha Mehta,F,2004-11-28,2018-01-17,True,REGULAR,GEO000051,2025-11-15 09:00:00
CUST00001469,Rahul Nair,F,1991-04-23,2021-03-11,True,PREMIUM,GEO000020,2025-11-26 09:00:00
CUST00001470,Vikram Sharma,M,1976-11-08,2023-05-13,True,BUDGET,GEO000022,2026-01-11 09:00:00
CUST00001471,Manish Bose,M,2001-01-08,2021-09-13,True,REGULAR,GEO000051,2026-01-13 09:00:00
CUST00001472,Anaya Mishra,F,1988-07-27,2019-02-09,False,REGULAR,GEO000015,2025-12-19 09:00:00
CUST00001473,Isha Malhotra,M,1975-02-10,2020-12-18,False,REGULAR,GEO000057,2026-01-23 09:00:00
CUST00001474,Diya Gupta,M,1987-10-11,2018-11-20,False,REGULAR,GEO000021,2025-08-21 09:00:00
CUST00001475,Vihaan Pandey,F,1996-02-16,2025-07-07,False,REGULAR,GEO000019,2025-12-19 09:00:00
CUST00001476,Rahul Dutta,F,2005-08-24,2018-04-10,False,REGULAR,GEO000018,2025-09-03 09:00:00
CUST00001477,Varun Mishra,M,1977-11-14,2024-10-22,False,PREMIUM,GEO000025,2025-08-17 09:00:00
CUST00001478,Kiran Khan,F,1986-03-14,2024-05-09,True,BUSINESS,GEO000040,2025-09-18 09:00:00
CUST00001479,Aditya Dutta,F,1978-12-01,2023-04-30,False,REGULAR,GEO000026,2025-09-07 09:00:00
CUST00001480,Rohit Verma,M,1999-07-04,2020-03-18,False,PREMIUM,GEO000008,2026-01-30 09:00:00
CUST00001481,Varun Pandey,M,1989-12-24,2020-08-24,False,REGULAR,GEO000009,2025-08-14 09:00:00
CUST00001482,Kiran Gupta,M,1991-09-28,2022-02-14,False,BUDGET,GEO000018,2025-12-31 09:00:00
CUST00001483,Sneha Reddy,F,1992-06-20,2025-11-02,False,REGULAR,GEO000026,2025-09-07 09:00:00
CUST00001484,Sneha Mehta,M,1997-06-03,2022-03-25,False,REGULAR,GEO000010,2025-09-30 09:00:00
CUST00001485,Sai Patel,F,1971-06-13,2022-03-27,False,BUDGET,GEO000026,2025-10-16 09:00:00
CUST00001486,Riya Verma,M,1997-03-06,2024-08-19,False,BUSINESS,GEO000008,2025-10-27 09:00:00
CUST00001487,Deepak Mehta,F,1981-10-14,2025-08-18,True,PREMIUM,GEO000013,2025-09-17 09:00:00
CUST00001488,Manish Khan,F,1989-01-10,2022-10-04,False,BUDGET,GEO000017,2025-10-26 09:00:00
CUST00001489,Shreya Das,F,1974-10-03,2023-04-26,True,REGULAR,GEO000016,2025-08-12 09:00:00
CUST00001490,Vihaan Bose,M,1990-12-03,2019-06-14,False,REGULAR,GEO000009,2025-11-03 09:00:00
CUST00001491,Sai Bhat,M,1997-10-20,2021-11-07,False,REGULAR,GEO000038,2025-12-03 09:00:00
CUST00001492,Kavya Sharma,F,2002-04-01,2025-05-22,True,BUDGET,GEO000026,2025-12-03 09:00:00
CUST00001493,Manish Kapoor,F,1976-11-30,2023-08-02,True,REGULAR,GEO000018,2025-12-18 09:00:00
CUST00001494,Priya Kulkarni,F,1971-02-10,2019-08-27,False,REGULAR,GEO000058,2025-08-09 09:00:00
CUST00001495,Kiran Mishra,M,1977-12-09,2022-04-03,False,BUDGET,GEO000047,2026-01-07 09:00:00
CUST00001496,Aditya Gupta,F,1971-09-23,2024-03-08,False,REGULAR,GEO000006,2025-09-29 09:00:00
CUST00001497,Nikhil Nair,F,1976-06-04,2023-06-28,False,REGULAR,GEO000059,2025-11-01 09:00:00
CUST00001498,Vikram Malhotra,M,1983-05-05,2023-12-18,False,PREMIUM,GEO000029,2025-12-06 09:00:00
CUST00001499,Riya Joshi,M,2003-03-21,2023-02-28,False,REGULAR,GEO000051,2025-08-19 09:00:00
CUST00001500,Anaya Pandey,M,1999-04-04,2021-11-10,True,REGULAR,GEO000022,2025-08-15 09:00:00
CUST00001501,Suresh Bose,F,2005-03-26,2021-08-08,True,PREMIUM,GEO000026,2025-09-13 09:00:00
CUST00001502,Kavya Sharma,M,1983-02-07,2022-10-01,False,PREMIUM,GEO000007,2025-11-23 09:00:00
CUST00001503,Shreya Chatterjee,M,1996-07-23,2022-06-13,False,PREMIUM,GEO000003,2025-10-19 09:00:00
CUST00001504,Meera Chatterjee,M,1984-02-11,2019-05-03,False,PREMIUM,GEO000016,2025-11-16 09:00:00
CUST00001505,Manish Malhotra,F,1982-05-23,2025-10-15,False,REGULAR,GEO000045,2025-09-30 09:00:00
CUST00001506,Isha Kapoor,M,1987-04-30,2024-10-12,False,BUDGET,GEO000021,2026-01-05 09:00:00
CUST00001507,Priya Nair,M,1994-07-27,2021-09-23,True,REGULAR,GEO000058,2026-01-10 09:00:00
CUST00001508,Meera Nair,F,1997-02-21,2023-07-15,False,REGULAR,GEO000059,2026-01-31 09:00:00
CUST00001509,Sai Thakur,M,1995-07-21,2023-10-04,False,REGULAR,GEO000044,2025-11-13 09:00:00
CUST00001510,Arjun Iyer,F,1975-12-14,2024-09-30,False,BUDGET,GEO000035,2025-08-15 09:00:00
CUST00001511,Meera Goswami,M,1976-11-18,2021-01-20,True,REGULAR,GEO000018,2025-09-09 09:00:00
CUST00001512,Rahul Verma,M,2003-08-04,2020-07-26,False,PREMIUM,GEO000013,2026-01-01 09:00:00
CUST00001513,Arjun Singh,F,1998-02-07,2019-01-03,False,BUDGET,GEO000048,2025-10-14 09:00:00
CUST00001514,Vihaan Singh,M,1987-12-01,2025-11-10,False,REGULAR,GEO000011,2025-12-31 09:00:00
CUST00001515,Neha Bhat,M,1982-07-22,2022-11-22,False,REGULAR,GEO000004,2026-01-16 09:00:00
CUST00001516,Priya Mehta,M,1981-06-10,2025-08-05,False,PREMIUM,GEO000025,2026-01-22 09:00:00
CUST00001517,Aditi Nair,F,1999-11-12,2023-12-11,True,REGULAR,GEO000026,2026-01-25 09:00:00
CUST00001518,Aarav Gupta,F,1977-11-17,2021-12-23,True,PREMIUM,GEO000003,2026-01-06 09:00:00
CUST00001519,Meera Nair,F,1974-05-27,2019-07-27,False,BUDGET,GEO000049,2025-08-25 09:00:00
CUST00001520,Ankit Saxena,M,1986-08-21,2022-06-15,True,PREMIUM,GEO000010,2025-09-30 09:00:00
CUST00001521,Neha Das,M,1973-02-18,2020-03-18,False,BUDGET,GEO000040,2025-10-01 09:00:00
CUST00001522,Varun Bose,M,1988-02-28,2021-10-05,False,BUDGET,GEO000001,2025-12-04 09:00:00
CUST00001523,Anaya Reddy,M,1988-05-04,2018-07-07,False,BUDGET,GEO000014,2025-08-08 09:00:00
CUST00001524,Aditya Malhotra,F,1994-01-27,2023-12-26,False,PREMIUM,GEO000034,2025-09-02 09:00:00
CUST00001525,Isha Bose,M,1978-11-30,2020-05-07,False,REGULAR,GEO000051,2025-12-08 09:00:00
CUST00001526,Neha Bhat,F,1970-11-16,2023-10-12,False,REGULAR,GEO000056,2025-12-14 09:00:00
CUST00001527,Sanjana Singh,F,1985-07-29,2021-04-15,False,BUDGET,GEO000037,2025-11-29 09:00:00
CUST00001528,Rahul Reddy,M,1985-12-22,2021-10-30,False,REGULAR,GEO000017,2026-01-03 09:00:00
CUST00001529,Kunal Patel,M,1974-09-07,2023-12-26,False,REGULAR,GEO000001,2026-01-13 09:00:00
CUST00001530,Vihaan Mehta,M,1998-04-30,2018-07-31,True,BUDGET,GEO000046,2025-09-12 09:00:00
CUST00001531,Kunal Saxena,F,1979-10-24,2019-01-31,True,BUDGET,GEO000056,2025-12-12 09:00:00
CUST00001532,Sanjana Khan,M,1971-05-19,2023-11-28,False,BUDGET,GEO000017,2025-09-13 09:00:00
CUST00001533,Rohit Goswami,M,2007-04-26,2019-02-20,False,REGULAR,GEO000032,2025-08-18 09:00:00
CUST00001534,Vihaan Das,M,1978-01-02,2018-02-11,False,REGULAR,GEO000032,2025-09-10 09:00:00
CUST00001535,Vihaan Das,M,1970-03-23,2022-11-16,False,PREMIUM,GEO000054,2025-10-12 09:00:00
CUST00001536,Manish Gupta,F,1993-08-03,2024-02-14,False,PREMIUM,GEO000005,2025-10-08 09:00:00
CUST00001537,Suresh Malhotra,F,2005-05-24,2018-06-18,True,BUDGET,GEO000013,2025-10-18 09:00:00
CUST00001538,Rahul Khan,F,1995-10-12,2025-01-03,False,REGULAR,GEO000020,2025-10-31 09:00:00
CUST00001539,Deepak Mishra,M,1971-10-19,2022-05-24,False,REGULAR,GEO000025,2025-08-27 09:00:00
CUST00001540,Kavya Nair,F,1978-06-17,2025-10-22,False,REGULAR,GEO000035,2025-10-31 09:00:00
CUST00001541,Ankit Bose,F,1995-04-14,2025-01-30,False,REGULAR,GEO000020,2025-09-07 09:00:00
CUST00001542,Priya Khan,M,1994-07-01,2020-08-15,False,BUDGET,GEO000044,2025-09-18 09:00:00
CUST00001543,Rahul Malhotra,F,1975-11-14,2025-05-20,False,REGULAR,GEO000057,2026-01-01 09:00:00
CUST00001544,Aditya Mehta,M,1974-10-13,2020-07-23,False,BUDGET,GEO000048,2025-12-20 09:00:00
CUST00001545,Sanjana Chatterjee,F,2003-11-14,2023-02-13,False,BUDGET,GEO000007,2025-11-21 09:00:00
CUST00001546,Aditi Goswami,M,1973-02-24,2025-07-01,False,BUDGET,GEO000032,2025-09-12 09:00:00
CUST00001547,Rahul Kapoor,F,1971-04-07,2020-04-11,False,PREMIUM,GEO000026,2025-08-22 09:00:00
CUST00001548,Isha Das,M,2000-08-04,2018-02-17,False,PREMIUM,GEO000018,2026-01-31 09:00:00
CUST00001549,Suresh Saxena,F,2007-06-13,2022-09-30,False,REGULAR,GEO000037,2025-09-10 09:00:00
CUST00001550,Aarav Kapoor,F,1989-06-08,2025-12-09,False,REGULAR,GEO000045,2025-12-29 09:00:00
CUST00001551,Priya Khan,M,1998-08-26,2019-03-13,True,BUDGET,GEO000017,2025-08-25 09:00:00
CUST00001552,Aarav Bose,F,2004-12-13,2020-04-17,True,REGULAR,GEO000029,2025-09-06 09:00:00
CUST00001553,Neha Reddy,F,1971-01-13,2020-01-01,False,PREMIUM,GEO000002,2025-11-02 09:00:00
CUST00001554,Pooja Singh,M,1972-09-05,2022-05-05,False,PREMIUM,GEO000002,2025-08-11 09:00:00
CUST00001555,Kavya Bose,M,1972-11-13,2021-06-10,True,BUDGET,GEO000047,2025-10-25 09:00:00
CUST00001556,Isha Chatterjee,M,1987-03-31,2023-04-16,False,BUSINESS,GEO000018,2025-10-15 09:00:00
CUST00001557,Vihaan Thakur,F,2007-03-29,2019-03-05,False,BUDGET,GEO000044,2025-12-29 09:00:00
CUST00001558,Pooja Patel,M,1993-08-05,2018-05-17,True,REGULAR,GEO000040,2025-09-21 09:00:00
CUST00001559,Vikram Kapoor,F,2007-12-28,2018-11-05,False,BUDGET,GEO000029,2025-10-21 09:00:00
CUST00001560,Vihaan Kulkarni,M,1981-04-12,2022-07-19,False,PREMIUM,GEO000054,2025-08-10 09:00:00
CUST00001561,Kiran Nair,F,1982-02-04,2021-11-08,True,REGULAR,GEO000039,2026-01-13 09:00:00
CUST00001562,Aditya Dutta,M,2000-05-31,2024-05-12,False,PREMIUM,GEO000001,2025-08-27 09:00:00
CUST00001563,Neha Sharma,M,2002-08-04,2020-01-08,False,REGULAR,GEO000052,2025-11-04 09:00:00
CUST00001564,Neha Sharma,M,2006-06-29,2023-11-23,False,REGULAR,GEO000042,2025-11-14 09:00:00
CUST00001565,Ankit Goswami,F,1978-12-12,2022-03-07,False,PREMIUM,GEO000045,2025-09-15 09:00:00
CUST00001566,Suresh Saxena,F,1974-10-21,2023-02-28,False,BUDGET,GEO000031,2025-11-11 09:00:00
CUST00001567,Neha Sharma,M,1973-10-15,2024-02-27,False,REGULAR,GEO000017,2025-10-20 09:00:00
CUST00001568,Suresh Malhotra,M,1970-08-14,2025-03-22,False,BUDGET,GEO000042,2026-01-22 09:00:00
CUST00001569,Arjun Mishra,F,1997-07-02,2023-05-01,False,BUDGET,GEO000056,2025-09-24 09:00:00
CUST00001570,Aditya Mehta,M,1984-07-22,2023-04-06,False,REGULAR,GEO000044,2025-09-30 09:00:00
CUST00001571,Sai Kulkarni,M,1983-04-19,2019-07-13,False,REGULAR,GEO000048,2026-01-20 09:00:00
CUST00001572,Kunal Chatterjee,F,1979-05-18,2022-05-30,False,REGULAR,GEO000028,2025-12-26 09:00:00
CUST00001573,Rohit Kapoor,F,1979-06-06,2022-01-03,True,BUDGET,GEO000009,2025-10-04 09:00:00
CUST00001574,Nikhil Bhat,F,2006-05-22,2023-05-29,True,BUSINESS,GEO000049,2026-02-02 09:00:00
CUST00001575,Vivaan Khan,F,1992-06-03,2023-08-23,False,REGULAR,GEO000026,2025-11-07 09:00:00
CUST00001576,Aarav Dutta,O,1978-10-02,2023-03-12,True,BUDGET,GEO000004,2025-09-07 09:00:00
CUST00001577,Kavya Bose,M,1972-01-22,2019-10-10,False,REGULAR,GEO000034,2025-12-25 09:00:00
CUST00001578,Shreya Khan,F,1988-03-12,2019-03-21,False,REGULAR,GEO000023,2025-10-26 09:00:00
CUST00001579,Nikhil Pandey,M,1972-01-23,2023-12-12,False,REGULAR,GEO000028,2025-09-24 09:00:00
CUST00001580,Meera Patel,F,1979-06-08,2025-03-23,False,PREMIUM,GEO000029,2025-08-31 09:00:00
CUST00001581,Vivaan Gupta,M,1984-05-05,2025-05-12,False,PREMIUM,GEO000037,2025-12-22 09:00:00
CUST00001582,Rahul Malhotra,M,2000-08-07,2023-06-08,True,PREMIUM,GEO000045,2025-10-05 09:00:00
CUST00001583,Kavya Dutta,M,1993-01-21,2021-07-22,False,REGULAR,GEO000002,2025-12-13 09:00:00
CUST00001584,Nikhil Nair,M,1985-10-11,2024-11-07,False,REGULAR,GEO000035,2025-08-14 09:00:00
CUST00001585,Kunal Goswami,F,2002-12-06,2021-10-11,False,REGULAR,GEO000011,2025-09-09 09:00:00
CUST00001586,Anaya Mishra,M,1974-05-12,2025-08-02,False,BUDGET,GEO000054,2025-09-22 09:00:00
CUST00001587,Neha Reddy,M,1995-02-22,2025-05-19,False,BUDGET,GEO000056,2025-10-12 09:00:00
CUST00001588,Kunal Jain,M,1974-04-24,2018-04-10,False,REGULAR,GEO000056,2025-12-07 09:00:00
CUST00001589,Vihaan Joshi,F,1992-04-03,2024-09-07,False,BUDGET,GEO000032,2025-09-09 09:00:00
CUST00001590,Sneha Gupta,M,2004-02-11,2018-11-24,True,BUDGET,GEO000023,2025-12-12 09:00:00
CUST00001591,Aarav Iyer,F,1973-12-09,2024-11-15,False,REGULAR,GEO000027,2025-11-08 09:00:00
CUST00001592,Nikhil Saxena,M,1995-03-20,2019-06-20,False,REGULAR,GEO000005,2026-01-04 09:00:00
CUST00001593,Priya Dutta,M,2001-08-23,2018-10-24,True,REGULAR,GEO000027,2025-12-29 09:00:00
CUST00001594,Ankit Singh,F,1990-03-22,2024-07-28,False,REGULAR,GEO000027,2025-09-24 09:00:00
CUST00001595,Suresh Dutta,F,2000-05-09,2022-02-14,False,BUDGET,GEO000046,2025-10-18 09:00:00
CUST00001596,Ankit Mishra,F,1977-10-11,2025-06-01,True,REGULAR,GEO000008,2025-11-26 09:00:00
CUST00001597,Varun Patel,F,1986-05-15,2021-08-08,False,PREMIUM,GEO000024,2026-02-01 09:00:00
CUST00001598,Sanjana Kulkarni,M,2005-11-15,2019-11-05,False,BUSINESS,GEO000018,2026-01-18 09:00:00
CUST00001599,Arjun Sharma,M,1998-03-12,2024-05-19,True,REGULAR,GEO000054,2026-01-31 09:00:00
CUST00001600,Neha Mehta,M,2003-08-21,2025-09-05,False,PREMIUM,GEO000024,2026-01-16 09:00:00
CUST00001601,Shreya Sharma,M,1990-10-19,2018-12-12,False,BUDGET,GEO000055,2025-09-03 09:00:00
CUST00001602,Vihaan Mehta,F,1975-11-21,2023-10-05,False,BUDGET,GEO000013,2025-08-27 09:00:00
CUST00001603,Sanjana Pandey,M,1997-05-19,2019-03-27,True,PREMIUM,GEO000005,2025-08-10 09:00:00
CUST00001604,Vikram Pandey,F,1990-10-31,2022-05-09,False,BUDGET,GEO000037,2025-10-18 09:00:00
CUST00001605,Vihaan Thakur,M,1997-08-21,2019-06-10,False,BUDGET,GEO000004,2025-12-03 09:00:00
CUST00001606,Sneha Patel,F,2003-04-05,2021-04-01,False,REGULAR,GEO000041,2025-08-29 09:00:00
CUST00001607,Aditi Yadav,F,1977-05-04,2020-10-18,False,REGULAR,GEO000020,2025-10-09 09:00:00
CUST00001608,Pooja Patel,F,1986-02-16,2023-04-26,False,REGULAR,GEO000005,2026-01-24 09:00:00
CUST00001609,Aditya Goswami,M,2006-05-17,2022-05-31,False,BUDGET,GEO000015,2025-08-30 09:00:00
CUST00001610,Diya Reddy,F,1998-04-19,2022-04-28,False,BUDGET,GEO000012,2025-09-19 09:00:00
CUST00001611,Suresh Gupta,M,2004-09-26,2024-01-21,False,BUDGET,GEO000030,2025-09-22 09:00:00
CUST00001612,Kunal Yadav,F,1981-08-08,2019-11-10,False,REGULAR,GEO000007,2025-10-03 09:00:00
CUST00001613,Aditi Das,M,1991-01-02,2020-04-03,True,REGULAR,GEO000002,2025-09-30 09:00:00
CUST00001614,Neha Thakur,M,1993-11-17,2020-02-15,True,REGULAR,GEO000055,2025-08-21 09:00:00
CUST00001615,Diya Khan,F,1970-05-02,2022-12-27,False,BUDGET,GEO000022,2025-10-23 09:00:00
CUST00001616,Pooja Bose,M,1998-12-10,2020-03-05,False,BUDGET,GEO000027,2026-01-09 09:00:00
CUST00001617,Rahul Verma,M,2002-04-03,2020-11-03,True,PREMIUM,GEO000012,2025-12-31 09:00:00
CUST00001618,Anaya Goswami,O,1982-03-01,2023-12-15,False,BUDGET,GEO000009,2025-10-29 09:00:00
CUST00001619,Rahul Iyer,F,1992-03-21,2023-09-17,False,REGULAR,GEO000033,2026-01-07 09:00:00
CUST00001620,Vikram Patel,M,2004-08-21,2020-07-01,False,BUDGET,GEO000040,2025-10-04 09:00:00
CUST00001621,Rahul Reddy,M,2003-09-24,2023-08-24,True,REGULAR,GEO000022,2025-11-08 09:00:00
CUST00001622,Manish Patel,M,1990-08-05,2018-01-22,False,BUDGET,GEO000039,2025-09-15 09:00:00
CUST00001623,Sneha Yadav,M,1999-11-18,2025-09-21,False,REGULAR,GEO000054,2026-02-02 09:00:00
CUST00001624,Arjun Reddy,M,1995-05-14,2023-09-05,False,REGULAR,GEO000013,2025-11-09 09:00:00
CUST00001625,Pooja Yadav,M,1971-07-27,2022-08-15,False,REGULAR,GEO000006,2025-08-28 09:00:00
CUST00001626,Sai Bose,M,1999-05-10,2019-11-09,True,PREMIUM,GEO000032,2025-11-01 09:00:00
CUST00001627,Priya Bhat,M,1987-12-06,2025-04-22,False,PREMIUM,GEO000059,2025-11-03 09:00:00
CUST00001628,Manish Saxena,F,1981-03-04,2023-09-18,True,PREMIUM,GEO000042,2025-10-02 09:00:00
CUST00001629,Vihaan Bose,F,1975-11-03,2018-10-29,False,BUDGET,GEO000001,2025-10-17 09:00:00
CUST00001630,Shreya Sharma,F,1972-01-22,2022-10-07,False,BUSINESS,GEO000002,2025-10-09 09:00:00
CUST00001631,Diya Reddy,F,1983-10-17,2022-12-09,False,BUSINESS,GEO000031,2025-12-29 09:00:00
CUST00001632,Sneha Patel,M,1978-03-05,2025-03-08,True,BUDGET,GEO000051,2025-10-26 09:00:00
CUST00001633,Ankit Joshi,M,2007-12-09,2019-01-12,True,PREMIUM,GEO000044,2026-01-10 09:00:00
CUST00001634,Meera Jain,F,1993-07-25,2018-11-07,False,BUSINESS,GEO000017,2025-09-19 09:00:00
CUST00001635,Sai Das,F,1970-02-09,2019-03-24,False,REGULAR,GEO000004,2025-09-02 09:00:00
CUST00001636,Kunal Bhat,F,1998-07-26,2024-02-09,True,BUDGET,GEO000041,2025-12-12 09:00:00
CUST00001637,Aarav Jain,M,1999-03-06,2019-12-03,False,PREMIUM,GEO000046,2025-12-24 09:00:00
CUST00001638,Vihaan Mishra,M,1982-01-05,2018-07-03,False,PREMIUM,GEO000050,2025-09-23 09:00:00
CUST00001639,Aditi Pandey,F,2007-03-15,2024-11-16,False,REGULAR,GEO000046,2025-12-26 09:00:00
CUST00001640,Nikhil Thakur,M,1977-07-11,2023-08-26,False,REGULAR,GEO000003,2025-11-09 09:00:00
CUST00001641,Manish Thakur,F,1985-12-06,2019-03-28,False,REGULAR,GEO000042,2025-12-11 09:00:00
CUST00001642,Vivaan Jain,F,1988-10-26,2023-11-15,False,REGULAR,GEO000044,2025-10-22 09:00:00
CUST00001643,Sanjana Das,M,1987-02-13,2020-05-24,False,REGULAR,GEO000028,2025-09-18 09:00:00
CUST00001644,Aditya Nair,F,1977-05-03,2021-07-28,False,BUDGET,GEO000015,2025-11-05 09:00:00
CUST00001645,Isha Pandey,M,1981-08-12,2023-03-15,False,BUDGET,GEO000029,2026-01-26 09:00:00
CUST00001646,Vihaan Kapoor,M,2000-06-28,2021-02-01,False,PREMIUM,GEO000041,2025-11-04 09:00:00
CUST00001647,Deepak Bose,F,1991-12-09,2023-08-09,False,REGULAR,GEO000032,2026-01-05 09:00:00
CUST00001648,Riya Mishra,O,1989-06-24,2022-01-18,True,PREMIUM,GEO000012,2025-08-31 09:00:00
CUST00001649,Anaya Malhotra,F,2000-09-20,2023-10-29,True,REGULAR,GEO000002,2026-02-01 09:00:00
CUST00001650,Kiran Pandey,F,1975-12-18,2020-10-19,False,REGULAR,GEO000014,2025-11-01 09:00:00
CUST00001651,Arjun Goswami,F,1974-09-25,2023-07-15,False,REGULAR,GEO000043,2025-12-28 09:00:00
CUST00001652,Kunal Patel,F,1989-07-13,2025-02-27,True,PREMIUM,GEO000047,2025-08-30 09:00:00
CUST00001653,Kavya Malhotra,M,1977-10-18,2020-06-22,False,REGULAR,GEO000057,2025-09-01 09:00:00
CUST00001654,Aditi Singh,F,1971-05-23,2025-11-23,False,BUDGET,GEO000022,2026-01-24 09:00:00
CUST00001655,Ankit Bhat,M,1991-02-18,2023-06-15,False,BUDGET,GEO000016,2025-10-23 09:00:00
CUST00001656,Isha Khan,M,1979-06-30,2020-06-19,False,REGULAR,GEO000043,2026-01-14 09:00:00
CUST00001657,Neha Gupta,F,1993-05-17,2021-02-14,True,PREMIUM,GEO000024,2025-12-19 09:00:00
CUST00001658,Sanjana Dutta,M,1977-11-22,2018-12-10,True,BUDGET,GEO000018,2025-11-05 09:00:00
CUST00001659,Rohit Jain,F,1973-06-12,2025-01-30,True,REGULAR,GEO000003,2025-09-12 09:00:00
CUST00001660,Neha Malhotra,F,1999-08-13,2020-08-15,False,REGULAR,GEO000033,2025-10-01 09:00:00
CUST00001661,Sanjana Chatterjee,F,1993-06-25,2019-07-05,False,REGULAR,GEO000021,2025-12-17 09:00:00
CUST00001662,Rahul Patel,M,1995-04-30,2020-07-12,False,REGULAR,GEO000054,2025-11-02 09:00:00
CUST00001663,Vivaan Das,M,1970-09-29,2023-09-07,True,BUDGET,GEO000008,2025-10-09 09:00:00
CUST00001664,Shreya Yadav,F,2001-04-27,2023-02-27,False,PREMIUM,GEO000021,2025-09-11 09:00:00
CUST00001665,Vivaan Iyer,F,2007-12-14,2020-11-05,False,BUDGET,GEO000008,2026-01-12 09:00:00
CUST00001666,Kunal Jain,M,1998-02-26,2020-10-15,False,BUSINESS,GEO000019,2025-10-19 09:00:00
CUST00001667,Vikram Chatterjee,M,2007-10-27,2021-01-13,False,PREMIUM,GEO000056,2025-11-07 09:00:00
CUST00001668,Kavya Khan,M,1973-12-20,2018-10-15,True,REGULAR,GEO000007,2025-09-05 09:00:00
CUST00001669,Suresh Patel,M,2004-09-24,2020-09-13,True,BUDGET,GEO000015,2025-11-03 09:00:00
CUST00001670,Meera Mehta,M,1993-06-02,2018-09-20,False,BUDGET,GEO000016,2025-11-09 09:00:00
CUST00001671,Vivaan Chatterjee,M,1982-03-03,2023-02-22,False,PREMIUM,GEO000023,2025-11-17 09:00:00
CUST00001672,Neha Mishra,F,1982-07-04,2021-05-09,False,PREMIUM,GEO000026,2025-11-09 09:00:00
CUST00001673,Diya Yadav,M,2007-12-22,2024-10-09,True,REGULAR,GEO000027,2025-11-16 09:00:00
CUST00001674,Ankit Yadav,M,1973-05-25,2019-09-22,True,REGULAR,GEO000023,2025-12-16 09:00:00
CUST00001675,Rohit Joshi,M,2001-01-01,2022-10-02,False,PREMIUM,GEO000020,2025-10-23 09:00:00
CUST00001676,Aarav Mehta,M,1979-03-17,2024-02-16,False,PREMIUM,GEO000054,2026-01-16 09:00:00
CUST00001677,Sanjana Goswami,M,1999-06-13,2024-08-17,True,REGULAR,GEO000026,2025-11-16 09:00:00
CUST00001678,Vihaan Sharma,M,1977-12-19,2019-02-27,False,PREMIUM,GEO000047,2025-10-03 09:00:00
CUST00001679,Meera Goswami,M,1982-04-29,2021-03-06,False,REGULAR,GEO000037,2025-12-13 09:00:00
CUST00001680,Neha Khan,F,2001-10-06,2021-08-16,False,REGULAR,GEO000034,2025-09-13 09:00:00
CUST00001681,Neha Bhat,F,1980-05-08,2022-03-30,False,REGULAR,GEO000013,2025-09-01 09:00:00
CUST00001682,Meera Mehta,F,1972-07-27,2021-11-01,True,BUDGET,GEO000049,2026-01-09 09:00:00
CUST00001683,Shreya Das,M,1994-10-18,2025-06-09,False,REGULAR,GEO000001,2025-12-21 09:00:00
CUST00001684,Anaya Bhat,F,2000-11-17,2019-02-10,False,BUDGET,GEO000039,2025-10-16 09:00:00
CUST00001685,Varun Goswami,M,2001-04-12,2018-09-03,False,PREMIUM,GEO000051,2025-12-20 09:00:00
CUST00001686,Vivaan Chatterjee,M,1981-01-11,2022-08-09,False,REGULAR,GEO000022,2025-08-19 09:00:00
CUST00001687,Sai Mishra,F,1982-01-27,2021-03-26,False,BUDGET,GEO000044,2025-08-15 09:00:00
CUST00001688,Vihaan Yadav,M,1981-07-08,2024-01-29,False,PREMIUM,GEO000056,2026-01-16 09:00:00
CUST00001689,Varun Thakur,F,2002-03-27,2020-03-18,True,PREMIUM,GEO000043,2025-12-11 09:00:00
CUST00001690,Neha Verma,M,1972-05-14,2024-03-27,False,REGULAR,GEO000013,2025-09-10 09:00:00
CUST00001691,Manish Gupta,F,1992-10-30,2019-12-22,False,REGULAR,GEO000046,2025-10-10 09:00:00
CUST00001692,Anaya Singh,F,1975-10-12,2023-09-01,False,BUDGET,GEO000007,2025-12-06 09:00:00
CUST00001693,Pooja Singh,M,1975-01-09,2020-11-04,False,PREMIUM,GEO000022,2025-10-15 09:00:00
CUST00001694,Sneha Dutta,M,1986-10-28,2018-04-14,False,REGULAR,GEO000006,2025-12-09 09:00:00
CUST00001695,Sanjana Malhotra,F,1989-07-31,2020-10-12,False,PREMIUM,GEO000029,2025-08-14 09:00:00
CUST00001696,Manish Mehta,F,1989-05-24,2024-03-30,False,BUDGET,GEO000030,2026-02-01 09:00:00
CUST00001697,Kavya Gupta,F,1971-02-11,2022-09-19,False,PREMIUM,GEO000018,2025-10-14 09:00:00
CUST00001698,Aditi Goswami,M,1996-08-11,2024-06-06,True,REGULAR,GEO000003,2025-09-18 09:00:00
CUST00001699,Suresh Patel,M,1979-06-05,2020-05-20,False,REGULAR,GEO000023,2026-01-20 09:00:00
CUST00001700,Aditya Jain,F,2005-01-24,2024-09-12,False,REGULAR,GEO000006,2026-01-06 09:00:00
CUST00001701,Diya Singh,F,1979-02-18,2025-05-17,False,PREMIUM,GEO000031,2025-09-22 09:00:00
CUST00001702,Riya Verma,F,1974-12-27,2020-03-30,True,REGULAR,GEO000029,2025-11-10 09:00:00
CUST00001703,Riya Reddy,F,1982-02-21,2022-12-20,False,REGULAR,GEO000002,2025-11-16 09:00:00
CUST00001704,Shreya Reddy,M,1979-03-20,2021-11-05,False,REGULAR,GEO000007,2025-12-10 09:00:00
CUST00001705,Sneha Das,F,1974-02-15,2019-04-26,False,REGULAR,GEO000016,2025-09-25 09:00:00
CUST00001706,Nikhil Das,F,1985-04-27,2022-10-12,False,PREMIUM,GEO000052,2026-01-22 09:00:00
CUST00001707,Vivaan Thakur,F,1994-08-30,2021-03-09,True,REGULAR,GEO000005,2025-12-29 09:00:00
CUST00001708,Rohit Verma,F,1977-05-19,2023-03-01,False,REGULAR,GEO000049,2025-09-11 09:00:00
CUST00001709,Kavya Bhat,M,1988-09-02,2021-07-17,True,REGULAR,GEO000016,2025-11-25 09:00:00
CUST00001710,Aditya Pandey,F,1981-03-10,2020-11-07,False,PREMIUM,GEO000019,2025-10-16 09:00:00
CUST00001711,Arjun Chatterjee,F,1993-11-20,2019-11-10,False,REGULAR,GEO000025,2026-01-12 09:00:00
CUST00001712,Nikhil Saxena,F,1972-01-17,2023-10-02,True,REGULAR,GEO000059,2026-01-18 09:00:00
CUST00001713,Aarav Bhat,F,1992-09-13,2020-10-28,False,BUDGET,GEO000024,2025-11-24 09:00:00
CUST00001714,Deepak Kapoor,F,1995-04-05,2021-07-16,False,REGULAR,GEO000042,2025-10-15 09:00:00
CUST00001715,Varun Nair,M,1973-02-21,2020-08-21,False,REGULAR,GEO000044,2025-08-20 09:00:00
CUST00001716,Pooja Pandey,M,1989-03-25,2022-12-26,False,REGULAR,GEO000059,2025-08-08 09:00:00
CUST00001717,Aarav Joshi,F,1984-05-04,2024-02-27,False,PREMIUM,GEO000012,2025-08-14 09:00:00
CUST00001718,Rohit Bose,F,1980-05-10,2018-03-09,False,REGULAR,GEO000027,2026-01-24 09:00:00
CUST00001719,Riya Kapoor,F,1984-06-18,2021-03-25,False,REGULAR,GEO000004,2025-12-15 09:00:00
CUST00001720,Nikhil Gupta,F,2002-11-14,2023-08-19,False,PREMIUM,GEO000008,2025-11-24 09:00:00
CUST00001721,Sai Dutta,F,1974-04-16,2018-01-04,False,BUDGET,GEO000007,2025-12-31 09:00:00
CUST00001722,Aditya Kulkarni,M,1989-08-25,2018-12-24,True,BUDGET,GEO000007,2025-10-19 09:00:00
CUST00001723,Suresh Thakur,M,1983-06-03,2019-07-02,False,REGULAR,GEO000041,2026-01-27 09:00:00
CUST00001724,Arjun Jain,M,1981-09-09,2018-03-29,True,REGULAR,GEO000002,2025-11-11 09:00:00
CUST00001725,Varun Kulkarni,M,1984-10-08,2022-01-28,False,REGULAR,GEO000023,2025-09-29 09:00:00
CUST00001726,Suresh Bose,M,1976-06-01,2020-06-20,False,REGULAR,GEO000019,2025-11-29 09:00:00
CUST00001727,Sneha Patel,F,1983-06-19,2022-07-01,True,BUDGET,GEO000017,2025-11-21 09:00:00
CUST00001728,Rahul Chatterjee,F,1988-10-06,2022-08-18,False,REGULAR,GEO000035,2025-08-08 09:00:00
CUST00001729,Kiran Joshi,F,1977-04-08,2025-10-15,False,BUDGET,GEO000037,2025-08-19 09:00:00
CUST00001730,Ankit Gupta,F,1989-09-13,2018-03-19,False,REGULAR,GEO000056,2025-11-21 09:00:00
CUST00001731,Shreya Patel,M,1984-03-05,2024-10-29,False,PREMIUM,GEO000011,2025-11-13 09:00:00
CUST00001732,Shreya Mehta,M,1989-09-27,2020-08-17,True,BUDGET,GEO000037,2025-10-12 09:00:00
CUST00001733,Suresh Pandey,F,2001-01-09,2021-11-14,False,REGULAR,GEO000050,2025-11-30 09:00:00
CUST00001734,Meera Patel,M,1991-04-08,2021-07-08,False,REGULAR,GEO000047,2025-09-29 09:00:00
CUST00001735,Meera Patel,M,1985-10-25,2021-07-16,False,BUSINESS,GEO000016,2025-10-04 09:00:00
CUST00001736,Kavya Das,F,1989-03-25,2018-08-02,True,BUDGET,GEO000040,2025-12-05 09:00:00
CUST00001737,Meera Malhotra,F,1980-04-16,2018-07-02,False,PREMIUM,GEO000029,2025-12-17 09:00:00
CUST00001738,Vikram Patel,M,2004-07-19,2025-11-01,False,REGULAR,GEO000034,2025-08-28 09:00:00
CUST00001739,Deepak Nair,M,1971-09-21,2022-03-29,False,PREMIUM,GEO000052,2025-08-18 09:00:00
CUST00001740,Vihaan Bose,F,1980-05-15,2020-05-17,True,REGULAR,GEO000043,2025-11-03 09:00:00
CUST00001741,Riya Pandey,M,2005-04-30,2018-02-27,False,REGULAR,GEO000028,2026-01-29 09:00:00
CUST00001742,Arjun Patel,F,1993-11-28,2025-01-09,False,REGULAR,GEO000034,2026-01-07 09:00:00
CUST00001743,Arjun Singh,M,1983-05-19,2019-07-21,False,BUDGET,GEO000052,2025-08-09 09:00:00
CUST00001744,Rohit Bose,M,1993-08-06,2018-02-17,False,BUDGET,GEO000039,2026-02-01 09:00:00
CUST00001745,Vivaan Bose,F,1982-02-20,2018-12-29,False,REGULAR,GEO000007,2026-01-31 09:00:00
CUST00001746,Deepak Jain,F,1981-12-22,2018-09-12,False,BUDGET,GEO000014,2025-12-24 09:00:00
CUST00001747,Anaya Kapoor,F,1973-05-29,2023-02-15,False,BUDGET,GEO000016,2025-12-07 09:00:00
CUST00001748,Meera Mishra,F,2003-04-29,2018-12-12,True,BUDGET,GEO000059,2025-11-16 09:00:00
CUST00001749,Rohit Bose,M,1994-09-12,2021-06-18,False,PREMIUM,GEO000043,2025-11-20 09:00:00
CUST00001750,Meera Dutta,F,1981-01-26,2023-06-04,False,REGULAR,GEO000017,2025-09-23 09:00:00
CUST00001751,Kavya Yadav,M,1973-02-09,2024-11-15,True,REGULAR,GEO000059,2025-11-02 09:00:00
CUST00001752,Varun Mishra,M,1998-12-16,2018-01-22,False,REGULAR,GEO000047,2025-08-09 09:00:00
CUST00001753,Vihaan Pandey,M,2007-07-03,2025-04-07,False,BUDGET,GEO000025,2025-09-18 09:00:00
CUST00001754,Ankit Iyer,F,1995-09-17,2020-01-14,False,PREMIUM,GEO000008,2025-12-10 09:00:00
CUST00001755,Varun Goswami,M,2004-03-20,2022-08-28,True,REGULAR,GEO000032,2025-11-02 09:00:00
CUST00001756,Riya Nair,M,1970-04-01,2018-08-22,False,REGULAR,GEO000002,2026-01-30 09:00:00
CUST00001757,Aarav Mehta,F,1970-10-12,2021-11-10,False,BUDGET,GEO000037,2025-12-07 09:00:00
CUST00001758,Shreya Iyer,M,1978-05-26,2021-11-02,False,BUDGET,GEO000057,2025-09-23 09:00:00
CUST00001759,Nikhil Mehta,F,1982-11-28,2020-10-23,False,BUDGET,GEO000018,2025-08-15 09:00:00
CUST00001760,Kavya Goswami,F,1993-07-31,2018-10-11,True,REGULAR,GEO000042,2026-01-07 09:00:00
CUST00001761,Sneha Yadav,M,2007-06-17,2020-04-16,True,PREMIUM,GEO000026,2025-11-13 09:00:00
CUST00001762,Suresh Jain,F,1984-07-08,2018-09-15,False,REGULAR,GEO000018,2025-08-25 09:00:00
CUST00001763,Rahul Goswami,M,1991-05-05,2020-01-27,False,BUDGET,GEO000019,2025-12-22 09:00:00
CUST00001764,Pooja Kulkarni,F,1977-12-02,2020-03-08,False,BUDGET,GEO000057,2025-11-26 09:00:00
CUST00001765,Neha Thakur,M,1980-08-02,2018-08-26,False,BUDGET,GEO000011,2025-12-18 09:00:00
CUST00001766,Pooja Reddy,F,1997-05-23,2020-09-05,False,REGULAR,GEO000048,2025-09-17 09:00:00
CUST00001767,Rohit Saxena,F,1979-07-10,2019-07-12,False,BUDGET,GEO000043,2026-01-29 09:00:00
CUST00001768,Kavya Chatterjee,F,2000-04-10,2021-08-24,False,PREMIUM,GEO000005,2025-12-24 09:00:00
CUST00001769,Aditya Saxena,M,1978-02-04,2022-11-17,False,REGULAR,GEO000045,2025-10-03 09:00:00
CUST00001770,Rohit Khan,M,1987-07-18,2022-10-08,True,PREMIUM,GEO000012,2025-09-08 09:00:00
CUST00001771,Nikhil Singh,F,2001-02-24,2018-12-25,False,REGULAR,GEO000043,2025-10-17 09:00:00
CUST00001772,Neha Joshi,M,1982-02-01,2020-08-23,False,REGULAR,GEO000026,2026-02-04 09:00:00
CUST00001773,Sanjana Goswami,F,1990-03-08,2020-07-21,False,PREMIUM,GEO000038,2025-12-26 09:00:00
CUST00001774,Vivaan Singh,M,2001-09-20,2019-12-06,True,REGULAR,GEO000023,2026-01-25 09:00:00
CUST00001775,Deepak Gupta,M,2001-07-01,2020-11-24,False,REGULAR,GEO000002,2026-01-03 09:00:00
CUST00001776,Sneha Singh,F,1970-11-21,2020-07-05,False,BUDGET,GEO000052,2025-10-30 09:00:00
CUST00001777,Kavya Khan,M,1983-02-11,2023-09-03,False,REGULAR,GEO000053,2025-09-03 09:00:00
CUST00001778,Meera Nair,M,1970-11-30,2018-06-28,False,BUDGET,GEO000030,2025-10-30 09:00:00
CUST00001779,Sanjana Bhat,F,1989-08-11,2019-08-13,False,REGULAR,GEO000041,2025-12-23 09:00:00
CUST00001780,Aditya Pandey,F,1979-08-16,2022-12-14,False,BUDGET,GEO000005,2025-11-07 09:00:00
CUST00001781,Sai Bose,F,1998-11-15,2023-01-08,True,BUDGET,GEO000008,2025-12-04 09:00:00
CUST00001782,Deepak Yadav,F,1999-10-30,2022-04-12,False,REGULAR,GEO000044,2025-09-21 09:00:00
CUST00001783,Rahul Jain,M,1970-09-26,2024-07-04,False,PREMIUM,GEO000009,2025-10-10 09:00:00
CUST00001784,Rohit Patel,F,1975-03-07,2023-09-27,False,BUSINESS,GEO000019,2025-12-05 09:00:00
CUST00001785,Diya Iyer,M,2006-09-23,2018-03-11,False,REGULAR,GEO000020,2025-11-17 09:00:00
CUST00001786,Varun Bhat,F,1999-12-25,2018-08-18,False,REGULAR,GEO000002,2025-08-16 09:00:00
CUST00001787,Vihaan Kapoor,F,1999-06-11,2023-12-20,True,PREMIUM,GEO000038,2025-09-10 09:00:00
CUST00001788,Aditi Yadav,F,2000-04-14,2020-05-24,False,BUDGET,GEO000007,2025-10-29 09:00:00
CUST00001789,Manish Reddy,M,1982-11-27,2025-10-25,False,BUSINESS,GEO000046,2025-08-28 09:00:00
CUST00001790,Vivaan Saxena,M,1971-04-29,2025-11-30,False,REGULAR,GEO000012,2026-01-30 09:00:00
CUST00001791,Neha Goswami,F,2006-02-20,2020-06-06,False,BUDGET,GEO000040,2025-11-24 09:00:00
CUST00001792,Sai Pandey,M,1999-02-01,2023-10-19,False,REGULAR,GEO000020,2025-12-29 09:00:00
CUST00001793,Rohit Chatterjee,F,1984-01-24,2018-04-16,True,REGULAR,GEO000025,2025-09-01 09:00:00
CUST00001794,Rohit Reddy,M,1997-04-06,2018-02-16,False,BUDGET,GEO000007,2026-02-03 09:00:00
CUST00001795,Rahul Thakur,M,1986-10-17,2021-09-14,False,REGULAR,GEO000038,2025-09-16 09:00:00
CUST00001796,Neha Dutta,M,1994-10-11,2022-12-07,False,REGULAR,GEO000052,2025-10-24 09:00:00
CUST00001797,Aditi Patel,M,2005-07-18,2021-04-11,False,REGULAR,GEO000059,2025-10-08 09:00:00
CUST00001798,Diya Dutta,F,1999-12-10,2019-05-07,False,PREMIUM,GEO000002,2025-11-18 09:00:00
CUST00001799,Arjun Nair,O,1994-05-15,2018-07-03,False,REGULAR,GEO000029,2025-09-21 09:00:00
CUST00001800,Anaya Pandey,M,2000-10-03,2022-10-20,False,REGULAR,GEO000034,2025-09-14 09:00:00
CUST00001801,Ankit Bhat,M,1998-02-01,2019-03-05,False,REGULAR,GEO000005,2025-09-18 09:00:00
CUST00001802,Neha Patel,M,1999-02-07,2024-06-09,True,BUDGET,GEO000006,2025-10-06 09:00:00
CUST00001803,Sai Thakur,F,1972-08-03,2022-01-22,False,REGULAR,GEO000047,2025-10-09 09:00:00
CUST00001804,Anaya Goswami,F,1997-12-01,2021-09-27,True,PREMIUM,GEO000056,2025-12-09 09:00:00
CUST00001805,Sai Mehta,F,2001-08-11,2020-12-01,False,REGULAR,GEO000036,2025-09-08 09:00:00
CUST00001806,Meera Chatterjee,F,1976-09-11,2021-12-05,False,BUSINESS,GEO000018,2026-01-29 09:00:00
CUST00001807,Neha Patel,F,1984-06-28,2021-08-13,True,PREMIUM,GEO000001,2026-02-04 09:00:00
CUST00001808,Sneha Saxena,F,2006-12-16,2023-06-26,False,REGULAR,GEO000045,2026-01-08 09:00:00
CUST00001809,Sneha Das,F,2004-09-23,2024-07-16,False,BUDGET,GEO000035,2025-11-30 09:00:00
CUST00001810,Priya Joshi,F,1990-04-24,2025-12-26,False,REGULAR,GEO000050,2025-11-11 09:00:00
CUST00001811,Isha Patel,F,1999-02-09,2023-11-13,False,BUDGET,GEO000045,2026-01-09 09:00:00
CUST00001812,Diya Mehta,F,1975-10-14,2024-11-20,False,BUDGET,GEO000052,2025-10-31 09:00:00
CUST00001813,Aarav Iyer,F,1998-12-07,2018-08-29,True,PREMIUM,GEO000058,2025-09-16 09:00:00
CUST00001814,Vikram Singh,M,2002-04-13,2020-10-03,False,BUDGET,GEO000040,2026-01-05 09:00:00
CUST00001815,Suresh Das,F,1970-06-01,2019-05-03,False,BUDGET,GEO000018,2025-09-03 09:00:00
CUST00001816,Aditi Singh,F,2007-03-14,2020-06-17,True,BUDGET,GEO000028,2026-01-03 09:00:00
CUST00001817,Vikram Reddy,M,1977-08-20,2019-07-25,False,REGULAR,GEO000040,2026-01-12 09:00:00
CUST00001818,Isha Mishra,M,2002-02-13,2022-07-16,False,BUDGET,GEO000056,2025-10-25 09:00:00
CUST00001819,Aditya Singh,M,2003-11-23,2018-07-17,True,BUDGET,GEO000050,2025-10-31 09:00:00
CUST00001820,Aarav Das,M,1986-02-23,2025-07-21,False,BUDGET,GEO000018,2025-08-13 09:00:00
CUST00001821,Sneha Singh,F,2001-07-31,2019-09-09,True,REGULAR,GEO000041,2025-12-01 09:00:00
CUST00001822,Kunal Reddy,M,1970-07-25,2021-06-25,True,PREMIUM,GEO000036,2026-01-17 09:00:00
CUST00001823,Manish Jain,F,1990-11-25,2020-10-07,False,BUDGET,GEO000028,2025-12-29 09:00:00
CUST00001824,Sai Pandey,F,1974-12-01,2023-06-19,False,BUDGET,GEO000024,2025-12-12 09:00:00
CUST00001825,Manish Reddy,F,1972-11-16,2020-10-23,False,REGULAR,GEO000051,2025-08-08 09:00:00
CUST00001826,Priya Gupta,F,2002-08-18,2023-10-15,True,REGULAR,GEO000043,2026-01-08 09:00:00
CUST00001827,Vikram Dutta,M,1971-12-08,2021-02-02,True,REGULAR,GEO000052,2025-12-11 09:00:00
CUST00001828,Ankit Iyer,M,1996-09-07,2023-04-07,False,REGULAR,GEO000001,2025-10-09 09:00:00
CUST00001829,Vikram Thakur,F,1984-11-16,2024-03-24,True,REGULAR,GEO000056,2025-09-17 09:00:00
CUST00001830,Suresh Saxena,M,1979-07-27,2020-01-16,True,REGULAR,GEO000001,2025-12-26 09:00:00
CUST00001831,Deepak Goswami,F,1989-12-21,2021-07-03,False,BUSINESS,GEO000035,2025-08-14 09:00:00
CUST00001832,Varun Malhotra,F,1980-09-13,2020-02-05,False,BUDGET,GEO000014,2025-10-07 09:00:00
CUST00001833,Isha Das,F,1979-05-21,2018-03-08,False,REGULAR,GEO000025,2025-10-24 09:00:00
CUST00001834,Vivaan Bose,F,1970-11-11,2020-03-08,False,BUSINESS,GEO000042,2025-09-23 09:00:00
CUST00001835,Deepak Thakur,M,1977-03-28,2024-01-01,False,REGULAR,GEO000036,2026-01-05 09:00:00
CUST00001836,Neha Malhotra,M,1972-11-27,2019-08-31,False,BUDGET,GEO000044,2025-11-09 09:00:00
CUST00001837,Sneha Pandey,F,1986-04-05,2025-06-21,False,REGULAR,GEO000034,2025-12-07 09:00:00
CUST00001838,Diya Mishra,M,1981-07-02,2018-03-28,False,PREMIUM,GEO000030,2025-12-17 09:00:00
CUST00001839,Rahul Kapoor,M,1985-08-26,2023-03-24,False,REGULAR,GEO000036,2025-10-14 09:00:00
CUST00001840,Neha Mehta,F,1973-07-10,2018-02-25,False,PREMIUM,GEO000037,2026-01-10 09:00:00
CUST00001841,Ankit Nair,F,1982-01-25,2020-04-13,False,REGULAR,GEO000030,2025-11-05 09:00:00
CUST00001842,Nikhil Yadav,M,2006-08-06,2018-07-16,False,REGULAR,GEO000041,2026-01-05 09:00:00
CUST00001843,Isha Goswami,M,1978-10-19,2021-02-25,False,REGULAR,GEO000051,2025-12-15 09:00:00
CUST00001844,Ankit Mehta,M,2003-01-15,2020-05-22,False,REGULAR,GEO000047,2025-11-14 09:00:00
CUST00001845,Kiran Khan,F,2001-04-08,2025-09-16,False,PREMIUM,GEO000042,2025-11-23 09:00:00
CUST00001846,Aditya Pandey,F,1976-06-29,2022-02-16,False,REGULAR,GEO000043,2025-12-24 09:00:00
CUST00001847,Vihaan Goswami,F,1977-05-10,2022-03-23,False,BUDGET,GEO000027,2025-10-21 09:00:00
CUST00001848,Deepak Kapoor,F,1974-12-28,2018-04-02,False,REGULAR,GEO000013,2025-10-26 09:00:00
CUST00001849,Ankit Gupta,M,1990-09-25,2024-06-13,False,BUSINESS,GEO000026,2026-01-04 09:00:00
CUST00001850,Aditi Sharma,F,1971-03-04,2019-01-04,False,REGULAR,GEO000036,2025-12-07 09:00:00
CUST00001851,Vihaan Goswami,M,1992-06-11,2021-05-17,False,PREMIUM,GEO000020,2026-01-03 09:00:00
CUST00001852,Vihaan Nair,M,1973-11-25,2023-02-19,False,PREMIUM,GEO000017,2025-10-10 09:00:00
CUST00001853,Neha Das,M,1984-02-21,2023-04-12,True,BUDGET,GEO000038,2025-08-23 09:00:00
CUST00001854,Neha Reddy,M,1971-12-19,2025-05-05,True,BUDGET,GEO000031,2025-08-23 09:00:00
CUST00001855,Vivaan Kapoor,M,2005-03-03,2020-01-24,True,REGULAR,GEO000059,2025-10-15 09:00:00
CUST00001856,Suresh Gupta,F,1984-05-24,2023-09-05,False,BUDGET,GEO000006,2025-10-31 09:00:00
CUST00001857,Arjun Sharma,M,1979-11-08,2019-11-13,False,REGULAR,GEO000011,2025-09-13 09:00:00
CUST00001858,Sanjana Goswami,M,1990-11-11,2023-10-16,True,REGULAR,GEO000046,2025-08-16 09:00:00
CUST00001859,Arjun Kapoor,M,2006-01-03,2021-10-17,False,PREMIUM,GEO000039,2025-11-02 09:00:00
CUST00001860,Manish Dutta,M,2000-08-24,2020-07-07,False,REGULAR,GEO000014,2026-01-03 09:00:00
CUST00001861,Deepak Yadav,M,2004-05-12,2020-03-23,False,PREMIUM,GEO000028,2025-08-09 09:00:00
CUST00001862,Vikram Gupta,M,1998-03-20,2022-02-21,True,REGULAR,GEO000042,2025-10-24 09:00:00
CUST00001863,Sanjana Yadav,F,1990-06-20,2021-11-15,False,BUSINESS,GEO000045,2026-01-15 09:00:00
CUST00001864,Suresh Iyer,M,1973-06-01,2020-07-10,False,BUDGET,GEO000049,2025-11-25 09:00:00
CUST00001865,Aditya Yadav,F,1975-06-13,2021-03-11,True,REGULAR,GEO000033,2026-01-18 09:00:00
CUST00001866,Meera Mehta,M,1970-10-17,2022-04-19,False,REGULAR,GEO000057,2025-10-19 09:00:00
CUST00001867,Priya Mishra,M,2006-03-01,2021-08-10,False,PREMIUM,GEO000007,2025-09-28 09:00:00
CUST00001868,Deepak Nair,F,1993-01-31,2025-09-04,False,BUDGET,GEO000056,2025-12-15 09:00:00
CUST00001869,Kiran Saxena,F,2004-10-09,2023-07-03,False,REGULAR,GEO000057,2025-08-20 09:00:00
CUST00001870,Vihaan Bose,F,1980-09-28,2024-11-23,False,BUDGET,GEO000037,2025-12-30 09:00:00
CUST00001871,Arjun Mishra,F,1985-11-30,2024-03-24,False,PREMIUM,GEO000033,2025-12-18 09:00:00
CUST00001872,Anaya Gupta,F,1999-11-24,2025-04-10,False,REGULAR,GEO000038,2025-11-04 09:00:00
CUST00001873,Meera Mishra,F,1976-10-07,2023-02-18,False,BUDGET,GEO000038,2025-12-07 09:00:00
CUST00001874,Aarav Pandey,F,2003-12-31,2018-11-22,False,REGULAR,GEO000055,2025-09-16 09:00:00
CUST00001875,Kiran Pandey,M,1985-04-30,2021-06-19,False,REGULAR,GEO000032,2025-08-31 09:00:00
CUST00001876,Aditya Reddy,F,1987-06-15,2019-12-09,False,PREMIUM,GEO000051,2025-12-22 09:00:00
CUST00001877,Kiran Das,F,1976-02-08,2020-08-26,False,REGULAR,GEO000045,2025-08-27 09:00:00
CUST00001878,Isha Chatterjee,M,1992-08-05,2018-06-10,False,REGULAR,GEO000027,2025-10-02 09:00:00
CUST00001879,Diya Saxena,M,1979-03-11,2019-03-17,False,BUDGET,GEO000004,2025-10-02 09:00:00
CUST00001880,Isha Reddy,M,1990-09-12,2018-07-17,False,REGULAR,GEO000015,2025-12-05 09:00:00
CUST00001881,Vikram Reddy,F,1972-10-26,2020-11-29,True,BUDGET,GEO000004,2025-08-11 09:00:00
CUST00001882,Manish Bose,M,2001-02-03,2025-07-04,False,BUDGET,GEO000002,2026-01-03 09:00:00
CUST00001883,Deepak Dutta,M,1986-01-24,2024-05-23,False,REGULAR,GEO000049,2025-11-27 09:00:00
CUST00001884,Aarav Bhat,M,1985-06-29,2018-11-15,False,BUDGET,GEO000019,2025-10-24 09:00:00
CUST00001885,Rohit Dutta,M,2001-04-24,2023-01-15,True,PREMIUM,GEO000042,2025-10-24 09:00:00
CUST00001886,Pooja Kapoor,M,1979-02-12,2021-12-30,True,PREMIUM,GEO000006,2025-12-05 09:00:00
CUST00001887,Pooja Bhat,M,1977-05-23,2024-02-14,False,BUDGET,GEO000002,2025-11-04 09:00:00
CUST00001888,Kiran Bhat,F,1992-01-22,2019-01-21,True,REGULAR,GEO000048,2025-10-18 09:00:00
CUST00001889,Riya Iyer,M,1998-08-21,2025-03-12,False,REGULAR,GEO000055,2025-12-06 09:00:00
CUST00001890,Aditya Thakur,F,1989-01-01,2025-09-03,False,PREMIUM,GEO000005,2025-11-23 09:00:00
CUST00001891,Kunal Iyer,M,1982-03-26,2018-01-07,False,REGULAR,GEO000023,2025-09-20 09:00:00
CUST00001892,Deepak Verma,F,1989-09-01,2022-10-23,False,REGULAR,GEO000015,2025-11-16 09:00:00
CUST00001893,Vihaan Patel,F,2002-11-30,2023-11-16,False,BUDGET,GEO000029,2026-01-11 09:00:00
CUST00001894,Aditi Das,M,1996-06-23,2022-01-27,False,REGULAR,GEO000044,2026-01-20 09:00:00
CUST00001895,Aarav Bose,M,2007-11-21,2018-10-04,False,REGULAR,GEO000020,2025-11-05 09:00:00
CUST00001896,Vivaan Reddy,M,1978-02-19,2023-11-06,False,REGULAR,GEO000047,2025-09-01 09:00:00
CUST00001897,Shreya Iyer,M,1978-08-04,2021-05-06,False,BUDGET,GEO000050,2025-08-26 09:00:00
CUST00001898,Meera Bhat,F,1989-03-05,2024-07-08,False,REGULAR,GEO000033,2025-08-16 09:00:00
CUST00001899,Kunal Goswami,F,2005-02-14,2022-03-14,True,REGULAR,GEO000008,2026-01-29 09:00:00
CUST00001900,Varun Thakur,M,2007-05-10,2019-07-13,True,PREMIUM,GEO000007,2025-10-12 09:00:00
CUST00001901,Suresh Dutta,F,1972-04-04,2021-08-08,False,BUDGET,GEO000007,2026-01-19 09:00:00
CUST00001902,Aditya Sharma,M,2000-06-17,2023-02-27,False,PREMIUM,GEO000007,2026-01-05 09:00:00
CUST00001903,Neha Gupta,M,1977-12-10,2023-08-17,True,BUDGET,GEO000046,2025-10-18 09:00:00
CUST00001904,Sneha Nair,M,1997-09-21,2019-04-30,False,BUDGET,GEO000032,2025-12-13 09:00:00
CUST00001905,Kavya Khan,F,2001-04-03,2025-08-24,False,BUDGET,GEO000029,2025-11-03 09:00:00
CUST00001906,Sanjana Mehta,M,1980-03-02,2021-03-14,False,BUDGET,GEO000036,2026-02-04 09:00:00
CUST00001907,Riya Khan,F,1973-09-22,2022-03-08,False,REGULAR,GEO000028,2025-12-13 09:00:00
CUST00001908,Neha Jain,F,2007-11-28,2025-03-24,False,REGULAR,GEO000019,2025-12-21 09:00:00
CUST00001909,Aarav Thakur,M,2007-09-23,2024-12-23,True,BUDGET,GEO000003,2025-10-15 09:00:00
CUST00001910,Diya Singh,F,1991-04-08,2024-02-18,False,BUSINESS,GEO000007,2025-11-13 09:00:00
CUST00001911,Vivaan Goswami,M,1982-01-06,2023-08-16,False,BUSINESS,GEO000028,2025-08-13 09:00:00
CUST00001912,Neha Yadav,F,1979-11-04,2019-12-02,True,BUSINESS,GEO000051,2025-10-01 09:00:00
CUST00001913,Ankit Chatterjee,F,1993-04-26,2023-10-26,False,BUSINESS,GEO000054,2025-08-27 09:00:00
CUST00001914,Kunal Kapoor,M,2001-09-14,2021-10-27,True,REGULAR,GEO000036,2026-01-18 09:00:00
CUST00001915,Neha Kulkarni,F,1993-05-27,2021-06-23,False,BUDGET,GEO000057,2025-10-27 09:00:00
CUST00001916,Nikhil Khan,F,1999-02-10,2021-09-21,True,PREMIUM,GEO000013,2025-11-11 09:00:00
CUST00001917,Deepak Bose,F,1996-02-08,2023-05-05,False,BUDGET,GEO000014,2025-11-20 09:00:00
CUST00001918,Sai Nair,F,2003-01-23,2018-10-27,False,BUDGET,GEO000012,2025-11-01 09:00:00
CUST00001919,Arjun Nair,F,1992-03-22,2021-11-19,False,REGULAR,GEO000055,2025-12-15 09:00:00
CUST00001920,Isha Kulkarni,F,1986-07-06,2018-03-27,False,REGULAR,GEO000031,2026-01-14 09:00:00
CUST00001921,Rohit Khan,F,1980-07-05,2024-08-12,True,PREMIUM,GEO000016,2026-01-14 09:00:00
CUST00001922,Sneha Chatterjee,M,1997-03-23,2018-02-03,False,REGULAR,GEO000051,2026-01-11 09:00:00
CUST00001923,Sai Khan,O,1981-12-22,2019-02-26,False,REGULAR,GEO000037,2026-01-19 09:00:00
CUST00001924,Suresh Malhotra,M,1971-10-22,2021-05-13,False,BUDGET,GEO000016,2025-11-14 09:00:00
CUST00001925,Priya Singh,M,1979-08-19,2018-12-02,False,REGULAR,GEO000012,2025-10-20 09:00:00
CUST00001926,Priya Yadav,M,1986-04-04,2022-07-10,False,REGULAR,GEO000047,2025-11-09 09:00:00
CUST00001927,Pooja Singh,M,1984-06-10,2020-10-20,True,REGULAR,GEO000026,2025-10-10 09:00:00
CUST00001928,Pooja Sharma,M,1988-04-08,2020-08-20,False,REGULAR,GEO000047,2025-12-27 09:00:00
CUST00001929,Sai Das,F,2003-07-13,2021-10-30,False,REGULAR,GEO000049,2025-09-15 09:00:00
CUST00001930,Diya Gupta,M,2007-06-25,2019-06-05,True,REGULAR,GEO000058,2025-12-11 09:00:00
CUST00001931,Aditi Yadav,F,2003-12-10,2021-03-28,False,BUDGET,GEO000047,2025-09-14 09:00:00
CUST00001932,Riya Joshi,F,1980-06-18,2023-01-18,False,BUDGET,GEO000047,2026-02-01 09:00:00
CUST00001933,Ankit Nair,M,1978-04-07,2023-06-10,True,BUDGET,GEO000058,2026-01-15 09:00:00
CUST00001934,Suresh Verma,F,2005-10-25,2021-01-20,False,BUDGET,GEO000004,2025-09-10 09:00:00
CUST00001935,Sneha Khan,F,1999-07-22,2025-01-15,False,BUDGET,GEO000035,2025-08-11 09:00:00
CUST00001936,Vikram Gupta,F,1985-01-13,2021-05-21,False,PREMIUM,GEO000056,2025-11-27 09:00:00
CUST00001937,Aditya Kapoor,M,1970-04-26,2019-10-01,False,BUDGET,GEO000046,2025-12-10 09:00:00
CUST00001938,Varun Yadav,F,1987-12-14,2025-09-23,True,BUDGET,GEO000046,2025-11-26 09:00:00
CUST00001939,Diya Kulkarni,F,1981-05-21,2025-01-10,False,REGULAR,GEO000018,2025-09-06 09:00:00
CUST00001940,Anaya Verma,F,1995-01-10,2018-11-08,False,REGULAR,GEO000028,2025-12-20 09:00:00
CUST00001941,Sanjana Pandey,F,1982-12-07,2020-07-05,True,BUSINESS,GEO000055,2025-12-08 09:00:00
CUST00001942,Arjun Mehta,F,1999-06-06,2021-11-12,False,BUDGET,GEO000051,2025-10-10 09:00:00
CUST00001943,Suresh Mehta,F,1990-03-08,2018-04-07,True,BUDGET,GEO000044,2025-12-22 09:00:00
CUST00001944,Aditya Gupta,M,2002-04-16,2019-03-03,False,BUDGET,GEO000021,2025-12-06 09:00:00
CUST00001945,Shreya Jain,M,1987-07-09,2019-12-12,False,REGULAR,GEO000016,2025-08-23 09:00:00
CUST00001946,Arjun Bose,M,1994-08-02,2019-12-23,False,REGULAR,GEO000047,2025-11-09 09:00:00
CUST00001947,Sneha Kapoor,F,1987-01-27,2021-06-04,False,BUDGET,GEO000053,2025-11-29 09:00:00
CUST00001948,Sneha Khan,M,1998-11-12,2023-02-05,True,REGULAR,GEO000001,2025-09-18 09:00:00
CUST00001949,Riya Dutta,F,1977-12-10,2021-06-12,False,REGULAR,GEO000045,2025-10-28 09:00:00
CUST00001950,Anaya Jain,M,1973-06-06,2024-04-22,True,BUDGET,GEO000031,2025-10-10 09:00:00
CUST00001951,Deepak Das,O,1998-01-30,2025-02-19,False,REGULAR,GEO000046,2025-11-12 09:00:00
CUST00001952,Vikram Goswami,M,1978-02-05,2019-01-21,True,REGULAR,GEO000013,2025-11-24 09:00:00
CUST00001953,Ankit Gupta,M,1984-10-22,2022-09-22,True,BUDGET,GEO000043,2025-11-23 09:00:00
CUST00001954,Rohit Sharma,M,1990-12-07,2024-10-07,False,REGULAR,GEO000011,2026-02-02 09:00:00
CUST00001955,Vivaan Mishra,F,2005-04-15,2021-10-19,False,REGULAR,GEO000048,2025-09-30 09:00:00
CUST00001956,Vivaan Jain,M,1980-06-19,2024-02-09,False,BUDGET,GEO000040,2026-01-05 09:00:00
CUST00001957,Aditya Bose,F,1971-12-23,2025-05-28,False,REGULAR,GEO000050,2025-09-25 09:00:00
CUST00001958,Deepak Iyer,M,1970-12-10,2025-01-28,False,BUDGET,GEO000047,2025-08-23 09:00:00
CUST00001959,Arjun Gupta,F,2004-01-25,2022-04-17,False,BUDGET,GEO000032,2025-10-27 09:00:00
CUST00001960,Anaya Iyer,F,2006-08-03,2018-10-22,False,PREMIUM,GEO000011,2025-10-26 09:00:00
CUST00001961,Kiran Mishra,F,1977-03-11,2024-08-11,False,REGULAR,GEO000058,2025-11-01 09:00:00
CUST00001962,Diya Chatterjee,M,1986-05-21,2022-08-09,False,PREMIUM,GEO000054,2026-01-30 09:00:00
CUST00001963,Riya Reddy,F,2007-07-28,2021-05-17,False,REGULAR,GEO000001,2025-09-10 09:00:00
CUST00001964,Deepak Reddy,M,2006-11-29,2019-03-05,False,BUDGET,GEO000053,2025-08-29 09:00:00
CUST00001965,Arjun Dutta,F,2005-07-22,2019-06-11,False,REGULAR,GEO000018,2026-01-02 09:00:00
CUST00001966,Meera Chatterjee,M,1985-12-23,2018-07-07,False,REGULAR,GEO000025,2025-08-24 09:00:00
CUST00001967,Vivaan Nair,F,1988-07-19,2022-03-01,False,REGULAR,GEO000004,2025-11-27 09:00:00
CUST00001968,Diya Reddy,M,1974-06-15,2019-09-15,False,REGULAR,GEO000008,2025-12-12 09:00:00
CUST00001969,Meera Kapoor,M,1978-02-04,2025-07-23,False,BUDGET,GEO000039,2026-01-16 09:00:00
CUST00001970,Diya Joshi,M,1979-06-11,2024-04-14,False,BUDGET,GEO000039,2025-11-15 09:00:00
CUST00001971,Kiran Kapoor,M,1979-04-27,2025-09-24,False,REGULAR,GEO000023,2025-11-25 09:00:00
CUST00001972,Rahul Mehta,M,1987-07-29,2024-07-15,False,BUSINESS,GEO000033,2025-12-24 09:00:00
CUST00001973,Neha Joshi,M,1970-05-28,2021-08-23,False,BUDGET,GEO000009,2025-09-17 09:00:00
CUST00001974,Vihaan Singh,F,2006-03-06,2024-07-04,True,PREMIUM,GEO000013,2026-02-02 09:00:00
CUST00001975,Arjun Gupta,F,1992-02-09,2023-09-11,False,PREMIUM,GEO000058,2025-10-19 09:00:00
CUST00001976,Sai Joshi,F,1971-01-26,2022-04-01,False,REGULAR,GEO000011,2025-10-04 09:00:00
CUST00001977,Neha Kapoor,F,1970-05-22,2022-06-02,False,BUSINESS,GEO000046,2025-09-19 09:00:00
CUST00001978,Vivaan Patel,M,1995-01-29,2021-07-09,False,REGULAR,GEO000019,2025-10-24 09:00:00
CUST00001979,Aditi Chatterjee,M,1996-12-03,2022-06-25,True,REGULAR,GEO000026,2026-02-04 09:00:00
CUST00001980,Sai Goswami,F,1990-05-23,2022-12-06,False,PREMIUM,GEO000055,2025-12-24 09:00:00
CUST00001981,Vihaan Singh,M,1991-12-10,2020-05-26,False,BUDGET,GEO000043,2025-12-28 09:00:00
CUST00001982,Kunal Yadav,M,1994-10-12,2024-05-29,False,REGULAR,GEO000047,2025-12-19 09:00:00
CUST00001983,Vikram Goswami,F,2007-09-26,2019-04-10,False,REGULAR,GEO000021,2026-02-02 09:00:00
CUST00001984,Rahul Thakur,F,2007-07-27,2018-04-28,False,REGULAR,GEO000041,2025-11-01 09:00:00
CUST00001985,Sneha Yadav,M,1977-02-07,2023-01-11,True,REGULAR,GEO000007,2025-09-20 09:00:00
CUST00001986,Isha Gupta,F,1976-01-18,2024-03-18,False,BUDGET,GEO000050,2025-11-12 09:00:00
CUST00001987,Aditya Malhotra,F,1981-10-04,2024-05-12,False,REGULAR,GEO000030,2025-12-12 09:00:00
CUST00001988,Diya Sharma,M,1975-12-08,2025-08-09,False,REGULAR,GEO000010,2026-01-15 09:00:00
CUST00001989,Aditya Das,F,1990-08-04,2022-08-14,False,REGULAR,GEO000019,2026-01-25 09:00:00
CUST00001990,Varun Kapoor,F,2006-03-23,2025-08-19,False,REGULAR,GEO000004,2025-09-19 09:00:00
CUST00001991,Kunal Iyer,M,1991-02-01,2018-11-07,False,REGULAR,GEO000011,2025-09-12 09:00:00
CUST00001992,Sai Chatterjee,M,1976-10-11,2020-09-24,True,PREMIUM,GEO000001,2025-09-27 09:00:00
CUST00001993,Nikhil Goswami,M,2002-09-17,2025-12-26,True,BUSINESS,GEO000002,2025-10-11 09:00:00
CUST00001994,Vihaan Das,F,1980-09-17,2023-04-02,False,REGULAR,GEO000042,2026-01-05 09:00:00
CUST00001995,Rohit Dutta,M,1994-10-19,2024-12-15,False,REGULAR,GEO000012,2025-09-16 09:00:00
CUST00001996,Kiran Bhat,M,1978-05-10,2025-04-22,False,PREMIUM,GEO000001,2025-11-16 09:00:00
CUST00001997,Rahul Mehta,F,1991-07-11,2022-01-01,True,BUDGET,GEO000049,2025-09-16 09:00:00
CUST00001998,Priya Mishra,O,1982-08-06,2020-01-19,False,REGULAR,GEO000055,2025-10-31 09:00:00
CUST00001999,Rahul Verma,F,1971-11-20,2019-03-13,False,REGULAR,GEO000018,2025-10-29 09:00:00
CUST00002000,Anaya Reddy,M,1994-05-30,2022-04-07,False,REGULAR,GEO000049,2025-10-04 09:00:00
CUST00002001,Rohit Kapoor,F,2002-07-20,2020-04-22,False,PREMIUM,GEO000054,2025-11-08 09:00:00
CUST00002002,Aarav Kulkarni,M,1981-07-27,2018-03-08,False,REGULAR,GEO000045,2025-11-12 09:00:00
CUST00002003,Varun Goswami,F,2007-11-30,2018-05-24,False,REGULAR,GEO000019,2025-12-24 09:00:00
CUST00002004,Kavya Pandey,F,1982-01-29,2022-02-22,False,PREMIUM,GEO000006,2025-11-18 09:00:00
CUST00002005,Vivaan Das,M,1993-08-26,2021-04-06,False,BUDGET,GEO000007,2025-12-08 09:00:00
CUST00002006,Sai Verma,M,1974-12-18,2022-12-17,False,PREMIUM,GEO000035,2025-10-02 09:00:00
CUST00002007,Sai Jain,M,1977-03-23,2019-07-15,False,REGULAR,GEO000022,2025-09-03 09:00:00
CUST00002008,Ankit Nair,F,1973-02-08,2021-12-30,False,REGULAR,GEO000004,2025-11-16 09:00:00
CUST00002009,Aarav Sharma,F,2003-03-06,2018-05-04,True,REGULAR,GEO000007,2025-12-12 09:00:00
CUST00002010,Diya Bose,M,1973-12-12,2023-06-11,False,BUDGET,GEO000002,2025-09-25 09:00:00
CUST00002011,Sneha Mishra,F,1989-09-02,2018-08-05,False,REGULAR,GEO000053,2025-08-16 09:00:00
CUST00002012,Priya Malhotra,F,1976-05-23,2025-12-05,True,BUDGET,GEO000020,2025-10-23 09:00:00
CUST00002013,Aditya Kulkarni,F,1990-04-15,2019-02-24,False,REGULAR,GEO000041,2025-11-27 09:00:00
CUST00002014,Aarav Iyer,M,1975-02-17,2020-03-18,False,REGULAR,GEO000045,2025-09-08 09:00:00
CUST00002015,Riya Sharma,F,1975-11-14,2020-06-10,False,PREMIUM,GEO000035,2026-02-04 09:00:00
CUST00002016,Sai Das,M,1989-06-03,2021-02-04,False,REGULAR,GEO000032,2025-10-21 09:00:00
CUST00002017,Vivaan Chatterjee,M,2001-09-04,2019-01-26,False,BUDGET,GEO000025,2026-01-12 09:00:00
CUST00002018,Isha Bhat,F,1970-07-28,2023-07-08,False,REGULAR,GEO000016,2026-01-08 09:00:00
CUST00002019,Vikram Mehta,F,1987-06-14,2021-06-16,False,REGULAR,GEO000028,2025-09-15 09:00:00
CUST00002020,Meera Mishra,F,2005-03-09,2019-04-14,False,BUDGET,GEO000045,2025-08-15 09:00:00
CUST00002021,Isha Bhat,M,1983-11-09,2019-03-13,False,PREMIUM,GEO000029,2025-08-25 09:00:00
CUST00002022,Ankit Chatterjee,M,1971-12-13,2020-04-09,False,REGULAR,GEO000003,2026-01-19 09:00:00
CUST00002023,Sai Mehta,F,1982-07-19,2019-10-09,False,BUDGET,GEO000055,2025-11-10 09:00:00
CUST00002024,Arjun Goswami,M,1982-12-08,2019-06-13,True,REGULAR,GEO000023,2026-01-12 09:00:00
CUST00002025,Pooja Bhat,M,1987-12-09,2024-07-07,False,REGULAR,GEO000048,2025-09-22 09:00:00
CUST00002026,Sanjana Bose,M,1991-10-22,2022-03-19,False,BUDGET,GEO000002,2025-10-07 09:00:00
CUST00002027,Vikram Goswami,M,1985-05-01,2025-03-03,False,REGULAR,GEO000039,2025-08-22 09:00:00
CUST00002028,Rahul Singh,M,1990-06-05,2025-09-01,False,BUDGET,GEO000050,2025-12-12 09:00:00
CUST00002029,Riya Mishra,M,1975-04-25,2019-08-07,False,REGULAR,GEO000045,2026-01-18 09:00:00
CUST00002030,Diya Kapoor,F,2001-08-04,2020-08-04,False,REGULAR,GEO000028,2025-09-14 09:00:00
CUST00002031,Deepak Bhat,M,1994-03-21,2023-10-02,False,REGULAR,GEO000013,2025-11-17 09:00:00
CUST00002032,Manish Kapoor,M,1995-08-01,2025-04-21,False,REGULAR,GEO000057,2026-01-10 09:00:00
CUST00002033,Sai Kulkarni,F,1983-06-18,2019-07-29,False,PREMIUM,GEO000005,2025-11-18 09:00:00
CUST00002034,Kunal Pandey,F,2001-06-24,2021-02-26,False,REGULAR,GEO000011,2025-08-12 09:00:00
CUST00002035,Deepak Das,F,1972-12-30,2021-05-23,False,REGULAR,GEO000042,2025-08-22 09:00:00
CUST00002036,Varun Iyer,M,1983-02-25,2022-10-22,False,REGULAR,GEO000026,2025-11-08 09:00:00
CUST00002037,Deepak Joshi,M,1977-10-27,2020-11-02,True,BUDGET,GEO000019,2025-11-01 09:00:00
CUST00002038,Riya Khan,F,1982-04-23,2019-01-09,False,REGULAR,GEO000047,2025-09-12 09:00:00
CUST00002039,Vikram Goswami,F,2006-04-16,2018-11-28,False,BUDGET,GEO000042,2026-01-02 09:00:00
CUST00002040,Kavya Iyer,F,1991-08-06,2020-11-23,False,BUDGET,GEO000022,2026-01-20 09:00:00
CUST00002041,Meera Chatterjee,F,1978-11-24,2022-08-15,False,REGULAR,GEO000057,2025-11-02 09:00:00
CUST00002042,Aditi Malhotra,M,1988-10-16,2018-01-11,False,BUDGET,GEO000050,2025-12-23 09:00:00
CUST00002043,Vihaan Malhotra,F,1974-11-04,2025-06-12,False,REGULAR,GEO000005,2025-11-18 09:00:00
CUST00002044,Suresh Sharma,M,1992-03-23,2024-11-28,False,REGULAR,GEO000051,2026-01-19 09:00:00
CUST00002045,Neha Mishra,M,1975-10-08,2020-06-04,False,PREMIUM,GEO000035,2025-11-21 09:00:00
CUST00002046,Vikram Patel,F,1972-09-22,2018-08-19,False,BUSINESS,GEO000057,2025-08-10 09:00:00
CUST00002047,Rohit Joshi,F,1994-04-10,2024-09-14,True,BUSINESS,GEO000005,2025-12-02 09:00:00
CUST00002048,Deepak Dutta,M,1972-06-17,2019-02-24,False,BUDGET,GEO000054,2026-01-03 09:00:00
CUST00002049,Kunal Malhotra,F,1998-10-18,2020-07-20,True,REGULAR,GEO000059,2026-01-23 09:00:00
CUST00002050,Kavya Kapoor,F,1999-01-11,2022-03-24,True,REGULAR,GEO000059,2026-01-23 09:00:00
CUST00002051,Aarav Kapoor,M,1989-04-02,2020-04-09,True,BUDGET,GEO000043,2025-12-02 09:00:00
CUST00002052,Rohit Jain,M,2001-07-09,2022-12-29,False,BUDGET,GEO000010,2025-08-18 09:00:00
CUST00002053,Isha Mishra,F,1996-08-16,2022-03-09,False,BUDGET,GEO000017,2025-12-16 09:00:00
CUST00002054,Pooja Malhotra,F,1985-11-29,2021-10-05,False,REGULAR,GEO000050,2025-12-26 09:00:00
CUST00002055,Pooja Kulkarni,M,1978-11-12,2019-11-13,False,BUDGET,GEO000019,2025-09-14 09:00:00
CUST00002056,Vivaan Gupta,O,2002-10-05,2021-06-18,False,BUDGET,GEO000035,2026-01-02 09:00:00
CUST00002057,Riya Mishra,F,1997-05-26,2022-04-11,False,REGULAR,GEO000019,2025-12-01 09:00:00
CUST00002058,Nikhil Mishra,M,1992-04-02,2022-12-21,False,REGULAR,GEO000051,2025-10-09 09:00:00
CUST00002059,Vivaan Malhotra,M,1992-03-17,2023-10-06,False,REGULAR,GEO000012,2025-11-03 09:00:00
CUST00002060,Arjun Sharma,M,1982-12-20,2025-11-14,False,BUDGET,GEO000029,2025-08-19 09:00:00
CUST00002061,Isha Pandey,M,1982-09-14,2020-12-16,False,REGULAR,GEO000040,2026-01-30 09:00:00
CUST00002062,Rahul Verma,F,1992-01-18,2022-11-05,False,REGULAR,GEO000009,2025-09-11 09:00:00
CUST00002063,Aditya Singh,F,2006-01-24,2021-10-12,False,REGULAR,GEO000056,2025-10-31 09:00:00
CUST00002064,Sneha Verma,M,1989-03-29,2023-04-14,False,BUDGET,GEO000032,2025-12-08 09:00:00
CUST00002065,Diya Goswami,F,1981-10-17,2024-07-04,False,PREMIUM,GEO000043,2026-01-05 09:00:00
CUST00002066,Shreya Jain,M,2005-12-08,2024-02-17,False,BUDGET,GEO000011,2025-10-09 09:00:00
CUST00002067,Sneha Verma,F,1983-09-22,2023-07-31,False,BUDGET,GEO000036,2025-11-10 09:00:00
CUST00002068,Isha Nair,F,1990-03-14,2018-11-21,False,BUDGET,GEO000032,2025-11-02 09:00:00
CUST00002069,Kiran Malhotra,F,1972-01-16,2019-02-03,False,REGULAR,GEO000047,2025-09-18 09:00:00
CUST00002070,Kunal Patel,M,1999-04-12,2025-08-23,False,REGULAR,GEO000047,2025-10-10 09:00:00
CUST00002071,Sanjana Mehta,F,1980-11-09,2025-01-02,False,REGULAR,GEO000007,2025-11-04 09:00:00
CUST00002072,Vikram Verma,M,2000-04-19,2019-02-13,False,REGULAR,GEO000033,2025-12-20 09:00:00
CUST00002073,Aditya Mishra,M,1995-04-17,2024-03-11,True,REGULAR,GEO000005,2025-09-04 09:00:00
CUST00002074,Manish Mishra,M,1991-07-01,2019-05-23,False,REGULAR,GEO000023,2025-09-06 09:00:00
CUST00002075,Arjun Das,M,1976-04-01,2019-11-23,False,REGULAR,GEO000058,2025-10-03 09:00:00
CUST00002076,Riya Kapoor,M,2002-09-15,2018-06-02,False,REGULAR,GEO000019,2026-01-09 09:00:00
CUST00002077,Kunal Yadav,M,1973-01-26,2021-09-02,False,REGULAR,GEO000019,2025-08-22 09:00:00
CUST00002078,Riya Nair,F,1991-12-23,2022-01-07,False,PREMIUM,GEO000025,2025-09-03 09:00:00
CUST00002079,Nikhil Nair,M,1980-12-14,2018-05-24,False,REGULAR,GEO000020,2026-01-03 09:00:00
CUST00002080,Meera Kulkarni,F,1981-11-27,2023-04-29,False,REGULAR,GEO000057,2026-01-27 09:00:00
CUST00002081,Sneha Das,F,1975-11-26,2019-04-26,False,REGULAR,GEO000037,2026-02-03 09:00:00
CUST00002082,Suresh Reddy,M,1985-11-27,2019-04-29,False,REGULAR,GEO000052,2025-11-15 09:00:00
CUST00002083,Suresh Khan,F,1970-06-23,2023-09-19,True,REGULAR,GEO000039,2025-08-11 09:00:00
CUST00002084,Sneha Joshi,M,1992-11-02,2023-12-26,False,PREMIUM,GEO000055,2025-12-03 09:00:00
CUST00002085,Meera Singh,F,1983-11-02,2023-10-04,False,REGULAR,GEO000053,2026-01-04 09:00:00
CUST00002086,Sneha Das,M,1993-08-26,2021-04-23,False,BUDGET,GEO000005,2025-09-04 09:00:00
CUST00002087,Sneha Iyer,M,1993-02-09,2018-12-23,False,PREMIUM,GEO000053,2026-01-28 09:00:00
CUST00002088,Vihaan Mishra,F,1971-02-14,2021-06-19,True,BUDGET,GEO000052,2025-12-20 09:00:00
CUST00002089,Aditi Saxena,F,2003-09-02,2021-10-05,False,PREMIUM,GEO000042,2025-12-29 09:00:00
CUST00002090,Diya Verma,M,1987-05-20,2024-06-15,True,BUDGET,GEO000016,2025-08-11 09:00:00
CUST00002091,Deepak Dutta,M,1973-02-04,2018-03-30,False,BUDGET,GEO000012,2026-01-23 09:00:00
CUST00002092,Aarav Yadav,M,1975-03-07,2025-05-11,True,BUDGET,GEO000045,2025-08-19 09:00:00
CUST00002093,Suresh Chatterjee,F,1974-12-13,2022-03-16,False,REGULAR,GEO000026,2025-10-23 09:00:00
CUST00002094,Rohit Dutta,M,1991-06-19,2025-06-15,False,REGULAR,GEO000015,2025-11-28 09:00:00
CUST00002095,Nikhil Bhat,F,1986-07-27,2023-01-15,True,PREMIUM,GEO000007,2025-10-18 09:00:00
CUST00002096,Suresh Jain,F,1993-10-16,2023-09-24,False,PREMIUM,GEO000044,2025-12-24 09:00:00
CUST00002097,Deepak Malhotra,M,1975-01-10,2024-10-22,False,REGULAR,GEO000018,2025-09-06 09:00:00
CUST00002098,Manish Gupta,M,1997-03-19,2019-01-21,False,BUDGET,GEO000027,2026-01-25 09:00:00
CUST00002099,Suresh Iyer,M,2006-06-12,2020-04-23,False,BUDGET,GEO000045,2025-10-30 09:00:00
CUST00002100,Vihaan Singh,M,1989-12-15,2024-05-28,False,REGULAR,GEO000040,2025-10-25 09:00:00
CUST00002101,Aditi Jain,O,1983-06-20,2018-06-02,False,REGULAR,GEO000026,2026-01-15 09:00:00
CUST00002102,Aditi Singh,F,1983-03-25,2021-01-09,True,REGULAR,GEO000028,2025-11-01 09:00:00
CUST00002103,Sai Bhat,F,2006-06-17,2023-03-29,True,REGULAR,GEO000024,2026-01-08 09:00:00
CUST00002104,Meera Thakur,M,1992-11-16,2024-08-12,True,REGULAR,GEO000025,2025-08-17 09:00:00
CUST00002105,Varun Singh,F,1975-05-06,2019-09-14,False,BUDGET,GEO000033,2025-10-17 09:00:00
CUST00002106,Meera Bhat,F,1975-10-20,2021-06-05,False,REGULAR,GEO000057,2026-01-25 09:00:00
CUST00002107,Nikhil Reddy,M,1987-01-12,2021-09-19,False,REGULAR,GEO000001,2025-09-01 09:00:00
CUST00002108,Ankit Joshi,F,1978-05-09,2018-10-27,False,REGULAR,GEO000027,2025-08-29 09:00:00
CUST00002109,Suresh Verma,F,1972-10-08,2021-06-30,False,BUDGET,GEO000057,2025-09-05 09:00:00
CUST00002110,Sanjana Bose,F,2006-03-22,2023-02-10,False,BUDGET,GEO000056,2025-12-04 09:00:00
CUST00002111,Varun Jain,M,2006-06-16,2024-03-31,True,PREMIUM,GEO000012,2025-08-19 09:00:00
CUST00002112,Sneha Thakur,F,2003-06-05,2020-06-10,False,PREMIUM,GEO000034,2026-01-11 09:00:00
CUST00002113,Manish Sharma,M,1974-10-12,2018-06-30,False,BUSINESS,GEO000039,2025-08-15 09:00:00
CUST00002114,Pooja Singh,F,1974-01-18,2022-03-13,False,BUDGET,GEO000050,2025-12-21 09:00:00
CUST00002115,Rohit Malhotra,F,1978-05-04,2018-05-29,False,REGULAR,GEO000054,2025-08-08 09:00:00
CUST00002116,Deepak Mishra,F,1985-07-26,2019-02-19,False,REGULAR,GEO000014,2025-08-15 09:00:00
CUST00002117,Diya Jain,M,2007-07-12,2021-08-14,False,REGULAR,GEO000059,2025-11-11 09:00:00
CUST00002118,Meera Mehta,F,1977-10-13,2023-04-28,False,REGULAR,GEO000031,2026-02-03 09:00:00
CUST00002119,Vivaan Sharma,M,2001-04-13,2021-06-14,False,REGULAR,GEO000005,2025-12-15 09:00:00
CUST00002120,Kiran Iyer,F,2003-05-17,2024-07-26,False,REGULAR,GEO000020,2025-09-06 09:00:00
CUST00002121,Rohit Dutta,M,1994-06-08,2019-12-28,False,REGULAR,GEO000053,2025-08-14 09:00:00
CUST00002122,Diya Khan,F,1973-10-08,2020-07-26,False,REGULAR,GEO000053,2025-09-27 09:00:00
CUST00002123,Nikhil Bhat,F,1989-11-23,2021-12-09,True,REGULAR,GEO000002,2025-11-25 09:00:00
CUST00002124,Varun Patel,F,1974-10-03,2025-07-26,True,REGULAR,GEO000028,2025-09-23 09:00:00
CUST00002125,Meera Reddy,M,2006-02-18,2019-07-20,False,BUDGET,GEO000038,2025-08-18 09:00:00
CUST00002126,Kunal Bose,M,1991-03-17,2020-09-30,False,REGULAR,GEO000038,2026-01-24 09:00:00
CUST00002127,Riya Kulkarni,M,1975-08-11,2023-02-22,True,REGULAR,GEO000034,2025-12-15 09:00:00
CUST00002128,Isha Saxena,F,2004-04-28,2019-05-29,False,REGULAR,GEO000021,2025-12-22 09:00:00
CUST00002129,Sai Sharma,F,1996-11-20,2020-03-17,False,REGULAR,GEO000038,2025-10-26 09:00:00
CUST00002130,Nikhil Singh,F,1986-06-24,2019-08-09,False,BUDGET,GEO000017,2025-12-05 09:00:00
CUST00002131,Suresh Thakur,F,1977-02-16,2024-02-12,True,PREMIUM,GEO000043,2025-09-30 09:00:00
CUST00002132,Vihaan Chatterjee,M,1994-03-02,2020-10-20,False,REGULAR,GEO000001,2025-09-11 09:00:00
CUST00002133,Riya Verma,F,1989-04-10,2018-12-30,False,PREMIUM,GEO000006,2025-08-21 09:00:00
CUST00002134,Deepak Sharma,M,1977-09-14,2022-04-17,False,BUDGET,GEO000042,2025-12-07 09:00:00
CUST00002135,Aditi Pandey,M,2001-01-27,2020-05-10,False,REGULAR,GEO000050,2026-01-07 09:00:00
CUST00002136,Pooja Bhat,M,2000-07-21,2020-03-17,False,PREMIUM,GEO000049,2025-09-29 09:00:00
CUST00002137,Aditi Kulkarni,F,1987-12-21,2023-11-09,False,REGULAR,GEO000006,2025-10-25 09:00:00
CUST00002138,Varun Verma,M,1973-08-10,2018-10-23,False,REGULAR,GEO000022,2025-11-08 09:00:00
CUST00002139,Riya Patel,M,1986-06-30,2023-02-06,True,REGULAR,GEO000041,2026-01-28 09:00:00
CUST00002140,Isha Nair,F,1991-03-08,2025-12-19,False,BUDGET,GEO000010,2025-09-02 09:00:00
CUST00002141,Kunal Mishra,M,1984-03-25,2020-12-27,True,BUDGET,GEO000059,2026-01-29 09:00:00
CUST00002142,Aditya Verma,F,1980-09-02,2023-09-09,False,REGULAR,GEO000035,2025-11-05 09:00:00
CUST00002143,Vihaan Saxena,F,1999-10-20,2024-04-09,False,BUDGET,GEO000012,2026-01-21 09:00:00
CUST00002144,Vikram Verma,F,1975-02-20,2018-01-22,False,BUDGET,GEO000038,2025-08-16 09:00:00
CUST00002145,Rohit Thakur,F,1999-11-03,2019-07-03,False,BUSINESS,GEO000036,2025-08-11 09:00:00
CUST00002146,Ankit Yadav,M,2005-08-10,2021-05-19,True,REGULAR,GEO000050,2026-01-22 09:00:00
CUST00002147,Diya Das,M,1997-11-07,2023-08-22,False,REGULAR,GEO000007,2025-10-08 09:00:00
CUST00002148,Anaya Goswami,M,1999-03-12,2020-04-22,False,BUDGET,GEO000005,2025-11-23 09:00:00
CUST00002149,Neha Khan,F,1993-05-18,2023-10-16,True,REGULAR,GEO000054,2025-09-09 09:00:00
CUST00002150,Sanjana Chatterjee,F,1991-05-01,2021-01-01,False,REGULAR,GEO000009,2026-01-01 09:00:00
CUST00002151,Kavya Gupta,F,2000-02-15,2021-12-18,False,REGULAR,GEO000039,2025-11-06 09:00:00
CUST00002152,Riya Verma,F,1970-04-10,2023-12-01,True,REGULAR,GEO000058,2026-02-02 09:00:00
CUST00002153,Neha Das,M,1986-09-04,2020-06-05,True,BUDGET,GEO000048,2025-11-26 09:00:00
CUST00002154,Kunal Malhotra,F,1991-06-18,2020-12-24,False,PREMIUM,GEO000056,2025-09-12 09:00:00
CUST00002155,Vikram Bose,M,2004-09-28,2020-12-30,False,BUDGET,GEO000047,2025-08-18 09:00:00
CUST00002156,Anaya Bose,F,2001-02-09,2022-07-18,False,BUDGET,GEO000038,2025-10-03 09:00:00
CUST00002157,Deepak Khan,F,1987-04-18,2023-07-13,False,BUDGET,GEO000010,2025-10-25 09:00:00
CUST00002158,Sneha Mishra,F,2002-09-23,2020-07-09,False,PREMIUM,GEO000048,2025-12-05 09:00:00
CUST00002159,Deepak Gupta,F,1985-05-10,2022-09-22,False,REGULAR,GEO000021,2025-11-03 09:00:00
CUST00002160,Vihaan Bose,F,2006-07-22,2019-06-15,False,BUDGET,GEO000050,2025-08-22 09:00:00
CUST00002161,Sanjana Mishra,F,2005-12-05,2018-11-06,False,PREMIUM,GEO000022,2026-02-03 09:00:00
CUST00002162,Suresh Bose,F,1980-02-14,2021-12-26,False,BUDGET,GEO000033,2025-12-11 09:00:00
CUST00002163,Varun Malhotra,F,1992-09-14,2024-06-11,False,REGULAR,GEO000019,2025-10-25 09:00:00
CUST00002164,Vikram Dutta,F,1992-07-02,2021-06-16,False,BUDGET,GEO000054,2025-08-12 09:00:00
CUST00002165,Nikhil Yadav,F,1997-11-01,2020-09-29,False,REGULAR,GEO000019,2025-08-29 09:00:00
CUST00002166,Kiran Singh,M,1972-05-28,2018-05-14,True,PREMIUM,GEO000052,2025-09-04 09:00:00
CUST00002167,Pooja Pandey,M,2006-10-27,2023-08-19,False,PREMIUM,GEO000021,2025-10-05 09:00:00
CUST00002168,Sanjana Sharma,M,1978-11-01,2023-11-22,False,REGULAR,GEO000029,2025-11-25 09:00:00
CUST00002169,Kunal Gupta,M,1980-11-06,2021-01-02,False,REGULAR,GEO000040,2025-08-28 09:00:00
CUST00002170,Anaya Iyer,M,1978-06-05,2025-06-29,False,BUDGET,GEO000058,2025-11-21 09:00:00
CUST00002171,Varun Verma,M,1984-02-16,2018-12-25,False,REGULAR,GEO000025,2025-08-29 09:00:00
CUST00002172,Priya Reddy,F,1979-10-03,2019-05-12,True,BUDGET,GEO000023,2025-11-11 09:00:00
CUST00002173,Sai Pandey,F,1984-04-08,2020-08-11,False,REGULAR,GEO000015,2025-12-29 09:00:00
CUST00002174,Isha Dutta,F,1993-12-09,2022-04-28,False,REGULAR,GEO000029,2025-12-26 09:00:00
CUST00002175,Ankit Goswami,M,1982-03-11,2019-12-28,True,BUDGET,GEO000043,2026-01-28 09:00:00
CUST00002176,Ankit Chatterjee,F,1985-09-14,2021-09-24,False,BUDGET,GEO000020,2025-09-10 09:00:00
CUST00002177,Isha Thakur,F,1983-09-21,2019-06-24,False,BUDGET,GEO000032,2025-09-27 09:00:00
CUST00002178,Sneha Malhotra,F,1983-11-08,2021-09-27,False,BUSINESS,GEO000021,2025-10-18 09:00:00
CUST00002179,Vivaan Saxena,M,2007-04-06,2021-07-01,False,REGULAR,GEO000005,2025-12-01 09:00:00
CUST00002180,Vivaan Kulkarni,F,1995-04-01,2023-08-31,False,REGULAR,GEO000049,2025-08-12 09:00:00
CUST00002181,Vivaan Bose,F,1971-12-28,2018-02-04,False,REGULAR,GEO000042,2025-09-03 09:00:00
CUST00002182,Vihaan Mishra,F,1986-09-30,2023-06-13,False,REGULAR,GEO000005,2025-09-02 09:00:00
CUST00002183,Anaya Singh,M,1971-04-29,2024-09-29,False,REGULAR,GEO000013,2025-08-11 09:00:00
CUST00002184,Kiran Verma,F,1983-05-16,2022-05-05,False,BUDGET,GEO000044,2025-09-01 09:00:00
CUST00002185,Vikram Gupta,F,2001-08-30,2024-02-25,False,REGULAR,GEO000006,2025-09-10 09:00:00
CUST00002186,Aarav Singh,F,1992-06-03,2020-01-24,False,REGULAR,GEO000032,2025-12-18 09:00:00
CUST00002187,Rahul Saxena,F,2004-01-09,2019-08-10,False,BUDGET,GEO000010,2025-09-23 09:00:00
CUST00002188,Priya Kulkarni,M,2004-12-08,2024-09-09,False,BUDGET,GEO000050,2026-01-29 09:00:00
CUST00002189,Manish Reddy,F,1982-12-06,2023-08-31,False,REGULAR,GEO000043,2025-08-12 09:00:00
CUST00002190,Sanjana Mishra,M,1988-10-29,2022-08-15,True,REGULAR,GEO000014,2025-12-17 09:00:00
CUST00002191,Pooja Dutta,F,1983-08-17,2023-11-09,False,REGULAR,GEO000014,2025-10-11 09:00:00
CUST00002192,Ankit Khan,F,1994-07-29,2024-02-21,True,REGULAR,GEO000019,2025-11-04 09:00:00
CUST00002193,Kavya Malhotra,M,1970-09-07,2020-01-17,False,PREMIUM,GEO000030,2026-01-04 09:00:00
CUST00002194,Diya Kapoor,M,1987-11-30,2023-08-12,False,REGULAR,GEO000033,2025-08-25 09:00:00
CUST00002195,Manish Bhat,F,1972-06-30,2024-02-19,False,BUDGET,GEO000054,2025-08-27 09:00:00
CUST00002196,Sanjana Verma,F,1999-08-24,2019-03-22,False,REGULAR,GEO000054,2025-12-28 09:00:00
CUST00002197,Aditya Saxena,M,1972-11-06,2021-09-28,False,BUDGET,GEO000043,2025-08-26 09:00:00
CUST00002198,Pooja Reddy,F,1970-07-09,2020-08-07,False,PREMIUM,GEO000011,2025-10-15 09:00:00
CUST00002199,Diya Verma,F,1992-07-12,2019-09-21,True,PREMIUM,GEO000021,2025-09-11 09:00:00
CUST00002200,Pooja Mishra,M,1998-06-09,2021-09-29,True,REGULAR,GEO000018,2026-01-12 09:00:00
CUST00002201,Kavya Sharma,M,1997-06-03,2025-08-15,False,REGULAR,GEO000015,2026-01-09 09:00:00
CUST00002202,Kavya Gupta,M,1973-08-04,2020-08-31,False,REGULAR,GEO000057,2025-11-24 09:00:00
CUST00002203,Ankit Jain,M,1973-06-11,2019-09-30,False,REGULAR,GEO000041,2025-08-16 09:00:00
CUST00002204,Ankit Kulkarni,M,2000-11-19,2018-10-19,False,BUDGET,GEO000016,2026-01-15 09:00:00
CUST00002205,Priya Patel,M,1986-02-15,2024-01-19,False,REGULAR,GEO000025,2025-12-26 09:00:00
CUST00002206,Anaya Khan,M,1973-03-05,2023-01-22,False,BUSINESS,GEO000055,2025-08-27 09:00:00
CUST00002207,Manish Joshi,M,1978-01-18,2018-05-27,False,REGULAR,GEO000039,2025-08-24 09:00:00
CUST00002208,Rohit Goswami,M,1988-06-28,2021-10-06,False,REGULAR,GEO000013,2025-09-30 09:00:00
CUST00002209,Manish Chatterjee,F,1993-01-27,2019-06-13,False,BUDGET,GEO000035,2025-10-28 09:00:00
CUST00002210,Deepak Malhotra,M,1984-02-17,2018-04-01,False,PREMIUM,GEO000037,2025-10-13 09:00:00
CUST00002211,Vihaan Chatterjee,M,1996-10-25,2023-11-01,False,REGULAR,GEO000041,2025-09-05 09:00:00
CUST00002212,Aditi Sharma,M,1993-12-17,2020-07-02,False,BUSINESS,GEO000003,2025-08-11 09:00:00
CUST00002213,Diya Joshi,M,1975-08-30,2018-08-11,False,BUSINESS,GEO000029,2025-09-24 09:00:00
CUST00002214,Kunal Goswami,M,1994-03-09,2021-07-14,True,BUDGET,GEO000052,2025-08-09 09:00:00
CUST00002215,Sanjana Joshi,M,1990-02-11,2018-08-23,False,BUDGET,GEO000002,2025-12-10 09:00:00
CUST00002216,Kavya Nair,M,1979-11-13,2019-03-19,True,PREMIUM,GEO000049,2025-08-29 09:00:00
CUST00002217,Isha Verma,M,1993-04-20,2018-06-10,True,BUDGET,GEO000014,2026-02-03 09:00:00
CUST00002218,Sneha Gupta,F,1976-08-06,2023-10-04,False,BUSINESS,GEO000002,2025-10-15 09:00:00
CUST00002219,Meera Singh,M,1985-09-26,2022-02-19,False,PREMIUM,GEO000028,2025-10-11 09:00:00
CUST00002220,Rahul Nair,F,1980-09-07,2020-12-30,True,REGULAR,GEO000049,2025-12-11 09:00:00
CUST00002221,Neha Kapoor,M,1986-05-28,2024-07-28,False,BUSINESS,GEO000032,2025-10-23 09:00:00
CUST00002222,Sanjana Nair,F,1983-08-24,2019-02-15,False,REGULAR,GEO000036,2026-01-18 09:00:00
CUST00002223,Rahul Bose,M,1997-01-18,2018-02-14,False,BUDGET,GEO000055,2026-01-12 09:00:00
CUST00002224,Riya Nair,M,1991-03-03,2020-04-07,True,REGULAR,GEO000025,2026-01-25 09:00:00
CUST00002225,Priya Sharma,M,1996-02-14,2025-02-24,True,REGULAR,GEO000033,2026-01-09 09:00:00
CUST00002226,Sanjana Das,F,1988-06-22,2019-09-05,False,REGULAR,GEO000055,2025-10-17 09:00:00
CUST00002227,Priya Thakur,M,1982-03-07,2024-09-13,True,BUDGET,GEO000011,2025-11-09 09:00:00
CUST00002228,Aditya Kulkarni,F,1999-04-27,2024-01-04,True,REGULAR,GEO000002,2025-08-12 09:00:00
CUST00002229,Ankit Mishra,F,1980-03-28,2024-12-16,False,PREMIUM,GEO000006,2025-11-18 09:00:00
CUST00002230,Nikhil Pandey,F,1976-01-17,2025-08-23,False,PREMIUM,GEO000014,2025-12-20 09:00:00
CUST00002231,Rahul Kapoor,F,2003-03-25,2022-01-09,False,REGULAR,GEO000013,2025-08-08 09:00:00
CUST00002232,Kavya Kapoor,M,1983-04-29,2024-05-14,False,BUSINESS,GEO000050,2026-01-07 09:00:00
CUST00002233,Kiran Yadav,M,1994-12-01,2025-09-17,False,REGULAR,GEO000050,2025-09-05 09:00:00
CUST00002234,Sneha Dutta,M,1980-07-28,2020-11-05,False,PREMIUM,GEO000032,2025-11-09 09:00:00
CUST00002235,Deepak Jain,F,1984-04-24,2024-06-15,False,PREMIUM,GEO000022,2025-10-24 09:00:00
CUST00002236,Kiran Kapoor,M,1983-05-26,2018-12-18,False,BUDGET,GEO000030,2025-08-19 09:00:00
CUST00002237,Aditya Joshi,M,1979-01-23,2021-12-20,False,BUDGET,GEO000051,2025-09-17 09:00:00
CUST00002238,Diya Das,M,1988-08-06,2021-12-26,False,BUSINESS,GEO000043,2025-10-22 09:00:00
CUST00002239,Diya Joshi,F,2007-05-19,2021-07-05,True,BUDGET,GEO000022,2025-09-27 09:00:00
CUST00002240,Priya Bhat,F,1972-09-22,2019-08-27,False,BUDGET,GEO000049,2025-09-16 09:00:00
CUST00002241,Nikhil Kapoor,M,1974-03-01,2024-02-01,False,REGULAR,GEO000045,2025-09-11 09:00:00
CUST00002242,Rahul Bose,F,1975-11-23,2025-07-15,False,BUDGET,GEO000016,2025-10-18 09:00:00
CUST00002243,Anaya Malhotra,F,1994-09-28,2025-07-13,False,BUDGET,GEO000058,2026-01-09 09:00:00
CUST00002244,Aditi Khan,F,1972-01-01,2023-05-06,True,REGULAR,GEO000054,2025-12-02 09:00:00
CUST00002245,Priya Thakur,F,1981-01-11,2024-10-14,True,REGULAR,GEO000008,2025-10-22 09:00:00
CUST00002246,Aditya Pandey,F,1970-02-18,2025-05-30,False,REGULAR,GEO000015,2026-01-26 09:00:00
CUST00002247,Pooja Joshi,F,1980-06-21,2018-02-19,True,REGULAR,GEO000031,2026-01-24 09:00:00
CUST00002248,Riya Goswami,M,1993-07-17,2021-10-07,False,BUDGET,GEO000038,2026-01-23 09:00:00
CUST00002249,Meera Jain,M,2006-02-18,2020-06-23,False,REGULAR,GEO000054,2025-12-01 09:00:00
CUST00002250,Aarav Bose,M,1979-08-11,2025-06-02,True,BUSINESS,GEO000017,2025-12-04 09:00:00
CUST00002251,Neha Thakur,F,1991-08-11,2025-07-01,False,PREMIUM,GEO000043,2025-08-19 09:00:00
CUST00002252,Sanjana Singh,F,1971-07-16,2025-05-17,False,BUDGET,GEO000002,2025-08-08 09:00:00
CUST00002253,Aditya Bhat,F,1995-04-21,2025-12-04,False,BUDGET,GEO000055,2026-01-13 09:00:00
CUST00002254,Kavya Khan,M,1975-09-29,2021-01-13,False,BUDGET,GEO000058,2026-01-03 09:00:00
CUST00002255,Manish Jain,F,1999-06-05,2021-11-20,False,REGULAR,GEO000030,2025-12-23 09:00:00
CUST00002256,Aditi Nair,F,2005-09-30,2020-06-23,False,BUDGET,GEO000034,2025-09-13 09:00:00
CUST00002257,Ankit Bose,M,2003-04-23,2021-07-12,False,BUDGET,GEO000050,2025-10-06 09:00:00
CUST00002258,Vivaan Mishra,F,2005-01-15,2020-03-26,False,REGULAR,GEO000031,2025-11-05 09:00:00
CUST00002259,Pooja Verma,M,1982-06-18,2020-12-02,False,BUDGET,GEO000047,2025-12-24 09:00:00
CUST00002260,Shreya Nair,M,2001-07-13,2018-08-01,False,PREMIUM,GEO000028,2025-12-12 09:00:00
CUST00002261,Shreya Malhotra,M,1975-01-11,2023-02-15,True,BUDGET,GEO000018,2025-11-10 09:00:00
CUST00002262,Kavya Gupta,F,1977-04-21,2025-03-08,True,REGULAR,GEO000005,2025-09-29 09:00:00
CUST00002263,Pooja Saxena,M,2003-03-19,2019-11-05,False,REGULAR,GEO000059,2025-12-03 09:00:00
CUST00002264,Meera Thakur,F,1971-02-13,2025-03-06,False,REGULAR,GEO000031,2025-09-08 09:00:00
CUST00002265,Riya Joshi,F,2001-01-23,2018-07-18,False,BUDGET,GEO000030,2025-09-02 09:00:00
CUST00002266,Neha Goswami,F,1975-05-08,2023-11-02,False,REGULAR,GEO000010,2025-09-27 09:00:00
CUST00002267,Rohit Singh,M,2004-11-27,2018-02-09,False,REGULAR,GEO000025,2026-01-06 09:00:00
CUST00002268,Isha Saxena,F,1981-06-26,2023-09-20,False,REGULAR,GEO000055,2025-08-18 09:00:00
CUST00002269,Suresh Pandey,F,1994-11-07,2022-06-04,True,BUDGET,GEO000021,2025-11-17 09:00:00
CUST00002270,Sanjana Pandey,M,1975-10-23,2019-06-22,True,PREMIUM,GEO000003,2025-11-01 09:00:00
CUST00002271,Sai Sharma,F,1984-08-28,2024-05-07,False,REGULAR,GEO000028,2025-12-22 09:00:00
CUST00002272,Arjun Thakur,F,1976-11-01,2018-01-09,False,BUDGET,GEO000027,2025-10-28 09:00:00
CUST00002273,Varun Goswami,F,1970-01-02,2019-08-10,False,BUDGET,GEO000003,2026-01-07 09:00:00
CUST00002274,Riya Dutta,F,1980-06-20,2020-12-01,False,BUDGET,GEO000041,2026-01-24 09:00:00
CUST00002275,Ankit Yadav,F,1985-11-21,2024-11-26,False,REGULAR,GEO000051,2025-12-07 09:00:00
CUST00002276,Aarav Singh,M,2006-06-10,2019-12-09,True,REGULAR,GEO000014,2026-01-16 09:00:00
CUST00002277,Varun Goswami,M,1984-10-02,2020-07-01,False,BUSINESS,GEO000037,2026-01-15 09:00:00
CUST00002278,Riya Yadav,M,2005-04-14,2025-12-22,False,REGULAR,GEO000005,2025-12-14 09:00:00
CUST00002279,Rohit Chatterjee,F,1973-05-27,2023-02-25,False,REGULAR,GEO000011,2025-09-07 09:00:00
CUST00002280,Sai Malhotra,F,1992-06-29,2019-11-17,False,PREMIUM,GEO000019,2025-09-01 09:00:00
CUST00002281,Sneha Mishra,M,1977-07-20,2022-12-10,False,REGULAR,GEO000059,2025-12-05 09:00:00
CUST00002282,Suresh Mishra,M,1994-08-31,2019-08-12,False,PREMIUM,GEO000048,2025-12-10 09:00:00
CUST00002283,Aditi Dutta,M,1988-12-03,2018-07-12,False,REGULAR,GEO000059,2025-12-13 09:00:00
CUST00002284,Sanjana Kapoor,M,2003-07-18,2024-11-19,False,BUDGET,GEO000020,2026-01-09 09:00:00
CUST00002285,Arjun Patel,M,1974-05-29,2025-11-30,True,PREMIUM,GEO000009,2025-08-12 09:00:00
CUST00002286,Priya Verma,M,1996-07-02,2018-03-25,True,REGULAR,GEO000002,2026-01-30 09:00:00
CUST00002287,Rahul Kulkarni,F,1994-04-26,2021-05-21,False,REGULAR,GEO000047,2025-09-16 09:00:00
CUST00002288,Kunal Pandey,F,1973-06-17,2022-08-26,False,REGULAR,GEO000001,2026-01-28 09:00:00
CUST00002289,Rahul Goswami,F,2007-08-23,2022-11-01,True,REGULAR,GEO000037,2025-12-19 09:00:00
CUST00002290,Aarav Das,M,1990-08-15,2025-03-09,False,PREMIUM,GEO000005,2026-01-19 09:00:00
CUST00002291,Neha Bose,M,1984-09-03,2019-06-08,True,BUDGET,GEO000046,2025-11-22 09:00:00
CUST00002292,Varun Verma,F,1979-02-04,2019-06-05,True,REGULAR,GEO000008,2025-09-16 09:00:00
CUST00002293,Aditya Sharma,F,1985-09-19,2023-09-17,False,PREMIUM,GEO000002,2026-01-14 09:00:00
CUST00002294,Aditi Pandey,F,1991-02-12,2025-11-28,False,REGULAR,GEO000017,2025-12-28 09:00:00
CUST00002295,Meera Iyer,F,1988-05-09,2022-11-08,False,BUDGET,GEO000014,2025-12-13 09:00:00
CUST00002296,Meera Mehta,F,2001-07-30,2021-03-31,True,PREMIUM,GEO000006,2025-12-05 09:00:00
CUST00002297,Shreya Nair,M,1978-11-01,2019-11-27,False,PREMIUM,GEO000052,2026-01-30 09:00:00
CUST00002298,Kavya Saxena,M,1982-07-05,2023-02-19,False,BUDGET,GEO000051,2025-08-30 09:00:00
CUST00002299,Isha Reddy,M,1984-06-21,2019-12-13,False,PREMIUM,GEO000017,2025-12-29 09:00:00
CUST00002300,Neha Goswami,O,2002-01-04,2018-05-24,False,REGULAR,GEO000056,2026-01-14 09:00:00
CUST00002301,Vikram Yadav,F,1996-02-07,2022-10-26,False,REGULAR,GEO000041,2025-09-25 09:00:00
CUST00002302,Aarav Pandey,M,1999-07-28,2018-05-28,False,PREMIUM,GEO000006,2025-12-13 09:00:00
CUST00002303,Neha Jain,F,1989-09-21,2021-05-31,True,BUDGET,GEO000045,2025-10-05 09:00:00
CUST00002304,Suresh Jain,M,1983-09-17,2022-07-06,False,BUSINESS,GEO000003,2026-01-09 09:00:00
CUST00002305,Arjun Dutta,M,1986-08-13,2022-11-12,False,BUDGET,GEO000016,2025-08-19 09:00:00
CUST00002306,Aditi Malhotra,M,1987-09-18,2020-03-21,True,BUDGET,GEO000032,2025-11-01 09:00:00
CUST00002307,Manish Bhat,F,2004-05-21,2024-09-06,False,REGULAR,GEO000042,2025-12-08 09:00:00
CUST00002308,Diya Nair,M,1992-05-14,2021-06-09,False,REGULAR,GEO000017,2025-08-09 09:00:00
CUST00002309,Sai Sharma,M,1991-07-20,2021-07-18,False,PREMIUM,GEO000048,2025-12-09 09:00:00
CUST00002310,Vihaan Gupta,M,1996-03-17,2018-07-02,True,PREMIUM,GEO000023,2025-10-24 09:00:00
CUST00002311,Nikhil Dutta,M,1972-03-24,2018-12-28,True,PREMIUM,GEO000035,2025-09-13 09:00:00
CUST00002312,Aarav Joshi,F,2006-04-05,2022-02-27,False,REGULAR,GEO000046,2025-09-20 09:00:00
CUST00002313,Anaya Singh,M,2000-02-13,2018-01-24,False,REGULAR,GEO000044,2025-11-14 09:00:00
CUST00002314,Aarav Mishra,F,1994-12-28,2023-04-28,False,BUDGET,GEO000011,2025-09-04 09:00:00
CUST00002315,Vivaan Saxena,F,1977-12-16,2019-10-27,False,PREMIUM,GEO000017,2025-12-22 09:00:00
CUST00002316,Pooja Sharma,F,1998-08-11,2024-12-19,False,REGULAR,GEO000053,2026-01-07 09:00:00
CUST00002317,Suresh Das,M,1987-07-06,2025-09-15,True,BUSINESS,GEO000003,2025-08-16 09:00:00
CUST00002318,Manish Chatterjee,M,1983-09-11,2023-01-04,False,REGULAR,GEO000002,2025-10-16 09:00:00
CUST00002319,Anaya Bhat,F,1999-03-05,2019-11-30,False,BUDGET,GEO000056,2025-09-12 09:00:00
CUST00002320,Meera Mehta,M,1971-01-12,2018-08-15,True,REGULAR,GEO000008,2025-11-23 09:00:00
CUST00002321,Meera Chatterjee,F,1971-01-17,2020-02-12,False,REGULAR,GEO000014,2025-09-07 09:00:00
CUST00002322,Riya Dutta,F,1991-06-02,2021-09-18,True,PREMIUM,GEO000004,2026-01-20 09:00:00
CUST00002323,Kiran Nair,M,1979-12-24,2025-05-29,False,BUSINESS,GEO000038,2026-01-15 09:00:00
CUST00002324,Manish Mishra,F,1978-07-22,2019-01-14,False,BUDGET,GEO000015,2025-08-22 09:00:00
CUST00002325,Meera Chatterjee,M,1999-02-08,2023-04-20,False,REGULAR,GEO000019,2025-11-24 09:00:00
CUST00002326,Aarav Kulkarni,F,1985-09-26,2022-04-24,False,BUSINESS,GEO000012,2025-09-24 09:00:00
CUST00002327,Deepak Dutta,M,1984-10-12,2020-01-19,True,REGULAR,GEO000048,2026-01-22 09:00:00
CUST00002328,Sneha Goswami,F,1976-02-01,2018-02-26,False,REGULAR,GEO000016,2025-10-21 09:00:00
CUST00002329,Aditi Bhat,M,1993-03-25,2023-01-15,False,REGULAR,GEO000053,2025-09-22 09:00:00
CUST00002330,Kunal Mehta,M,1987-05-15,2025-11-27,True,BUDGET,GEO000011,2026-01-28 09:00:00
CUST00002331,Diya Pandey,M,1987-06-18,2020-01-04,False,REGULAR,GEO000059,2025-08-26 09:00:00
CUST00002332,Diya Bhat,F,1995-02-20,2018-06-17,False,REGULAR,GEO000008,2025-12-09 09:00:00
CUST00002333,Priya Chatterjee,M,1972-10-22,2024-07-08,True,BUSINESS,GEO000006,2026-02-04 09:00:00
CUST00002334,Arjun Malhotra,M,2000-01-06,2023-08-14,False,REGULAR,GEO000024,2025-09-24 09:00:00
CUST00002335,Deepak Chatterjee,F,1984-03-21,2020-10-05,False,REGULAR,GEO000005,2025-11-14 09:00:00
CUST00002336,Sneha Kulkarni,F,1995-04-24,2022-01-27,False,REGULAR,GEO000026,2026-01-09 09:00:00
CUST00002337,Kiran Bose,F,1981-04-26,2019-12-11,False,REGULAR,GEO000029,2025-10-07 09:00:00
CUST00002338,Sai Iyer,F,1979-09-28,2024-05-28,False,BUDGET,GEO000002,2025-12-12 09:00:00
CUST00002339,Deepak Goswami,M,1987-01-21,2022-09-06,False,BUDGET,GEO000017,2025-11-21 09:00:00
CUST00002340,Suresh Thakur,M,1987-05-20,2020-04-06,False,REGULAR,GEO000045,2025-12-31 09:00:00
CUST00002341,Sai Mishra,F,1971-01-26,2021-11-20,False,REGULAR,GEO000040,2025-09-10 09:00:00
CUST00002342,Neha Bhat,M,1986-02-22,2023-12-08,False,REGULAR,GEO000059,2025-12-04 09:00:00
CUST00002343,Meera Mehta,M,1989-01-27,2018-12-31,False,REGULAR,GEO000041,2026-01-07 09:00:00
CUST00002344,Anaya Thakur,F,1988-08-06,2019-09-13,False,BUDGET,GEO000031,2025-09-02 09:00:00
CUST00002345,Kiran Chatterjee,F,1983-10-04,2022-07-18,True,REGULAR,GEO000030,2026-01-29 09:00:00
CUST00002346,Manish Khan,F,1979-04-01,2024-07-04,False,BUDGET,GEO000012,2025-12-20 09:00:00
CUST00002347,Rohit Mehta,M,1989-03-10,2021-07-12,True,REGULAR,GEO000039,2025-09-24 09:00:00
CUST00002348,Vivaan Khan,M,1988-04-18,2024-03-02,False,BUDGET,GEO000031,2026-01-07 09:00:00
CUST00002349,Rohit Saxena,M,1973-04-05,2019-12-26,True,REGULAR,GEO000019,2025-12-01 09:00:00
CUST00002350,Suresh Verma,F,1973-12-05,2023-08-19,True,PREMIUM,GEO000008,2025-08-16 09:00:00
CUST00002351,Manish Saxena,F,1991-09-10,2024-06-07,True,REGULAR,GEO000048,2025-09-23 09:00:00
CUST00002352,Ankit Gupta,M,1993-05-13,2021-11-05,True,REGULAR,GEO000016,2026-01-24 09:00:00
CUST00002353,Varun Kapoor,F,1982-11-09,2024-10-14,False,REGULAR,GEO000007,2025-12-07 09:00:00
CUST00002354,Vikram Goswami,F,1995-01-18,2022-08-19,False,BUDGET,GEO000021,2025-12-14 09:00:00
CUST00002355,Aarav Patel,F,1994-07-30,2020-07-08,True,REGULAR,GEO000006,2025-10-31 09:00:00
CUST00002356,Riya Verma,M,1971-11-26,2020-10-21,True,BUDGET,GEO000009,2025-10-14 09:00:00
CUST00002357,Pooja Mehta,M,1996-07-12,2021-02-15,True,REGULAR,GEO000055,2025-08-31 09:00:00
CUST00002358,Varun Mishra,F,1987-06-17,2024-04-21,False,REGULAR,GEO000026,2025-08-23 09:00:00
CUST00002359,Priya Pandey,F,1989-04-11,2020-01-28,False,REGULAR,GEO000059,2025-12-13 09:00:00
CUST00002360,Manish Jain,F,2006-04-22,2020-12-01,False,REGULAR,GEO000039,2025-12-15 09:00:00
CUST00002361,Aditya Dutta,M,1990-06-04,2025-01-19,False,REGULAR,GEO000056,2026-01-18 09:00:00
CUST00002362,Vihaan Bose,M,1970-10-18,2020-04-26,False,REGULAR,GEO000044,2026-01-04 09:00:00
CUST00002363,Aarav Saxena,F,2004-05-18,2021-06-08,False,BUDGET,GEO000054,2025-10-27 09:00:00
CUST00002364,Priya Iyer,M,1990-03-31,2019-06-17,False,PREMIUM,GEO000010,2026-01-24 09:00:00
CUST00002365,Vikram Singh,M,2001-01-27,2022-09-25,False,REGULAR,GEO000055,2025-10-02 09:00:00
CUST00002366,Vivaan Kapoor,F,1996-09-04,2019-06-17,True,REGULAR,GEO000042,2025-10-02 09:00:00
CUST00002367,Arjun Saxena,F,1977-04-18,2021-04-14,False,PREMIUM,GEO000004,2025-12-26 09:00:00
CUST00002368,Suresh Chatterjee,F,2003-05-07,2024-03-12,False,REGULAR,GEO000008,2026-01-17 09:00:00
CUST00002369,Vivaan Kulkarni,M,2001-07-31,2021-09-06,False,BUDGET,GEO000001,2025-11-14 09:00:00
CUST00002370,Varun Das,M,2006-02-19,2025-07-22,False,REGULAR,GEO000003,2026-01-12 09:00:00
CUST00002371,Diya Pandey,M,2006-06-24,2024-11-14,False,REGULAR,GEO000025,2026-01-20 09:00:00
CUST00002372,Aarav Mehta,M,2007-08-08,2019-02-05,False,REGULAR,GEO000022,2026-01-19 09:00:00
CUST00002373,Diya Mehta,O,1971-12-20,2020-09-24,True,PREMIUM,GEO000022,2025-08-23 09:00:00
CUST00002374,Aarav Khan,F,1982-02-17,2022-12-03,False,BUDGET,GEO000020,2025-08-16 09:00:00
CUST00002375,Deepak Das,F,1982-09-21,2021-09-21,False,REGULAR,GEO000041,2025-10-23 09:00:00
CUST00002376,Aditi Singh,M,1979-02-06,2020-09-25,True,REGULAR,GEO000057,2025-08-26 09:00:00
CUST00002377,Aarav Sharma,M,1970-02-01,2024-01-03,False,PREMIUM,GEO000008,2025-10-27 09:00:00
CUST00002378,Neha Das,F,2000-02-13,2019-06-02,False,REGULAR,GEO000027,2025-10-02 09:00:00
CUST00002379,Sanjana Goswami,M,1999-10-31,2023-02-01,False,REGULAR,GEO000022,2025-09-09 09:00:00
CUST00002380,Sai Singh,F,1988-08-05,2019-04-05,True,REGULAR,GEO000042,2025-12-29 09:00:00
CUST00002381,Sai Patel,F,1985-02-01,2024-01-25,False,REGULAR,GEO000023,2025-11-09 09:00:00
CUST00002382,Sai Patel,F,2000-10-16,2025-12-24,True,PREMIUM,GEO000028,2026-01-29 09:00:00
CUST00002383,Rohit Kapoor,M,1999-10-12,2025-09-01,False,BUDGET,GEO000030,2026-01-18 09:00:00
CUST00002384,Kunal Nair,F,1988-03-03,2023-08-04,False,REGULAR,GEO000021,2026-01-31 09:00:00
CUST00002385,Aditi Pandey,M,1994-04-29,2022-04-03,False,PREMIUM,GEO000006,2025-10-14 09:00:00
CUST00002386,Kiran Thakur,M,2002-10-02,2019-10-19,True,REGULAR,GEO000016,2025-08-11 09:00:00
CUST00002387,Manish Bhat,M,1980-12-24,2025-10-15,True,REGULAR,GEO000011,2025-09-27 09:00:00
CUST00002388,Sneha Kapoor,M,1994-07-10,2025-08-27,True,REGULAR,GEO000026,2025-11-23 09:00:00
CUST00002389,Rahul Saxena,M,2006-12-28,2023-09-20,False,REGULAR,GEO000014,2025-10-03 09:00:00
CUST00002390,Meera Yadav,F,2005-11-04,2023-04-10,False,BUDGET,GEO000030,2025-08-22 09:00:00
CUST00002391,Diya Bose,M,1976-12-28,2022-09-02,False,BUDGET,GEO000009,2025-11-29 09:00:00
CUST00002392,Shreya Jain,M,1971-07-27,2023-03-14,False,BUDGET,GEO000031,2025-12-17 09:00:00
CUST00002393,Neha Yadav,F,1991-02-09,2023-02-12,False,REGULAR,GEO000017,2025-10-03 09:00:00
CUST00002394,Isha Kulkarni,M,2000-09-02,2020-01-22,False,REGULAR,GEO000010,2025-10-17 09:00:00
CUST00002395,Rahul Yadav,F,1998-03-23,2019-06-24,False,REGULAR,GEO000055,2026-01-24 09:00:00
CUST00002396,Pooja Pandey,F,1981-10-14,2024-10-24,False,REGULAR,GEO000058,2025-10-23 09:00:00
CUST00002397,Sneha Dutta,F,1973-01-29,2021-05-14,True,REGULAR,GEO000040,2026-01-14 09:00:00
CUST00002398,Kiran Khan,F,1990-02-23,2020-12-13,False,REGULAR,GEO000004,2025-09-02 09:00:00
CUST00002399,Aditi Sharma,M,1995-03-24,2021-01-30,False,PREMIUM,GEO000038,2025-11-19 09:00:00
CUST00002400,Aditi Das,M,1994-03-28,2022-03-07,True,REGULAR,GEO000004,2026-01-07 09:00:00
CUST00002401,Kavya Verma,M,2002-11-10,2024-08-06,False,REGULAR,GEO000052,2025-09-03 09:00:00
CUST00002402,Nikhil Dutta,F,1973-12-03,2025-04-13,False,REGULAR,GEO000023,2025-09-22 09:00:00
CUST00002403,Vivaan Bhat,F,2002-12-06,2021-03-28,False,BUDGET,GEO000046,2025-11-07 09:00:00
CUST00002404,Rahul Das,F,2006-02-19,2020-01-11,True,BUDGET,GEO000059,2025-11-21 09:00:00
CUST00002405,Kunal Nair,F,2002-04-01,2021-09-25,True,BUSINESS,GEO000025,2026-01-19 09:00:00
CUST00002406,Neha Pandey,F,2002-04-01,2025-05-18,False,REGULAR,GEO000056,2025-12-01 09:00:00
CUST00002407,Suresh Kulkarni,M,1989-08-03,2024-10-08,False,BUDGET,GEO000050,2025-12-05 09:00:00
CUST00002408,Meera Mehta,O,1998-08-05,2019-11-02,False,BUDGET,GEO000053,2025-09-16 09:00:00
CUST00002409,Ankit Kulkarni,M,1996-10-21,2019-06-01,False,BUDGET,GEO000021,2025-10-23 09:00:00
CUST00002410,Aditya Jain,F,1985-01-19,2020-12-07,False,REGULAR,GEO000050,2025-11-29 09:00:00
CUST00002411,Kunal Pandey,M,1991-04-15,2019-12-21,True,BUSINESS,GEO000006,2025-09-20 09:00:00
CUST00002412,Diya Goswami,M,2002-06-29,2019-05-13,False,REGULAR,GEO000052,2025-09-24 09:00:00
CUST00002413,Nikhil Nair,F,1989-09-28,2019-08-05,False,REGULAR,GEO000030,2025-11-12 09:00:00
CUST00002414,Aditya Patel,M,1976-09-15,2021-06-16,True,BUDGET,GEO000028,2025-12-06 09:00:00
CUST00002415,Diya Pandey,F,1996-12-29,2022-06-04,False,REGULAR,GEO000058,2025-09-01 09:00:00
CUST00002416,Riya Pandey,F,1970-11-13,2023-01-28,True,BUDGET,GEO000025,2025-11-12 09:00:00
CUST00002417,Sanjana Yadav,M,1985-02-25,2018-12-17,False,REGULAR,GEO000016,2025-09-30 09:00:00
CUST00002418,Vikram Das,M,1978-08-12,2024-02-01,False,BUDGET,GEO000009,2025-12-16 09:00:00
CUST00002419,Vivaan Das,M,2005-10-27,2020-03-20,False,REGULAR,GEO000012,2025-09-10 09:00:00
CUST00002420,Kunal Mehta,M,1990-07-15,2023-11-03,False,PREMIUM,GEO000020,2026-01-24 09:00:00
CUST00002421,Aditya Pandey,M,1994-07-07,2025-12-15,False,PREMIUM,GEO000027,2025-08-30 09:00:00
CUST00002422,Vihaan Sharma,M,1978-12-06,2024-06-04,False,BUDGET,GEO000015,2025-12-17 09:00:00
CUST00002423,Manish Reddy,M,1989-07-05,2020-02-11,True,REGULAR,GEO000001,2025-08-21 09:00:00
CUST00002424,Sneha Jain,F,1983-12-12,2023-01-30,True,REGULAR,GEO000018,2025-12-05 09:00:00
CUST00002425,Meera Malhotra,F,1993-02-10,2024-01-05,False,BUDGET,GEO000004,2025-09-08 09:00:00
CUST00002426,Varun Patel,M,1985-06-03,2019-06-05,True,BUSINESS,GEO000003,2025-08-13 09:00:00
CUST00002427,Rahul Pandey,M,2001-10-22,2021-01-26,True,REGULAR,GEO000055,2025-11-09 09:00:00
CUST00002428,Kiran Bose,M,1999-10-08,2020-09-01,False,REGULAR,GEO000042,2026-02-01 09:00:00
CUST00002429,Pooja Thakur,O,2007-07-05,2020-06-08,True,BUDGET,GEO000029,2026-01-03 09:00:00
CUST00002430,Vikram Goswami,M,1970-09-16,2025-07-20,False,BUDGET,GEO000050,2026-01-23 09:00:00
CUST00002431,Vivaan Goswami,M,2006-07-24,2023-07-18,False,REGULAR,GEO000023,2025-10-24 09:00:00
CUST00002432,Meera Iyer,M,1993-02-07,2019-04-01,False,REGULAR,GEO000012,2025-09-22 09:00:00
CUST00002433,Aditya Kulkarni,M,2001-10-21,2025-02-15,False,REGULAR,GEO000001,2025-11-02 09:00:00
CUST00002434,Ankit Khan,F,1999-02-16,2021-04-28,False,REGULAR,GEO000017,2025-09-28 09:00:00
CUST00002435,Suresh Mishra,F,1980-12-17,2020-02-29,True,BUDGET,GEO000057,2025-09-10 09:00:00
CUST00002436,Anaya Kulkarni,F,2001-06-28,2025-07-27,False,REGULAR,GEO000014,2025-12-23 09:00:00
CUST00002437,Nikhil Pandey,M,1970-01-06,2018-07-22,True,REGULAR,GEO000023,2025-10-02 09:00:00
CUST00002438,Sneha Chatterjee,F,1972-02-19,2019-06-14,False,REGULAR,GEO000020,2025-12-21 09:00:00
CUST00002439,Pooja Malhotra,F,1975-06-01,2024-06-07,False,PREMIUM,GEO000040,2025-11-19 09:00:00
CUST00002440,Priya Sharma,F,1973-10-12,2023-01-06,False,REGULAR,GEO000032,2025-11-28 09:00:00
CUST00002441,Aarav Khan,F,1977-08-20,2022-05-21,False,REGULAR,GEO000051,2025-11-18 09:00:00
CUST00002442,Ankit Kapoor,M,1992-09-30,2022-10-17,True,PREMIUM,GEO000019,2025-10-24 09:00:00
CUST00002443,Deepak Nair,F,1981-12-16,2023-04-21,False,BUDGET,GEO000022,2025-12-10 09:00:00
CUST00002444,Priya Gupta,M,1973-06-18,2019-12-22,True,REGULAR,GEO000043,2025-12-16 09:00:00
CUST00002445,Diya Thakur,M,1991-03-26,2022-05-24,False,REGULAR,GEO000020,2025-09-24 09:00:00
CUST00002446,Aditi Chatterjee,M,1989-01-09,2021-02-05,False,REGULAR,GEO000029,2025-08-14 09:00:00
CUST00002447,Sai Pandey,F,2003-11-30,2025-01-13,False,PREMIUM,GEO000002,2025-12-21 09:00:00
CUST00002448,Kunal Patel,F,1980-09-02,2020-12-05,True,REGULAR,GEO000009,2026-02-03 09:00:00
CUST00002449,Nikhil Iyer,F,1989-10-04,2024-02-04,False,BUDGET,GEO000028,2025-08-13 09:00:00
CUST00002450,Isha Nair,M,1975-09-14,2020-05-29,False,REGULAR,GEO000013,2025-09-24 09:00:00
CUST00002451,Shreya Dutta,M,1987-07-08,2021-10-19,False,BUDGET,GEO000050,2025-12-24 09:00:00
CUST00002452,Ankit Khan,F,1986-02-18,2018-02-15,False,REGULAR,GEO000027,2025-08-29 09:00:00
CUST00002453,Varun Iyer,F,2006-02-18,2024-05-18,True,REGULAR,GEO000006,2025-10-04 09:00:00
CUST00002454,Vivaan Mehta,F,1991-09-28,2021-09-09,False,REGULAR,GEO000050,2026-02-02 09:00:00
CUST00002455,Vivaan Joshi,M,1991-12-22,2025-02-05,True,REGULAR,GEO000032,2025-12-16 09:00:00
CUST00002456,Sneha Saxena,M,1981-11-19,2018-01-24,False,REGULAR,GEO000056,2026-01-24 09:00:00
CUST00002457,Arjun Dutta,M,1988-10-05,2024-11-28,False,BUDGET,GEO000039,2025-11-09 09:00:00
CUST00002458,Anaya Malhotra,F,1975-11-14,2022-10-01,False,REGULAR,GEO000029,2026-02-01 09:00:00
CUST00002459,Aarav Joshi,M,1993-08-18,2022-01-28,True,REGULAR,GEO000049,2025-09-24 09:00:00
CUST00002460,Sai Mishra,M,1995-12-02,2023-03-17,True,BUDGET,GEO000057,2026-01-12 09:00:00
CUST00002461,Nikhil Chatterjee,M,2001-09-28,2018-03-29,False,REGULAR,GEO000009,2025-09-19 09:00:00
CUST00002462,Sneha Singh,F,1975-07-24,2018-12-12,False,REGULAR,GEO000044,2025-12-17 09:00:00
CUST00002463,Kiran Joshi,M,1976-08-17,2023-10-10,False,REGULAR,GEO000004,2026-01-31 09:00:00
CUST00002464,Sai Chatterjee,F,1983-07-23,2020-03-21,False,REGULAR,GEO000034,2025-11-15 09:00:00
CUST00002465,Nikhil Patel,F,1983-01-06,2021-02-02,False,REGULAR,GEO000044,2025-11-29 09:00:00
CUST00002466,Priya Sharma,F,2002-08-30,2018-11-02,False,REGULAR,GEO000046,2026-01-31 09:00:00
CUST00002467,Deepak Kapoor,F,1975-02-24,2019-01-22,False,PREMIUM,GEO000038,2025-09-29 09:00:00
CUST00002468,Vivaan Goswami,M,1983-06-21,2023-09-22,False,BUDGET,GEO000032,2025-11-17 09:00:00
CUST00002469,Aditi Jain,F,1979-09-29,2022-10-19,False,PREMIUM,GEO000021,2025-12-08 09:00:00
CUST00002470,Kiran Kapoor,F,1981-03-23,2018-07-31,False,REGULAR,GEO000009,2025-08-30 09:00:00
CUST00002471,Isha Jain,F,1980-10-18,2023-11-17,False,BUDGET,GEO000026,2025-11-25 09:00:00
CUST00002472,Meera Malhotra,M,1991-10-27,2023-02-01,True,REGULAR,GEO000047,2025-12-19 09:00:00
CUST00002473,Sai Bose,F,1996-01-16,2024-06-29,False,PREMIUM,GEO000042,2026-02-04 09:00:00
CUST00002474,Rohit Malhotra,M,2005-09-25,2019-04-12,False,BUDGET,GEO000052,2025-09-13 09:00:00
CUST00002475,Vivaan Khan,M,1970-08-21,2019-10-02,True,BUSINESS,GEO000035,2025-10-27 09:00:00
CUST00002476,Pooja Singh,F,1987-11-27,2025-11-06,False,REGULAR,GEO000051,2025-10-21 09:00:00
CUST00002477,Isha Nair,F,1999-08-04,2021-06-08,False,PREMIUM,GEO000032,2025-11-15 09:00:00
CUST00002478,Suresh Gupta,M,1986-02-08,2020-11-12,False,REGULAR,GEO000018,2026-01-08 09:00:00
CUST00002479,Aditya Singh,M,1981-02-04,2022-09-11,False,PREMIUM,GEO000026,2026-02-04 09:00:00
CUST00002480,Sai Saxena,M,2002-05-04,2020-11-15,True,BUDGET,GEO000056,2025-11-05 09:00:00
CUST00002481,Diya Jain,M,1977-07-08,2024-04-08,False,REGULAR,GEO000002,2025-08-19 09:00:00
CUST00002482,Aditi Kapoor,F,1970-02-17,2022-05-29,False,BUDGET,GEO000007,2025-12-28 09:00:00
CUST00002483,Meera Patel,M,1974-03-31,2021-09-10,False,PREMIUM,GEO000022,2026-01-26 09:00:00
CUST00002484,Nikhil Kapoor,F,2007-08-31,2024-09-15,False,BUDGET,GEO000026,2026-01-04 09:00:00
CUST00002485,Nikhil Malhotra,F,1999-02-02,2019-08-17,True,REGULAR,GEO000021,2025-12-22 09:00:00
CUST00002486,Meera Jain,F,1988-02-17,2020-08-24,True,REGULAR,GEO000043,2026-01-23 09:00:00
CUST00002487,Deepak Saxena,M,1980-05-29,2024-09-07,False,BUDGET,GEO000043,2026-01-26 09:00:00
CUST00002488,Riya Mishra,M,1972-09-21,2024-03-19,True,BUDGET,GEO000045,2025-09-29 09:00:00
CUST00002489,Aarav Verma,M,1991-04-11,2018-02-25,False,BUDGET,GEO000055,2025-10-05 09:00:00
CUST00002490,Sanjana Mishra,F,1987-01-16,2019-03-04,False,REGULAR,GEO000031,2025-12-08 09:00:00
CUST00002491,Pooja Jain,F,1983-07-12,2019-05-07,False,REGULAR,GEO000027,2025-12-17 09:00:00
CUST00002492,Vihaan Yadav,F,1999-09-13,2018-08-18,True,REGULAR,GEO000022,2025-11-12 09:00:00
CUST00002493,Isha Verma,M,2004-10-04,2022-10-18,False,BUDGET,GEO000008,2025-10-21 09:00:00
CUST00002494,Vihaan Sharma,F,1987-12-09,2024-07-09,True,PREMIUM,GEO000014,2025-12-07 09:00:00
CUST00002495,Neha Bhat,M,1985-07-30,2022-02-11,False,REGULAR,GEO000033,2025-10-10 09:00:00
CUST00002496,Neha Pandey,F,1973-11-06,2021-02-08,False,REGULAR,GEO000006,2026-01-18 09:00:00
CUST00002497,Riya Jain,M,1987-12-16,2024-02-16,False,REGULAR,GEO000042,2025-09-22 09:00:00
CUST00002498,Arjun Goswami,F,1998-11-15,2018-01-14,False,BUDGET,GEO000014,2025-10-06 09:00:00
CUST00002499,Nikhil Bhat,F,1984-11-07,2020-10-23,False,REGULAR,GEO000002,2025-10-17 09:00:00
CUST00002500,Sai Nair,F,1991-08-22,2020-01-09,False,BUDGET,GEO000053,2025-10-17 09:00:00
CUST00002501,Kunal Sharma,M,1977-10-23,2025-06-16,False,REGULAR,GEO000026,2026-01-18 09:00:00
CUST00002502,Rohit Kapoor,F,1974-11-22,2023-11-30,False,PREMIUM,GEO000029,2025-11-12 09:00:00
CUST00002503,Varun Malhotra,F,2001-05-20,2021-10-30,True,REGULAR,GEO000059,2025-09-06 09:00:00
CUST00002504,Pooja Malhotra,F,1999-10-17,2018-01-25,False,REGULAR,GEO000024,2025-10-29 09:00:00
CUST00002505,Diya Kulkarni,M,1975-11-05,2022-08-21,False,BUSINESS,GEO000026,2025-08-31 09:00:00
CUST00002506,Anaya Mishra,M,1999-02-20,2020-09-27,True,PREMIUM,GEO000027,2026-01-28 09:00:00
CUST00002507,Ankit Verma,F,1997-02-22,2018-05-07,True,PREMIUM,GEO000029,2025-10-17 09:00:00
CUST00002508,Aditya Pandey,M,1998-07-15,2021-08-11,False,BUDGET,GEO000027,2025-08-22 09:00:00
CUST00002509,Manish Verma,F,1989-12-09,2022-06-09,False,REGULAR,GEO000011,2025-10-05 09:00:00
CUST00002510,Arjun Nair,F,1972-06-05,2019-04-29,False,BUDGET,GEO000049,2025-12-16 09:00:00
CUST00002511,Kavya Kulkarni,M,1975-06-13,2018-07-22,False,REGULAR,GEO000056,2025-10-11 09:00:00
CUST00002512,Diya Bose,M,1993-02-03,2025-12-11,False,BUDGET,GEO000014,2025-12-20 09:00:00
CUST00002513,Priya Jain,M,1977-01-01,2019-07-22,False,BUDGET,GEO000031,2025-10-11 09:00:00
CUST00002514,Ankit Iyer,M,2001-02-06,2021-06-28,False,REGULAR,GEO000048,2025-12-14 09:00:00
CUST00002515,Varun Mehta,M,1995-02-16,2023-07-28,True,BUDGET,GEO000039,2025-12-02 09:00:00
CUST00002516,Ankit Verma,F,1972-07-03,2018-04-20,False,BUDGET,GEO000034,2025-10-28 09:00:00
CUST00002517,Neha Gupta,F,1980-08-28,2024-08-26,True,BUDGET,GEO000002,2025-11-24 09:00:00
CUST00002518,Arjun Singh,F,1995-06-21,2023-03-19,False,REGULAR,GEO000037,2026-02-01 09:00:00
CUST00002519,Sai Bhat,M,1998-12-07,2025-01-29,False,REGULAR,GEO000042,2025-11-15 09:00:00
CUST00002520,Vivaan Sharma,F,2000-01-19,2020-05-20,False,REGULAR,GEO000006,2025-12-25 09:00:00
CUST00002521,Diya Malhotra,M,2006-11-28,2022-11-12,False,REGULAR,GEO000052,2025-12-26 09:00:00
CUST00002522,Kavya Reddy,F,1979-05-20,2021-12-25,False,PREMIUM,GEO000016,2025-08-29 09:00:00
CUST00002523,Aditya Saxena,F,2004-08-17,2022-12-21,False,PREMIUM,GEO000032,2025-12-23 09:00:00
CUST00002524,Vivaan Reddy,M,2004-10-13,2024-03-02,True,PREMIUM,GEO000046,2025-10-24 09:00:00
CUST00002525,Manish Chatterjee,F,1977-08-20,2025-01-26,False,REGULAR,GEO000022,2026-01-21 09:00:00
CUST00002526,Priya Dutta,F,1984-11-25,2020-09-05,True,REGULAR,GEO000055,2025-08-29 09:00:00
CUST00002527,Vivaan Goswami,M,1984-02-03,2025-01-09,False,REGULAR,GEO000015,2025-12-06 09:00:00
CUST00002528,Vihaan Khan,F,1972-04-30,2020-07-11,True,REGULAR,GEO000021,2025-10-26 09:00:00
CUST00002529,Aditi Iyer,M,1977-09-24,2025-02-20,False,PREMIUM,GEO000047,2025-08-21 09:00:00
CUST00002530,Anaya Kulkarni,M,1993-05-03,2020-03-14,True,REGULAR,GEO000037,2025-12-12 09:00:00
CUST00002531,Vihaan Bose,M,2006-05-21,2025-07-27,False,REGULAR,GEO000007,2026-02-03 09:00:00
CUST00002532,Anaya Gupta,M,1988-02-15,2023-06-05,False,PREMIUM,GEO000057,2025-11-30 09:00:00
CUST00002533,Nikhil Yadav,M,1995-09-22,2022-10-09,False,REGULAR,GEO000058,2025-11-10 09:00:00
CUST00002534,Sai Gupta,F,1981-07-09,2018-11-01,True,PREMIUM,GEO000007,2025-10-06 09:00:00
CUST00002535,Sai Pandey,M,1999-11-15,2021-06-21,False,REGULAR,GEO000021,2025-11-05 09:00:00
CUST00002536,Sneha Jain,M,1992-12-26,2022-11-03,False,REGULAR,GEO000010,2025-11-12 09:00:00
CUST00002537,Sanjana Reddy,F,1991-12-26,2021-03-24,False,BUDGET,GEO000051,2025-10-20 09:00:00
CUST00002538,Kavya Goswami,M,1993-05-13,2018-08-03,True,REGULAR,GEO000037,2025-11-28 09:00:00
CUST00002539,Ankit Yadav,M,1980-12-31,2023-05-20,False,BUDGET,GEO000056,2026-01-31 09:00:00
CUST00002540,Vihaan Jain,F,1989-10-08,2022-09-13,False,REGULAR,GEO000019,2025-12-31 09:00:00
CUST00002541,Aarav Mishra,F,1981-08-12,2019-06-09,False,PREMIUM,GEO000006,2026-01-30 09:00:00
CUST00002542,Aditi Verma,M,1982-08-08,2019-12-01,False,REGULAR,GEO000007,2025-11-15 09:00:00
CUST00002543,Priya Sharma,M,1993-05-06,2021-05-14,False,REGULAR,GEO000009,2026-01-14 09:00:00
CUST00002544,Anaya Dutta,F,1975-06-25,2019-03-30,False,PREMIUM,GEO000036,2026-01-16 09:00:00
CUST00002545,Riya Sharma,M,1975-07-25,2021-02-10,False,PREMIUM,GEO000013,2025-08-24 09:00:00
CUST00002546,Sanjana Dutta,F,1978-07-15,2024-03-17,True,BUDGET,GEO000030,2025-12-24 09:00:00
CUST00002547,Pooja Jain,M,1985-05-01,2019-12-12,True,REGULAR,GEO000011,2025-12-02 09:00:00
CUST00002548,Aditi Pandey,M,1971-03-18,2023-01-05,False,PREMIUM,GEO000017,2026-01-27 09:00:00
CUST00002549,Aditi Kapoor,F,1971-10-13,2018-07-17,False,REGULAR,GEO000006,2025-09-28 09:00:00
CUST00002550,Arjun Iyer,F,1978-11-21,2023-04-04,False,REGULAR,GEO000057,2025-08-24 09:00:00
CUST00002551,Kavya Dutta,F,1998-06-07,2021-12-30,False,BUDGET,GEO000024,2026-01-22 09:00:00
CUST00002552,Meera Mehta,M,1993-09-22,2021-12-01,False,REGULAR,GEO000008,2025-12-01 09:00:00
CUST00002553,Deepak Saxena,M,1998-03-18,2021-05-24,False,REGULAR,GEO000024,2025-12-22 09:00:00
CUST00002554,Vihaan Malhotra,M,1980-08-13,2020-02-05,False,PREMIUM,GEO000055,2025-09-09 09:00:00
CUST00002555,Vivaan Singh,M,1987-04-03,2023-02-14,False,BUDGET,GEO000014,2025-11-21 09:00:00
CUST00002556,Aditi Das,F,2006-03-08,2018-12-07,False,BUDGET,GEO000040,2025-12-15 09:00:00
CUST00002557,Aditi Khan,O,1971-02-20,2018-05-11,False,REGULAR,GEO000039,2025-08-23 09:00:00
CUST00002558,Varun Dutta,F,1994-07-27,2018-05-24,False,BUDGET,GEO000049,2025-12-18 09:00:00
CUST00002559,Vihaan Saxena,M,1999-12-30,2024-05-16,False,REGULAR,GEO000019,2026-01-08 09:00:00
CUST00002560,Ankit Malhotra,F,1982-03-16,2023-05-18,False,PREMIUM,GEO000045,2025-09-23 09:00:00
CUST00002561,Sai Malhotra,F,1973-05-07,2025-04-12,False,REGULAR,GEO000038,2025-11-30 09:00:00
CUST00002562,Kavya Chatterjee,M,1982-03-18,2018-04-25,False,BUDGET,GEO000051,2025-09-23 09:00:00
CUST00002563,Varun Singh,M,1982-12-27,2022-05-17,True,PREMIUM,GEO000054,2025-08-17 09:00:00
CUST00002564,Vihaan Pandey,M,1979-10-20,2024-05-19,False,REGULAR,GEO000016,2025-11-28 09:00:00
CUST00002565,Vihaan Joshi,M,1974-07-25,2023-09-22,False,BUDGET,GEO000008,2025-11-12 09:00:00
CUST00002566,Sanjana Kapoor,F,2006-01-03,2020-03-06,False,REGULAR,GEO000042,2025-11-15 09:00:00
CUST00002567,Neha Goswami,F,2001-03-17,2020-06-21,True,PREMIUM,GEO000050,2025-08-28 09:00:00
CUST00002568,Priya Kapoor,M,1970-08-11,2019-09-22,True,REGULAR,GEO000043,2025-09-15 09:00:00
CUST00002569,Pooja Goswami,M,1979-10-03,2022-11-16,False,BUDGET,GEO000003,2026-01-03 09:00:00
CUST00002570,Kiran Singh,F,1994-02-09,2021-01-10,False,REGULAR,GEO000022,2025-12-14 09:00:00
CUST00002571,Diya Mishra,M,1994-11-15,2021-02-26,False,BUDGET,GEO000007,2026-01-20 09:00:00
CUST00002572,Nikhil Singh,M,1971-06-29,2018-03-05,True,BUDGET,GEO000049,2025-10-27 09:00:00
CUST00002573,Pooja Reddy,M,1981-05-04,2018-03-08,False,REGULAR,GEO000018,2025-10-07 09:00:00
CUST00002574,Isha Jain,F,1995-05-26,2021-05-21,False,REGULAR,GEO000022,2025-12-03 09:00:00
CUST00002575,Rohit Goswami,F,1990-05-07,2021-10-18,True,REGULAR,GEO000057,2025-12-27 09:00:00
CUST00002576,Aditya Reddy,F,1985-05-11,2018-03-27,False,BUDGET,GEO000023,2025-10-04 09:00:00
CUST00002577,Varun Thakur,F,1980-12-13,2022-03-12,False,REGULAR,GEO000057,2025-10-03 09:00:00
CUST00002578,Nikhil Verma,F,1979-10-15,2024-01-12,True,BUDGET,GEO000027,2025-09-27 09:00:00
CUST00002579,Sanjana Malhotra,F,1978-09-10,2019-03-19,False,PREMIUM,GEO000017,2025-09-07 09:00:00
CUST00002580,Pooja Singh,M,2000-12-12,2024-10-26,False,REGULAR,GEO000046,2025-11-28 09:00:00
CUST00002581,Anaya Chatterjee,M,1983-04-17,2023-03-23,True,BUDGET,GEO000054,2025-10-26 09:00:00
CUST00002582,Priya Jain,M,1972-12-24,2022-03-26,False,REGULAR,GEO000028,2025-12-27 09:00:00
CUST00002583,Anaya Singh,F,1982-01-31,2018-07-05,False,PREMIUM,GEO000007,2026-01-23 09:00:00
CUST00002584,Rahul Kapoor,M,1972-09-27,2019-01-30,False,REGULAR,GEO000030,2026-01-25 09:00:00
CUST00002585,Manish Sharma,M,1973-03-21,2023-04-01,False,BUDGET,GEO000053,2025-12-21 09:00:00
CUST00002586,Isha Iyer,M,1992-01-04,2018-04-22,False,REGULAR,GEO000030,2025-09-23 09:00:00
CUST00002587,Neha Yadav,M,1982-09-14,2019-03-05,False,REGULAR,GEO000041,2026-01-24 09:00:00
CUST00002588,Meera Bhat,M,1991-10-09,2025-04-23,False,REGULAR,GEO000001,2025-09-04 09:00:00
CUST00002589,Anaya Pandey,M,1998-10-11,2020-12-28,False,REGULAR,GEO000016,2025-11-22 09:00:00
CUST00002590,Manish Singh,F,1983-01-19,2024-06-30,False,BUDGET,GEO000016,2025-09-28 09:00:00
CUST00002591,Anaya Jain,M,1976-08-30,2019-04-20,False,REGULAR,GEO000006,2025-09-19 09:00:00
CUST00002592,Vikram Bhat,M,1977-07-17,2023-01-07,True,REGULAR,GEO000046,2025-11-21 09:00:00
CUST00002593,Riya Joshi,M,1979-12-03,2021-12-17,False,REGULAR,GEO000030,2025-09-02 09:00:00
CUST00002594,Aarav Patel,F,1992-05-16,2024-08-30,False,PREMIUM,GEO000053,2025-11-02 09:00:00
CUST00002595,Aarav Saxena,M,1977-11-10,2023-12-16,False,REGULAR,GEO000052,2025-10-13 09:00:00
CUST00002596,Aarav Malhotra,F,1971-04-27,2022-06-25,False,REGULAR,GEO000042,2025-10-13 09:00:00
CUST00002597,Riya Malhotra,F,1970-06-05,2025-12-02,False,REGULAR,GEO000048,2025-12-09 09:00:00
CUST00002598,Isha Mishra,F,1974-04-22,2024-11-01,False,PREMIUM,GEO000037,2025-08-26 09:00:00
CUST00002599,Kunal Malhotra,F,1982-10-30,2019-10-25,True,BUDGET,GEO000040,2025-11-22 09:00:00
CUST00002600,Aarav Gupta,F,1995-12-19,2023-04-13,False,PREMIUM,GEO000037,2026-01-14 09:00:00
CUST00002601,Sanjana Saxena,F,1986-12-11,2019-01-07,True,REGULAR,GEO000046,2026-01-12 09:00:00
CUST00002602,Deepak Khan,F,1999-11-12,2022-10-04,False,PREMIUM,GEO000040,2025-09-05 09:00:00
CUST00002603,Sneha Mishra,M,1981-07-30,2024-06-11,False,BUDGET,GEO000018,2025-11-18 09:00:00
CUST00002604,Sai Joshi,F,2000-01-23,2023-03-20,True,REGULAR,GEO000033,2025-10-23 09:00:00
CUST00002605,Rahul Mishra,M,2001-11-14,2018-04-30,False,BUDGET,GEO000010,2026-01-15 09:00:00
CUST00002606,Deepak Kapoor,F,1995-01-17,2018-07-16,False,BUDGET,GEO000032,2026-02-01 09:00:00
CUST00002607,Sanjana Singh,M,1988-08-20,2021-06-24,True,REGULAR,GEO000030,2025-11-12 09:00:00
CUST00002608,Riya Pandey,F,1994-07-25,2021-01-10,False,REGULAR,GEO000013,2025-10-26 09:00:00
CUST00002609,Kavya Khan,M,1997-04-24,2022-09-07,False,BUDGET,GEO000029,2025-10-25 09:00:00
CUST00002610,Riya Joshi,M,2003-01-15,2018-08-26,False,BUDGET,GEO000059,2025-10-13 09:00:00
CUST00002611,Ankit Dutta,M,1996-06-17,2024-09-16,False,REGULAR,GEO000037,2025-11-05 09:00:00
CUST00002612,Rahul Pandey,F,1982-02-28,2021-06-08,False,BUDGET,GEO000053,2026-01-04 09:00:00
CUST00002613,Suresh Bhat,F,2001-11-20,2024-01-28,False,REGULAR,GEO000058,2025-11-27 09:00:00
CUST00002614,Arjun Dutta,F,2002-11-04,2018-06-20,False,REGULAR,GEO000024,2025-10-27 09:00:00
CUST00002615,Nikhil Nair,M,1995-03-06,2018-12-15,True,BUDGET,GEO000034,2026-01-15 09:00:00
CUST00002616,Arjun Bhat,M,1979-03-09,2018-12-23,False,PREMIUM,GEO000052,2025-10-16 09:00:00
CUST00002617,Priya Iyer,M,2001-02-21,2020-01-30,False,BUSINESS,GEO000021,2025-12-16 09:00:00
CUST00002618,Suresh Verma,F,1978-11-10,2018-07-01,False,REGULAR,GEO000045,2025-12-19 09:00:00
CUST00002619,Sanjana Bose,F,1994-12-21,2025-06-24,False,REGULAR,GEO000037,2026-01-25 09:00:00
CUST00002620,Manish Iyer,M,1973-06-02,2019-04-02,True,REGULAR,GEO000007,2025-12-15 09:00:00
CUST00002621,Vikram Joshi,F,1994-11-13,2022-09-22,False,REGULAR,GEO000043,2025-11-21 09:00:00
CUST00002622,Anaya Goswami,F,2007-06-03,2019-03-06,False,PREMIUM,GEO000037,2025-09-22 09:00:00
CUST00002623,Suresh Kapoor,M,2005-07-11,2020-04-25,False,REGULAR,GEO000035,2025-08-10 09:00:00
CUST00002624,Neha Malhotra,F,1993-09-21,2025-06-16,False,BUDGET,GEO000055,2025-11-22 09:00:00
CUST00002625,Vivaan Mehta,M,2006-01-15,2025-11-14,False,BUDGET,GEO000031,2025-08-19 09:00:00
CUST00002626,Vihaan Verma,M,1971-10-08,2022-06-25,False,PREMIUM,GEO000016,2025-12-01 09:00:00
CUST00002627,Arjun Kulkarni,M,1972-07-29,2024-08-11,False,REGULAR,GEO000028,2025-08-12 09:00:00
CUST00002628,Suresh Singh,M,2003-04-30,2018-09-04,False,REGULAR,GEO000038,2025-09-01 09:00:00
CUST00002629,Suresh Singh,F,1971-10-02,2025-01-08,False,PREMIUM,GEO000034,2025-09-18 09:00:00
CUST00002630,Vikram Kulkarni,M,1992-06-28,2019-03-10,True,REGULAR,GEO000051,2025-10-17 09:00:00
CUST00002631,Manish Mehta,M,1992-08-05,2019-08-07,True,BUDGET,GEO000023,2025-11-08 09:00:00
CUST00002632,Vihaan Verma,M,1991-02-16,2018-12-03,False,REGULAR,GEO000046,2025-08-21 09:00:00
CUST00002633,Nikhil Malhotra,M,1988-09-16,2018-10-06,False,REGULAR,GEO000030,2025-11-13 09:00:00
CUST00002634,Aarav Mishra,M,1998-02-17,2023-01-08,True,REGULAR,GEO000017,2025-12-11 09:00:00
CUST00002635,Diya Patel,F,1991-02-18,2019-06-04,False,BUDGET,GEO000041,2025-12-12 09:00:00
CUST00002636,Aarav Goswami,F,1996-10-01,2019-11-18,False,REGULAR,GEO000046,2025-08-30 09:00:00
CUST00002637,Sai Gupta,M,2006-07-12,2018-07-18,True,BUDGET,GEO000025,2026-01-29 09:00:00
CUST00002638,Sai Pandey,F,2007-09-30,2019-10-29,False,REGULAR,GEO000040,2025-10-24 09:00:00
CUST00002639,Neha Reddy,M,2004-07-21,2023-02-04,False,REGULAR,GEO000050,2025-12-14 09:00:00
CUST00002640,Aditya Bhat,F,2004-08-29,2021-01-06,False,REGULAR,GEO000056,2025-12-08 09:00:00
CUST00002641,Meera Mehta,F,1989-12-10,2021-05-19,True,REGULAR,GEO000014,2026-01-21 09:00:00
CUST00002642,Deepak Patel,F,1989-05-06,2018-04-13,False,PREMIUM,GEO000016,2025-08-10 09:00:00
CUST00002643,Neha Kapoor,F,1976-02-20,2022-06-27,False,REGULAR,GEO000029,2025-11-18 09:00:00
CUST00002644,Nikhil Joshi,M,2003-01-05,2024-04-20,False,PREMIUM,GEO000040,2025-09-12 09:00:00
CUST00002645,Neha Bose,F,1990-07-18,2021-11-23,True,PREMIUM,GEO000001,2025-09-21 09:00:00
CUST00002646,Vikram Malhotra,F,1980-07-22,2025-08-04,True,BUDGET,GEO000028,2025-09-16 09:00:00
CUST00002647,Pooja Khan,F,2001-07-04,2020-11-29,False,PREMIUM,GEO000052,2025-09-11 09:00:00
CUST00002648,Manish Verma,F,1971-06-22,2019-04-28,False,REGULAR,GEO000025,2026-01-29 09:00:00
CUST00002649,Suresh Pandey,F,1995-03-08,2025-10-03,True,REGULAR,GEO000029,2025-08-19 09:00:00
CUST00002650,Riya Das,F,2005-08-13,2018-10-09,False,BUDGET,GEO000002,2026-01-24 09:00:00
CUST00002651,Rahul Thakur,M,1994-09-28,2022-03-05,True,REGULAR,GEO000025,2025-11-09 09:00:00
CUST00002652,Aditi Malhotra,M,1975-05-28,2021-06-28,False,REGULAR,GEO000022,2026-01-05 09:00:00
CUST00002653,Sanjana Kulkarni,M,1979-08-05,2025-11-26,False,PREMIUM,GEO000030,2025-08-18 09:00:00
CUST00002654,Anaya Sharma,M,1987-11-14,2025-05-05,True,PREMIUM,GEO000057,2025-09-30 09:00:00
CUST00002655,Rahul Mishra,F,1982-08-24,2019-04-18,False,PREMIUM,GEO000018,2025-08-11 09:00:00
CUST00002656,Manish Singh,M,1989-12-18,2024-12-23,False,BUDGET,GEO000034,2025-08-27 09:00:00
CUST00002657,Rohit Bhat,F,1981-06-13,2020-07-03,False,BUDGET,GEO000026,2025-08-26 09:00:00
CUST00002658,Deepak Yadav,F,1970-12-05,2020-02-28,False,BUDGET,GEO000018,2025-11-29 09:00:00
CUST00002659,Sai Yadav,F,2000-08-04,2024-02-20,False,REGULAR,GEO000042,2025-12-24 09:00:00
CUST00002660,Isha Verma,F,1971-02-27,2019-01-05,False,REGULAR,GEO000032,2025-10-10 09:00:00
CUST00002661,Vikram Reddy,F,2001-01-30,2018-01-23,True,PREMIUM,GEO000052,2025-10-23 09:00:00
CUST00002662,Neha Bhat,F,1979-10-30,2019-11-06,False,BUDGET,GEO000001,2025-12-26 09:00:00
CUST00002663,Neha Kapoor,M,2007-07-28,2022-11-20,False,PREMIUM,GEO000017,2025-09-04 09:00:00
CUST00002664,Vihaan Dutta,F,1979-02-14,2019-02-13,False,REGULAR,GEO000014,2025-12-23 09:00:00
CUST00002665,Ankit Das,M,1982-03-16,2022-03-27,False,PREMIUM,GEO000031,2026-01-04 09:00:00
CUST00002666,Aditya Kulkarni,M,2006-08-06,2020-03-02,False,BUDGET,GEO000046,2025-10-17 09:00:00
CUST00002667,Priya Yadav,M,1999-07-21,2021-11-18,False,REGULAR,GEO000056,2025-12-16 09:00:00
CUST00002668,Sanjana Dutta,F,2000-02-11,2025-01-23,False,REGULAR,GEO000057,2025-09-07 09:00:00
CUST00002669,Isha Jain,M,1986-05-30,2021-12-21,True,PREMIUM,GEO000040,2025-09-28 09:00:00
CUST00002670,Deepak Kapoor,F,1983-11-01,2022-11-24,True,PREMIUM,GEO000045,2026-01-19 09:00:00
CUST00002671,Rohit Jain,M,1982-08-16,2019-08-09,False,BUDGET,GEO000035,2025-12-15 09:00:00
CUST00002672,Suresh Mishra,M,1974-10-15,2018-09-08,False,REGULAR,GEO000020,2025-11-30 09:00:00
CUST00002673,Manish Mehta,M,2000-03-11,2018-11-10,False,REGULAR,GEO000055,2025-08-16 09:00:00
CUST00002674,Aditya Patel,F,1993-12-20,2023-09-02,False,REGULAR,GEO000019,2025-12-31 09:00:00
CUST00002675,Vivaan Saxena,F,2003-06-27,2019-08-05,False,BUDGET,GEO000033,2025-09-20 09:00:00
CUST00002676,Kavya Pandey,M,2000-04-02,2020-03-14,False,PREMIUM,GEO000014,2026-01-31 09:00:00
CUST00002677,Aditya Kapoor,M,1998-10-12,2021-08-30,False,PREMIUM,GEO000057,2025-12-23 09:00:00
CUST00002678,Arjun Kulkarni,M,2007-11-25,2022-09-02,False,BUDGET,GEO000003,2025-08-21 09:00:00
CUST00002679,Arjun Goswami,M,2002-01-23,2019-08-20,False,BUDGET,GEO000054,2025-09-09 09:00:00
CUST00002680,Sanjana Patel,M,1998-08-22,2019-08-21,False,REGULAR,GEO000011,2025-08-16 09:00:00
CUST00002681,Priya Khan,F,1996-10-31,2024-07-07,False,REGULAR,GEO000005,2025-09-03 09:00:00
CUST00002682,Varun Reddy,M,1994-12-24,2019-09-13,False,REGULAR,GEO000013,2025-11-27 09:00:00
CUST00002683,Rahul Malhotra,F,1971-05-02,2024-05-07,True,BUDGET,GEO000008,2025-09-09 09:00:00
CUST00002684,Aditi Das,M,1983-05-20,2021-02-14,False,BUDGET,GEO000013,2025-10-08 09:00:00
CUST00002685,Neha Jain,M,2005-09-02,2022-11-26,False,BUDGET,GEO000026,2025-11-30 09:00:00
CUST00002686,Kiran Nair,F,1996-02-27,2025-11-29,False,REGULAR,GEO000006,2025-11-30 09:00:00
CUST00002687,Ankit Sharma,M,1985-09-23,2020-06-01,False,PREMIUM,GEO000031,2026-01-01 09:00:00
CUST00002688,Aarav Iyer,M,1977-07-05,2023-12-22,False,BUDGET,GEO000043,2025-10-24 09:00:00
CUST00002689,Rohit Reddy,M,2001-05-17,2020-04-29,False,BUDGET,GEO000016,2025-10-27 09:00:00
CUST00002690,Arjun Iyer,M,1987-03-07,2024-05-22,False,REGULAR,GEO000036,2025-11-12 09:00:00
CUST00002691,Arjun Patel,M,2006-12-11,2024-08-11,False,REGULAR,GEO000046,2025-12-23 09:00:00
CUST00002692,Kiran Joshi,M,1995-02-03,2019-07-31,False,REGULAR,GEO000027,2025-10-23 09:00:00
CUST00002693,Ankit Gupta,M,1985-11-08,2018-07-17,True,BUDGET,GEO000003,2025-09-12 09:00:00
CUST00002694,Pooja Kapoor,F,2006-08-24,2023-08-03,False,REGULAR,GEO000021,2025-11-07 09:00:00
CUST00002695,Arjun Nair,M,2002-10-31,2018-07-13,False,REGULAR,GEO000040,2025-10-05 09:00:00
CUST00002696,Riya Kulkarni,F,2007-10-24,2022-07-22,False,REGULAR,GEO000002,2025-10-31 09:00:00
CUST00002697,Sai Bhat,F,1973-01-16,2021-06-15,False,REGULAR,GEO000058,2025-11-25 09:00:00
CUST00002698,Vivaan Das,F,1977-01-20,2020-05-17,False,REGULAR,GEO000009,2025-11-20 09:00:00
CUST00002699,Deepak Verma,M,1982-03-04,2022-02-03,True,PREMIUM,GEO000046,2026-01-06 09:00:00
CUST00002700,Riya Saxena,F,1971-03-29,2022-05-25,False,BUDGET,GEO000008,2025-11-12 09:00:00
CUST00002701,Arjun Bose,F,2006-11-26,2023-08-08,True,REGULAR,GEO000048,2025-09-07 09:00:00
CUST00002702,Varun Gupta,F,1972-03-01,2018-03-09,False,REGULAR,GEO000035,2026-01-12 09:00:00
CUST00002703,Vihaan Pandey,F,1978-12-22,2018-05-12,True,BUDGET,GEO000048,2025-11-05 09:00:00
CUST00002704,Vivaan Malhotra,M,2006-04-11,2018-10-27,True,BUDGET,GEO000051,2026-01-17 09:00:00
CUST00002705,Riya Mishra,F,1977-03-17,2022-12-12,False,BUDGET,GEO000048,2025-12-16 09:00:00
CUST00002706,Kavya Dutta,F,2006-06-28,2018-10-17,False,BUSINESS,GEO000005,2025-12-10 09:00:00
CUST00002707,Varun Nair,F,1973-01-09,2018-11-15,False,PREMIUM,GEO000022,2025-11-17 09:00:00
CUST00002708,Shreya Verma,M,1974-03-01,2023-02-28,False,BUDGET,GEO000050,2025-08-16 09:00:00
CUST00002709,Deepak Bhat,M,1977-08-09,2019-03-29,True,BUDGET,GEO000009,2026-01-12 09:00:00
CUST00002710,Sai Mishra,M,2007-02-10,2021-08-25,False,PREMIUM,GEO000042,2025-10-23 09:00:00
CUST00002711,Rohit Das,F,2006-02-23,2019-04-03,False,BUSINESS,GEO000058,2026-01-31 09:00:00
CUST00002712,Aditi Bose,F,2006-06-16,2021-06-13,True,REGULAR,GEO000052,2025-08-08 09:00:00
CUST00002713,Anaya Thakur,F,1977-10-07,2020-10-09,True,REGULAR,GEO000014,2025-09-27 09:00:00
CUST00002714,Nikhil Gupta,M,2002-08-01,2022-11-14,True,REGULAR,GEO000012,2025-12-06 09:00:00
CUST00002715,Sanjana Iyer,M,1985-08-14,2024-10-10,True,BUDGET,GEO000039,2026-01-21 09:00:00
CUST00002716,Rahul Bhat,M,1991-07-21,2020-12-13,False,REGULAR,GEO000052,2025-12-22 09:00:00
CUST00002717,Sai Chatterjee,F,2005-05-24,2023-05-08,True,BUDGET,GEO000022,2025-12-10 09:00:00
CUST00002718,Vivaan Joshi,F,1973-01-12,2025-12-08,False,BUDGET,GEO000005,2025-10-15 09:00:00
CUST00002719,Sanjana Dutta,F,2007-03-31,2020-06-27,True,BUDGET,GEO000025,2025-08-12 09:00:00
CUST00002720,Vivaan Yadav,M,1987-12-03,2018-12-22,False,PREMIUM,GEO000053,2026-01-26 09:00:00
CUST00002721,Diya Reddy,F,1986-06-22,2020-03-11,True,REGULAR,GEO000035,2025-12-23 09:00:00
CUST00002722,Manish Pandey,M,1988-07-06,2022-09-07,False,REGULAR,GEO000006,2025-08-13 09:00:00
CUST00002723,Kunal Pandey,M,2004-12-13,2018-11-26,True,REGULAR,GEO000053,2025-11-09 09:00:00
CUST00002724,Manish Das,F,2001-03-20,2022-08-15,False,BUDGET,GEO000050,2025-11-28 09:00:00
CUST00002725,Diya Iyer,M,2006-09-15,2025-10-29,False,BUDGET,GEO000058,2025-11-30 09:00:00
CUST00002726,Vikram Yadav,M,1998-03-04,2020-07-17,False,BUDGET,GEO000048,2026-02-04 09:00:00
CUST00002727,Riya Iyer,F,1973-03-02,2025-10-31,True,REGULAR,GEO000048,2025-10-21 09:00:00
CUST00002728,Priya Joshi,M,1985-07-24,2025-04-05,True,REGULAR,GEO000049,2025-10-23 09:00:00
CUST00002729,Isha Thakur,M,1988-07-01,2022-03-19,False,REGULAR,GEO000051,2025-09-21 09:00:00
CUST00002730,Diya Chatterjee,M,1980-10-08,2025-07-27,True,PREMIUM,GEO000055,2025-10-04 09:00:00
CUST00002731,Suresh Bose,F,1989-02-07,2022-11-30,False,BUDGET,GEO000011,2025-12-02 09:00:00
CUST00002732,Manish Saxena,M,1978-05-26,2021-10-24,False,REGULAR,GEO000028,2025-08-14 09:00:00
CUST00002733,Deepak Joshi,M,1980-08-31,2025-07-28,False,BUDGET,GEO000025,2025-09-26 09:00:00
CUST00002734,Diya Kulkarni,M,1997-06-05,2022-01-02,True,BUDGET,GEO000049,2025-12-11 09:00:00
CUST00002735,Aditya Patel,F,1975-10-31,2025-09-06,False,PREMIUM,GEO000020,2025-10-04 09:00:00
CUST00002736,Kunal Patel,F,2002-04-18,2020-06-07,False,BUDGET,GEO000008,2025-10-15 09:00:00
CUST00002737,Diya Iyer,M,1979-12-24,2020-06-21,True,BUDGET,GEO000044,2025-10-29 09:00:00
CUST00002738,Diya Bose,M,1995-04-03,2023-11-29,True,BUDGET,GEO000020,2025-09-26 09:00:00
CUST00002739,Rohit Malhotra,M,2003-05-17,2021-08-31,False,REGULAR,GEO000045,2026-01-24 09:00:00
CUST00002740,Rohit Mehta,M,1997-02-12,2019-10-08,False,REGULAR,GEO000030,2026-01-01 09:00:00
CUST00002741,Anaya Mehta,M,1995-09-08,2019-03-30,False,PREMIUM,GEO000023,2026-01-29 09:00:00
CUST00002742,Aditya Iyer,F,1993-08-09,2019-07-13,False,PREMIUM,GEO000046,2025-09-06 09:00:00
CUST00002743,Diya Bhat,F,1983-09-18,2019-03-19,False,BUDGET,GEO000017,2025-09-21 09:00:00
CUST00002744,Priya Khan,F,1988-06-13,2021-12-30,False,REGULAR,GEO000033,2025-11-28 09:00:00
CUST00002745,Arjun Gupta,M,1988-09-13,2019-10-09,True,REGULAR,GEO000053,2025-11-22 09:00:00
CUST00002746,Meera Yadav,M,1970-09-04,2022-01-28,False,REGULAR,GEO000026,2025-09-30 09:00:00
CUST00002747,Priya Yadav,M,1997-05-28,2019-07-13,False,BUDGET,GEO000044,2025-11-03 09:00:00
CUST00002748,Priya Thakur,M,1994-02-15,2018-07-13,False,BUSINESS,GEO000010,2025-09-23 09:00:00
CUST00002749,Shreya Bhat,F,1999-09-13,2023-01-29,False,BUDGET,GEO000022,2025-12-18 09:00:00
CUST00002750,Sneha Dutta,F,1991-03-28,2019-08-11,False,REGULAR,GEO000042,2025-11-10 09:00:00
CUST00002751,Sanjana Bose,M,1999-01-20,2024-10-22,False,REGULAR,GEO000049,2025-11-08 09:00:00
CUST00002752,Diya Malhotra,F,1993-11-21,2020-05-21,True,REGULAR,GEO000043,2025-10-30 09:00:00
CUST00002753,Neha Bose,M,1977-03-15,2018-04-01,False,REGULAR,GEO000003,2026-01-14 09:00:00
CUST00002754,Sneha Mehta,M,1982-03-19,2023-06-22,False,REGULAR,GEO000048,2025-11-06 09:00:00
CUST00002755,Vihaan Malhotra,M,1997-12-01,2018-01-29,False,BUSINESS,GEO000004,2026-01-13 09:00:00
CUST00002756,Isha Mehta,M,1988-07-30,2025-07-22,False,REGULAR,GEO000025,2025-08-17 09:00:00
CUST00002757,Rahul Mehta,F,1997-09-29,2021-07-03,False,REGULAR,GEO000033,2026-01-11 09:00:00
CUST00002758,Vikram Singh,F,1995-02-05,2024-01-16,False,REGULAR,GEO000005,2025-10-27 09:00:00
CUST00002759,Sneha Saxena,M,1998-09-22,2025-03-30,False,BUDGET,GEO000059,2025-12-04 09:00:00
CUST00002760,Suresh Reddy,M,1974-01-17,2018-01-04,True,BUDGET,GEO000010,2025-11-10 09:00:00
CUST00002761,Shreya Das,F,1973-04-18,2020-04-01,False,BUDGET,GEO000009,2025-08-17 09:00:00
CUST00002762,Kavya Kapoor,O,1972-05-03,2025-11-10,False,REGULAR,GEO000054,2025-10-05 09:00:00
CUST00002763,Nikhil Verma,F,1995-12-03,2018-10-16,False,BUDGET,GEO000009,2025-10-13 09:00:00
CUST00002764,Isha Jain,F,1972-03-18,2024-08-06,False,REGULAR,GEO000054,2025-09-08 09:00:00
CUST00002765,Riya Goswami,F,1992-09-19,2018-01-11,False,PREMIUM,GEO000028,2025-10-01 09:00:00
CUST00002766,Vihaan Dutta,M,2000-04-19,2023-05-27,False,REGULAR,GEO000045,2026-01-14 09:00:00
CUST00002767,Sai Das,F,1996-03-07,2018-01-19,False,REGULAR,GEO000017,2025-12-26 09:00:00
CUST00002768,Pooja Jain,F,1992-01-27,2020-07-09,True,REGULAR,GEO000027,2025-11-19 09:00:00
CUST00002769,Nikhil Patel,M,1997-12-23,2020-04-25,False,PREMIUM,GEO000055,2025-10-29 09:00:00
CUST00002770,Meera Reddy,F,2005-02-27,2022-05-09,False,REGULAR,GEO000055,2025-11-09 09:00:00
CUST00002771,Nikhil Yadav,F,1984-07-27,2022-03-21,False,REGULAR,GEO000028,2026-01-27 09:00:00
CUST00002772,Kiran Malhotra,M,1982-06-16,2022-09-15,False,BUDGET,GEO000033,2025-12-02 09:00:00
CUST00002773,Aditya Pandey,F,1996-08-09,2018-04-21,False,PREMIUM,GEO000055,2025-11-22 09:00:00
CUST00002774,Isha Thakur,F,1981-04-25,2020-12-22,False,REGULAR,GEO000048,2025-08-24 09:00:00
CUST00002775,Varun Mishra,M,1974-04-06,2020-01-21,False,REGULAR,GEO000022,2025-08-25 09:00:00
CUST00002776,Diya Patel,M,2000-03-09,2023-06-01,False,REGULAR,GEO000053,2025-09-26 09:00:00
CUST00002777,Kiran Gupta,F,1979-04-06,2022-12-09,False,BUDGET,GEO000018,2025-08-11 09:00:00
CUST00002778,Neha Saxena,M,2002-11-29,2020-09-24,False,BUDGET,GEO000021,2025-10-25 09:00:00
CUST00002779,Rohit Nair,M,1995-04-11,2018-06-21,True,REGULAR,GEO000043,2025-09-22 09:00:00
CUST00002780,Sneha Das,M,1980-04-07,2020-05-19,False,REGULAR,GEO000004,2025-12-15 09:00:00
CUST00002781,Deepak Bose,F,1998-01-15,2023-04-26,False,REGULAR,GEO000024,2025-11-27 09:00:00
CUST00002782,Sneha Singh,M,1975-02-09,2023-02-04,False,BUDGET,GEO000048,2026-01-24 09:00:00
CUST00002783,Aditi Joshi,M,1987-06-02,2024-03-31,True,REGULAR,GEO000019,2025-11-13 09:00:00
CUST00002784,Rohit Sharma,F,1999-02-16,2022-09-11,False,BUDGET,GEO000015,2025-12-13 09:00:00
CUST00002785,Anaya Malhotra,M,2005-12-05,2018-04-19,True,REGULAR,GEO000045,2026-02-01 09:00:00
CUST00002786,Pooja Dutta,O,1983-06-20,2022-09-26,False,REGULAR,GEO000047,2025-11-22 09:00:00
CUST00002787,Varun Chatterjee,M,1990-12-13,2019-07-31,False,REGULAR,GEO000037,2025-11-11 09:00:00
CUST00002788,Rohit Nair,F,2002-01-01,2018-06-26,False,BUDGET,GEO000026,2026-01-22 09:00:00
CUST00002789,Aarav Patel,M,1978-05-19,2019-01-05,False,REGULAR,GEO000015,2025-08-29 09:00:00
CUST00002790,Sanjana Gupta,F,1970-05-10,2018-08-31,True,REGULAR,GEO000053,2025-09-24 09:00:00
CUST00002791,Aditya Dutta,F,1991-03-21,2025-07-27,True,REGULAR,GEO000021,2026-01-24 09:00:00
CUST00002792,Ankit Bhat,F,1976-12-29,2023-12-01,False,REGULAR,GEO000020,2025-08-27 09:00:00
CUST00002793,Vikram Sharma,F,1977-08-10,2024-11-13,False,REGULAR,GEO000003,2025-08-24 09:00:00
CUST00002794,Diya Kulkarni,F,1996-02-13,2024-08-25,False,BUDGET,GEO000034,2026-01-21 09:00:00
CUST00002795,Rahul Bhat,M,1976-01-04,2018-04-20,True,REGULAR,GEO000013,2025-12-14 09:00:00
CUST00002796,Rohit Chatterjee,F,1993-11-16,2019-04-08,False,BUDGET,GEO000036,2026-01-15 09:00:00
CUST00002797,Riya Verma,M,2002-12-20,2021-04-30,False,REGULAR,GEO000018,2025-09-19 09:00:00
CUST00002798,Kunal Bose,M,2007-07-20,2025-10-17,False,BUDGET,GEO000009,2026-01-03 09:00:00
CUST00002799,Rahul Mehta,M,1971-05-16,2020-01-03,False,BUSINESS,GEO000037,2025-12-19 09:00:00
CUST00002800,Isha Reddy,F,2000-12-13,2020-09-11,False,BUDGET,GEO000054,2025-10-01 09:00:00
CUST00002801,Neha Bhat,F,1998-01-21,2022-08-12,False,REGULAR,GEO000056,2025-08-15 09:00:00
CUST00002802,Deepak Thakur,F,1973-03-24,2020-01-06,True,REGULAR,GEO000045,2026-01-01 09:00:00
CUST00002803,Manish Kapoor,M,1989-01-19,2018-05-13,False,REGULAR,GEO000005,2025-09-27 09:00:00
CUST00002804,Pooja Patel,F,2003-11-14,2024-05-05,False,BUDGET,GEO000012,2025-08-25 09:00:00
CUST00002805,Arjun Chatterjee,F,1974-01-05,2024-12-10,True,BUSINESS,GEO000019,2026-01-06 09:00:00
CUST00002806,Sneha Malhotra,M,1972-09-26,2021-06-08,False,REGULAR,GEO000008,2025-11-20 09:00:00
CUST00002807,Aditya Iyer,M,1991-11-02,2023-07-20,False,BUDGET,GEO000010,2025-10-14 09:00:00
CUST00002808,Vikram Malhotra,M,1980-01-19,2023-02-18,False,BUDGET,GEO000001,2025-08-22 09:00:00
CUST00002809,Vihaan Yadav,F,2004-08-20,2020-05-14,True,BUDGET,GEO000038,2025-10-19 09:00:00
CUST00002810,Aditya Iyer,F,1989-09-15,2024-07-12,False,BUDGET,GEO000046,2026-01-25 09:00:00
CUST00002811,Sanjana Bhat,M,2005-09-28,2024-09-21,False,REGULAR,GEO000019,2025-11-23 09:00:00
CUST00002812,Sai Das,M,2001-03-11,2023-10-28,False,BUDGET,GEO000009,2025-12-17 09:00:00
CUST00002813,Riya Goswami,F,2005-02-01,2021-04-11,False,REGULAR,GEO000012,2025-12-25 09:00:00
CUST00002814,Aditi Das,F,1983-05-19,2024-04-11,False,BUDGET,GEO000028,2025-09-01 09:00:00
CUST00002815,Aditya Thakur,F,2003-09-11,2023-04-01,True,REGULAR,GEO000003,2025-12-20 09:00:00
CUST00002816,Rahul Malhotra,F,1998-08-27,2022-10-09,True,REGULAR,GEO000041,2025-11-15 09:00:00
CUST00002817,Vivaan Mishra,F,1992-06-18,2020-09-07,False,REGULAR,GEO000036,2026-01-26 09:00:00
CUST00002818,Arjun Thakur,M,1994-04-15,2021-01-31,False,BUDGET,GEO000016,2026-01-28 09:00:00
CUST00002819,Riya Kapoor,F,1997-12-05,2025-12-09,True,REGULAR,GEO000045,2025-08-15 09:00:00
CUST00002820,Vihaan Iyer,F,1992-03-10,2024-03-03,False,REGULAR,GEO000010,2025-12-27 09:00:00
CUST00002821,Kunal Yadav,F,1996-09-17,2024-10-05,False,REGULAR,GEO000056,2026-01-21 09:00:00
CUST00002822,Manish Bose,M,2006-02-06,2021-06-03,False,PREMIUM,GEO000014,2026-01-11 09:00:00
CUST00002823,Sneha Yadav,F,1989-12-15,2020-03-23,False,BUSINESS,GEO000058,2026-01-10 09:00:00
CUST00002824,Ankit Saxena,F,2001-06-27,2022-04-22,False,PREMIUM,GEO000044,2026-01-26 09:00:00
CUST00002825,Kiran Saxena,M,1986-12-25,2021-04-08,False,PREMIUM,GEO000022,2025-12-27 09:00:00
CUST00002826,Priya Goswami,F,2004-03-23,2018-01-11,False,REGULAR,GEO000046,2026-01-12 09:00:00
CUST00002827,Shreya Dutta,F,1974-11-27,2025-11-13,False,REGULAR,GEO000016,2025-11-09 09:00:00
CUST00002828,Varun Kulkarni,F,1999-01-06,2018-04-08,False,BUDGET,GEO000017,2025-10-05 09:00:00
CUST00002829,Aditya Reddy,M,1972-02-12,2023-07-08,False,BUDGET,GEO000023,2026-01-23 09:00:00
CUST00002830,Ankit Verma,F,1978-11-16,2022-09-15,False,BUDGET,GEO000018,2025-09-28 09:00:00
CUST00002831,Manish Iyer,F,1975-06-14,2023-09-28,True,BUDGET,GEO000012,2025-09-21 09:00:00
CUST00002832,Varun Das,M,2005-12-02,2023-02-10,False,BUDGET,GEO000057,2025-12-10 09:00:00
CUST00002833,Vihaan Kulkarni,M,1974-12-09,2021-09-19,True,REGULAR,GEO000004,2025-12-13 09:00:00
CUST00002834,Arjun Kulkarni,F,1992-08-02,2019-02-17,False,REGULAR,GEO000058,2025-11-21 09:00:00
CUST00002835,Sai Goswami,F,2002-12-01,2022-06-07,False,BUDGET,GEO000022,2025-08-20 09:00:00
CUST00002836,Pooja Singh,F,1992-04-17,2022-07-21,True,PREMIUM,GEO000017,2025-12-01 09:00:00
CUST00002837,Nikhil Thakur,M,2005-01-08,2022-02-28,True,REGULAR,GEO000034,2025-09-26 09:00:00
CUST00002838,Priya Chatterjee,F,2005-06-10,2020-10-17,True,BUDGET,GEO000027,2026-01-10 09:00:00
CUST00002839,Vihaan Chatterjee,M,2003-11-25,2022-01-25,False,BUDGET,GEO000055,2025-11-04 09:00:00
CUST00002840,Sneha Bose,F,1976-04-19,2018-01-07,False,PREMIUM,GEO000004,2025-12-04 09:00:00
CUST00002841,Aarav Mishra,F,1978-10-30,2019-03-01,True,PREMIUM,GEO000040,2025-11-13 09:00:00
CUST00002842,Vikram Jain,F,1991-10-13,2019-04-15,False,BUDGET,GEO000020,2025-09-27 09:00:00
CUST00002843,Aditya Nair,M,1970-06-22,2025-07-23,False,REGULAR,GEO000049,2025-09-10 09:00:00
CUST00002844,Aditya Mehta,F,1978-05-06,2022-11-03,False,PREMIUM,GEO000030,2026-01-04 09:00:00
CUST00002845,Isha Malhotra,F,1990-12-08,2024-12-01,False,BUDGET,GEO000011,2026-01-01 09:00:00
CUST00002846,Varun Kapoor,M,1985-03-03,2022-03-03,True,REGULAR,GEO000006,2025-11-27 09:00:00
CUST00002847,Pooja Thakur,M,2006-01-29,2024-05-04,False,BUDGET,GEO000007,2025-09-02 09:00:00
CUST00002848,Suresh Iyer,M,1996-12-16,2020-04-05,False,REGULAR,GEO000006,2025-08-16 09:00:00
CUST00002849,Sanjana Chatterjee,M,1982-06-14,2019-01-07,False,BUDGET,GEO000005,2025-12-22 09:00:00
CUST00002850,Kunal Malhotra,M,1987-04-13,2018-06-07,True,PREMIUM,GEO000027,2025-12-28 09:00:00
CUST00002851,Anaya Bose,M,1977-10-20,2018-12-19,False,REGULAR,GEO000051,2026-01-28 09:00:00
CUST00002852,Rahul Verma,M,1987-03-24,2023-07-30,False,REGULAR,GEO000031,2025-10-26 09:00:00
CUST00002853,Isha Verma,F,2003-06-04,2019-07-10,False,REGULAR,GEO000031,2025-12-04 09:00:00
CUST00002854,Suresh Kulkarni,F,1998-07-30,2022-12-04,True,REGULAR,GEO000033,2026-01-04 09:00:00
CUST00002855,Vihaan Pandey,M,1985-02-22,2019-02-24,False,BUDGET,GEO000027,2025-11-11 09:00:00
CUST00002856,Arjun Bhat,F,2001-01-13,2020-12-23,False,BUDGET,GEO000038,2025-12-01 09:00:00
CUST00002857,Anaya Goswami,F,2004-08-29,2019-09-02,False,REGULAR,GEO000030,2025-12-26 09:00:00
CUST00002858,Vikram Pandey,F,1993-01-02,2018-09-04,False,BUDGET,GEO000039,2025-09-23 09:00:00
CUST00002859,Pooja Mishra,M,1986-05-15,2019-07-02,False,BUDGET,GEO000053,2026-01-26 09:00:00
CUST00002860,Aarav Nair,M,1998-04-18,2018-10-10,False,BUDGET,GEO000046,2025-09-05 09:00:00
CUST00002861,Shreya Malhotra,F,1992-03-05,2025-04-23,False,REGULAR,GEO000020,2025-08-20 09:00:00
CUST00002862,Kavya Malhotra,F,2000-12-26,2019-04-13,True,PREMIUM,GEO000056,2025-10-27 09:00:00
CUST00002863,Sai Mishra,M,1990-03-21,2022-12-23,False,PREMIUM,GEO000007,2026-01-22 09:00:00
CUST00002864,Shreya Kapoor,M,1995-06-01,2018-03-16,False,REGULAR,GEO000053,2025-10-28 09:00:00
CUST00002865,Rahul Iyer,M,1988-12-26,2020-09-29,False,REGULAR,GEO000047,2026-01-28 09:00:00
CUST00002866,Meera Thakur,F,1993-03-14,2021-07-05,True,REGULAR,GEO000034,2025-10-11 09:00:00
CUST00002867,Manish Mishra,F,1991-11-17,2025-02-11,False,PREMIUM,GEO000045,2025-08-30 09:00:00
CUST00002868,Deepak Goswami,M,1974-11-30,2024-03-31,False,REGULAR,GEO000030,2025-12-23 09:00:00
CUST00002869,Anaya Malhotra,M,1985-09-21,2021-11-24,False,REGULAR,GEO000050,2025-11-09 09:00:00
CUST00002870,Vihaan Mehta,M,1971-04-16,2018-11-24,False,PREMIUM,GEO000041,2025-12-28 09:00:00
CUST00002871,Sai Bose,M,2003-09-30,2023-09-24,True,PREMIUM,GEO000055,2025-12-12 09:00:00
CUST00002872,Diya Gupta,M,2004-08-12,2021-02-26,True,REGULAR,GEO000040,2025-08-31 09:00:00
CUST00002873,Deepak Sharma,F,1975-01-07,2019-07-07,True,REGULAR,GEO000057,2025-09-21 09:00:00
CUST00002874,Rohit Reddy,M,1987-04-19,2022-08-07,False,REGULAR,GEO000049,2026-01-25 09:00:00
CUST00002875,Deepak Mehta,M,1992-04-27,2019-06-15,False,REGULAR,GEO000004,2025-09-12 09:00:00
CUST00002876,Aditya Khan,M,2006-09-07,2022-08-22,True,PREMIUM,GEO000035,2025-08-08 09:00:00
CUST00002877,Aditi Malhotra,M,1998-04-05,2020-09-01,False,BUDGET,GEO000053,2026-01-17 09:00:00
CUST00002878,Manish Joshi,F,1982-01-26,2024-02-19,True,PREMIUM,GEO000048,2025-12-20 09:00:00
CUST00002879,Vikram Thakur,M,1973-07-12,2022-04-14,False,REGULAR,GEO000033,2025-10-19 09:00:00
CUST00002880,Neha Bose,M,1987-02-08,2019-09-22,False,BUSINESS,GEO000037,2026-01-19 09:00:00
CUST00002881,Rahul Sharma,F,1995-12-14,2020-07-18,False,REGULAR,GEO000030,2025-11-07 09:00:00
CUST00002882,Rahul Thakur,M,2000-02-19,2022-03-25,False,REGULAR,GEO000002,2025-08-14 09:00:00
CUST00002883,Neha Dutta,M,2001-01-11,2023-07-07,False,BUDGET,GEO000019,2025-12-23 09:00:00
CUST00002884,Rahul Yadav,F,2007-09-26,2024-09-13,False,PREMIUM,GEO000023,2025-08-25 09:00:00
CUST00002885,Suresh Saxena,F,1985-08-13,2019-03-25,False,REGULAR,GEO000020,2025-09-09 09:00:00
CUST00002886,Kiran Chatterjee,M,1977-12-10,2022-07-20,False,BUDGET,GEO000027,2025-12-05 09:00:00
CUST00002887,Pooja Saxena,M,1994-03-08,2020-05-19,False,BUDGET,GEO000007,2025-12-24 09:00:00
CUST00002888,Arjun Reddy,M,1990-12-17,2021-03-07,True,REGULAR,GEO000054,2026-01-17 09:00:00
CUST00002889,Vivaan Yadav,M,1987-10-11,2021-03-29,False,REGULAR,GEO000001,2025-11-04 09:00:00
CUST00002890,Kavya Goswami,M,1987-05-10,2025-02-14,False,REGULAR,GEO000027,2025-12-15 09:00:00
CUST00002891,Neha Verma,M,1976-11-01,2019-04-20,False,REGULAR,GEO000046,2025-08-08 09:00:00
CUST00002892,Vikram Gupta,F,1981-06-11,2018-12-25,True,BUDGET,GEO000045,2025-12-16 09:00:00
CUST00002893,Kiran Bose,F,1996-12-21,2022-11-08,True,BUDGET,GEO000027,2025-12-02 09:00:00
CUST00002894,Suresh Khan,F,1998-07-26,2018-10-27,False,REGULAR,GEO000015,2025-08-22 09:00:00
CUST00002895,Shreya Mehta,M,1991-03-04,2019-09-18,False,REGULAR,GEO000008,2025-10-25 09:00:00
CUST00002896,Aarav Gupta,F,1994-04-09,2018-10-06,False,PREMIUM,GEO000006,2025-10-20 09:00:00
CUST00002897,Riya Khan,F,2006-02-16,2019-01-01,False,REGULAR,GEO000028,2025-12-21 09:00:00
CUST00002898,Neha Patel,M,1998-07-27,2021-07-22,False,REGULAR,GEO000027,2025-09-15 09:00:00
CUST00002899,Aditi Dutta,M,2007-07-12,2019-11-29,False,REGULAR,GEO000045,2025-09-03 09:00:00
CUST00002900,Arjun Verma,M,1999-11-06,2021-06-04,True,REGULAR,GEO000059,2025-12-08 09:00:00
CUST00002901,Pooja Kapoor,F,2003-12-01,2020-08-21,False,REGULAR,GEO000025,2025-12-20 09:00:00
CUST00002902,Shreya Bhat,M,1994-04-04,2021-03-27,False,BUDGET,GEO000015,2025-12-17 09:00:00
CUST00002903,Kavya Chatterjee,M,1987-12-22,2022-04-26,False,REGULAR,GEO000039,2025-09-28 09:00:00
CUST00002904,Sai Iyer,F,1995-01-01,2019-08-21,False,REGULAR,GEO000009,2026-01-09 09:00:00
CUST00002905,Vihaan Chatterjee,F,1994-03-25,2020-05-18,True,REGULAR,GEO000028,2026-01-22 09:00:00
CUST00002906,Aarav Kulkarni,M,1984-06-17,2023-05-14,False,BUDGET,GEO000057,2026-01-11 09:00:00
CUST00002907,Varun Thakur,F,1980-09-21,2022-08-18,False,BUDGET,GEO000057,2025-08-09 09:00:00
CUST00002908,Diya Iyer,F,1972-11-21,2021-01-23,False,PREMIUM,GEO000010,2026-01-24 09:00:00
CUST00002909,Ankit Dutta,M,1999-10-30,2023-11-27,False,PREMIUM,GEO000009,2026-01-24 09:00:00
CUST00002910,Aditya Nair,F,2003-05-14,2020-09-20,False,PREMIUM,GEO000009,2025-10-06 09:00:00
CUST00002911,Anaya Jain,F,1973-08-07,2018-08-05,False,REGULAR,GEO000044,2025-08-20 09:00:00
CUST00002912,Riya Mishra,F,1997-10-25,2020-09-27,False,BUDGET,GEO000005,2025-12-01 09:00:00
CUST00002913,Varun Gupta,F,1986-09-11,2019-02-22,True,REGULAR,GEO000021,2025-08-29 09:00:00
CUST00002914,Ankit Das,F,2000-03-17,2023-12-27,False,BUSINESS,GEO000011,2025-09-23 09:00:00
CUST00002915,Vivaan Kulkarni,M,1991-09-12,2019-10-14,False,BUDGET,GEO000017,2026-01-04 09:00:00
CUST00002916,Rohit Mehta,F,1983-12-02,2020-03-23,False,REGULAR,GEO000020,2025-12-14 09:00:00
CUST00002917,Aditya Mishra,M,1992-11-26,2020-05-22,True,BUDGET,GEO000022,2025-12-04 09:00:00
CUST00002918,Vihaan Dutta,F,1970-12-17,2023-12-07,False,REGULAR,GEO000049,2025-10-08 09:00:00
CUST00002919,Isha Dutta,M,1982-10-29,2021-08-22,False,PREMIUM,GEO000046,2025-11-15 09:00:00
CUST00002920,Aditya Das,F,1976-09-21,2023-04-27,True,PREMIUM,GEO000039,2025-09-22 09:00:00
CUST00002921,Priya Chatterjee,F,1990-01-27,2020-01-18,False,REGULAR,GEO000049,2025-10-17 09:00:00
CUST00002922,Kunal Patel,M,1972-09-22,2020-07-10,False,PREMIUM,GEO000023,2025-08-08 09:00:00
CUST00002923,Sai Chatterjee,F,1998-07-08,2018-07-04,False,BUSINESS,GEO000039,2025-12-17 09:00:00
CUST00002924,Anaya Dutta,M,1990-09-30,2021-08-25,False,REGULAR,GEO000003,2025-10-10 09:00:00
CUST00002925,Diya Patel,M,2005-07-30,2018-06-18,False,BUDGET,GEO000026,2026-01-07 09:00:00
CUST00002926,Rahul Das,M,1991-06-20,2019-12-18,False,BUDGET,GEO000001,2025-08-13 09:00:00
CUST00002927,Kiran Kulkarni,M,1992-06-08,2020-01-01,False,BUDGET,GEO000042,2026-02-03 09:00:00
CUST00002928,Aditya Goswami,F,2006-10-06,2024-06-03,True,REGULAR,GEO000055,2026-01-11 09:00:00
CUST00002929,Suresh Chatterjee,M,1978-04-27,2021-09-20,True,REGULAR,GEO000026,2025-09-25 09:00:00
CUST00002930,Anaya Gupta,F,1989-01-30,2019-10-25,True,REGULAR,GEO000031,2025-12-28 09:00:00
CUST00002931,Kiran Bose,F,1995-06-05,2021-10-25,True,BUDGET,GEO000046,2025-11-21 09:00:00
CUST00002932,Manish Dutta,M,1972-01-28,2021-01-08,False,REGULAR,GEO000059,2025-09-29 09:00:00
CUST00002933,Kunal Verma,F,1978-06-12,2022-06-25,False,REGULAR,GEO000048,2025-08-28 09:00:00
CUST00002934,Vivaan Das,F,1990-12-07,2024-09-05,False,REGULAR,GEO000023,2025-10-01 09:00:00
CUST00002935,Aditi Das,F,1985-08-24,2024-11-18,False,BUDGET,GEO000025,2025-12-27 09:00:00
CUST00002936,Sneha Bose,M,1994-04-11,2021-05-09,False,BUDGET,GEO000011,2026-01-25 09:00:00
CUST00002937,Kavya Gupta,F,1971-01-27,2024-04-25,False,REGULAR,GEO000034,2026-01-03 09:00:00
CUST00002938,Priya Bose,M,1971-11-01,2025-06-19,False,BUDGET,GEO000052,2025-12-03 09:00:00
CUST00002939,Aditya Bose,M,1979-02-12,2021-10-09,False,PREMIUM,GEO000054,2025-11-30 09:00:00
CUST00002940,Diya Jain,F,1995-04-06,2019-11-14,False,BUDGET,GEO000052,2026-01-24 09:00:00
CUST00002941,Ankit Bhat,F,1994-09-01,2022-09-02,False,BUSINESS,GEO000025,2025-12-20 09:00:00
CUST00002942,Riya Kulkarni,M,1990-10-31,2018-09-30,False,BUDGET,GEO000015,2026-01-19 09:00:00
CUST00002943,Diya Mishra,M,1985-06-13,2024-08-16,False,REGULAR,GEO000046,2025-09-08 09:00:00
CUST00002944,Aditya Thakur,M,1983-11-22,2024-03-09,False,BUDGET,GEO000036,2025-12-21 09:00:00
CUST00002945,Vivaan Das,M,2003-02-15,2018-03-08,False,REGULAR,GEO000005,2025-08-16 09:00:00
CUST00002946,Sanjana Singh,M,1971-06-25,2023-06-15,False,PREMIUM,GEO000007,2025-09-09 09:00:00
CUST00002947,Vikram Das,M,1986-12-30,2020-07-27,True,REGULAR,GEO000044,2025-10-01 09:00:00
CUST00002948,Kavya Goswami,F,1997-01-12,2020-12-06,False,BUDGET,GEO000050,2026-01-31 09:00:00
CUST00002949,Vikram Das,M,1976-06-03,2023-09-21,True,PREMIUM,GEO000014,2025-11-03 09:00:00
CUST00002950,Neha Sharma,M,1979-03-11,2025-10-26,True,BUDGET,GEO000053,2025-08-20 09:00:00
CUST00002951,Rahul Kapoor,F,1985-06-26,2025-03-30,True,REGULAR,GEO000015,2025-08-26 09:00:00
CUST00002952,Vivaan Chatterjee,F,1982-06-22,2018-03-12,False,PREMIUM,GEO000006,2026-01-14 09:00:00
CUST00002953,Pooja Mishra,F,2002-03-09,2024-10-24,False,REGULAR,GEO000056,2025-09-23 09:00:00
CUST00002954,Sneha Jain,F,1976-08-19,2024-04-21,False,REGULAR,GEO000057,2025-08-15 09:00:00
CUST00002955,Aditya Singh,M,1979-04-22,2025-04-01,False,BUDGET,GEO000020,2025-12-02 09:00:00
CUST00002956,Priya Verma,F,1981-02-15,2025-04-30,True,PREMIUM,GEO000005,2025-09-06 09:00:00
CUST00002957,Aarav Das,F,1985-10-19,2019-08-09,False,BUDGET,GEO000030,2025-11-26 09:00:00
CUST00002958,Varun Das,F,1989-06-21,2023-07-18,True,BUDGET,GEO000048,2026-01-17 09:00:00
CUST00002959,Sai Patel,F,1970-04-05,2025-10-07,True,REGULAR,GEO000019,2025-12-10 09:00:00
CUST00002960,Diya Sharma,M,1984-05-30,2022-09-05,False,BUDGET,GEO000047,2025-09-07 09:00:00
CUST00002961,Sneha Mishra,F,2005-08-21,2022-02-07,False,REGULAR,GEO000029,2026-01-26 09:00:00
CUST00002962,Priya Sharma,F,1983-08-15,2022-04-11,True,REGULAR,GEO000046,2025-11-13 09:00:00
CUST00002963,Ankit Sharma,M,1990-05-19,2024-12-20,False,BUDGET,GEO000042,2026-01-25 09:00:00
CUST00002964,Neha Sharma,F,1975-02-04,2023-08-03,True,PREMIUM,GEO000008,2025-12-25 09:00:00
CUST00002965,Rahul Pandey,M,1982-01-08,2019-03-22,False,REGULAR,GEO000006,2025-09-19 09:00:00
CUST00002966,Kunal Iyer,F,1974-05-12,2021-04-15,False,REGULAR,GEO000045,2025-10-02 09:00:00
CUST00002967,Aarav Bose,M,1988-03-29,2019-06-23,False,REGULAR,GEO000009,2025-10-09 09:00:00
CUST00002968,Vihaan Jain,M,1981-10-24,2019-09-11,False,REGULAR,GEO000040,2025-09-18 09:00:00
CUST00002969,Sneha Pandey,M,1973-08-31,2018-02-15,False,BUDGET,GEO000052,2025-12-11 09:00:00
CUST00002970,Nikhil Mishra,M,2006-12-30,2022-10-22,False,PREMIUM,GEO000021,2025-09-24 09:00:00
CUST00002971,Vihaan Mehta,M,1980-11-27,2019-03-23,False,REGULAR,GEO000014,2025-11-09 09:00:00
CUST00002972,Kavya Thakur,F,1981-07-27,2024-08-08,True,BUDGET,GEO000029,2025-09-21 09:00:00
CUST00002973,Isha Yadav,M,1978-06-11,2020-07-31,True,REGULAR,GEO000040,2025-12-08 09:00:00
CUST00002974,Kavya Dutta,F,1986-06-24,2023-06-18,False,PREMIUM,GEO000013,2025-09-08 09:00:00
CUST00002975,Shreya Saxena,F,2002-07-21,2018-04-11,False,REGULAR,GEO000001,2025-11-10 09:00:00
CUST00002976,Kiran Dutta,M,1972-11-10,2020-08-09,False,BUDGET,GEO000011,2025-12-16 09:00:00
CUST00002977,Ankit Reddy,M,1988-01-18,2020-04-04,False,BUDGET,GEO000024,2025-12-09 09:00:00
CUST00002978,Suresh Das,M,2006-06-08,2024-05-17,True,REGULAR,GEO000037,2025-11-11 09:00:00
CUST00002979,Rahul Pandey,F,2004-11-06,2024-01-02,False,PREMIUM,GEO000043,2025-12-22 09:00:00
CUST00002980,Kiran Goswami,F,1978-06-27,2025-03-15,False,REGULAR,GEO000032,2025-12-23 09:00:00
CUST00002981,Shreya Yadav,M,1975-05-07,2019-09-13,False,PREMIUM,GEO000034,2026-01-07 09:00:00
CUST00002982,Kunal Verma,M,1973-06-05,2019-01-22,False,BUSINESS,GEO000037,2025-10-29 09:00:00
CUST00002983,Shreya Thakur,O,2007-05-02,2021-05-01,True,REGULAR,GEO000023,2025-09-23 09:00:00
CUST00002984,Shreya Bhat,M,1986-08-22,2022-09-18,True,REGULAR,GEO000056,2025-12-15 09:00:00
CUST00002985,Vikram Bhat,F,1983-11-28,2019-01-01,True,BUDGET,GEO000008,2026-01-31 09:00:00
CUST00002986,Vikram Verma,M,1975-05-15,2023-03-13,True,BUDGET,GEO000024,2025-12-20 09:00:00
CUST00002987,Priya Mishra,O,1990-12-06,2022-12-21,False,REGULAR,GEO000055,2025-08-16 09:00:00
CUST00002988,Arjun Jain,F,2004-06-10,2025-02-19,False,REGULAR,GEO000022,2025-08-24 09:00:00
CUST00002989,Aarav Goswami,M,1996-01-15,2021-03-02,False,REGULAR,GEO000058,2025-11-17 09:00:00
CUST00002990,Sai Goswami,M,1988-02-22,2023-11-16,False,PREMIUM,GEO000011,2025-10-06 09:00:00
CUST00002991,Isha Reddy,F,1973-04-13,2018-03-22,True,BUDGET,GEO000005,2025-10-13 09:00:00
CUST00002992,Kiran Thakur,M,2006-09-04,2019-04-17,False,BUDGET,GEO000002,2025-09-21 09:00:00
CUST00002993,Varun Mishra,M,1986-12-27,2021-01-07,False,BUDGET,GEO000004,2025-11-25 09:00:00
CUST00002994,Vihaan Joshi,F,2003-10-30,2024-02-11,False,PREMIUM,GEO000016,2025-12-10 09:00:00
CUST00002995,Nikhil Das,M,1973-12-26,2018-06-26,True,PREMIUM,GEO000013,2026-01-31 09:00:00
CUST00002996,Shreya Bose,M,1981-01-17,2024-09-25,False,REGULAR,GEO000015,2025-11-15 09:00:00
CUST00002997,Aarav Chatterjee,F,1994-04-28,2019-04-21,False,REGULAR,GEO000023,2025-12-05 09:00:00
CUST00002998,Diya Joshi,F,2007-09-06,2020-06-24,False,BUSINESS,GEO000043,2026-01-27 09:00:00
CUST00002999,Kavya Saxena,F,1973-02-04,2023-09-23,False,REGULAR,GEO000026,2026-01-28 09:00:00
CUST00003000,Varun Thakur,F,1977-03-06,2021-11-28,True,BUDGET,GEO000035,2025-08-23 09:00:00
CUST00003001,Isha Gupta,M,2003-09-19,2020-06-18,False,REGULAR,GEO000042,2026-01-19 09:00:00
CUST00003002,Sanjana Saxena,M,1991-08-28,2019-07-05,True,PREMIUM,GEO000043,2025-12-05 09:00:00
CUST00003003,Rahul Joshi,F,2006-08-31,2025-08-29,False,REGULAR,GEO000045,2025-09-05 09:00:00
CUST00003004,Deepak Verma,F,1982-11-05,2019-12-16,False,BUDGET,GEO000054,2025-09-13 09:00:00
CUST00003005,Pooja Saxena,M,2007-04-17,2020-05-25,False,REGULAR,GEO000020,2025-10-08 09:00:00
CUST00003006,Kunal Gupta,M,1995-06-16,2022-01-10,False,BUDGET,GEO000010,2025-11-10 09:00:00
CUST00003007,Vivaan Kulkarni,F,1981-04-04,2022-03-28,False,REGULAR,GEO000005,2025-11-16 09:00:00
CUST00003008,Rohit Khan,F,1975-12-24,2020-10-30,False,PREMIUM,GEO000004,2025-12-06 09:00:00
CUST00003009,Riya Iyer,M,1994-05-20,2020-12-14,False,REGULAR,GEO000026,2026-01-15 09:00:00
CUST00003010,Vihaan Goswami,M,1998-07-10,2023-04-06,True,BUDGET,GEO000012,2025-10-18 09:00:00
CUST00003011,Kiran Jain,F,1981-06-18,2020-08-09,False,REGULAR,GEO000006,2026-01-03 09:00:00
CUST00003012,Deepak Kulkarni,F,1991-06-13,2018-06-15,True,REGULAR,GEO000045,2025-11-26 09:00:00
CUST00003013,Vihaan Dutta,F,1970-09-14,2018-10-31,False,BUDGET,GEO000038,2025-10-17 09:00:00
CUST00003014,Rahul Reddy,F,1980-01-14,2018-06-17,False,REGULAR,GEO000038,2025-11-15 09:00:00
CUST00003015,Isha Pandey,F,1975-02-01,2018-09-02,False,REGULAR,GEO000012,2025-09-03 09:00:00
CUST00003016,Suresh Yadav,M,1973-07-03,2019-08-11,True,REGULAR,GEO000025,2026-01-31 09:00:00
CUST00003017,Vihaan Iyer,M,2005-05-19,2020-09-25,False,REGULAR,GEO000004,2025-12-01 09:00:00
CUST00003018,Riya Jain,F,1988-09-30,2021-11-01,True,PREMIUM,GEO000032,2025-09-18 09:00:00
CUST00003019,Sanjana Yadav,F,1990-01-27,2020-12-31,False,BUDGET,GEO000055,2025-12-03 09:00:00
CUST00003020,Rohit Yadav,M,1974-06-19,2024-03-17,False,PREMIUM,GEO000036,2026-01-21 09:00:00
CUST00003021,Sanjana Reddy,F,1992-12-26,2020-09-11,False,BUDGET,GEO000043,2025-09-12 09:00:00
CUST00003022,Priya Das,F,1979-11-13,2022-02-05,False,REGULAR,GEO000041,2025-10-09 09:00:00
CUST00003023,Aarav Joshi,M,1999-08-06,2018-04-20,False,REGULAR,GEO000020,2025-10-20 09:00:00
CUST00003024,Deepak Yadav,F,2004-07-23,2023-07-30,False,BUDGET,GEO000041,2025-12-20 09:00:00
CUST00003025,Diya Saxena,M,1981-06-14,2024-09-14,True,REGULAR,GEO000037,2025-11-19 09:00:00
CUST00003026,Diya Nair,F,1992-01-18,2018-07-25,False,REGULAR,GEO000017,2025-09-04 09:00:00
CUST00003027,Rahul Malhotra,F,1978-06-12,2022-09-06,False,REGULAR,GEO000018,2025-12-14 09:00:00
CUST00003028,Rohit Bhat,M,1980-01-20,2018-06-27,False,BUDGET,GEO000016,2025-10-07 09:00:00
CUST00003029,Meera Mehta,M,1988-04-19,2019-03-24,False,REGULAR,GEO000047,2025-11-27 09:00:00
CUST00003030,Suresh Das,F,1984-11-22,2023-09-29,False,PREMIUM,GEO000036,2025-09-19 09:00:00
CUST00003031,Aditi Malhotra,F,2003-09-17,2024-10-17,False,REGULAR,GEO000007,2025-10-01 09:00:00
CUST00003032,Aarav Reddy,M,1997-06-25,2023-04-03,False,REGULAR,GEO000048,2025-09-11 09:00:00
CUST00003033,Aditya Nair,F,2002-10-31,2020-08-24,False,BUDGET,GEO000040,2025-09-05 09:00:00
CUST00003034,Ankit Verma,F,1982-02-25,2022-01-21,True,REGULAR,GEO000007,2025-10-26 09:00:00
CUST00003035,Suresh Khan,F,1990-08-16,2021-11-30,False,BUDGET,GEO000006,2026-01-14 09:00:00
CUST00003036,Vihaan Khan,M,1972-04-09,2024-01-06,False,REGULAR,GEO000042,2025-12-29 09:00:00
CUST00003037,Vihaan Dutta,F,1997-03-27,2023-03-15,False,PREMIUM,GEO000001,2025-11-17 09:00:00
CUST00003038,Aditya Singh,F,1981-06-08,2018-11-04,False,BUDGET,GEO000050,2026-01-11 09:00:00
CUST00003039,Vikram Patel,M,1984-07-25,2019-12-11,False,REGULAR,GEO000032,2025-10-09 09:00:00
CUST00003040,Rahul Singh,M,1998-09-16,2019-04-16,False,BUDGET,GEO000042,2025-10-14 09:00:00
CUST00003041,Deepak Saxena,F,1978-07-11,2025-03-18,False,PREMIUM,GEO000033,2026-01-19 09:00:00
CUST00003042,Pooja Mishra,F,2006-01-19,2018-03-28,False,BUDGET,GEO000028,2025-08-17 09:00:00
CUST00003043,Arjun Joshi,F,1972-05-18,2025-03-30,False,BUDGET,GEO000023,2025-08-25 09:00:00
CUST00003044,Neha Thakur,F,1986-07-24,2019-08-10,False,PREMIUM,GEO000059,2026-01-23 09:00:00
CUST00003045,Deepak Yadav,M,1994-06-26,2019-05-24,False,BUDGET,GEO000047,2025-10-11 09:00:00
CUST00003046,Varun Singh,F,1995-12-17,2019-09-07,False,REGULAR,GEO000031,2025-12-30 09:00:00
CUST00003047,Kunal Bhat,M,2002-09-30,2019-06-09,False,REGULAR,GEO000036,2025-08-09 09:00:00
CUST00003048,Suresh Saxena,M,2001-11-12,2022-04-20,False,PREMIUM,GEO000012,2025-09-12 09:00:00
CUST00003049,Riya Joshi,M,1993-11-16,2020-05-04,True,REGULAR,GEO000039,2025-08-09 09:00:00
CUST00003050,Nikhil Reddy,F,2007-09-30,2024-09-07,False,BUDGET,GEO000052,2025-11-03 09:00:00
CUST00003051,Arjun Singh,M,2004-02-14,2024-07-03,False,BUDGET,GEO000039,2025-12-08 09:00:00
CUST00003052,Anaya Iyer,M,1983-02-11,2020-03-24,False,BUSINESS,GEO000058,2025-09-01 09:00:00
CUST00003053,Diya Joshi,F,1982-03-16,2022-07-30,False,REGULAR,GEO000036,2025-11-28 09:00:00
CUST00003054,Vihaan Verma,F,1997-06-01,2025-04-17,False,REGULAR,GEO000056,2025-12-15 09:00:00
CUST00003055,Deepak Saxena,M,2005-03-15,2024-07-01,False,REGULAR,GEO000023,2026-01-09 09:00:00
CUST00003056,Shreya Bose,F,1995-05-18,2023-05-15,False,REGULAR,GEO000021,2026-01-30 09:00:00
CUST00003057,Manish Malhotra,M,1984-04-09,2019-06-01,False,BUDGET,GEO000029,2025-08-14 09:00:00
CUST00003058,Shreya Chatterjee,M,2004-01-03,2021-04-07,False,REGULAR,GEO000023,2025-09-08 09:00:00
CUST00003059,Pooja Kapoor,M,1993-02-13,2019-07-30,False,BUDGET,GEO000042,2025-09-20 09:00:00
CUST00003060,Aditya Joshi,F,1977-11-06,2024-07-15,False,REGULAR,GEO000051,2025-08-11 09:00:00
CUST00003061,Deepak Joshi,F,1976-06-07,2021-03-09,False,PREMIUM,GEO000045,2025-09-04 09:00:00
CUST00003062,Shreya Verma,F,1989-03-01,2020-07-22,False,PREMIUM,GEO000056,2025-12-27 09:00:00
CUST00003063,Vivaan Jain,M,1988-02-09,2021-08-22,False,REGULAR,GEO000050,2025-11-25 09:00:00
CUST00003064,Vivaan Yadav,M,2006-07-28,2019-08-03,False,PREMIUM,GEO000032,2025-10-12 09:00:00
CUST00003065,Ankit Thakur,F,1978-08-28,2022-12-02,False,BUDGET,GEO000027,2026-01-11 09:00:00
CUST00003066,Rohit Verma,M,1971-05-12,2019-12-13,False,REGULAR,GEO000050,2026-01-28 09:00:00
CUST00003067,Kiran Goswami,M,1972-09-17,2019-04-26,False,PREMIUM,GEO000019,2025-10-06 09:00:00
CUST00003068,Suresh Kulkarni,M,1978-06-11,2018-07-19,True,REGULAR,GEO000041,2025-11-29 09:00:00
CUST00003069,Manish Kapoor,F,1994-04-29,2022-11-21,False,REGULAR,GEO000008,2025-09-02 09:00:00
CUST00003070,Anaya Kapoor,M,1991-03-25,2019-04-19,True,REGULAR,GEO000042,2025-12-19 09:00:00
CUST00003071,Riya Saxena,M,1999-07-04,2023-06-21,True,PREMIUM,GEO000040,2025-12-10 09:00:00
CUST00003072,Sanjana Mehta,F,1984-01-01,2020-10-29,False,REGULAR,GEO000027,2025-11-29 09:00:00
CUST00003073,Vivaan Malhotra,M,2000-10-25,2022-11-30,False,BUDGET,GEO000058,2025-11-17 09:00:00
CUST00003074,Aditya Thakur,F,2000-10-19,2024-10-03,False,BUDGET,GEO000010,2025-08-31 09:00:00
CUST00003075,Kiran Jain,F,2002-04-16,2018-07-16,False,REGULAR,GEO000004,2026-01-29 09:00:00
CUST00003076,Ankit Saxena,M,1995-07-16,2023-01-25,False,PREMIUM,GEO000045,2025-09-30 09:00:00
CUST00003077,Sneha Jain,M,1997-01-11,2021-09-03,False,BUDGET,GEO000056,2025-10-06 09:00:00
CUST00003078,Rahul Nair,F,1994-01-28,2021-06-18,True,BUDGET,GEO000057,2025-09-23 09:00:00
CUST00003079,Arjun Kulkarni,F,1976-11-22,2025-07-21,False,REGULAR,GEO000030,2025-12-16 09:00:00
CUST00003080,Rahul Kapoor,M,1997-07-17,2023-03-15,False,PREMIUM,GEO000010,2025-08-26 09:00:00
CUST00003081,Shreya Pandey,F,1994-05-31,2024-02-08,True,BUDGET,GEO000009,2025-11-24 09:00:00
CUST00003082,Meera Patel,M,1972-06-15,2018-05-29,False,REGULAR,GEO000017,2025-12-21 09:00:00
CUST00003083,Sai Sharma,M,1982-08-05,2020-01-09,False,REGULAR,GEO000042,2025-10-03 09:00:00
CUST00003084,Kavya Khan,M,1970-04-02,2018-02-25,False,PREMIUM,GEO000032,2025-11-26 09:00:00
CUST00003085,Shreya Khan,M,2001-09-02,2022-05-31,True,REGULAR,GEO000021,2025-11-28 09:00:00
CUST00003086,Arjun Khan,M,1992-10-01,2018-09-09,False,REGULAR,GEO000004,2026-02-04 09:00:00
CUST00003087,Sanjana Saxena,F,1979-01-25,2021-09-25,False,BUSINESS,GEO000021,2026-01-05 09:00:00
CUST00003088,Pooja Reddy,F,2003-10-16,2025-08-05,False,REGULAR,GEO000023,2025-10-20 09:00:00
CUST00003089,Suresh Dutta,M,1990-12-06,2020-09-19,False,BUSINESS,GEO000028,2025-11-27 09:00:00
CUST00003090,Aarav Kapoor,M,1980-03-23,2025-04-25,False,BUDGET,GEO000025,2025-08-27 09:00:00
CUST00003091,Manish Saxena,F,2004-02-08,2022-09-03,True,REGULAR,GEO000005,2026-01-02 09:00:00
CUST00003092,Priya Iyer,M,1972-05-16,2022-02-01,False,REGULAR,GEO000011,2025-09-06 09:00:00
CUST00003093,Ankit Das,M,1997-12-16,2023-10-03,False,REGULAR,GEO000004,2025-09-01 09:00:00
CUST00003094,Priya Iyer,F,1996-08-05,2019-05-22,False,REGULAR,GEO000037,2025-10-19 09:00:00
CUST00003095,Neha Gupta,M,1971-09-03,2018-07-20,False,REGULAR,GEO000025,2025-12-14 09:00:00
CUST00003096,Riya Malhotra,M,1977-09-14,2018-12-26,False,REGULAR,GEO000021,2025-09-14 09:00:00
CUST00003097,Aditya Mehta,M,1994-08-15,2019-06-18,True,REGULAR,GEO000038,2026-01-21 09:00:00
CUST00003098,Suresh Verma,M,1995-12-21,2020-03-12,False,REGULAR,GEO000010,2025-12-14 09:00:00
CUST00003099,Manish Kapoor,F,1999-04-09,2018-05-12,False,REGULAR,GEO000059,2025-12-20 09:00:00
CUST00003100,Vikram Verma,M,1999-04-29,2019-10-08,True,BUDGET,GEO000040,2025-12-05 09:00:00
CUST00003101,Suresh Kulkarni,M,1983-05-08,2019-03-18,False,REGULAR,GEO000043,2025-10-27 09:00:00
CUST00003102,Priya Mishra,F,2000-08-24,2024-02-25,True,REGULAR,GEO000003,2025-12-13 09:00:00
CUST00003103,Sneha Gupta,M,1982-12-29,2022-08-17,False,REGULAR,GEO000009,2025-10-25 09:00:00
CUST00003104,Deepak Kulkarni,M,2000-01-08,2019-07-22,False,REGULAR,GEO000057,2025-09-12 09:00:00
CUST00003105,Rahul Thakur,M,1978-10-06,2024-09-22,False,REGULAR,GEO000028,2025-09-13 09:00:00
CUST00003106,Aarav Bhat,M,1981-10-09,2024-03-19,False,REGULAR,GEO000005,2025-08-15 09:00:00
CUST00003107,Priya Bhat,M,1996-03-02,2023-01-18,False,PREMIUM,GEO000030,2026-01-21 09:00:00
CUST00003108,Nikhil Iyer,M,1990-12-25,2024-06-15,False,REGULAR,GEO000022,2025-11-09 09:00:00
CUST00003109,Manish Bhat,F,1993-10-14,2018-09-11,True,REGULAR,GEO000023,2025-11-21 09:00:00
CUST00003110,Neha Mehta,M,1984-04-30,2019-06-01,False,REGULAR,GEO000055,2025-09-08 09:00:00
CUST00003111,Vivaan Sharma,M,2007-02-15,2018-05-06,False,BUDGET,GEO000022,2025-10-30 09:00:00
CUST00003112,Nikhil Chatterjee,M,1980-08-09,2019-03-14,True,REGULAR,GEO000047,2026-01-25 09:00:00
CUST00003113,Priya Mishra,F,1975-09-21,2024-11-11,False,REGULAR,GEO000024,2025-12-05 09:00:00
CUST00003114,Rohit Goswami,F,2001-09-01,2022-05-09,False,REGULAR,GEO000021,2025-09-12 09:00:00
CUST00003115,Anaya Verma,F,1985-03-21,2021-03-14,False,REGULAR,GEO000020,2026-01-05 09:00:00
CUST00003116,Varun Bhat,M,1989-03-29,2020-10-01,False,REGULAR,GEO000031,2025-09-02 09:00:00
CUST00003117,Anaya Kulkarni,M,1989-09-24,2024-02-10,False,BUDGET,GEO000032,2026-01-13 09:00:00
CUST00003118,Kiran Malhotra,M,2000-10-07,2022-03-31,True,BUSINESS,GEO000037,2026-01-14 09:00:00
CUST00003119,Kavya Saxena,M,1997-04-23,2021-10-25,False,BUDGET,GEO000028,2025-09-21 09:00:00
CUST00003120,Aarav Pandey,M,1985-03-15,2024-10-15,False,REGULAR,GEO000057,2025-09-16 09:00:00
CUST00003121,Riya Mehta,M,1983-12-15,2023-03-20,False,PREMIUM,GEO000049,2025-11-20 09:00:00
CUST00003122,Vivaan Goswami,F,1996-09-02,2018-12-30,True,BUDGET,GEO000034,2025-11-13 09:00:00
CUST00003123,Kavya Chatterjee,F,1997-04-10,2020-06-30,True,BUDGET,GEO000012,2025-09-30 09:00:00
CUST00003124,Isha Gupta,M,1980-03-27,2024-12-11,False,REGULAR,GEO000042,2026-02-04 09:00:00
CUST00003125,Meera Patel,M,1972-06-16,2022-08-14,False,BUDGET,GEO000026,2025-11-08 09:00:00
CUST00003126,Pooja Das,M,1979-06-27,2023-06-20,True,REGULAR,GEO000009,2025-11-03 09:00:00
CUST00003127,Ankit Jain,F,1982-10-01,2022-09-19,True,REGULAR,GEO000010,2026-02-04 09:00:00
CUST00003128,Ankit Patel,M,1974-09-21,2024-11-10,False,PREMIUM,GEO000055,2026-01-07 09:00:00
CUST00003129,Aditya Bhat,F,1981-12-18,2019-08-29,False,REGULAR,GEO000043,2025-11-30 09:00:00
CUST00003130,Kunal Bose,M,2002-01-28,2020-02-18,False,REGULAR,GEO000030,2026-01-24 09:00:00
CUST00003131,Neha Dutta,F,2005-04-17,2018-10-29,False,REGULAR,GEO000043,2025-12-08 09:00:00
CUST00003132,Vivaan Chatterjee,F,1997-11-14,2021-11-10,True,PREMIUM,GEO000038,2025-12-17 09:00:00
CUST00003133,Priya Kapoor,M,2003-09-01,2021-06-03,False,REGULAR,GEO000048,2025-09-23 09:00:00
CUST00003134,Anaya Goswami,M,2002-10-30,2021-11-25,False,REGULAR,GEO000044,2025-10-29 09:00:00
CUST00003135,Kunal Das,M,1978-05-17,2020-08-10,False,REGULAR,GEO000059,2025-10-17 09:00:00
CUST00003136,Diya Chatterjee,M,1970-09-01,2021-04-21,False,BUDGET,GEO000016,2025-12-23 09:00:00
CUST00003137,Aarav Yadav,F,1995-06-24,2025-05-06,False,REGULAR,GEO000010,2025-12-09 09:00:00
CUST00003138,Aditi Bose,F,1995-05-22,2018-06-19,True,REGULAR,GEO000045,2025-12-12 09:00:00
CUST00003139,Kiran Saxena,F,1972-10-07,2021-12-29,False,BUDGET,GEO000005,2025-12-09 09:00:00
CUST00003140,Aditi Chatterjee,M,2003-06-12,2022-01-23,False,REGULAR,GEO000041,2026-01-23 09:00:00
CUST00003141,Rohit Yadav,F,2007-08-24,2020-03-26,False,REGULAR,GEO000056,2025-11-03 09:00:00
CUST00003142,Priya Singh,F,2005-05-05,2024-09-08,True,BUDGET,GEO000011,2025-11-18 09:00:00
CUST00003143,Meera Pandey,M,1971-03-10,2025-03-28,False,BUSINESS,GEO000020,2026-01-14 09:00:00
CUST00003144,Neha Gupta,M,1979-06-13,2024-01-12,False,REGULAR,GEO000039,2026-01-27 09:00:00
CUST00003145,Sanjana Mehta,M,1995-10-03,2020-08-31,False,REGULAR,GEO000029,2025-09-25 09:00:00
CUST00003146,Kiran Das,M,1989-11-09,2020-03-06,True,REGULAR,GEO000056,2025-08-09 09:00:00
CUST00003147,Shreya Thakur,F,1992-02-29,2023-03-11,False,REGULAR,GEO000045,2026-01-16 09:00:00
CUST00003148,Varun Dutta,M,1974-01-27,2018-08-25,False,BUDGET,GEO000040,2025-10-16 09:00:00
CUST00003149,Meera Bhat,M,2004-05-10,2020-06-07,True,REGULAR,GEO000046,2026-01-27 09:00:00
CUST00003150,Arjun Das,M,1999-12-10,2024-08-14,True,REGULAR,GEO000057,2025-11-24 09:00:00
CUST00003151,Ankit Jain,F,2001-09-09,2024-12-30,False,REGULAR,GEO000012,2025-11-04 09:00:00
CUST00003152,Vivaan Mehta,F,2001-04-25,2022-11-21,False,REGULAR,GEO000059,2025-09-14 09:00:00
CUST00003153,Arjun Khan,M,2003-04-10,2018-05-25,True,REGULAR,GEO000041,2025-08-09 09:00:00
CUST00003154,Ankit Patel,M,1972-09-08,2019-02-07,False,BUDGET,GEO000057,2025-10-11 09:00:00
CUST00003155,Shreya Pandey,F,1997-06-26,2023-02-04,False,BUDGET,GEO000046,2025-10-13 09:00:00
CUST00003156,Varun Bhat,M,1978-01-01,2020-08-24,False,REGULAR,GEO000040,2025-10-22 09:00:00
CUST00003157,Sai Goswami,M,1997-03-07,2022-02-17,False,REGULAR,GEO000047,2025-08-26 09:00:00
CUST00003158,Vihaan Bhat,M,1982-03-31,2022-10-29,True,PREMIUM,GEO000018,2025-08-08 09:00:00
CUST00003159,Rahul Bhat,F,1970-09-27,2022-01-27,False,BUDGET,GEO000005,2025-12-04 09:00:00
CUST00003160,Rahul Reddy,F,1980-01-02,2019-09-26,False,REGULAR,GEO000006,2025-09-13 09:00:00
CUST00003161,Kavya Chatterjee,F,1973-10-04,2018-03-13,False,REGULAR,GEO000013,2025-12-14 09:00:00
CUST00003162,Kunal Singh,M,1986-12-17,2021-10-14,False,BUDGET,GEO000013,2026-01-03 09:00:00
CUST00003163,Vivaan Kulkarni,M,2003-12-14,2025-12-07,False,REGULAR,GEO000056,2025-08-31 09:00:00
CUST00003164,Kavya Gupta,F,1971-01-12,2019-03-06,False,REGULAR,GEO000051,2025-08-14 09:00:00
CUST00003165,Ankit Kapoor,M,1978-08-21,2021-07-25,False,BUDGET,GEO000029,2025-11-21 09:00:00
CUST00003166,Aarav Singh,F,2002-04-12,2018-05-28,False,REGULAR,GEO000010,2026-01-03 09:00:00
CUST00003167,Vihaan Nair,F,1988-11-14,2019-08-08,False,BUSINESS,GEO000015,2025-12-21 09:00:00
CUST00003168,Sai Das,F,1989-07-17,2018-07-16,False,BUDGET,GEO000012,2025-10-26 09:00:00
CUST00003169,Rahul Bhat,M,1973-09-19,2018-03-12,False,BUDGET,GEO000041,2025-11-19 09:00:00
CUST00003170,Sanjana Chatterjee,F,1994-04-02,2024-04-11,False,BUDGET,GEO000002,2025-08-16 09:00:00
CUST00003171,Manish Kapoor,F,2006-08-17,2021-05-16,False,REGULAR,GEO000041,2025-09-05 09:00:00
CUST00003172,Kiran Pandey,M,1994-06-27,2025-07-27,False,PREMIUM,GEO000033,2025-08-30 09:00:00
CUST00003173,Anaya Joshi,F,1984-09-13,2025-12-22,False,REGULAR,GEO000011,2025-10-22 09:00:00
CUST00003174,Deepak Saxena,F,2000-08-23,2023-06-30,False,REGULAR,GEO000002,2025-10-15 09:00:00
CUST00003175,Isha Mehta,F,1975-11-24,2021-04-06,False,REGULAR,GEO000013,2025-12-31 09:00:00
CUST00003176,Aditya Bhat,M,1993-02-28,2025-07-22,True,BUDGET,GEO000030,2025-11-06 09:00:00
CUST00003177,Pooja Dutta,F,1970-03-05,2020-03-17,False,REGULAR,GEO000043,2025-11-17 09:00:00
CUST00003178,Aditya Mishra,M,1985-04-16,2018-10-14,True,PREMIUM,GEO000012,2025-08-11 09:00:00
CUST00003179,Vihaan Yadav,O,1983-07-18,2024-10-10,False,REGULAR,GEO000002,2026-01-12 09:00:00
CUST00003180,Meera Reddy,M,2001-09-05,2024-10-26,False,REGULAR,GEO000027,2026-01-05 09:00:00
CUST00003181,Diya Saxena,M,1990-09-15,2019-09-09,True,BUDGET,GEO000006,2026-01-02 09:00:00
CUST00003182,Ankit Yadav,M,1992-03-28,2019-07-28,True,REGULAR,GEO000012,2025-08-09 09:00:00
CUST00003183,Pooja Sharma,M,1998-09-18,2019-04-07,True,REGULAR,GEO000045,2025-10-13 09:00:00
CUST00003184,Shreya Dutta,M,1996-02-16,2025-09-30,False,REGULAR,GEO000017,2025-10-03 09:00:00
CUST00003185,Arjun Verma,F,1998-05-28,2023-03-12,False,BUDGET,GEO000050,2025-08-14 09:00:00
CUST00003186,Manish Thakur,F,1973-08-22,2022-08-28,False,PREMIUM,GEO000048,2025-12-29 09:00:00
CUST00003187,Shreya Joshi,M,1998-06-06,2022-02-24,False,BUDGET,GEO000053,2026-01-02 09:00:00
CUST00003188,Rohit Kulkarni,M,1970-02-15,2025-06-28,False,PREMIUM,GEO000007,2025-08-10 09:00:00
CUST00003189,Rohit Sharma,F,1972-09-23,2023-04-24,False,REGULAR,GEO000025,2025-10-04 09:00:00
CUST00003190,Rahul Saxena,M,1976-04-08,2019-07-15,False,BUSINESS,GEO000044,2026-02-03 09:00:00
CUST00003191,Isha Verma,M,1989-01-23,2021-09-06,False,REGULAR,GEO000040,2025-08-27 09:00:00
CUST00003192,Nikhil Yadav,M,1991-01-09,2025-10-24,False,BUDGET,GEO000020,2025-10-29 09:00:00
CUST00003193,Aarav Kulkarni,M,2002-06-13,2018-02-08,False,BUDGET,GEO000038,2025-11-08 09:00:00
CUST00003194,Suresh Patel,M,1999-09-12,2024-11-12,True,REGULAR,GEO000003,2026-01-01 09:00:00
CUST00003195,Riya Joshi,M,1996-08-28,2023-09-22,True,REGULAR,GEO000052,2025-08-21 09:00:00
CUST00003196,Sai Saxena,M,1994-03-13,2018-08-16,False,PREMIUM,GEO000015,2025-09-19 09:00:00
CUST00003197,Sanjana Chatterjee,M,2003-03-28,2018-11-06,False,REGULAR,GEO000031,2025-09-23 09:00:00
CUST00003198,Ankit Thakur,F,1982-08-10,2018-05-27,False,REGULAR,GEO000021,2026-01-25 09:00:00
CUST00003199,Shreya Goswami,F,1979-11-28,2020-08-04,True,REGULAR,GEO000029,2025-09-03 09:00:00
CUST00003200,Arjun Bose,M,1995-10-23,2018-01-11,False,PREMIUM,GEO000025,2026-01-13 09:00:00
CUST00003201,Kunal Yadav,M,1979-07-02,2022-01-19,False,REGULAR,GEO000055,2026-01-03 09:00:00
CUST00003202,Shreya Singh,F,1976-08-20,2025-11-16,False,PREMIUM,GEO000059,2025-08-29 09:00:00
CUST00003203,Manish Das,M,1993-01-08,2021-06-28,False,PREMIUM,GEO000026,2025-08-08 09:00:00
CUST00003204,Meera Das,F,1974-02-01,2021-03-09,False,PREMIUM,GEO000032,2025-10-13 09:00:00
CUST00003205,Neha Gupta,F,2006-07-10,2020-12-03,False,PREMIUM,GEO000001,2025-12-12 09:00:00
CUST00003206,Varun Jain,F,1990-10-07,2021-04-11,False,REGULAR,GEO000031,2025-08-25 09:00:00
CUST00003207,Neha Nair,F,1980-05-23,2018-10-20,True,PREMIUM,GEO000046,2025-08-27 09:00:00
CUST00003208,Anaya Sharma,M,1993-03-06,2023-05-05,False,PREMIUM,GEO000011,2025-09-25 09:00:00
CUST00003209,Vihaan Gupta,F,1998-06-13,2025-07-25,False,BUDGET,GEO000019,2026-01-21 09:00:00
CUST00003210,Varun Thakur,F,1987-09-25,2023-04-08,False,PREMIUM,GEO000014,2026-01-28 09:00:00
CUST00003211,Pooja Mishra,M,1983-01-01,2023-02-12,True,PREMIUM,GEO000028,2025-09-19 09:00:00
CUST00003212,Vivaan Mishra,M,1986-02-13,2023-08-16,True,BUDGET,GEO000025,2025-08-26 09:00:00
CUST00003213,Sai Verma,M,2003-08-16,2018-04-23,True,REGULAR,GEO000023,2025-08-25 09:00:00
CUST00003214,Meera Bhat,F,1982-08-16,2021-06-21,False,REGULAR,GEO000022,2025-12-02 09:00:00
CUST00003215,Riya Bhat,F,1987-06-24,2025-06-05,False,PREMIUM,GEO000051,2025-11-17 09:00:00
CUST00003216,Kavya Das,M,1987-03-17,2018-06-18,False,REGULAR,GEO000012,2026-01-15 09:00:00
CUST00003217,Isha Khan,M,1990-10-24,2019-01-14,False,REGULAR,GEO000033,2025-08-14 09:00:00
CUST00003218,Aditya Khan,F,2005-02-20,2022-01-31,False,REGULAR,GEO000012,2025-12-20 09:00:00
CUST00003219,Aarav Reddy,M,1973-11-14,2024-05-22,True,REGULAR,GEO000002,2026-02-04 09:00:00
CUST00003220,Manish Sharma,M,1996-12-10,2025-05-06,False,PREMIUM,GEO000059,2025-08-29 09:00:00
CUST00003221,Sai Mishra,M,1990-10-19,2022-07-14,False,BUDGET,GEO000056,2026-01-24 09:00:00
CUST00003222,Pooja Bose,M,1973-11-02,2024-01-17,False,BUDGET,GEO000022,2025-11-03 09:00:00
CUST00003223,Sanjana Mehta,F,1971-11-04,2019-08-01,False,REGULAR,GEO000024,2025-08-14 09:00:00
CUST00003224,Vikram Chatterjee,M,2007-03-09,2019-10-19,True,BUDGET,GEO000013,2025-12-12 09:00:00
CUST00003225,Aditi Nair,M,1991-03-24,2025-04-18,True,PREMIUM,GEO000037,2025-10-25 09:00:00
CUST00003226,Vikram Bose,F,1980-10-02,2025-08-16,False,PREMIUM,GEO000038,2025-12-23 09:00:00
CUST00003227,Vihaan Kulkarni,M,1973-05-07,2019-03-14,False,BUSINESS,GEO000009,2026-01-09 09:00:00
CUST00003228,Aarav Mehta,F,1980-07-25,2023-01-09,True,REGULAR,GEO000025,2026-01-07 09:00:00
CUST00003229,Priya Bhat,F,2006-09-24,2024-04-21,True,REGULAR,GEO000044,2025-09-20 09:00:00
CUST00003230,Manish Yadav,F,1971-11-19,2021-06-19,False,BUSINESS,GEO000036,2026-02-03 09:00:00
CUST00003231,Vivaan Khan,F,2005-01-15,2025-02-12,True,REGULAR,GEO000039,2025-10-09 09:00:00
CUST00003232,Meera Reddy,F,1985-11-11,2018-09-26,True,BUDGET,GEO000019,2025-12-07 09:00:00
CUST00003233,Diya Chatterjee,F,1984-12-04,2022-09-01,False,REGULAR,GEO000017,2026-01-29 09:00:00
CUST00003234,Suresh Dutta,M,1981-07-22,2023-04-07,False,REGULAR,GEO000053,2025-12-16 09:00:00
CUST00003235,Ankit Nair,M,1986-03-19,2021-12-29,False,BUDGET,GEO000037,2025-12-09 09:00:00
CUST00003236,Diya Das,F,1984-11-21,2018-05-09,False,BUDGET,GEO000041,2025-09-15 09:00:00
CUST00003237,Arjun Yadav,M,2002-12-27,2025-12-07,False,BUSINESS,GEO000052,2025-11-05 09:00:00
CUST00003238,Rohit Patel,F,2003-05-12,2021-02-27,False,BUDGET,GEO000044,2026-01-31 09:00:00
CUST00003239,Deepak Nair,F,2003-01-19,2020-06-17,False,REGULAR,GEO000028,2025-11-23 09:00:00
CUST00003240,Vikram Mishra,M,1980-04-26,2023-08-10,True,BUDGET,GEO000044,2026-01-25 09:00:00
CUST00003241,Vivaan Mehta,F,1974-04-01,2022-01-14,True,REGULAR,GEO000045,2026-01-28 09:00:00
CUST00003242,Manish Nair,M,2003-12-18,2024-04-17,True,BUSINESS,GEO000017,2026-02-01 09:00:00
CUST00003243,Aditya Iyer,F,1994-03-20,2024-08-13,False,REGULAR,GEO000002,2026-02-01 09:00:00
CUST00003244,Aditi Kapoor,M,2004-05-24,2025-12-31,False,REGULAR,GEO000015,2025-09-30 09:00:00
CUST00003245,Vivaan Sharma,F,1984-02-09,2022-11-16,True,BUDGET,GEO000024,2025-09-12 09:00:00
CUST00003246,Kiran Mehta,M,1971-10-23,2020-03-22,True,PREMIUM,GEO000017,2026-01-15 09:00:00
CUST00003247,Manish Gupta,F,1990-11-17,2021-05-03,False,REGULAR,GEO000016,2025-10-29 09:00:00
CUST00003248,Manish Mehta,F,2005-01-18,2020-11-21,False,REGULAR,GEO000024,2025-09-05 09:00:00
CUST00003249,Vivaan Nair,M,2005-05-26,2021-03-25,False,REGULAR,GEO000041,2025-08-29 09:00:00
CUST00003250,Sanjana Khan,F,2007-10-17,2025-11-08,False,REGULAR,GEO000025,2025-09-04 09:00:00
CUST00003251,Priya Kapoor,F,2005-08-20,2022-11-15,False,REGULAR,GEO000002,2025-11-27 09:00:00
CUST00003252,Diya Patel,F,1988-05-28,2021-03-12,False,REGULAR,GEO000058,2025-08-10 09:00:00
CUST00003253,Neha Pandey,M,1995-12-14,2023-09-29,True,BUDGET,GEO000047,2025-08-23 09:00:00
CUST00003254,Aditi Verma,M,2003-06-05,2022-06-05,False,PREMIUM,GEO000050,2025-10-27 09:00:00
CUST00003255,Arjun Kulkarni,F,1974-10-18,2025-11-02,False,PREMIUM,GEO000017,2025-08-24 09:00:00
CUST00003256,Vihaan Dutta,M,1998-05-14,2019-04-14,True,REGULAR,GEO000047,2025-10-15 09:00:00
CUST00003257,Ankit Singh,M,2000-05-10,2025-06-24,False,BUDGET,GEO000049,2026-01-05 09:00:00
CUST00003258,Rahul Patel,F,1985-04-06,2024-08-25,False,BUDGET,GEO000049,2025-09-29 09:00:00
CUST00003259,Diya Goswami,F,1996-01-19,2019-12-08,False,BUDGET,GEO000042,2025-08-16 09:00:00
CUST00003260,Kavya Dutta,F,1991-10-15,2022-08-01,False,REGULAR,GEO000004,2026-01-31 09:00:00
CUST00003261,Isha Sharma,M,1991-02-13,2025-05-23,True,REGULAR,GEO000025,2025-09-15 09:00:00
CUST00003262,Vikram Pandey,M,2004-05-31,2025-02-01,True,REGULAR,GEO000023,2026-01-13 09:00:00
CUST00003263,Kavya Pandey,M,1985-10-17,2024-10-28,False,REGULAR,GEO000019,2025-08-13 09:00:00
CUST00003264,Diya Saxena,F,1978-03-11,2024-06-09,False,PREMIUM,GEO000028,2026-01-01 09:00:00
CUST00003265,Rahul Reddy,M,1978-08-17,2023-03-24,False,PREMIUM,GEO000029,2026-01-29 09:00:00
CUST00003266,Meera Mishra,F,1986-11-09,2024-08-11,False,REGULAR,GEO000004,2025-08-09 09:00:00
CUST00003267,Diya Nair,F,1998-05-07,2022-10-01,False,PREMIUM,GEO000053,2025-10-21 09:00:00
CUST00003268,Vihaan Mishra,F,1976-07-14,2023-10-29,False,BUDGET,GEO000011,2025-12-02 09:00:00
CUST00003269,Manish Das,F,1975-02-05,2018-07-22,False,BUDGET,GEO000033,2025-12-12 09:00:00
CUST00003270,Diya Pandey,M,1976-11-23,2018-08-21,True,REGULAR,GEO000057,2025-10-27 09:00:00
CUST00003271,Aditya Yadav,M,1981-10-12,2025-09-08,False,PREMIUM,GEO000010,2025-08-29 09:00:00
CUST00003272,Meera Mehta,F,1980-11-11,2018-09-20,True,BUDGET,GEO000014,2026-01-31 09:00:00
CUST00003273,Sanjana Verma,F,1988-12-03,2023-10-14,False,REGULAR,GEO000037,2025-12-07 09:00:00
CUST00003274,Kunal Patel,M,1988-05-30,2024-06-20,True,REGULAR,GEO000044,2025-12-26 09:00:00
CUST00003275,Vivaan Malhotra,F,1993-07-17,2022-04-27,True,REGULAR,GEO000042,2025-12-26 09:00:00
CUST00003276,Manish Kulkarni,M,1982-10-06,2023-02-27,True,PREMIUM,GEO000045,2026-01-25 09:00:00
CUST00003277,Kiran Joshi,F,1990-08-24,2019-11-05,False,REGULAR,GEO000021,2025-10-01 09:00:00
CUST00003278,Kavya Khan,F,2000-11-20,2019-06-29,False,REGULAR,GEO000026,2025-08-23 09:00:00
CUST00003279,Sai Gupta,F,1973-07-19,2019-11-04,False,BUDGET,GEO000030,2025-12-02 09:00:00
CUST00003280,Ankit Kulkarni,M,1992-05-10,2023-06-02,False,PREMIUM,GEO000027,2025-11-12 09:00:00
CUST00003281,Vikram Nair,F,1986-06-04,2022-05-15,False,REGULAR,GEO000049,2025-09-25 09:00:00
CUST00003282,Aarav Khan,M,1977-05-17,2022-04-08,True,REGULAR,GEO000016,2025-09-18 09:00:00
CUST00003283,Arjun Mishra,M,1980-06-26,2023-05-07,True,REGULAR,GEO000054,2025-12-16 09:00:00
CUST00003284,Aditya Mehta,M,1986-11-11,2020-12-18,False,REGULAR,GEO000031,2025-11-24 09:00:00
CUST00003285,Sneha Bhat,F,1991-08-19,2025-04-27,False,BUDGET,GEO000023,2026-01-28 09:00:00
CUST00003286,Shreya Mishra,F,1976-09-16,2019-08-27,False,REGULAR,GEO000027,2025-11-04 09:00:00
CUST00003287,Sanjana Patel,F,1991-12-03,2019-07-25,True,PREMIUM,GEO000036,2025-09-26 09:00:00
CUST00003288,Nikhil Sharma,M,1993-01-27,2019-07-20,False,REGULAR,GEO000018,2025-10-20 09:00:00
CUST00003289,Arjun Das,M,1999-10-26,2020-06-10,False,REGULAR,GEO000045,2025-12-01 09:00:00
CUST00003290,Arjun Sharma,F,1970-08-01,2019-04-05,False,REGULAR,GEO000029,2025-11-07 09:00:00
CUST00003291,Priya Singh,M,1975-03-04,2022-03-17,True,REGULAR,GEO000025,2025-08-26 09:00:00
CUST00003292,Nikhil Dutta,M,1970-06-06,2018-10-15,False,REGULAR,GEO000004,2025-10-17 09:00:00
CUST00003293,Shreya Bhat,F,2007-04-19,2024-09-18,False,BUDGET,GEO000004,2025-08-25 09:00:00
CUST00003294,Arjun Goswami,F,1996-06-30,2024-07-19,False,BUSINESS,GEO000023,2025-10-02 09:00:00
CUST00003295,Aditi Kulkarni,F,2004-02-02,2022-09-26,False,PREMIUM,GEO000013,2025-09-24 09:00:00
CUST00003296,Arjun Jain,M,2004-08-06,2022-02-02,False,REGULAR,GEO000043,2025-11-06 09:00:00
CUST00003297,Rohit Yadav,M,1983-12-01,2022-10-10,True,REGULAR,GEO000042,2025-11-22 09:00:00
CUST00003298,Aarav Malhotra,F,1982-04-14,2025-01-20,False,REGULAR,GEO000013,2025-09-16 09:00:00
CUST00003299,Manish Iyer,M,1986-04-12,2024-09-10,False,REGULAR,GEO000008,2025-09-10 09:00:00
CUST00003300,Suresh Dutta,F,1985-01-05,2020-07-11,False,REGULAR,GEO000020,2025-10-22 09:00:00
CUST00003301,Suresh Mishra,M,1976-10-23,2020-02-23,False,BUDGET,GEO000024,2026-01-18 09:00:00
CUST00003302,Kiran Iyer,F,2006-01-12,2024-08-03,False,PREMIUM,GEO000041,2025-09-16 09:00:00
CUST00003303,Shreya Mishra,M,2005-06-27,2020-04-18,False,BUDGET,GEO000050,2025-10-29 09:00:00
CUST00003304,Shreya Joshi,M,1995-04-11,2019-05-20,False,BUDGET,GEO000022,2025-11-06 09:00:00
CUST00003305,Sneha Nair,M,1999-12-28,2019-12-24,False,REGULAR,GEO000049,2025-12-15 09:00:00
CUST00003306,Riya Mehta,M,1996-07-22,2025-01-22,True,REGULAR,GEO000059,2025-11-05 09:00:00
CUST00003307,Anaya Verma,F,1975-05-31,2018-08-31,False,BUDGET,GEO000030,2025-08-09 09:00:00
CUST00003308,Rahul Thakur,F,1996-10-09,2020-01-09,False,REGULAR,GEO000057,2025-10-06 09:00:00
CUST00003309,Rahul Mishra,F,2002-11-20,2019-06-13,True,REGULAR,GEO000021,2026-01-21 09:00:00
CUST00003310,Rahul Reddy,F,1993-03-10,2021-10-16,False,REGULAR,GEO000051,2026-02-04 09:00:00
CUST00003311,Aditi Singh,M,1975-12-31,2018-04-28,False,BUDGET,GEO000008,2025-09-24 09:00:00
CUST00003312,Sanjana Thakur,M,1994-09-01,2024-12-23,False,BUDGET,GEO000006,2025-09-08 09:00:00
CUST00003313,Manish Das,F,1977-04-08,2024-01-12,False,PREMIUM,GEO000005,2025-11-18 09:00:00
CUST00003314,Varun Nair,M,1990-01-22,2025-01-03,False,REGULAR,GEO000009,2025-08-25 09:00:00
CUST00003315,Kiran Thakur,M,1971-04-22,2023-10-07,False,REGULAR,GEO000047,2025-08-14 09:00:00
CUST00003316,Deepak Singh,F,1985-01-20,2022-01-04,False,BUDGET,GEO000036,2026-01-11 09:00:00
CUST00003317,Aditi Bhat,F,1994-01-08,2024-01-03,False,REGULAR,GEO000043,2026-02-02 09:00:00
CUST00003318,Vikram Gupta,M,1982-03-16,2025-03-02,False,PREMIUM,GEO000039,2025-09-13 09:00:00
CUST00003319,Suresh Goswami,M,1998-12-30,2019-04-06,False,REGULAR,GEO000053,2025-11-04 09:00:00
CUST00003320,Kunal Bhat,M,1987-12-01,2023-08-21,False,REGULAR,GEO000023,2026-01-18 09:00:00
CUST00003321,Arjun Pandey,M,1992-03-06,2018-02-27,False,BUDGET,GEO000028,2025-11-24 09:00:00
CUST00003322,Pooja Pandey,M,1970-01-17,2018-03-04,False,BUDGET,GEO000056,2026-01-13 09:00:00
CUST00003323,Aditya Mehta,M,1974-01-09,2025-08-10,True,REGULAR,GEO000019,2025-08-22 09:00:00
CUST00003324,Rahul Gupta,M,1970-11-02,2020-06-06,False,REGULAR,GEO000021,2025-09-23 09:00:00
CUST00003325,Varun Bose,F,1998-09-03,2023-02-26,False,PREMIUM,GEO000021,2026-01-25 09:00:00
CUST00003326,Rohit Nair,M,1994-03-07,2018-05-30,False,REGULAR,GEO000056,2026-01-15 09:00:00
CUST00003327,Ankit Gupta,M,1971-12-23,2019-03-15,False,REGULAR,GEO000058,2026-01-31 09:00:00
CUST00003328,Manish Jain,M,1993-09-26,2024-10-11,False,BUDGET,GEO000044,2025-12-28 09:00:00
CUST00003329,Rahul Yadav,M,1991-02-25,2020-04-06,False,BUDGET,GEO000042,2025-10-30 09:00:00
CUST00003330,Rahul Dutta,M,1981-03-06,2018-08-31,False,PREMIUM,GEO000058,2025-11-23 09:00:00
CUST00003331,Vivaan Dutta,F,1979-06-24,2025-07-15,False,REGULAR,GEO000040,2025-09-25 09:00:00
CUST00003332,Vihaan Goswami,M,1979-10-03,2024-05-19,True,REGULAR,GEO000050,2025-09-12 09:00:00
CUST00003333,Priya Bose,F,1987-07-31,2019-12-18,False,REGULAR,GEO000040,2025-08-31 09:00:00
CUST00003334,Shreya Reddy,F,2005-02-23,2018-01-01,False,BUDGET,GEO000034,2025-12-24 09:00:00
CUST00003335,Suresh Kulkarni,F,1979-12-03,2024-03-28,False,BUDGET,GEO000039,2025-08-29 09:00:00
CUST00003336,Ankit Gupta,M,2000-11-27,2020-11-09,False,BUDGET,GEO000020,2025-10-08 09:00:00
CUST00003337,Arjun Patel,M,1980-01-26,2019-04-26,False,BUDGET,GEO000059,2025-10-31 09:00:00
CUST00003338,Kunal Gupta,M,1994-05-02,2023-04-14,True,BUDGET,GEO000010,2026-01-20 09:00:00
CUST00003339,Nikhil Bose,M,1989-08-16,2023-04-26,True,PREMIUM,GEO000050,2025-12-17 09:00:00
CUST00003340,Vihaan Reddy,M,1994-02-07,2020-04-18,True,REGULAR,GEO000036,2025-10-24 09:00:00
CUST00003341,Vihaan Gupta,F,1975-05-19,2021-05-26,False,BUDGET,GEO000024,2025-08-29 09:00:00
CUST00003342,Priya Gupta,M,1983-01-04,2021-10-12,False,BUSINESS,GEO000011,2025-12-06 09:00:00
CUST00003343,Manish Kulkarni,F,1981-04-17,2025-10-22,True,BUDGET,GEO000012,2025-08-30 09:00:00
CUST00003344,Vikram Kapoor,F,2002-05-22,2022-10-08,True,REGULAR,GEO000039,2025-10-17 09:00:00
CUST00003345,Sai Singh,M,2002-04-15,2018-01-26,False,BUDGET,GEO000026,2025-10-30 09:00:00
CUST00003346,Deepak Bhat,F,1982-03-07,2018-03-21,False,BUDGET,GEO000020,2025-10-18 09:00:00
CUST00003347,Pooja Malhotra,M,1974-07-24,2022-05-07,True,BUSINESS,GEO000009,2025-11-02 09:00:00
CUST00003348,Pooja Malhotra,F,1985-12-22,2019-08-04,False,BUSINESS,GEO000054,2025-08-08 09:00:00
CUST00003349,Vikram Verma,M,2007-12-19,2020-08-19,False,BUDGET,GEO000042,2026-01-22 09:00:00
CUST00003350,Aarav Nair,F,1996-07-04,2023-11-16,False,PREMIUM,GEO000015,2025-10-02 09:00:00
CUST00003351,Neha Bose,M,1988-06-15,2020-08-06,False,REGULAR,GEO000028,2025-08-28 09:00:00
CUST00003352,Vihaan Joshi,M,1997-11-26,2022-02-26,False,PREMIUM,GEO000048,2026-02-02 09:00:00
CUST00003353,Arjun Goswami,F,1979-07-08,2024-07-21,False,REGULAR,GEO000002,2025-11-24 09:00:00
CUST00003354,Aditya Singh,F,1986-10-22,2022-06-07,True,PREMIUM,GEO000008,2025-12-12 09:00:00
CUST00003355,Sai Verma,M,2004-08-27,2019-10-19,False,REGULAR,GEO000045,2025-09-09 09:00:00
CUST00003356,Anaya Pandey,F,2003-10-05,2022-10-25,False,REGULAR,GEO000044,2025-12-22 09:00:00
CUST00003357,Neha Bose,M,1986-11-21,2021-02-02,False,BUSINESS,GEO000044,2025-12-30 09:00:00
CUST00003358,Manish Yadav,M,2007-05-28,2025-02-21,False,PREMIUM,GEO000030,2025-10-04 09:00:00
CUST00003359,Anaya Mishra,M,1986-06-24,2022-06-16,False,BUDGET,GEO000018,2026-01-26 09:00:00
CUST00003360,Anaya Nair,M,1998-02-12,2024-08-29,False,REGULAR,GEO000004,2025-08-23 09:00:00
CUST00003361,Aarav Bose,F,1970-01-17,2024-07-02,False,REGULAR,GEO000037,2025-09-28 09:00:00
CUST00003362,Aarav Gupta,M,1983-09-01,2022-03-12,False,REGULAR,GEO000048,2025-10-22 09:00:00
CUST00003363,Sneha Jain,M,1978-01-02,2023-12-10,False,REGULAR,GEO000023,2025-11-05 09:00:00
CUST00003364,Arjun Malhotra,F,2004-07-29,2019-08-16,False,BUDGET,GEO000038,2025-09-01 09:00:00
CUST00003365,Aarav Mehta,F,1987-10-22,2021-01-06,False,REGULAR,GEO000043,2025-10-20 09:00:00
CUST00003366,Pooja Chatterjee,F,1992-03-02,2022-09-11,True,PREMIUM,GEO000004,2025-10-21 09:00:00
CUST00003367,Diya Iyer,M,1976-02-12,2022-04-09,False,REGULAR,GEO000048,2025-12-09 09:00:00
CUST00003368,Priya Nair,M,1989-07-07,2019-04-25,False,PREMIUM,GEO000029,2025-12-29 09:00:00
CUST00003369,Deepak Joshi,F,1970-06-11,2024-02-24,True,BUDGET,GEO000053,2026-01-11 09:00:00
CUST00003370,Kunal Singh,M,1996-06-14,2018-11-16,False,REGULAR,GEO000037,2025-12-19 09:00:00
CUST00003371,Ankit Bhat,M,1983-08-03,2018-03-02,False,BUDGET,GEO000049,2025-12-12 09:00:00
CUST00003372,Vikram Das,F,1974-01-06,2019-01-23,False,PREMIUM,GEO000052,2025-11-09 09:00:00
CUST00003373,Isha Thakur,F,1971-03-23,2019-12-18,False,REGULAR,GEO000030,2025-12-03 09:00:00
CUST00003374,Anaya Singh,M,1976-10-16,2025-03-22,False,REGULAR,GEO000028,2025-10-22 09:00:00
CUST00003375,Ankit Dutta,F,2001-09-17,2023-10-16,False,BUDGET,GEO000026,2025-12-25 09:00:00
CUST00003376,Suresh Nair,M,1997-11-14,2024-07-17,True,REGULAR,GEO000052,2025-11-12 09:00:00
CUST00003377,Kiran Pandey,M,1998-04-24,2024-07-28,True,REGULAR,GEO000020,2025-09-17 09:00:00
CUST00003378,Neha Iyer,M,1993-08-22,2023-01-16,False,BUSINESS,GEO000043,2025-10-17 09:00:00
CUST00003379,Vikram Goswami,M,1984-04-23,2021-07-11,False,BUDGET,GEO000008,2025-08-13 09:00:00
CUST00003380,Aarav Singh,F,1999-09-09,2019-05-05,True,BUDGET,GEO000006,2025-10-20 09:00:00
CUST00003381,Sneha Malhotra,F,1983-01-24,2024-06-05,False,REGULAR,GEO000022,2025-10-31 09:00:00
CUST00003382,Vivaan Das,F,1989-04-13,2020-12-06,False,PREMIUM,GEO000024,2025-10-11 09:00:00
CUST00003383,Ankit Patel,F,1990-01-09,2023-05-10,False,PREMIUM,GEO000047,2026-01-13 09:00:00
CUST00003384,Varun Verma,M,1978-02-01,2020-12-22,False,BUSINESS,GEO000015,2026-01-29 09:00:00
CUST00003385,Pooja Bhat,M,2005-03-18,2021-11-29,False,REGULAR,GEO000009,2025-08-12 09:00:00
CUST00003386,Diya Khan,F,1971-11-25,2025-11-18,True,BUDGET,GEO000003,2025-10-12 09:00:00
CUST00003387,Aditya Patel,F,1996-06-19,2022-04-28,True,PREMIUM,GEO000043,2026-01-28 09:00:00
CUST00003388,Anaya Thakur,F,1982-08-03,2020-02-25,False,BUSINESS,GEO000019,2025-08-21 09:00:00
CUST00003389,Suresh Reddy,M,1979-06-04,2018-05-19,False,REGULAR,GEO000019,2025-11-28 09:00:00
CUST00003390,Kiran Thakur,M,1981-12-08,2023-03-17,False,REGULAR,GEO000036,2025-10-25 09:00:00
CUST00003391,Rahul Singh,M,1979-02-04,2021-09-07,False,REGULAR,GEO000050,2025-10-07 09:00:00
CUST00003392,Anaya Mehta,M,1993-01-23,2018-08-19,True,BUDGET,GEO000037,2025-12-29 09:00:00
CUST00003393,Kiran Sharma,F,1974-03-12,2019-04-25,False,BUDGET,GEO000035,2025-09-01 09:00:00
CUST00003394,Shreya Malhotra,F,1995-03-18,2018-05-16,False,REGULAR,GEO000016,2026-01-05 09:00:00
CUST00003395,Shreya Joshi,M,1973-06-21,2022-07-12,False,PREMIUM,GEO000001,2025-09-23 09:00:00
CUST00003396,Sai Bhat,M,1994-03-25,2024-07-08,False,REGULAR,GEO000046,2025-12-27 09:00:00
CUST00003397,Pooja Khan,F,1987-01-25,2021-10-15,False,REGULAR,GEO000028,2025-12-26 09:00:00
CUST00003398,Priya Khan,F,1990-12-19,2020-03-27,True,BUDGET,GEO000026,2025-10-15 09:00:00
CUST00003399,Pooja Bhat,M,1994-10-24,2024-09-08,True,REGULAR,GEO000059,2025-09-02 09:00:00
CUST00003400,Riya Patel,M,2004-12-19,2020-10-14,True,REGULAR,GEO000020,2025-10-29 09:00:00
CUST00003401,Kavya Bhat,F,1993-12-27,2023-06-12,False,BUDGET,GEO000037,2025-11-17 09:00:00
CUST00003402,Pooja Das,M,1981-04-13,2020-10-16,True,REGULAR,GEO000058,2025-11-27 09:00:00
CUST00003403,Diya Malhotra,M,1977-02-22,2023-08-03,True,REGULAR,GEO000052,2025-11-05 09:00:00
CUST00003404,Kavya Iyer,M,1989-07-07,2021-10-17,True,PREMIUM,GEO000015,2025-08-28 09:00:00
CUST00003405,Ankit Khan,F,1982-04-10,2022-11-10,False,BUDGET,GEO000023,2025-09-19 09:00:00
CUST00003406,Suresh Sharma,M,2000-04-24,2020-01-16,False,BUSINESS,GEO000022,2025-10-29 09:00:00
CUST00003407,Diya Mehta,M,2006-10-04,2018-10-23,False,REGULAR,GEO000024,2025-12-24 09:00:00
CUST00003408,Vihaan Bose,F,1975-11-02,2019-07-23,True,PREMIUM,GEO000036,2025-10-14 09:00:00
CUST00003409,Arjun Dutta,M,1981-06-01,2020-07-12,True,BUDGET,GEO000024,2026-01-07 09:00:00
CUST00003410,Vikram Das,M,2007-03-16,2024-03-10,True,REGULAR,GEO000007,2025-08-24 09:00:00
CUST00003411,Kunal Bhat,M,1985-12-04,2021-12-24,False,BUDGET,GEO000035,2025-08-31 09:00:00
CUST00003412,Shreya Pandey,M,1986-07-08,2024-12-30,True,BUDGET,GEO000012,2025-08-16 09:00:00
CUST00003413,Vivaan Kapoor,M,1991-01-30,2021-03-18,True,BUDGET,GEO000017,2025-11-03 09:00:00
CUST00003414,Sai Pandey,M,1976-12-29,2020-07-04,True,BUDGET,GEO000029,2025-12-21 09:00:00
CUST00003415,Sneha Pandey,M,1982-01-06,2024-09-14,False,PREMIUM,GEO000025,2025-10-02 09:00:00
CUST00003416,Priya Khan,M,1992-12-23,2020-03-24,False,REGULAR,GEO000019,2025-10-24 09:00:00
CUST00003417,Aditi Patel,F,1980-06-22,2025-03-11,False,REGULAR,GEO000049,2026-01-23 09:00:00
CUST00003418,Pooja Kulkarni,M,2007-04-11,2024-10-05,False,BUDGET,GEO000059,2026-01-11 09:00:00
CUST00003419,Aditi Patel,F,1982-03-18,2020-10-01,False,REGULAR,GEO000017,2025-11-16 09:00:00
CUST00003420,Deepak Das,F,1991-06-10,2022-01-17,False,BUDGET,GEO000010,2025-11-15 09:00:00
CUST00003421,Aarav Goswami,F,1991-12-08,2024-05-25,False,REGULAR,GEO000041,2025-10-17 09:00:00
CUST00003422,Kavya Yadav,F,1984-10-26,2025-01-24,False,REGULAR,GEO000042,2025-11-09 09:00:00
CUST00003423,Deepak Kulkarni,F,1985-10-02,2024-05-11,False,PREMIUM,GEO000038,2026-01-05 09:00:00
CUST00003424,Rohit Iyer,F,2003-04-13,2020-01-08,False,REGULAR,GEO000025,2025-12-23 09:00:00
CUST00003425,Sneha Bhat,M,1975-04-17,2021-01-27,False,BUDGET,GEO000056,2025-11-27 09:00:00
CUST00003426,Aditya Saxena,F,1988-08-02,2021-10-30,False,REGULAR,GEO000026,2025-09-28 09:00:00
CUST00003427,Diya Kapoor,F,1994-08-23,2023-08-28,False,PREMIUM,GEO000033,2025-12-16 09:00:00
CUST00003428,Isha Nair,M,1983-02-07,2020-03-13,False,BUDGET,GEO000054,2025-08-26 09:00:00
CUST00003429,Aarav Nair,F,2007-11-21,2021-01-19,True,REGULAR,GEO000016,2025-08-31 09:00:00
CUST00003430,Suresh Gupta,F,1971-06-23,2024-05-16,True,REGULAR,GEO000040,2025-12-16 09:00:00
CUST00003431,Sai Yadav,F,1987-02-16,2021-05-20,True,REGULAR,GEO000009,2025-11-06 09:00:00
CUST00003432,Meera Iyer,M,2005-04-30,2021-01-08,False,BUDGET,GEO000049,2025-11-12 09:00:00
CUST00003433,Pooja Malhotra,F,1981-06-07,2019-05-31,True,PREMIUM,GEO000026,2026-01-24 09:00:00
CUST00003434,Suresh Bhat,M,1970-02-25,2019-12-04,False,PREMIUM,GEO000011,2025-12-09 09:00:00
CUST00003435,Sneha Bhat,M,2007-03-06,2024-05-01,False,REGULAR,GEO000058,2026-01-07 09:00:00
CUST00003436,Sneha Mishra,M,1992-07-14,2021-01-24,False,BUDGET,GEO000025,2025-08-20 09:00:00
CUST00003437,Rohit Bhat,F,1977-01-22,2018-12-16,False,BUDGET,GEO000054,2026-01-06 09:00:00
CUST00003438,Arjun Das,M,1986-02-08,2025-08-21,True,PREMIUM,GEO000037,2025-12-05 09:00:00
CUST00003439,Kunal Kulkarni,F,1995-04-10,2025-09-07,False,PREMIUM,GEO000010,2026-01-07 09:00:00
CUST00003440,Kunal Saxena,F,2005-09-20,2022-05-29,False,BUDGET,GEO000052,2025-11-02 09:00:00
CUST00003441,Kunal Nair,F,2004-05-19,2018-03-04,False,BUDGET,GEO000023,2025-09-25 09:00:00
CUST00003442,Isha Joshi,M,1986-01-24,2024-09-24,False,BUDGET,GEO000024,2025-10-06 09:00:00
CUST00003443,Vihaan Goswami,F,1992-11-20,2021-10-16,False,PREMIUM,GEO000047,2025-10-09 09:00:00
CUST00003444,Deepak Das,M,1983-02-22,2023-11-24,False,PREMIUM,GEO000016,2025-09-23 09:00:00
CUST00003445,Priya Singh,M,1996-11-06,2019-03-20,False,REGULAR,GEO000010,2025-10-08 09:00:00
CUST00003446,Vikram Thakur,M,1970-12-13,2023-03-10,False,REGULAR,GEO000050,2025-11-11 09:00:00
CUST00003447,Varun Nair,F,1985-02-04,2020-10-12,False,REGULAR,GEO000056,2025-11-05 09:00:00
CUST00003448,Aditi Das,F,2000-01-02,2020-02-19,False,PREMIUM,GEO000051,2025-12-06 09:00:00
CUST00003449,Neha Thakur,M,1994-05-01,2020-11-06,True,BUDGET,GEO000019,2025-08-21 09:00:00
CUST00003450,Sanjana Mishra,M,2005-09-11,2020-02-09,False,PREMIUM,GEO000010,2025-09-26 09:00:00
CUST00003451,Ankit Joshi,F,1988-03-16,2024-03-18,False,BUDGET,GEO000004,2025-10-23 09:00:00
CUST00003452,Vikram Iyer,M,2005-12-22,2023-01-05,False,BUDGET,GEO000045,2025-10-10 09:00:00
CUST00003453,Neha Reddy,F,1978-12-22,2025-08-30,False,REGULAR,GEO000051,2025-10-17 09:00:00
CUST00003454,Kunal Mishra,F,2004-09-16,2018-03-27,False,REGULAR,GEO000049,2025-08-09 09:00:00
CUST00003455,Kunal Chatterjee,F,1981-07-20,2022-05-24,True,BUDGET,GEO000003,2026-01-20 09:00:00
CUST00003456,Priya Iyer,M,1975-07-24,2021-06-12,False,REGULAR,GEO000041,2025-09-19 09:00:00
CUST00003457,Kavya Kulkarni,F,1970-06-21,2022-07-31,False,PREMIUM,GEO000019,2026-01-13 09:00:00
CUST00003458,Aditya Patel,M,1982-02-07,2022-03-01,False,REGULAR,GEO000040,2025-11-15 09:00:00
CUST00003459,Aarav Chatterjee,F,1975-05-13,2019-09-30,True,REGULAR,GEO000046,2026-01-22 09:00:00
CUST00003460,Pooja Thakur,M,1999-12-19,2025-03-21,False,REGULAR,GEO000032,2025-11-01 09:00:00
CUST00003461,Meera Bhat,F,1998-07-15,2025-04-25,False,REGULAR,GEO000026,2025-11-03 09:00:00
CUST00003462,Diya Dutta,M,1980-11-04,2019-04-04,False,REGULAR,GEO000009,2026-01-20 09:00:00
CUST00003463,Varun Bose,M,1989-10-01,2025-10-16,False,REGULAR,GEO000054,2025-09-17 09:00:00
CUST00003464,Ankit Mishra,F,1994-01-17,2022-09-24,False,BUDGET,GEO000015,2025-10-16 09:00:00
CUST00003465,Priya Malhotra,M,1972-09-17,2024-11-19,False,PREMIUM,GEO000020,2025-09-28 09:00:00
CUST00003466,Suresh Pandey,F,1993-10-21,2020-02-22,False,PREMIUM,GEO000038,2026-01-30 09:00:00
CUST00003467,Neha Kapoor,M,1973-04-25,2025-12-11,False,REGULAR,GEO000004,2025-08-18 09:00:00
CUST00003468,Manish Pandey,M,1976-01-15,2023-08-07,False,BUDGET,GEO000014,2026-01-22 09:00:00
CUST00003469,Isha Gupta,M,1972-03-09,2025-10-16,False,BUDGET,GEO000030,2025-08-14 09:00:00
CUST00003470,Manish Kapoor,F,1999-07-23,2018-06-02,True,REGULAR,GEO000043,2025-11-27 09:00:00
CUST00003471,Vikram Saxena,M,1994-02-21,2023-11-26,False,BUDGET,GEO000009,2025-08-13 09:00:00
CUST00003472,Vivaan Bose,F,1994-10-04,2024-08-12,False,BUDGET,GEO000008,2025-08-13 09:00:00
CUST00003473,Rohit Joshi,F,1984-07-08,2024-10-17,True,REGULAR,GEO000023,2026-01-20 09:00:00
CUST00003474,Rohit Joshi,M,1985-04-03,2022-08-30,False,REGULAR,GEO000011,2026-01-15 09:00:00
CUST00003475,Sai Jain,F,1971-09-04,2024-02-14,False,REGULAR,GEO000040,2025-10-02 09:00:00
CUST00003476,Kunal Bhat,F,1991-09-09,2018-03-08,True,REGULAR,GEO000016,2025-08-29 09:00:00
CUST00003477,Neha Das,M,1970-05-23,2021-04-04,False,BUSINESS,GEO000005,2025-10-09 09:00:00
CUST00003478,Sai Sharma,M,1972-11-28,2021-03-17,False,REGULAR,GEO000034,2025-10-11 09:00:00
CUST00003479,Kiran Reddy,M,1998-04-21,2022-08-23,True,REGULAR,GEO000035,2026-01-31 09:00:00
CUST00003480,Sai Dutta,M,1985-08-14,2022-10-01,False,REGULAR,GEO000022,2025-09-24 09:00:00
CUST00003481,Meera Iyer,F,2004-10-02,2019-01-09,True,REGULAR,GEO000044,2025-10-19 09:00:00
CUST00003482,Sai Goswami,F,1977-02-21,2023-11-30,False,PREMIUM,GEO000008,2025-09-04 09:00:00
CUST00003483,Kunal Khan,M,2000-09-06,2022-12-28,False,PREMIUM,GEO000038,2025-08-30 09:00:00
CUST00003484,Aditi Gupta,M,1975-08-11,2022-04-16,False,REGULAR,GEO000027,2025-09-06 09:00:00
CUST00003485,Nikhil Kulkarni,F,1979-10-22,2019-08-07,False,BUDGET,GEO000036,2025-09-11 09:00:00
CUST00003486,Aarav Pandey,M,1987-05-01,2024-08-01,False,REGULAR,GEO000036,2025-09-13 09:00:00
CUST00003487,Anaya Kulkarni,M,1999-02-18,2023-07-14,True,PREMIUM,GEO000014,2025-10-19 09:00:00
CUST00003488,Aditya Malhotra,F,1990-01-24,2018-04-18,False,REGULAR,GEO000039,2025-11-25 09:00:00
CUST00003489,Sneha Kulkarni,M,2003-01-01,2019-11-22,True,REGULAR,GEO000027,2025-09-29 09:00:00
CUST00003490,Sai Mehta,M,2006-11-28,2022-03-24,False,BUDGET,GEO000039,2025-10-03 09:00:00
CUST00003491,Neha Kulkarni,F,1988-12-06,2024-09-03,False,REGULAR,GEO000002,2025-08-12 09:00:00
CUST00003492,Aditi Dutta,F,1980-10-21,2025-10-17,False,REGULAR,GEO000007,2025-09-02 09:00:00
CUST00003493,Vihaan Bhat,F,1999-01-09,2022-12-01,True,REGULAR,GEO000050,2025-10-08 09:00:00
CUST00003494,Vikram Mishra,F,2003-01-21,2024-08-05,False,REGULAR,GEO000040,2025-11-30 09:00:00
CUST00003495,Shreya Pandey,M,1977-07-13,2021-09-03,False,REGULAR,GEO000058,2025-11-20 09:00:00
CUST00003496,Aarav Dutta,F,1972-08-25,2021-04-11,True,PREMIUM,GEO000011,2025-12-28 09:00:00
CUST00003497,Pooja Bhat,M,1983-10-23,2020-10-17,True,REGULAR,GEO000020,2025-11-05 09:00:00
CUST00003498,Sanjana Chatterjee,M,1995-06-19,2020-01-28,False,REGULAR,GEO000024,2025-08-18 09:00:00
CUST00003499,Anaya Bhat,F,1993-06-21,2022-07-11,False,PREMIUM,GEO000013,2026-01-26 09:00:00
CUST00003500,Suresh Singh,F,1996-06-30,2018-07-06,True,REGULAR,GEO000035,2025-08-13 09:00:00
CUST00003501,Riya Pandey,F,1994-12-28,2023-07-10,False,REGULAR,GEO000013,2025-12-19 09:00:00
CUST00003502,Kunal Goswami,M,1990-02-20,2023-05-22,True,REGULAR,GEO000019,2025-09-06 09:00:00
CUST00003503,Vivaan Malhotra,M,1996-12-23,2021-03-05,False,REGULAR,GEO000026,2025-08-09 09:00:00
CUST00003504,Diya Mishra,M,1986-12-29,2019-04-12,False,BUSINESS,GEO000004,2026-01-14 09:00:00
CUST00003505,Neha Das,F,1981-09-28,2023-05-30,True,BUDGET,GEO000052,2025-10-01 09:00:00
CUST00003506,Rohit Iyer,F,1980-08-26,2019-09-09,False,REGULAR,GEO000019,2025-11-10 09:00:00
CUST00003507,Rahul Khan,M,1976-03-18,2019-02-18,False,REGULAR,GEO000022,2025-10-22 09:00:00
CUST00003508,Anaya Kulkarni,M,1981-06-28,2019-07-01,False,REGULAR,GEO000037,2025-08-09 09:00:00
CUST00003509,Diya Bose,F,1994-11-01,2019-12-11,False,BUDGET,GEO000015,2025-11-15 09:00:00
CUST00003510,Neha Bhat,F,1984-04-26,2024-09-15,False,REGULAR,GEO000052,2025-09-14 09:00:00
CUST00003511,Kiran Singh,M,1977-05-29,2019-07-28,False,PREMIUM,GEO000047,2026-01-10 09:00:00
CUST00003512,Rahul Bhat,F,1975-09-12,2020-12-12,True,REGULAR,GEO000037,2025-12-03 09:00:00
CUST00003513,Nikhil Mishra,M,1985-09-25,2024-04-21,False,REGULAR,GEO000006,2025-12-08 09:00:00
CUST00003514,Nikhil Dutta,M,1987-03-12,2024-07-11,False,REGULAR,GEO000043,2025-11-12 09:00:00
CUST00003515,Deepak Dutta,F,1973-07-25,2021-03-15,False,BUDGET,GEO000033,2026-02-04 09:00:00
CUST00003516,Sai Khan,F,1978-03-12,2019-06-24,False,BUDGET,GEO000024,2025-12-07 09:00:00
CUST00003517,Priya Kapoor,M,1998-02-27,2022-07-08,False,BUDGET,GEO000030,2026-01-06 09:00:00
CUST00003518,Vikram Saxena,M,1979-03-10,2024-11-18,True,REGULAR,GEO000022,2025-10-28 09:00:00
CUST00003519,Riya Mehta,F,1998-12-14,2022-05-03,False,BUDGET,GEO000059,2025-12-20 09:00:00
CUST00003520,Isha Bose,M,2000-01-14,2024-07-22,True,BUDGET,GEO000049,2026-01-23 09:00:00
CUST00003521,Meera Bose,F,1989-12-20,2018-01-05,False,PREMIUM,GEO000049,2025-12-06 09:00:00
CUST00003522,Rohit Kapoor,M,1992-08-06,2022-11-23,True,BUDGET,GEO000039,2025-12-29 09:00:00
CUST00003523,Isha Bhat,M,2003-01-27,2024-06-17,False,REGULAR,GEO000038,2025-10-31 09:00:00
CUST00003524,Manish Bhat,M,2007-12-27,2023-04-08,True,BUDGET,GEO000057,2026-01-17 09:00:00
CUST00003525,Isha Jain,F,1984-09-09,2021-02-02,False,PREMIUM,GEO000024,2025-09-01 09:00:00
CUST00003526,Manish Kulkarni,F,2004-10-01,2020-02-27,False,REGULAR,GEO000050,2025-10-11 09:00:00
CUST00003527,Kavya Jain,M,2004-01-06,2021-05-04,False,BUDGET,GEO000057,2025-11-19 09:00:00
CUST00003528,Sanjana Goswami,F,2005-09-23,2023-10-20,True,PREMIUM,GEO000048,2025-09-27 09:00:00
CUST00003529,Arjun Yadav,M,1988-08-05,2021-08-10,False,BUSINESS,GEO000045,2025-11-18 09:00:00
CUST00003530,Deepak Pandey,F,1986-05-22,2018-08-23,False,REGULAR,GEO000040,2025-11-02 09:00:00
CUST00003531,Sanjana Pandey,F,1979-08-31,2021-11-12,False,REGULAR,GEO000045,2025-12-15 09:00:00
CUST00003532,Diya Reddy,M,1978-09-12,2022-10-05,False,REGULAR,GEO000056,2026-01-04 09:00:00
CUST00003533,Ankit Nair,M,2003-09-16,2022-08-24,False,BUDGET,GEO000027,2025-11-24 09:00:00
CUST00003534,Aditya Mehta,F,1986-09-01,2018-01-19,False,PREMIUM,GEO000039,2026-01-01 09:00:00
CUST00003535,Vihaan Sharma,M,2004-03-03,2018-05-04,False,REGULAR,GEO000025,2025-09-25 09:00:00
CUST00003536,Kunal Verma,F,1991-04-09,2020-07-27,False,REGULAR,GEO000003,2025-08-28 09:00:00
CUST00003537,Manish Singh,F,1998-09-20,2019-05-10,False,BUDGET,GEO000045,2026-01-20 09:00:00
CUST00003538,Aarav Dutta,F,1991-02-05,2018-03-18,True,BUDGET,GEO000051,2025-10-16 09:00:00
CUST00003539,Sai Mishra,F,1982-12-27,2022-10-04,False,REGULAR,GEO000056,2025-11-25 09:00:00
CUST00003540,Vihaan Kulkarni,M,1996-07-13,2018-02-16,False,REGULAR,GEO000005,2025-09-11 09:00:00
CUST00003541,Aarav Iyer,F,1971-08-06,2018-11-25,False,PREMIUM,GEO000025,2025-12-09 09:00:00
CUST00003542,Riya Sharma,F,2000-12-26,2024-06-20,True,REGULAR,GEO000007,2025-10-15 09:00:00
CUST00003543,Suresh Verma,F,1976-09-12,2024-07-08,False,REGULAR,GEO000028,2025-09-08 09:00:00
CUST00003544,Kavya Chatterjee,M,1981-12-08,2018-07-30,False,PREMIUM,GEO000010,2025-12-14 09:00:00
CUST00003545,Rohit Mishra,M,1999-02-17,2025-05-31,True,REGULAR,GEO000017,2025-09-12 09:00:00
CUST00003546,Shreya Bhat,M,2006-12-08,2023-09-21,False,REGULAR,GEO000017,2025-09-27 09:00:00
CUST00003547,Nikhil Joshi,F,1990-02-25,2020-12-29,False,BUSINESS,GEO000014,2025-11-20 09:00:00
CUST00003548,Manish Khan,M,1988-06-08,2021-12-15,True,REGULAR,GEO000034,2025-12-24 09:00:00
CUST00003549,Pooja Patel,F,1989-05-18,2021-12-16,True,REGULAR,GEO000043,2025-10-08 09:00:00
CUST00003550,Deepak Verma,F,1982-02-02,2023-11-19,False,REGULAR,GEO000007,2025-10-26 09:00:00
CUST00003551,Suresh Bhat,F,1973-01-22,2018-12-21,False,REGULAR,GEO000036,2025-11-17 09:00:00
CUST00003552,Diya Mishra,F,1981-04-28,2024-07-16,True,REGULAR,GEO000045,2025-09-04 09:00:00
CUST00003553,Neha Mehta,M,1977-01-25,2021-11-02,False,REGULAR,GEO000049,2025-10-26 09:00:00
CUST00003554,Rohit Joshi,F,1997-04-01,2018-01-29,False,BUDGET,GEO000045,2025-11-25 09:00:00
CUST00003555,Vihaan Bose,M,2003-04-12,2023-06-08,False,REGULAR,GEO000056,2025-11-26 09:00:00
CUST00003556,Deepak Bose,F,1975-05-28,2022-02-12,False,BUDGET,GEO000045,2025-11-27 09:00:00
CUST00003557,Rohit Khan,M,1979-06-24,2024-06-17,False,REGULAR,GEO000030,2026-01-21 09:00:00
CUST00003558,Anaya Iyer,M,1998-07-21,2021-11-13,True,REGULAR,GEO000023,2026-01-07 09:00:00
CUST00003559,Rohit Thakur,M,1983-07-06,2018-06-19,False,REGULAR,GEO000037,2025-08-15 09:00:00
CUST00003560,Sneha Mishra,F,1985-01-20,2020-06-20,False,REGULAR,GEO000009,2025-11-13 09:00:00
CUST00003561,Isha Khan,F,2000-11-22,2025-02-20,False,BUDGET,GEO000026,2025-08-10 09:00:00
CUST00003562,Pooja Verma,M,1983-07-31,2019-08-14,False,REGULAR,GEO000040,2025-09-07 09:00:00
CUST00003563,Aditya Bhat,M,2003-04-22,2021-01-23,False,REGULAR,GEO000018,2025-11-08 09:00:00
CUST00003564,Diya Verma,F,1986-06-05,2019-04-01,False,REGULAR,GEO000021,2025-08-25 09:00:00
CUST00003565,Sai Chatterjee,F,1994-05-22,2019-01-03,False,REGULAR,GEO000024,2026-01-22 09:00:00
CUST00003566,Kunal Jain,M,2004-09-04,2019-08-17,False,REGULAR,GEO000029,2025-12-15 09:00:00
CUST00003567,Meera Patel,M,1976-08-26,2020-09-04,False,BUDGET,GEO000032,2025-08-29 09:00:00
CUST00003568,Diya Sharma,F,2007-09-21,2021-01-03,False,BUDGET,GEO000036,2025-12-24 09:00:00
CUST00003569,Meera Goswami,M,1985-11-13,2025-12-21,False,REGULAR,GEO000022,2025-10-25 09:00:00
CUST00003570,Isha Thakur,M,1975-11-12,2018-08-16,False,PREMIUM,GEO000016,2025-12-10 09:00:00
CUST00003571,Kiran Verma,M,1972-09-17,2023-07-19,False,REGULAR,GEO000030,2025-11-04 09:00:00
CUST00003572,Riya Khan,M,1992-06-24,2025-03-22,False,REGULAR,GEO000014,2025-12-17 09:00:00
CUST00003573,Rohit Kulkarni,M,2004-08-23,2021-11-04,False,BUDGET,GEO000054,2026-01-06 09:00:00
CUST00003574,Anaya Yadav,M,1990-08-30,2022-02-06,False,BUDGET,GEO000030,2025-12-23 09:00:00
CUST00003575,Nikhil Iyer,F,1980-11-17,2023-11-17,False,REGULAR,GEO000051,2025-08-19 09:00:00
CUST00003576,Isha Gupta,F,2007-08-04,2022-05-30,False,BUDGET,GEO000019,2025-10-24 09:00:00
CUST00003577,Ankit Malhotra,M,1995-10-20,2018-09-13,False,REGULAR,GEO000038,2025-12-13 09:00:00
CUST00003578,Vihaan Verma,F,1981-01-15,2024-12-22,False,PREMIUM,GEO000013,2025-10-20 09:00:00
CUST00003579,Vihaan Gupta,M,1970-02-18,2025-03-21,False,REGULAR,GEO000024,2025-11-18 09:00:00
CUST00003580,Vivaan Pandey,M,1982-05-19,2024-06-04,False,BUDGET,GEO000047,2026-01-08 09:00:00
CUST00003581,Aarav Nair,M,1972-09-08,2021-08-27,False,BUDGET,GEO000024,2025-08-29 09:00:00
CUST00003582,Kiran Singh,M,1976-06-09,2019-12-15,False,REGULAR,GEO000011,2025-09-28 09:00:00
CUST00003583,Sneha Thakur,M,1987-05-26,2024-06-05,False,BUDGET,GEO000021,2025-09-07 09:00:00
CUST00003584,Pooja Kulkarni,M,2006-12-30,2022-10-22,False,BUDGET,GEO000051,2025-11-03 09:00:00
CUST00003585,Riya Reddy,F,2000-10-03,2024-04-27,False,REGULAR,GEO000045,2025-10-27 09:00:00
CUST00003586,Rahul Kapoor,M,1970-09-28,2019-04-03,False,REGULAR,GEO000036,2025-08-17 09:00:00
CUST00003587,Manish Pandey,M,1994-09-30,2023-06-23,False,REGULAR,GEO000017,2025-12-30 09:00:00
CUST00003588,Priya Khan,F,1988-10-31,2020-05-04,False,REGULAR,GEO000025,2025-09-12 09:00:00
CUST00003589,Rahul Saxena,M,1984-06-28,2023-10-13,True,REGULAR,GEO000025,2026-01-02 09:00:00
CUST00003590,Vikram Nair,F,1975-10-06,2020-08-09,True,REGULAR,GEO000029,2026-01-19 09:00:00
CUST00003591,Meera Thakur,M,1985-03-22,2023-06-10,False,REGULAR,GEO000010,2025-11-16 09:00:00
CUST00003592,Shreya Bose,F,1982-03-21,2022-03-21,False,BUDGET,GEO000009,2025-12-15 09:00:00
CUST00003593,Sneha Yadav,F,2007-08-31,2019-01-02,False,BUDGET,GEO000002,2025-12-26 09:00:00
CUST00003594,Diya Sharma,F,2004-07-08,2022-10-27,False,REGULAR,GEO000031,2025-08-09 09:00:00
CUST00003595,Varun Patel,F,1977-12-05,2021-07-20,False,PREMIUM,GEO000048,2025-09-26 09:00:00
CUST00003596,Manish Reddy,F,2004-08-25,2019-09-16,True,REGULAR,GEO000056,2025-08-17 09:00:00
CUST00003597,Aditya Yadav,F,1994-04-02,2025-06-09,False,REGULAR,GEO000026,2026-01-28 09:00:00
CUST00003598,Diya Iyer,F,2007-07-29,2022-05-28,False,BUDGET,GEO000006,2025-11-13 09:00:00
CUST00003599,Priya Pandey,F,1978-12-29,2018-12-11,False,REGULAR,GEO000029,2025-12-10 09:00:00
CUST00003600,Isha Das,M,1977-08-02,2025-03-04,False,BUDGET,GEO000016,2025-09-13 09:00:00
CUST00003601,Aarav Mehta,F,1970-02-15,2021-06-12,False,REGULAR,GEO000053,2025-09-23 09:00:00
CUST00003602,Sanjana Joshi,M,2007-09-25,2019-08-10,False,REGULAR,GEO000042,2025-12-23 09:00:00
CUST00003603,Suresh Kulkarni,F,2006-12-25,2020-11-21,True,BUDGET,GEO000024,2025-12-23 09:00:00
CUST00003604,Isha Thakur,M,1976-06-12,2019-08-04,False,BUDGET,GEO000014,2025-09-19 09:00:00
CUST00003605,Aarav Mishra,M,1971-12-06,2023-03-02,False,REGULAR,GEO000036,2025-11-17 09:00:00
CUST00003606,Kavya Singh,M,2003-12-10,2022-01-23,False,REGULAR,GEO000030,2026-01-19 09:00:00
CUST00003607,Vihaan Jain,M,2000-01-12,2024-11-06,True,BUSINESS,GEO000005,2025-10-23 09:00:00
CUST00003608,Suresh Thakur,M,1974-01-02,2018-03-31,False,PREMIUM,GEO000039,2025-08-09 09:00:00
CUST00003609,Deepak Chatterjee,F,1992-07-19,2025-07-04,False,BUDGET,GEO000021,2025-08-25 09:00:00
CUST00003610,Meera Bose,M,1976-12-23,2021-07-26,False,REGULAR,GEO000009,2025-09-22 09:00:00
CUST00003611,Riya Gupta,M,1988-06-29,2021-02-03,False,BUDGET,GEO000049,2026-01-10 09:00:00
CUST00003612,Kunal Mehta,F,1996-02-05,2019-01-30,True,PREMIUM,GEO000049,2026-01-26 09:00:00
CUST00003613,Manish Jain,F,1970-10-13,2024-12-08,True,BUDGET,GEO000014,2026-01-30 09:00:00
CUST00003614,Diya Thakur,M,1972-09-01,2024-07-02,False,BUDGET,GEO000023,2025-08-22 09:00:00
CUST00003615,Neha Sharma,M,2003-08-26,2022-06-07,False,REGULAR,GEO000003,2025-08-16 09:00:00
CUST00003616,Sneha Mishra,M,1983-01-27,2021-11-23,False,REGULAR,GEO000004,2025-12-01 09:00:00
CUST00003617,Aditi Yadav,M,2007-09-20,2019-10-01,False,REGULAR,GEO000051,2025-11-08 09:00:00
CUST00003618,Shreya Reddy,M,1978-06-09,2019-11-11,True,REGULAR,GEO000029,2025-10-04 09:00:00
CUST00003619,Rahul Joshi,M,1971-09-09,2024-02-06,False,REGULAR,GEO000025,2025-08-12 09:00:00
CUST00003620,Pooja Singh,F,2005-12-07,2018-04-19,True,REGULAR,GEO000002,2025-08-16 09:00:00
CUST00003621,Kiran Jain,M,1982-08-23,2023-10-08,False,REGULAR,GEO000058,2025-12-30 09:00:00
CUST00003622,Aarav Khan,F,2007-09-04,2023-07-26,False,PREMIUM,GEO000007,2025-09-04 09:00:00
CUST00003623,Riya Bhat,F,1996-03-18,2023-01-19,False,BUDGET,GEO000001,2025-08-21 09:00:00
CUST00003624,Kunal Bose,F,1978-10-26,2024-02-08,False,BUDGET,GEO000017,2025-10-22 09:00:00
CUST00003625,Meera Kapoor,F,1985-04-14,2021-12-07,True,PREMIUM,GEO000020,2025-12-22 09:00:00
CUST00003626,Vikram Bose,M,1976-06-27,2024-09-06,False,REGULAR,GEO000056,2025-09-23 09:00:00
CUST00003627,Kunal Dutta,F,1970-10-07,2022-05-26,True,PREMIUM,GEO000049,2025-12-11 09:00:00
CUST00003628,Neha Pandey,M,2006-02-04,2021-04-15,False,REGULAR,GEO000004,2026-01-21 09:00:00
CUST00003629,Meera Patel,M,1975-11-21,2021-04-26,False,REGULAR,GEO000038,2026-01-28 09:00:00
CUST00003630,Rohit Mishra,F,2001-04-16,2021-11-09,True,REGULAR,GEO000008,2025-12-20 09:00:00
CUST00003631,Priya Singh,M,1979-09-03,2021-11-03,False,REGULAR,GEO000034,2025-10-07 09:00:00
CUST00003632,Varun Das,F,1978-09-12,2020-01-10,False,BUDGET,GEO000050,2025-12-31 09:00:00
CUST00003633,Sanjana Bhat,M,1975-12-14,2021-12-18,False,BUDGET,GEO000002,2025-12-08 09:00:00
CUST00003634,Rohit Gupta,M,1975-12-10,2021-07-16,False,REGULAR,GEO000030,2025-09-26 09:00:00
CUST00003635,Ankit Mehta,F,1970-06-19,2025-01-15,True,BUDGET,GEO000049,2025-11-10 09:00:00
CUST00003636,Arjun Goswami,F,1975-04-23,2018-10-04,False,PREMIUM,GEO000022,2025-11-14 09:00:00
CUST00003637,Nikhil Patel,M,2005-11-20,2021-04-10,False,PREMIUM,GEO000015,2026-01-04 09:00:00
CUST00003638,Kavya Khan,F,1984-09-23,2025-10-24,False,REGULAR,GEO000022,2025-09-01 09:00:00
CUST00003639,Manish Reddy,F,1992-07-15,2025-01-24,False,REGULAR,GEO000014,2025-09-21 09:00:00
CUST00003640,Ankit Sharma,M,2002-06-06,2018-03-22,False,BUDGET,GEO000050,2025-08-14 09:00:00
CUST00003641,Arjun Pandey,M,2003-11-22,2022-03-21,True,PREMIUM,GEO000059,2026-01-20 09:00:00
CUST00003642,Aditi Mehta,F,1983-09-11,2020-03-31,False,REGULAR,GEO000023,2026-02-02 09:00:00
CUST00003643,Ankit Sharma,M,1978-02-10,2024-10-14,False,REGULAR,GEO000049,2025-09-13 09:00:00
CUST00003644,Varun Joshi,F,1987-10-18,2018-04-09,True,BUDGET,GEO000011,2025-08-10 09:00:00
CUST00003645,Rohit Kapoor,M,1978-06-09,2019-02-27,True,BUDGET,GEO000035,2025-08-24 09:00:00
CUST00003646,Sai Verma,M,1994-08-13,2020-01-17,False,BUDGET,GEO000032,2025-08-09 09:00:00
CUST00003647,Vikram Thakur,F,1996-08-27,2022-08-27,False,REGULAR,GEO000034,2025-11-24 09:00:00
CUST00003648,Rahul Gupta,M,1977-01-29,2023-10-29,False,BUDGET,GEO000046,2025-10-19 09:00:00
CUST00003649,Rahul Khan,F,2003-09-28,2020-09-20,False,REGULAR,GEO000030,2025-10-19 09:00:00
CUST00003650,Aarav Thakur,F,1972-08-03,2020-08-25,False,PREMIUM,GEO000058,2025-08-27 09:00:00
CUST00003651,Kunal Thakur,M,1977-01-03,2025-02-07,False,REGULAR,GEO000007,2026-01-06 09:00:00
CUST00003652,Sneha Khan,M,1978-07-27,2019-04-22,False,BUDGET,GEO000058,2026-01-17 09:00:00
CUST00003653,Rahul Yadav,F,1981-12-03,2024-02-02,False,REGULAR,GEO000022,2025-08-10 09:00:00
CUST00003654,Aarav Dutta,F,1983-06-13,2025-07-24,False,REGULAR,GEO000004,2025-09-01 09:00:00
CUST00003655,Pooja Bhat,F,1975-12-07,2023-06-01,False,REGULAR,GEO000004,2025-12-15 09:00:00
CUST00003656,Sai Yadav,F,1971-09-06,2019-08-01,False,REGULAR,GEO000031,2026-01-10 09:00:00
CUST00003657,Kunal Iyer,F,1985-12-06,2019-11-22,False,REGULAR,GEO000023,2025-08-28 09:00:00
CUST00003658,Diya Gupta,F,1998-08-18,2019-05-30,False,BUSINESS,GEO000058,2025-08-18 09:00:00
CUST00003659,Varun Nair,F,1985-10-29,2018-09-03,False,PREMIUM,GEO000045,2025-08-10 09:00:00
CUST00003660,Aditi Yadav,M,1991-03-08,2018-05-14,False,REGULAR,GEO000015,2025-09-15 09:00:00
CUST00003661,Sneha Bhat,F,1989-06-16,2025-12-23,False,REGULAR,GEO000031,2025-11-28 09:00:00
CUST00003662,Rohit Kulkarni,F,1994-11-03,2023-10-18,False,PREMIUM,GEO000010,2025-11-13 09:00:00
CUST00003663,Sanjana Malhotra,F,2007-02-02,2024-11-25,False,BUDGET,GEO000056,2025-12-29 09:00:00
CUST00003664,Nikhil Goswami,F,2007-06-06,2021-01-07,False,PREMIUM,GEO000032,2025-12-24 09:00:00
CUST00003665,Pooja Malhotra,F,1989-03-30,2018-02-04,False,BUDGET,GEO000005,2025-09-05 09:00:00
CUST00003666,Rohit Bose,M,1988-06-01,2025-07-19,False,REGULAR,GEO000006,2025-09-06 09:00:00
CUST00003667,Rahul Pandey,M,1973-11-21,2019-01-08,False,BUDGET,GEO000030,2025-10-10 09:00:00
CUST00003668,Neha Nair,F,2004-03-16,2018-01-15,False,REGULAR,GEO000010,2025-12-17 09:00:00
CUST00003669,Aditya Thakur,M,1993-07-14,2021-12-23,False,REGULAR,GEO000032,2025-09-01 09:00:00
CUST00003670,Kiran Saxena,M,1982-06-07,2024-03-10,False,REGULAR,GEO000032,2026-01-26 09:00:00
CUST00003671,Kiran Pandey,M,1998-01-02,2022-11-03,False,BUDGET,GEO000007,2025-08-22 09:00:00
CUST00003672,Kunal Khan,M,1995-12-11,2024-11-10,True,REGULAR,GEO000005,2025-09-19 09:00:00
CUST00003673,Pooja Patel,M,1996-08-14,2025-12-24,False,REGULAR,GEO000032,2025-12-23 09:00:00
CUST00003674,Aditya Kapoor,F,1983-08-24,2022-06-21,True,BUDGET,GEO000058,2025-09-12 09:00:00
CUST00003675,Aditi Khan,F,2007-11-16,2018-12-18,False,BUDGET,GEO000031,2026-01-18 09:00:00
CUST00003676,Nikhil Bhat,M,1992-06-17,2025-12-09,False,BUDGET,GEO000029,2025-10-11 09:00:00
CUST00003677,Arjun Pandey,M,2003-10-08,2022-07-18,False,BUDGET,GEO000024,2025-08-28 09:00:00
CUST00003678,Sanjana Bhat,M,2000-02-07,2025-08-06,True,REGULAR,GEO000051,2025-08-09 09:00:00
CUST00003679,Neha Bose,M,1989-11-06,2024-10-03,True,REGULAR,GEO000029,2025-10-19 09:00:00
CUST00003680,Kiran Khan,F,1974-04-15,2018-04-15,True,PREMIUM,GEO000014,2025-11-26 09:00:00
CUST00003681,Sai Das,F,2003-01-17,2022-09-20,False,REGULAR,GEO000039,2025-10-21 09:00:00
CUST00003682,Kiran Saxena,M,1987-09-24,2021-06-05,False,REGULAR,GEO000026,2025-08-11 09:00:00
CUST00003683,Aarav Reddy,M,1981-03-29,2020-07-02,False,BUDGET,GEO000014,2025-11-15 09:00:00
CUST00003684,Riya Kulkarni,M,1999-06-12,2019-12-13,False,BUSINESS,GEO000057,2025-10-05 09:00:00
CUST00003685,Riya Yadav,F,2001-09-24,2023-09-17,True,REGULAR,GEO000012,2025-12-19 09:00:00
CUST00003686,Rahul Gupta,F,1979-03-13,2021-12-22,False,BUSINESS,GEO000038,2025-10-11 09:00:00
CUST00003687,Sanjana Goswami,M,1978-09-11,2025-03-11,True,PREMIUM,GEO000018,2025-09-24 09:00:00
CUST00003688,Nikhil Thakur,F,1987-10-19,2018-12-03,False,PREMIUM,GEO000032,2026-01-25 09:00:00
CUST00003689,Aarav Thakur,M,1995-10-13,2022-05-05,False,BUSINESS,GEO000030,2025-11-06 09:00:00
CUST00003690,Vikram Dutta,F,1995-06-11,2021-03-12,False,BUSINESS,GEO000045,2025-09-23 09:00:00
CUST00003691,Kiran Joshi,F,1995-06-20,2025-02-21,False,REGULAR,GEO000029,2026-01-30 09:00:00
CUST00003692,Pooja Bose,M,2004-12-02,2018-11-02,True,REGULAR,GEO000005,2026-01-16 09:00:00
CUST00003693,Rahul Kapoor,F,1978-06-16,2020-08-06,False,REGULAR,GEO000056,2025-08-09 09:00:00
CUST00003694,Rahul Yadav,F,1984-01-09,2019-05-19,False,PREMIUM,GEO000037,2025-09-14 09:00:00
CUST00003695,Nikhil Das,F,1981-09-29,2023-01-17,False,REGULAR,GEO000053,2026-01-08 09:00:00
CUST00003696,Riya Nair,F,2001-06-26,2018-08-06,False,REGULAR,GEO000018,2025-09-05 09:00:00
CUST00003697,Shreya Singh,M,2007-10-12,2019-08-11,False,REGULAR,GEO000040,2025-10-24 09:00:00
CUST00003698,Sanjana Khan,M,2002-11-15,2019-12-17,True,REGULAR,GEO000027,2026-01-27 09:00:00
CUST00003699,Vikram Dutta,F,1984-07-11,2021-09-30,False,BUDGET,GEO000002,2025-12-23 09:00:00
CUST00003700,Kunal Bose,M,2004-10-17,2022-06-10,True,REGULAR,GEO000031,2026-01-16 09:00:00
CUST00003701,Neha Singh,F,1977-03-08,2022-09-19,False,REGULAR,GEO000043,2026-01-25 09:00:00
CUST00003702,Aarav Dutta,M,1984-04-06,2022-12-01,False,BUDGET,GEO000030,2025-09-09 09:00:00
CUST00003703,Isha Malhotra,F,1979-06-03,2023-06-30,False,REGULAR,GEO000014,2025-10-12 09:00:00
CUST00003704,Rohit Pandey,M,1985-03-20,2021-11-17,False,REGULAR,GEO000030,2025-08-28 09:00:00
CUST00003705,Sneha Reddy,M,1994-08-07,2021-03-20,False,BUDGET,GEO000036,2025-12-02 09:00:00
CUST00003706,Aditya Gupta,M,1996-02-29,2018-06-28,False,PREMIUM,GEO000045,2026-01-03 09:00:00
CUST00003707,Sneha Kapoor,M,1979-07-19,2022-05-18,False,REGULAR,GEO000041,2025-10-06 09:00:00
CUST00003708,Isha Dutta,F,1990-01-20,2020-12-10,False,BUDGET,GEO000007,2025-11-01 09:00:00
CUST00003709,Aarav Malhotra,M,1991-03-15,2024-02-09,False,REGULAR,GEO000047,2025-11-17 09:00:00
CUST00003710,Kiran Reddy,F,1997-08-13,2019-02-15,False,BUSINESS,GEO000021,2025-09-07 09:00:00
CUST00003711,Aditya Das,F,1995-05-29,2025-11-11,False,REGULAR,GEO000057,2025-11-18 09:00:00
CUST00003712,Neha Malhotra,M,1986-03-25,2018-01-10,False,REGULAR,GEO000015,2025-12-03 09:00:00
CUST00003713,Suresh Yadav,M,2004-01-08,2024-09-30,True,REGULAR,GEO000033,2025-11-01 09:00:00
CUST00003714,Shreya Bhat,M,1985-07-21,2022-08-12,False,BUSINESS,GEO000006,2025-11-26 09:00:00
CUST00003715,Shreya Iyer,F,1976-06-03,2023-10-17,False,REGULAR,GEO000039,2025-09-01 09:00:00
CUST00003716,Kiran Yadav,M,1987-11-27,2020-04-21,False,REGULAR,GEO000009,2025-09-17 09:00:00
CUST00003717,Kiran Patel,M,1979-07-10,2020-09-05,True,BUDGET,GEO000014,2025-11-26 09:00:00
CUST00003718,Varun Jain,M,2007-07-25,2018-01-27,False,REGULAR,GEO000057,2025-11-05 09:00:00
CUST00003719,Diya Mishra,F,1975-08-30,2020-05-07,False,PREMIUM,GEO000045,2025-11-06 09:00:00
CUST00003720,Riya Joshi,M,1979-02-08,2021-05-01,True,REGULAR,GEO000010,2025-11-29 09:00:00
CUST00003721,Aditi Kapoor,F,1993-04-02,2023-02-01,False,REGULAR,GEO000037,2025-10-09 09:00:00
CUST00003722,Suresh Reddy,F,1984-01-11,2025-11-23,False,REGULAR,GEO000021,2025-09-18 09:00:00
CUST00003723,Rahul Singh,F,1979-04-02,2021-07-06,True,REGULAR,GEO000039,2025-09-11 09:00:00
CUST00003724,Varun Verma,F,1980-11-06,2023-08-13,False,PREMIUM,GEO000046,2025-09-09 09:00:00
CUST00003725,Pooja Bhat,F,2006-12-23,2024-10-11,True,REGULAR,GEO000009,2026-02-02 09:00:00
CUST00003726,Pooja Kapoor,M,1979-03-30,2018-05-05,False,PREMIUM,GEO000022,2025-10-04 09:00:00
CUST00003727,Meera Goswami,F,1990-01-28,2023-10-25,True,PREMIUM,GEO000052,2025-10-22 09:00:00
CUST00003728,Sanjana Mishra,M,1978-08-08,2023-06-05,True,REGULAR,GEO000039,2025-09-24 09:00:00
CUST00003729,Deepak Jain,M,2004-06-08,2019-02-14,True,REGULAR,GEO000043,2025-11-19 09:00:00
CUST00003730,Ankit Gupta,F,1993-01-22,2021-02-23,False,REGULAR,GEO000041,2026-01-19 09:00:00
CUST00003731,Pooja Goswami,F,1982-09-10,2018-04-20,False,REGULAR,GEO000004,2025-10-21 09:00:00
CUST00003732,Manish Iyer,M,1995-12-10,2018-03-12,False,BUDGET,GEO000007,2025-09-09 09:00:00
CUST00003733,Kunal Das,F,1973-07-31,2020-05-25,False,BUDGET,GEO000047,2025-12-15 09:00:00
CUST00003734,Ankit Pandey,M,2002-04-03,2023-08-25,False,REGULAR,GEO000009,2025-12-20 09:00:00
CUST00003735,Aditya Bhat,M,1980-05-16,2019-02-25,True,REGULAR,GEO000008,2025-12-14 09:00:00
CUST00003736,Manish Mehta,M,2001-08-15,2019-05-17,False,REGULAR,GEO000006,2025-11-24 09:00:00
CUST00003737,Suresh Mishra,M,1972-01-27,2019-09-19,True,BUDGET,GEO000010,2026-01-25 09:00:00
CUST00003738,Vivaan Chatterjee,F,1985-09-02,2022-03-11,False,REGULAR,GEO000021,2025-11-26 09:00:00
CUST00003739,Rahul Khan,M,1983-09-24,2020-11-02,True,BUDGET,GEO000021,2025-10-20 09:00:00
CUST00003740,Anaya Thakur,F,2004-04-07,2019-05-06,False,REGULAR,GEO000023,2025-12-15 09:00:00
CUST00003741,Kunal Malhotra,F,1976-12-19,2020-09-14,True,PREMIUM,GEO000030,2025-10-08 09:00:00
CUST00003742,Arjun Bhat,M,1985-02-09,2019-03-07,False,BUDGET,GEO000058,2026-01-19 09:00:00
CUST00003743,Vikram Singh,M,1983-08-09,2022-06-01,False,BUDGET,GEO000052,2026-01-01 09:00:00
CUST00003744,Isha Goswami,M,1977-01-14,2024-07-10,False,REGULAR,GEO000041,2025-08-25 09:00:00
CUST00003745,Rohit Khan,M,1992-03-08,2020-02-24,False,BUDGET,GEO000036,2025-10-27 09:00:00
CUST00003746,Rahul Verma,F,1984-12-28,2025-11-24,False,REGULAR,GEO000045,2025-12-16 09:00:00
CUST00003747,Neha Pandey,F,1990-03-10,2023-05-15,False,BUDGET,GEO000018,2025-10-16 09:00:00
CUST00003748,Pooja Bose,M,1983-04-08,2020-11-06,False,REGULAR,GEO000058,2025-12-14 09:00:00
CUST00003749,Arjun Joshi,M,1977-05-20,2024-12-09,False,REGULAR,GEO000040,2025-10-25 09:00:00
CUST00003750,Isha Nair,M,1974-08-21,2022-11-03,False,PREMIUM,GEO000013,2025-10-26 09:00:00
CUST00003751,Vihaan Jain,F,1984-09-26,2019-08-08,False,BUSINESS,GEO000045,2025-09-14 09:00:00
CUST00003752,Aarav Malhotra,F,1992-09-05,2020-06-05,False,REGULAR,GEO000003,2025-12-09 09:00:00
CUST00003753,Kunal Kulkarni,M,1986-09-27,2024-05-13,True,REGULAR,GEO000023,2025-11-11 09:00:00
CUST00003754,Ankit Saxena,M,2003-08-05,2019-07-22,True,REGULAR,GEO000020,2025-11-06 09:00:00
CUST00003755,Kavya Reddy,M,1976-08-09,2022-01-12,False,BUDGET,GEO000014,2025-11-07 09:00:00
CUST00003756,Priya Mehta,M,1986-07-25,2019-10-19,False,REGULAR,GEO000040,2025-10-11 09:00:00
CUST00003757,Suresh Chatterjee,M,1994-11-19,2020-06-19,False,PREMIUM,GEO000018,2025-10-26 09:00:00
CUST00003758,Aditi Kapoor,F,1970-06-02,2022-05-13,False,REGULAR,GEO000049,2025-11-19 09:00:00
CUST00003759,Kiran Mehta,M,1997-11-27,2021-12-25,False,REGULAR,GEO000009,2025-11-30 09:00:00
CUST00003760,Ankit Saxena,F,1976-07-17,2023-06-02,True,REGULAR,GEO000024,2026-01-24 09:00:00
CUST00003761,Diya Nair,F,1986-04-05,2018-05-18,False,REGULAR,GEO000015,2026-01-10 09:00:00
CUST00003762,Sanjana Kapoor,M,1986-06-02,2022-09-20,False,PREMIUM,GEO000026,2025-11-12 09:00:00
CUST00003763,Kavya Iyer,F,1995-05-17,2020-08-08,True,BUDGET,GEO000046,2025-08-31 09:00:00
CUST00003764,Aditya Joshi,M,1982-06-23,2023-09-06,False,BUDGET,GEO000023,2025-08-26 09:00:00
CUST00003765,Vihaan Reddy,M,1986-03-08,2025-09-21,False,REGULAR,GEO000018,2025-12-05 09:00:00
CUST00003766,Aditi Jain,F,1974-04-07,2023-08-01,False,REGULAR,GEO000056,2025-12-17 09:00:00
CUST00003767,Neha Jain,F,1991-03-08,2022-11-05,False,REGULAR,GEO000022,2026-01-06 09:00:00
CUST00003768,Diya Chatterjee,F,1987-06-18,2023-02-02,False,PREMIUM,GEO000038,2025-10-13 09:00:00
CUST00003769,Aditi Mehta,M,1993-12-19,2018-09-17,True,REGULAR,GEO000039,2025-10-20 09:00:00
CUST00003770,Diya Iyer,F,2003-12-17,2025-02-03,False,PREMIUM,GEO000028,2025-11-11 09:00:00
CUST00003771,Sai Jain,M,2005-09-08,2024-06-04,True,REGULAR,GEO000015,2025-11-02 09:00:00
CUST00003772,Suresh Gupta,M,1985-07-22,2018-10-30,True,REGULAR,GEO000044,2025-11-16 09:00:00
CUST00003773,Aditi Dutta,F,1973-07-05,2024-08-18,False,PREMIUM,GEO000011,2025-09-22 09:00:00
CUST00003774,Sneha Mehta,M,1971-05-07,2023-11-11,True,REGULAR,GEO000044,2025-11-30 09:00:00
CUST00003775,Isha Saxena,F,1997-04-21,2022-08-30,False,REGULAR,GEO000032,2025-10-28 09:00:00
CUST00003776,Sai Bose,F,1983-06-20,2021-09-11,False,BUDGET,GEO000005,2025-10-23 09:00:00
CUST00003777,Deepak Nair,F,1986-03-03,2024-04-26,False,REGULAR,GEO000031,2026-01-04 09:00:00
CUST00003778,Kiran Patel,M,2000-09-11,2022-01-14,False,PREMIUM,GEO000019,2025-10-04 09:00:00
CUST00003779,Meera Mishra,M,2002-07-07,2020-09-02,False,BUDGET,GEO000056,2025-08-14 09:00:00
CUST00003780,Shreya Singh,M,1999-08-30,2021-10-19,False,PREMIUM,GEO000008,2025-08-12 09:00:00
CUST00003781,Deepak Jain,M,1992-10-02,2022-01-27,False,REGULAR,GEO000015,2025-09-17 09:00:00
CUST00003782,Deepak Kulkarni,F,1982-07-29,2018-09-30,False,PREMIUM,GEO000041,2025-09-13 09:00:00
CUST00003783,Sanjana Iyer,M,1977-12-20,2018-06-26,False,BUDGET,GEO000017,2025-10-07 09:00:00
CUST00003784,Pooja Kulkarni,M,2005-01-04,2025-09-14,False,PREMIUM,GEO000008,2026-01-04 09:00:00
CUST00003785,Aditya Sharma,F,1983-07-28,2022-01-29,False,REGULAR,GEO000047,2025-08-24 09:00:00
CUST00003786,Neha Goswami,M,1992-07-12,2019-12-09,False,REGULAR,GEO000047,2026-01-25 09:00:00
CUST00003787,Riya Jain,M,2006-10-05,2021-07-14,False,REGULAR,GEO000007,2026-01-16 09:00:00
CUST00003788,Priya Mehta,M,1970-01-16,2021-03-06,False,BUDGET,GEO000027,2025-10-07 09:00:00
CUST00003789,Aarav Thakur,M,1975-04-04,2021-12-30,True,REGULAR,GEO000051,2025-11-04 09:00:00
CUST00003790,Rohit Gupta,M,1996-02-22,2022-04-18,False,PREMIUM,GEO000054,2026-01-28 09:00:00
CUST00003791,Sneha Bose,M,1970-12-10,2023-03-23,True,REGULAR,GEO000037,2026-01-15 09:00:00
CUST00003792,Aarav Mishra,M,1989-10-08,2022-08-26,False,BUSINESS,GEO000006,2025-12-14 09:00:00
CUST00003793,Ankit Verma,F,1991-01-18,2020-09-16,True,PREMIUM,GEO000037,2025-10-15 09:00:00
CUST00003794,Nikhil Gupta,M,1979-05-23,2019-12-21,False,BUDGET,GEO000018,2025-10-26 09:00:00
CUST00003795,Arjun Kapoor,M,1976-09-28,2024-12-15,False,REGULAR,GEO000021,2026-01-15 09:00:00
CUST00003796,Riya Khan,M,1978-08-25,2024-10-19,False,REGULAR,GEO000021,2025-11-06 09:00:00
CUST00003797,Suresh Bhat,F,1990-04-03,2019-12-09,False,BUDGET,GEO000047,2025-12-27 09:00:00
CUST00003798,Arjun Bose,F,1983-12-08,2024-04-20,True,BUDGET,GEO000057,2025-08-14 09:00:00
CUST00003799,Pooja Joshi,F,1998-09-27,2020-09-20,False,PREMIUM,GEO000012,2025-08-15 09:00:00
CUST00003800,Rahul Khan,M,1984-03-28,2018-07-18,True,REGULAR,GEO000049,2025-10-25 09:00:00
CUST00003801,Isha Yadav,F,1976-07-12,2025-01-20,False,REGULAR,GEO000004,2025-11-03 09:00:00
CUST00003802,Aditi Chatterjee,F,1985-03-20,2023-11-10,False,PREMIUM,GEO000051,2025-10-26 09:00:00
CUST00003803,Neha Chatterjee,M,1973-05-23,2024-08-28,False,REGULAR,GEO000028,2025-10-27 09:00:00
CUST00003804,Diya Verma,F,1985-06-28,2020-09-13,False,REGULAR,GEO000005,2025-10-25 09:00:00
CUST00003805,Vikram Joshi,M,1974-05-11,2025-05-11,False,REGULAR,GEO000009,2025-08-12 09:00:00
CUST00003806,Suresh Kapoor,M,1987-03-14,2019-12-17,False,REGULAR,GEO000048,2025-11-22 09:00:00
CUST00003807,Deepak Gupta,M,1973-01-01,2022-04-20,False,REGULAR,GEO000025,2025-09-09 09:00:00
CUST00003808,Shreya Chatterjee,F,1970-09-29,2019-08-03,True,REGULAR,GEO000037,2025-09-23 09:00:00
CUST00003809,Nikhil Joshi,M,1981-12-15,2019-03-03,False,BUSINESS,GEO000032,2025-10-28 09:00:00
CUST00003810,Varun Mishra,M,1986-04-17,2018-04-17,False,REGULAR,GEO000001,2025-12-10 09:00:00
CUST00003811,Shreya Saxena,F,2001-10-30,2021-01-22,False,REGULAR,GEO000044,2026-01-06 09:00:00
CUST00003812,Meera Kapoor,F,1994-08-09,2022-12-26,False,BUDGET,GEO000013,2025-10-21 09:00:00
CUST00003813,Manish Gupta,M,2000-05-04,2024-04-26,False,PREMIUM,GEO000019,2026-01-19 09:00:00
CUST00003814,Priya Verma,M,1997-05-26,2019-08-03,False,PREMIUM,GEO000025,2026-01-21 09:00:00
CUST00003815,Nikhil Iyer,F,1984-12-12,2018-07-25,True,PREMIUM,GEO000037,2025-11-22 09:00:00
CUST00003816,Kavya Das,F,2002-07-31,2025-08-30,False,REGULAR,GEO000048,2025-09-01 09:00:00
CUST00003817,Diya Iyer,M,2002-05-08,2020-04-20,False,PREMIUM,GEO000002,2025-12-16 09:00:00
CUST00003818,Sanjana Das,M,2006-12-26,2025-10-03,False,BUDGET,GEO000028,2026-01-12 09:00:00
CUST00003819,Meera Patel,M,1989-03-20,2018-01-17,False,REGULAR,GEO000029,2025-10-04 09:00:00
CUST00003820,Neha Sharma,F,1993-10-18,2018-08-23,False,REGULAR,GEO000047,2026-01-10 09:00:00
CUST00003821,Suresh Yadav,M,1976-09-28,2023-01-29,True,REGULAR,GEO000037,2025-09-30 09:00:00
CUST00003822,Varun Thakur,F,2004-08-12,2019-05-12,True,REGULAR,GEO000025,2025-10-26 09:00:00
CUST00003823,Deepak Iyer,M,1991-03-30,2025-06-23,True,REGULAR,GEO000019,2026-01-13 09:00:00
CUST00003824,Suresh Patel,F,1979-04-18,2018-02-04,False,REGULAR,GEO000047,2025-10-22 09:00:00
CUST00003825,Deepak Joshi,M,1972-04-29,2019-10-16,False,REGULAR,GEO000015,2025-12-09 09:00:00
CUST00003826,Rohit Gupta,M,2001-08-04,2022-12-15,False,PREMIUM,GEO000007,2025-10-02 09:00:00
CUST00003827,Vikram Reddy,F,2006-07-15,2023-07-17,True,REGULAR,GEO000043,2025-12-14 09:00:00
CUST00003828,Suresh Mishra,M,1973-03-13,2021-09-29,True,BUDGET,GEO000014,2025-08-16 09:00:00
CUST00003829,Sai Das,M,1977-08-09,2025-05-22,False,PREMIUM,GEO000010,2025-09-29 09:00:00
CUST00003830,Sanjana Dutta,M,1976-07-03,2024-10-10,False,REGULAR,GEO000006,2026-01-30 09:00:00
CUST00003831,Kunal Yadav,M,2003-12-01,2020-06-14,False,BUDGET,GEO000023,2025-09-07 09:00:00
CUST00003832,Meera Yadav,F,1988-05-19,2021-01-14,False,PREMIUM,GEO000040,2025-08-14 09:00:00
CUST00003833,Aditi Mehta,M,2004-11-27,2021-04-07,True,REGULAR,GEO000023,2025-10-07 09:00:00
CUST00003834,Aditi Sharma,F,1983-04-14,2022-06-21,False,BUDGET,GEO000044,2026-01-09 09:00:00
CUST00003835,Meera Verma,F,1985-07-18,2025-02-07,False,BUDGET,GEO000052,2025-09-29 09:00:00
CUST00003836,Kavya Nair,M,1990-05-08,2022-09-16,True,REGULAR,GEO000054,2025-11-07 09:00:00
CUST00003837,Shreya Patel,M,1976-03-18,2024-07-23,False,PREMIUM,GEO000039,2025-09-17 09:00:00
CUST00003838,Nikhil Bose,F,2001-10-02,2020-01-17,False,REGULAR,GEO000044,2026-01-21 09:00:00
CUST00003839,Kunal Pandey,F,1993-04-09,2020-05-16,True,REGULAR,GEO000010,2026-01-16 09:00:00
CUST00003840,Manish Reddy,F,1986-03-12,2025-07-13,False,REGULAR,GEO000020,2026-01-10 09:00:00
CUST00003841,Meera Gupta,F,1976-08-30,2024-03-20,False,REGULAR,GEO000021,2025-10-12 09:00:00
CUST00003842,Rahul Singh,F,1993-07-24,2019-07-31,False,PREMIUM,GEO000006,2025-12-10 09:00:00
CUST00003843,Sanjana Pandey,M,1984-04-13,2024-05-20,False,REGULAR,GEO000055,2025-10-23 09:00:00
CUST00003844,Arjun Joshi,F,1988-01-06,2021-04-14,True,PREMIUM,GEO000046,2025-12-20 09:00:00
CUST00003845,Isha Bhat,F,2001-08-04,2022-11-17,False,REGULAR,GEO000009,2026-01-19 09:00:00
CUST00003846,Arjun Mishra,M,1999-01-26,2018-05-19,True,PREMIUM,GEO000057,2025-09-19 09:00:00
CUST00003847,Vihaan Iyer,M,1991-02-23,2022-07-21,False,BUDGET,GEO000047,2025-11-25 09:00:00
CUST00003848,Nikhil Kulkarni,M,1991-10-16,2021-05-22,False,REGULAR,GEO000025,2025-11-18 09:00:00
CUST00003849,Rahul Kapoor,F,1995-07-26,2019-03-09,False,REGULAR,GEO000042,2025-12-02 09:00:00
CUST00003850,Vikram Verma,M,2001-11-04,2022-12-28,False,PREMIUM,GEO000001,2025-12-05 09:00:00
CUST00003851,Aarav Das,M,1978-03-18,2020-02-25,False,PREMIUM,GEO000020,2025-10-17 09:00:00
CUST00003852,Pooja Patel,M,2002-12-16,2018-01-31,True,REGULAR,GEO000010,2025-11-07 09:00:00
CUST00003853,Sneha Thakur,F,1985-01-02,2020-09-18,False,REGULAR,GEO000023,2025-10-06 09:00:00
CUST00003854,Kavya Mishra,F,2002-03-27,2018-11-04,False,REGULAR,GEO000019,2025-12-02 09:00:00
CUST00003855,Riya Das,M,1995-12-06,2020-09-28,False,REGULAR,GEO000043,2025-11-19 09:00:00
CUST00003856,Diya Dutta,F,2004-01-29,2023-06-01,True,REGULAR,GEO000040,2025-12-17 09:00:00
CUST00003857,Riya Yadav,M,2001-08-11,2023-09-14,True,REGULAR,GEO000017,2025-12-26 09:00:00
CUST00003858,Varun Das,M,1979-08-01,2019-06-02,False,REGULAR,GEO000031,2026-01-15 09:00:00
CUST00003859,Riya Jain,F,1975-07-04,2020-08-02,False,BUDGET,GEO000018,2025-11-06 09:00:00
CUST00003860,Rahul Sharma,M,1999-04-14,2025-12-25,False,BUDGET,GEO000017,2025-10-06 09:00:00
CUST00003861,Neha Verma,M,2005-08-17,2025-09-10,False,PREMIUM,GEO000012,2026-01-25 09:00:00
CUST00003862,Meera Verma,M,1975-11-29,2024-07-22,False,REGULAR,GEO000042,2026-02-02 09:00:00
CUST00003863,Kavya Dutta,M,2003-06-23,2019-10-10,False,BUDGET,GEO000002,2025-08-19 09:00:00
CUST00003864,Kiran Das,M,1979-04-06,2023-09-08,False,REGULAR,GEO000053,2025-08-31 09:00:00
CUST00003865,Vikram Verma,M,1977-12-28,2020-12-07,False,BUDGET,GEO000016,2026-01-08 09:00:00
CUST00003866,Vikram Dutta,M,1992-08-28,2019-05-29,False,REGULAR,GEO000024,2025-09-20 09:00:00
CUST00003867,Suresh Patel,F,1994-08-31,2020-03-24,False,REGULAR,GEO000047,2025-09-01 09:00:00
CUST00003868,Pooja Bose,F,1975-10-21,2022-09-12,False,REGULAR,GEO000006,2025-11-14 09:00:00
CUST00003869,Sneha Bhat,F,1970-08-27,2022-11-05,False,REGULAR,GEO000022,2025-12-16 09:00:00
CUST00003870,Nikhil Bose,F,1987-04-14,2025-12-11,False,REGULAR,GEO000055,2026-01-27 09:00:00
CUST00003871,Vihaan Malhotra,F,1999-01-29,2021-12-11,False,BUDGET,GEO000026,2025-12-28 09:00:00
CUST00003872,Kiran Chatterjee,M,1983-10-30,2023-07-21,False,PREMIUM,GEO000007,2026-01-18 09:00:00
CUST00003873,Rahul Malhotra,M,1981-01-07,2024-03-18,False,REGULAR,GEO000033,2025-12-26 09:00:00
CUST00003874,Suresh Nair,F,1995-01-28,2024-08-29,True,PREMIUM,GEO000010,2025-10-02 09:00:00
CUST00003875,Shreya Mishra,F,1997-01-04,2024-05-28,False,REGULAR,GEO000004,2025-12-03 09:00:00
CUST00003876,Rohit Bose,F,2007-02-03,2021-09-16,False,BUDGET,GEO000032,2025-09-15 09:00:00
CUST00003877,Diya Yadav,F,1984-01-11,2019-05-20,False,PREMIUM,GEO000011,2026-01-18 09:00:00
CUST00003878,Shreya Verma,F,1995-05-30,2021-07-13,False,BUDGET,GEO000056,2025-11-13 09:00:00
CUST00003879,Meera Khan,F,1994-12-30,2023-08-15,False,REGULAR,GEO000048,2026-01-19 09:00:00
CUST00003880,Ankit Saxena,M,1995-11-27,2020-02-18,False,PREMIUM,GEO000027,2025-10-15 09:00:00
CUST00003881,Priya Iyer,M,2005-04-15,2024-01-08,False,REGULAR,GEO000032,2025-08-20 09:00:00
CUST00003882,Rohit Thakur,M,1994-09-16,2021-04-10,False,REGULAR,GEO000036,2025-10-25 09:00:00
CUST00003883,Priya Chatterjee,F,1976-03-28,2023-08-06,False,REGULAR,GEO000046,2025-10-11 09:00:00
CUST00003884,Ankit Yadav,M,1976-04-21,2021-11-12,False,BUDGET,GEO000050,2025-09-05 09:00:00
CUST00003885,Varun Yadav,F,1999-07-28,2020-11-10,False,REGULAR,GEO000040,2025-09-30 09:00:00
CUST00003886,Ankit Jain,F,1992-02-16,2025-05-23,False,REGULAR,GEO000040,2025-09-08 09:00:00
CUST00003887,Kavya Jain,F,1994-02-18,2022-04-09,False,REGULAR,GEO000013,2025-09-23 09:00:00
CUST00003888,Varun Thakur,F,1987-06-27,2021-08-28,False,PREMIUM,GEO000017,2026-01-24 09:00:00
CUST00003889,Rahul Sharma,M,1993-02-17,2022-12-31,False,REGULAR,GEO000035,2026-01-30 09:00:00
CUST00003890,Meera Kulkarni,M,2004-06-25,2024-07-29,True,REGULAR,GEO000051,2025-10-14 09:00:00
CUST00003891,Sai Singh,F,1976-10-19,2022-12-22,False,BUDGET,GEO000030,2026-01-25 09:00:00
CUST00003892,Kiran Pandey,F,1982-04-08,2020-11-16,False,PREMIUM,GEO000047,2025-10-18 09:00:00
CUST00003893,Meera Joshi,M,1971-07-03,2021-12-11,False,BUDGET,GEO000010,2025-10-06 09:00:00
CUST00003894,Arjun Gupta,F,1992-09-09,2021-06-13,True,REGULAR,GEO000013,2025-09-11 09:00:00
CUST00003895,Kunal Bhat,M,1995-04-21,2018-09-30,False,BUDGET,GEO000022,2025-11-05 09:00:00
CUST00003896,Meera Kulkarni,F,2007-03-19,2019-07-25,True,REGULAR,GEO000034,2026-01-19 09:00:00
CUST00003897,Aditya Kapoor,F,1991-10-09,2020-05-10,False,BUDGET,GEO000035,2025-10-23 09:00:00
CUST00003898,Vivaan Dutta,F,1978-06-18,2020-10-09,False,BUDGET,GEO000040,2025-08-27 09:00:00
CUST00003899,Priya Dutta,M,2003-01-04,2019-10-31,True,REGULAR,GEO000009,2025-09-04 09:00:00
CUST00003900,Rohit Das,M,1998-01-27,2024-03-24,True,REGULAR,GEO000019,2026-01-07 09:00:00
CUST00003901,Kunal Verma,F,1978-10-08,2019-08-18,False,REGULAR,GEO000052,2025-11-08 09:00:00
CUST00003902,Sanjana Iyer,F,2004-07-07,2025-02-16,False,BUDGET,GEO000057,2025-12-02 09:00:00
CUST00003903,Riya Nair,M,1984-06-20,2022-05-06,True,REGULAR,GEO000038,2025-08-13 09:00:00
CUST00003904,Deepak Dutta,F,1997-08-26,2020-06-16,False,BUDGET,GEO000017,2025-10-31 09:00:00
CUST00003905,Rohit Yadav,F,2005-06-22,2018-08-19,True,REGULAR,GEO000036,2025-10-05 09:00:00
CUST00003906,Vivaan Bhat,M,1994-02-17,2022-01-06,True,BUDGET,GEO000045,2026-01-15 09:00:00
CUST00003907,Meera Jain,F,1971-03-31,2023-11-12,False,BUDGET,GEO000047,2025-09-06 09:00:00
CUST00003908,Nikhil Iyer,F,1970-07-21,2021-09-29,False,REGULAR,GEO000019,2025-11-20 09:00:00
CUST00003909,Rohit Patel,F,2007-02-16,2023-10-22,False,PREMIUM,GEO000016,2025-12-04 09:00:00
CUST00003910,Sai Yadav,O,2004-12-17,2020-08-11,False,PREMIUM,GEO000043,2025-10-12 09:00:00
CUST00003911,Sai Kulkarni,M,2007-04-23,2025-06-17,False,REGULAR,GEO000011,2025-08-21 09:00:00
CUST00003912,Anaya Iyer,F,2001-11-14,2019-07-22,True,BUDGET,GEO000016,2025-08-20 09:00:00
CUST00003913,Rahul Singh,F,1989-12-31,2024-05-17,False,PREMIUM,GEO000051,2025-10-24 09:00:00
CUST00003914,Rohit Iyer,F,2001-04-24,2023-06-17,False,REGULAR,GEO000057,2025-11-13 09:00:00
CUST00003915,Manish Iyer,M,1983-07-08,2023-08-01,False,REGULAR,GEO000008,2025-08-27 09:00:00
CUST00003916,Riya Verma,F,1976-08-15,2025-08-02,False,BUDGET,GEO000059,2025-12-06 09:00:00
CUST00003917,Kiran Malhotra,F,2007-10-18,2022-04-14,True,REGULAR,GEO000012,2025-12-07 09:00:00
CUST00003918,Vivaan Kapoor,F,1985-09-21,2022-12-29,False,REGULAR,GEO000033,2025-12-18 09:00:00
CUST00003919,Anaya Singh,M,2005-05-10,2025-06-13,True,BUDGET,GEO000022,2025-10-08 09:00:00
CUST00003920,Ankit Kapoor,M,2003-05-31,2021-02-02,True,REGULAR,GEO000045,2025-09-30 09:00:00
CUST00003921,Sanjana Kulkarni,F,1985-01-15,2018-06-30,False,REGULAR,GEO000031,2026-01-23 09:00:00
CUST00003922,Arjun Patel,F,1979-02-22,2025-04-07,True,REGULAR,GEO000001,2025-11-19 09:00:00
CUST00003923,Nikhil Pandey,M,2000-12-08,2022-02-25,False,BUDGET,GEO000027,2025-08-15 09:00:00
CUST00003924,Rahul Joshi,M,1977-08-19,2020-10-02,True,REGULAR,GEO000054,2025-08-15 09:00:00
CUST00003925,Meera Joshi,F,1991-06-20,2025-02-28,False,BUDGET,GEO000041,2025-12-25 09:00:00
CUST00003926,Sneha Das,M,1977-08-17,2018-07-31,False,BUDGET,GEO000016,2025-08-21 09:00:00
CUST00003927,Aditya Das,M,1997-07-19,2019-06-06,False,REGULAR,GEO000010,2025-08-15 09:00:00
CUST00003928,Ankit Gupta,M,1981-10-17,2019-01-15,False,REGULAR,GEO000048,2025-09-11 09:00:00
CUST00003929,Ankit Kapoor,M,1977-11-13,2025-04-26,True,REGULAR,GEO000002,2025-11-21 09:00:00
CUST00003930,Priya Verma,M,1977-01-11,2021-08-30,False,REGULAR,GEO000049,2025-10-03 09:00:00
CUST00003931,Vihaan Iyer,M,1979-04-04,2019-10-29,False,PREMIUM,GEO000050,2025-09-02 09:00:00
CUST00003932,Ankit Das,F,1979-07-06,2024-02-07,False,PREMIUM,GEO000052,2025-09-27 09:00:00
CUST00003933,Sai Verma,M,1974-07-30,2022-12-20,False,REGULAR,GEO000003,2026-01-31 09:00:00
CUST00003934,Sneha Kapoor,M,2003-08-26,2024-11-13,True,BUDGET,GEO000029,2025-08-13 09:00:00
CUST00003935,Priya Iyer,M,1988-07-02,2020-06-27,False,PREMIUM,GEO000032,2026-01-29 09:00:00
CUST00003936,Nikhil Thakur,M,1977-09-28,2023-12-31,False,REGULAR,GEO000003,2025-11-21 09:00:00
CUST00003937,Aditya Mehta,F,1985-03-04,2023-04-22,True,PREMIUM,GEO000004,2025-10-10 09:00:00
CUST00003938,Ankit Joshi,M,1985-07-23,2021-07-29,False,REGULAR,GEO000037,2025-11-23 09:00:00
CUST00003939,Pooja Patel,F,1976-04-11,2020-12-26,False,REGULAR,GEO000022,2025-12-19 09:00:00
CUST00003940,Nikhil Verma,F,1992-02-27,2023-07-17,False,BUDGET,GEO000024,2025-10-22 09:00:00
CUST00003941,Kavya Bose,M,1977-12-26,2020-12-25,False,REGULAR,GEO000057,2025-09-24 09:00:00
CUST00003942,Vihaan Kapoor,F,1972-06-30,2018-10-12,False,BUDGET,GEO000041,2025-11-26 09:00:00
CUST00003943,Nikhil Saxena,F,1988-02-04,2019-03-01,False,BUDGET,GEO000056,2025-08-15 09:00:00
CUST00003944,Diya Singh,M,1979-02-18,2023-07-25,False,BUDGET,GEO000012,2026-01-31 09:00:00
CUST00003945,Aditya Thakur,M,1973-03-09,2025-05-15,True,REGULAR,GEO000009,2025-11-07 09:00:00
CUST00003946,Shreya Jain,F,2003-09-14,2021-10-05,False,REGULAR,GEO000046,2026-01-26 09:00:00
CUST00003947,Meera Dutta,M,1983-04-26,2019-07-24,False,PREMIUM,GEO000056,2026-01-24 09:00:00
CUST00003948,Anaya Jain,M,1998-06-12,2024-12-21,False,REGULAR,GEO000040,2025-09-04 09:00:00
CUST00003949,Varun Mishra,F,1972-01-02,2023-10-22,False,REGULAR,GEO000058,2025-11-10 09:00:00
CUST00003950,Aarav Iyer,F,1988-12-24,2024-12-18,False,BUDGET,GEO000034,2025-10-27 09:00:00
CUST00003951,Deepak Chatterjee,F,2003-02-25,2020-06-07,False,BUDGET,GEO000002,2025-12-20 09:00:00
CUST00003952,Shreya Verma,M,2003-10-21,2018-02-17,False,REGULAR,GEO000035,2025-11-10 09:00:00
CUST00003953,Ankit Iyer,F,1975-06-24,2022-02-15,True,BUDGET,GEO000011,2025-10-29 09:00:00
CUST00003954,Kavya Joshi,M,1992-04-11,2018-06-01,True,REGULAR,GEO000042,2025-10-24 09:00:00
CUST00003955,Diya Thakur,M,1991-01-15,2022-08-08,False,BUSINESS,GEO000052,2025-09-02 09:00:00
CUST00003956,Rahul Singh,F,1975-11-20,2022-10-19,False,REGULAR,GEO000009,2025-09-13 09:00:00
CUST00003957,Sai Gupta,F,1976-02-14,2023-02-25,False,PREMIUM,GEO000030,2025-12-22 09:00:00
CUST00003958,Rahul Gupta,F,2006-06-24,2025-05-09,True,BUDGET,GEO000036,2025-10-06 09:00:00
CUST00003959,Isha Patel,F,2000-08-15,2024-04-29,False,BUDGET,GEO000027,2026-01-05 09:00:00
CUST00003960,Pooja Gupta,M,1989-06-06,2023-12-20,False,REGULAR,GEO000004,2026-01-31 09:00:00
CUST00003961,Pooja Joshi,F,1993-05-31,2024-03-05,False,REGULAR,GEO000047,2025-10-24 09:00:00
CUST00003962,Ankit Malhotra,F,2001-08-07,2018-04-20,True,REGULAR,GEO000053,2025-08-29 09:00:00
CUST00003963,Pooja Thakur,F,1990-07-25,2022-11-08,False,REGULAR,GEO000054,2025-09-23 09:00:00
CUST00003964,Rahul Yadav,M,1973-11-03,2018-03-27,False,BUDGET,GEO000051,2025-12-14 09:00:00
CUST00003965,Rahul Sharma,F,2004-08-08,2025-06-19,False,PREMIUM,GEO000012,2025-09-30 09:00:00
CUST00003966,Rahul Bose,M,1978-10-05,2024-04-15,False,PREMIUM,GEO000016,2026-01-09 09:00:00
CUST00003967,Rahul Iyer,M,1977-05-31,2018-04-07,True,REGULAR,GEO000059,2026-02-02 09:00:00
CUST00003968,Nikhil Dutta,F,1970-11-10,2021-11-25,False,REGULAR,GEO000053,2025-11-24 09:00:00
CUST00003969,Riya Goswami,F,1999-12-13,2020-03-31,False,PREMIUM,GEO000057,2025-10-31 09:00:00
CUST00003970,Rahul Reddy,M,1973-09-28,2025-02-05,False,REGULAR,GEO000040,2025-10-14 09:00:00
CUST00003971,Isha Kulkarni,F,1994-04-02,2023-03-14,False,REGULAR,GEO000038,2026-01-14 09:00:00
CUST00003972,Kiran Mishra,F,2004-03-21,2019-09-13,True,BUSINESS,GEO000056,2025-08-19 09:00:00
CUST00003973,Kiran Mehta,F,2000-07-10,2023-01-22,True,BUDGET,GEO000055,2025-09-05 09:00:00
CUST00003974,Varun Sharma,F,2004-07-21,2024-06-18,False,REGULAR,GEO000047,2025-10-01 09:00:00
CUST00003975,Aditi Bhat,M,2007-05-28,2023-10-30,True,PREMIUM,GEO000048,2025-11-27 09:00:00
CUST00003976,Rahul Bhat,F,1979-03-15,2020-02-03,True,BUDGET,GEO000045,2026-01-12 09:00:00
CUST00003977,Deepak Kapoor,M,1989-02-03,2024-05-27,False,REGULAR,GEO000005,2025-12-17 09:00:00
CUST00003978,Vikram Joshi,F,1988-09-29,2021-04-19,False,PREMIUM,GEO000029,2025-12-14 09:00:00
CUST00003979,Kunal Thakur,M,2000-11-14,2022-04-19,False,REGULAR,GEO000015,2025-10-07 09:00:00
CUST00003980,Diya Iyer,F,1985-10-12,2021-12-01,False,REGULAR,GEO000007,2025-08-22 09:00:00
CUST00003981,Suresh Saxena,F,2005-05-30,2024-10-18,False,REGULAR,GEO000038,2025-09-28 09:00:00
CUST00003982,Rahul Nair,F,1999-04-12,2020-05-26,False,REGULAR,GEO000026,2025-11-03 09:00:00
CUST00003983,Manish Singh,M,1991-09-10,2021-07-29,False,PREMIUM,GEO000022,2025-08-08 09:00:00
CUST00003984,Neha Joshi,F,2003-06-09,2019-10-21,False,REGULAR,GEO000012,2025-12-29 09:00:00
CUST00003985,Aditi Pandey,M,2001-08-29,2019-04-11,True,PREMIUM,GEO000032,2025-09-08 09:00:00
CUST00003986,Aditya Chatterjee,F,1989-08-17,2025-02-20,True,REGULAR,GEO000052,2025-11-16 09:00:00
CUST00003987,Vivaan Dutta,M,2007-10-19,2023-12-08,False,BUDGET,GEO000040,2025-09-13 09:00:00
CUST00003988,Suresh Thakur,F,2000-10-12,2023-12-19,False,PREMIUM,GEO000027,2026-01-24 09:00:00
CUST00003989,Deepak Reddy,F,1996-11-14,2020-11-12,False,BUDGET,GEO000004,2025-12-09 09:00:00
CUST00003990,Sneha Gupta,M,1982-02-15,2024-07-16,True,REGULAR,GEO000030,2026-01-19 09:00:00
CUST00003991,Nikhil Singh,F,2003-04-26,2020-10-15,False,REGULAR,GEO000025,2025-11-25 09:00:00
CUST00003992,Rahul Sharma,F,1988-12-03,2023-09-05,False,BUDGET,GEO000033,2025-11-18 09:00:00
CUST00003993,Aditi Mishra,F,2007-07-24,2019-08-04,False,REGULAR,GEO000004,2025-11-21 09:00:00
CUST00003994,Shreya Nair,F,1980-06-01,2018-05-28,False,REGULAR,GEO000007,2025-09-24 09:00:00
CUST00003995,Nikhil Sharma,M,1992-12-01,2024-07-21,False,REGULAR,GEO000016,2025-09-12 09:00:00
CUST00003996,Neha Kulkarni,M,1989-07-07,2024-02-03,False,BUDGET,GEO000042,2025-10-17 09:00:00
CUST00003997,Sanjana Verma,F,1972-02-08,2024-02-07,False,REGULAR,GEO000038,2025-08-24 09:00:00
CUST00003998,Anaya Sharma,F,1985-05-22,2019-01-14,False,REGULAR,GEO000054,2025-10-24 09:00:00
CUST00003999,Nikhil Bhat,F,1988-01-05,2024-02-23,True,PREMIUM,GEO000054,2026-01-16 09:00:00
CUST00004000,Priya Bhat,M,1989-04-06,2024-09-12,False,PREMIUM,GEO000042,2026-01-23 09:00:00
CUST00004001,Vikram Pandey,M,1994-10-18,2019-05-03,False,REGULAR,GEO000021,2025-10-10 09:00:00
CUST00004002,Aditya Mishra,F,1997-03-13,2022-11-23,True,REGULAR,GEO000005,2025-10-04 09:00:00
CUST00004003,Vikram Kulkarni,F,1974-08-20,2018-11-07,False,BUDGET,GEO000043,2026-01-03 09:00:00
CUST00004004,Kunal Gupta,M,1973-11-24,2018-02-15,False,REGULAR,GEO000041,2025-10-20 09:00:00
CUST00004005,Aditi Reddy,F,2000-02-18,2020-08-29,False,PREMIUM,GEO000007,2025-12-31 09:00:00
CUST00004006,Diya Pandey,F,2006-10-30,2019-11-22,False,BUDGET,GEO000041,2025-08-28 09:00:00
CUST00004007,Arjun Goswami,F,1975-12-24,2025-04-27,False,REGULAR,GEO000040,2026-02-03 09:00:00
CUST00004008,Rohit Singh,M,2000-03-29,2019-11-17,True,REGULAR,GEO000016,2025-12-04 09:00:00
CUST00004009,Neha Mishra,F,1982-06-14,2022-10-17,False,REGULAR,GEO000044,2025-11-20 09:00:00
CUST00004010,Pooja Kapoor,F,2000-03-22,2019-12-12,True,REGULAR,GEO000039,2025-12-28 09:00:00
CUST00004011,Isha Nair,M,1984-01-14,2019-07-12,False,PREMIUM,GEO000015,2025-12-31 09:00:00
CUST00004012,Priya Bose,F,2004-01-25,2018-07-23,False,REGULAR,GEO000025,2025-12-02 09:00:00
CUST00004013,Isha Mehta,M,1973-04-24,2025-01-04,False,REGULAR,GEO000058,2025-11-01 09:00:00
CUST00004014,Ankit Nair,F,1980-03-26,2020-12-22,False,BUDGET,GEO000026,2025-10-13 09:00:00
CUST00004015,Priya Yadav,F,2000-12-21,2018-12-21,True,REGULAR,GEO000004,2025-08-27 09:00:00
CUST00004016,Ankit Jain,F,1972-09-26,2025-11-29,True,REGULAR,GEO000031,2025-08-27 09:00:00
CUST00004017,Sneha Malhotra,F,2003-06-15,2018-08-27,False,REGULAR,GEO000013,2025-08-31 09:00:00
CUST00004018,Kunal Bhat,F,2000-10-07,2018-05-13,False,PREMIUM,GEO000024,2026-01-23 09:00:00
CUST00004019,Deepak Thakur,F,1987-04-20,2024-11-09,True,BUDGET,GEO000008,2025-09-10 09:00:00
CUST00004020,Aditi Dutta,F,1996-08-02,2019-10-14,False,PREMIUM,GEO000017,2026-01-23 09:00:00
CUST00004021,Riya Mehta,F,1996-06-30,2025-11-20,False,REGULAR,GEO000020,2025-10-06 09:00:00
CUST00004022,Aarav Singh,F,1994-07-28,2019-05-07,False,PREMIUM,GEO000032,2025-12-09 09:00:00
CUST00004023,Neha Malhotra,F,1981-07-12,2021-04-04,False,BUDGET,GEO000038,2025-08-14 09:00:00
CUST00004024,Arjun Reddy,M,1989-12-28,2018-10-20,False,REGULAR,GEO000054,2025-10-29 09:00:00
CUST00004025,Sai Patel,M,1988-10-03,2020-08-18,False,BUDGET,GEO000023,2025-12-07 09:00:00
CUST00004026,Suresh Malhotra,M,1994-08-21,2019-07-29,False,BUDGET,GEO000042,2025-10-09 09:00:00
CUST00004027,Kavya Thakur,F,1980-04-05,2025-08-26,True,PREMIUM,GEO000049,2025-09-28 09:00:00
CUST00004028,Deepak Yadav,F,1984-10-22,2020-01-01,False,BUDGET,GEO000045,2025-09-22 09:00:00
CUST00004029,Sneha Pandey,M,1982-02-19,2021-12-20,False,BUDGET,GEO000005,2025-11-23 09:00:00
CUST00004030,Rohit Chatterjee,F,1977-12-02,2023-01-17,False,REGULAR,GEO000050,2025-09-01 09:00:00
CUST00004031,Neha Chatterjee,M,1990-06-09,2020-04-24,True,REGULAR,GEO000013,2025-12-04 09:00:00
CUST00004032,Vivaan Khan,M,1996-04-03,2025-08-21,False,PREMIUM,GEO000044,2025-11-03 09:00:00
CUST00004033,Vihaan Jain,F,1978-02-16,2019-11-13,True,BUDGET,GEO000041,2025-08-13 09:00:00
CUST00004034,Manish Chatterjee,F,2005-08-10,2022-07-17,True,REGULAR,GEO000017,2026-01-18 09:00:00
CUST00004035,Aditi Goswami,M,2002-12-19,2019-06-04,False,REGULAR,GEO000042,2025-08-30 09:00:00
CUST00004036,Aarav Bose,M,1971-09-25,2018-08-07,True,REGULAR,GEO000017,2025-10-13 09:00:00
CUST00004037,Aditi Jain,M,2006-12-20,2024-02-04,False,REGULAR,GEO000033,2025-10-21 09:00:00
CUST00004038,Vikram Thakur,M,1997-02-17,2024-08-16,True,REGULAR,GEO000015,2025-11-15 09:00:00
CUST00004039,Anaya Kulkarni,M,1977-03-21,2018-06-28,False,BUDGET,GEO000036,2025-08-08 09:00:00
CUST00004040,Manish Gupta,F,1979-03-07,2023-11-02,False,REGULAR,GEO000004,2025-12-16 09:00:00
CUST00004041,Aditi Mishra,F,2004-10-25,2020-09-06,False,REGULAR,GEO000033,2025-11-07 09:00:00
CUST00004042,Vivaan Malhotra,F,1995-01-25,2024-08-12,False,REGULAR,GEO000040,2025-08-29 09:00:00
CUST00004043,Aditi Sharma,M,2007-05-11,2022-03-06,False,REGULAR,GEO000016,2025-08-27 09:00:00
CUST00004044,Deepak Chatterjee,F,1977-04-16,2024-04-02,False,REGULAR,GEO000052,2026-01-29 09:00:00
CUST00004045,Vihaan Kapoor,M,1994-06-17,2018-07-09,False,BUDGET,GEO000035,2025-10-28 09:00:00
CUST00004046,Priya Gupta,M,2003-11-20,2020-06-23,False,REGULAR,GEO000001,2025-11-22 09:00:00
CUST00004047,Nikhil Gupta,M,1983-01-03,2019-02-25,False,REGULAR,GEO000038,2025-08-31 09:00:00
CUST00004048,Ankit Gupta,F,1986-11-16,2024-06-12,True,BUDGET,GEO000028,2025-08-22 09:00:00
CUST00004049,Rahul Dutta,F,1986-02-14,2023-05-13,False,REGULAR,GEO000057,2025-12-15 09:00:00
CUST00004050,Sai Malhotra,F,1984-06-30,2019-02-08,True,BUDGET,GEO000005,2025-11-02 09:00:00
CUST00004051,Deepak Thakur,F,1974-12-28,2020-06-03,False,REGULAR,GEO000027,2025-12-09 09:00:00
CUST00004052,Kunal Mehta,F,1989-07-26,2023-08-17,False,REGULAR,GEO000039,2025-12-02 09:00:00
CUST00004053,Aditya Das,F,1977-09-07,2022-02-12,False,REGULAR,GEO000029,2025-12-13 09:00:00
CUST00004054,Varun Patel,F,1973-06-27,2018-04-10,True,BUDGET,GEO000051,2025-11-25 09:00:00
CUST00004055,Kunal Gupta,M,1972-04-27,2022-11-24,False,REGULAR,GEO000002,2025-08-10 09:00:00
CUST00004056,Sneha Nair,M,1999-12-19,2018-02-16,False,PREMIUM,GEO000041,2026-01-10 09:00:00
CUST00004057,Nikhil Mishra,F,2001-06-20,2021-10-10,False,REGULAR,GEO000020,2025-10-01 09:00:00
CUST00004058,Pooja Iyer,F,1988-12-02,2021-04-24,True,REGULAR,GEO000044,2025-11-19 09:00:00
CUST00004059,Priya Reddy,M,1992-01-02,2021-06-24,False,REGULAR,GEO000038,2025-09-01 09:00:00
CUST00004060,Pooja Gupta,M,1975-04-08,2022-09-04,False,BUDGET,GEO000029,2025-11-22 09:00:00
CUST00004061,Kavya Bose,F,1986-10-03,2020-06-11,False,REGULAR,GEO000046,2025-12-29 09:00:00
CUST00004062,Kavya Das,M,1979-06-01,2023-11-10,False,REGULAR,GEO000024,2025-12-30 09:00:00
CUST00004063,Ankit Bhat,F,2001-03-11,2025-08-26,False,REGULAR,GEO000043,2025-09-15 09:00:00
CUST00004064,Vivaan Jain,F,1978-07-29,2025-01-18,False,REGULAR,GEO000018,2025-11-10 09:00:00
CUST00004065,Varun Patel,F,1982-07-10,2022-07-26,False,REGULAR,GEO000011,2025-08-16 09:00:00
CUST00004066,Vihaan Gupta,M,1993-09-18,2022-06-05,True,BUDGET,GEO000014,2025-12-21 09:00:00
CUST00004067,Vihaan Mishra,F,1981-03-06,2018-03-22,False,REGULAR,GEO000002,2025-11-15 09:00:00
CUST00004068,Deepak Bose,M,1991-04-08,2025-03-15,False,BUDGET,GEO000056,2025-12-07 09:00:00
CUST00004069,Diya Khan,F,1984-12-10,2021-12-11,True,REGULAR,GEO000049,2025-08-22 09:00:00
CUST00004070,Priya Goswami,F,1990-03-15,2021-08-29,False,BUDGET,GEO000054,2025-08-27 09:00:00
CUST00004071,Pooja Nair,M,2005-03-29,2021-02-14,False,BUDGET,GEO000041,2026-01-15 09:00:00
CUST00004072,Kavya Reddy,F,1995-02-26,2025-12-23,False,REGULAR,GEO000002,2025-10-02 09:00:00
CUST00004073,Neha Dutta,F,1996-06-28,2022-04-20,True,REGULAR,GEO000017,2025-11-08 09:00:00
CUST00004074,Arjun Pandey,F,1974-03-16,2022-07-08,True,BUDGET,GEO000058,2025-12-02 09:00:00
CUST00004075,Meera Mehta,M,1989-05-19,2021-07-26,False,BUSINESS,GEO000052,2025-08-30 09:00:00
CUST00004076,Aarav Bhat,M,1999-04-15,2021-11-14,True,REGULAR,GEO000018,2025-08-26 09:00:00
CUST00004077,Rohit Joshi,M,2007-04-18,2023-10-01,True,REGULAR,GEO000047,2026-02-01 09:00:00
CUST00004078,Aditya Gupta,M,1976-02-11,2018-06-08,False,BUDGET,GEO000040,2025-10-15 09:00:00
CUST00004079,Sanjana Malhotra,F,1995-06-03,2025-02-23,False,REGULAR,GEO000044,2025-11-03 09:00:00
CUST00004080,Neha Verma,F,2006-07-12,2021-10-15,False,BUDGET,GEO000043,2026-01-10 09:00:00
CUST00004081,Deepak Goswami,M,1971-02-20,2025-10-03,False,REGULAR,GEO000040,2025-08-17 09:00:00
CUST00004082,Priya Kulkarni,M,1972-05-17,2024-04-06,False,REGULAR,GEO000055,2025-10-21 09:00:00
CUST00004083,Anaya Jain,M,2006-02-14,2023-07-02,False,REGULAR,GEO000035,2025-12-24 09:00:00
CUST00004084,Rahul Reddy,M,2004-10-15,2021-05-08,False,REGULAR,GEO000011,2025-08-24 09:00:00
CUST00004085,Aarav Joshi,M,1993-02-25,2021-11-22,False,BUDGET,GEO000054,2025-08-18 09:00:00
CUST00004086,Kunal Mehta,F,2001-12-08,2025-05-15,False,REGULAR,GEO000052,2025-11-27 09:00:00
CUST00004087,Aditya Chatterjee,M,1982-10-09,2019-10-17,False,BUDGET,GEO000029,2026-01-22 09:00:00
CUST00004088,Arjun Jain,F,2002-08-16,2019-03-25,False,PREMIUM,GEO000033,2026-02-03 09:00:00
CUST00004089,Kunal Saxena,F,1998-04-06,2022-01-02,False,PREMIUM,GEO000016,2025-08-20 09:00:00
CUST00004090,Vikram Goswami,M,1999-07-16,2023-06-25,False,BUDGET,GEO000030,2026-01-14 09:00:00
CUST00004091,Anaya Mishra,M,1990-04-19,2025-10-17,True,REGULAR,GEO000012,2025-12-24 09:00:00
CUST00004092,Pooja Thakur,F,1979-04-16,2018-01-30,True,BUDGET,GEO000058,2025-11-30 09:00:00
CUST00004093,Aditi Jain,F,1972-08-26,2021-05-15,False,REGULAR,GEO000058,2025-08-30 09:00:00
CUST00004094,Meera Verma,M,1999-11-27,2025-12-01,False,PREMIUM,GEO000021,2025-10-04 09:00:00
CUST00004095,Rohit Bhat,M,2005-08-19,2022-10-30,False,BUDGET,GEO000047,2025-09-26 09:00:00
CUST00004096,Rahul Reddy,M,1980-10-11,2021-02-23,False,PREMIUM,GEO000008,2025-09-22 09:00:00
CUST00004097,Sai Jain,F,1993-12-01,2019-03-10,False,BUDGET,GEO000043,2025-10-07 09:00:00
CUST00004098,Aditi Malhotra,M,1994-04-10,2024-07-17,False,BUSINESS,GEO000006,2025-09-09 09:00:00
CUST00004099,Vivaan Patel,M,1978-06-07,2024-02-05,False,REGULAR,GEO000035,2026-02-03 09:00:00
CUST00004100,Nikhil Bose,O,1973-12-30,2023-08-08,False,REGULAR,GEO000016,2025-11-27 09:00:00
CUST00004101,Diya Saxena,F,1980-07-22,2018-01-13,False,BUDGET,GEO000026,2025-11-02 09:00:00
CUST00004102,Sanjana Gupta,F,1997-11-02,2020-07-18,True,BUDGET,GEO000005,2026-01-18 09:00:00
CUST00004103,Nikhil Kulkarni,F,1998-01-30,2023-12-09,False,REGULAR,GEO000023,2025-08-19 09:00:00
CUST00004104,Sai Bhat,F,1974-09-01,2025-05-19,False,BUDGET,GEO000025,2025-12-21 09:00:00
CUST00004105,Sai Mishra,F,1976-04-17,2024-03-25,False,REGULAR,GEO000008,2025-12-19 09:00:00
CUST00004106,Sai Pandey,M,1972-08-23,2024-02-08,True,BUDGET,GEO000021,2025-12-08 09:00:00
CUST00004107,Isha Malhotra,M,1970-05-17,2019-03-23,True,BUDGET,GEO000014,2025-09-24 09:00:00
CUST00004108,Nikhil Reddy,F,2002-06-07,2021-08-10,False,REGULAR,GEO000002,2025-11-02 09:00:00
CUST00004109,Pooja Khan,M,1997-09-14,2020-03-05,False,REGULAR,GEO000017,2025-12-25 09:00:00
CUST00004110,Aarav Bhat,M,2005-06-21,2024-01-26,False,REGULAR,GEO000001,2025-08-19 09:00:00
CUST00004111,Anaya Khan,M,1997-08-12,2021-02-26,True,PREMIUM,GEO000041,2025-09-28 09:00:00
CUST00004112,Priya Sharma,M,1980-01-23,2018-06-27,False,REGULAR,GEO000015,2026-01-01 09:00:00
CUST00004113,Vikram Saxena,M,1993-10-04,2025-03-15,False,BUDGET,GEO000038,2025-10-16 09:00:00
CUST00004114,Arjun Das,F,1971-03-24,2022-08-14,False,BUDGET,GEO000010,2026-01-27 09:00:00
CUST00004115,Sneha Saxena,F,1983-12-06,2021-07-23,False,BUDGET,GEO000043,2026-01-13 09:00:00
CUST00004116,Manish Nair,M,2003-09-13,2021-10-14,True,BUDGET,GEO000043,2025-10-31 09:00:00
CUST00004117,Sneha Das,M,1975-05-20,2021-10-07,False,REGULAR,GEO000010,2025-12-30 09:00:00
CUST00004118,Suresh Bhat,F,1975-05-16,2021-01-27,False,REGULAR,GEO000049,2025-11-17 09:00:00
CUST00004119,Vikram Bhat,M,1991-02-26,2019-07-19,True,REGULAR,GEO000017,2025-09-21 09:00:00
CUST00004120,Kunal Malhotra,F,2006-02-20,2025-08-08,False,REGULAR,GEO000010,2025-09-02 09:00:00
CUST00004121,Isha Pandey,F,2004-05-13,2025-10-26,True,BUDGET,GEO000050,2025-11-12 09:00:00
CUST00004122,Diya Jain,F,1976-11-02,2024-09-16,False,BUSINESS,GEO000042,2025-10-11 09:00:00
CUST00004123,Diya Mishra,F,1976-01-06,2025-03-03,True,REGULAR,GEO000007,2025-09-01 09:00:00
CUST00004124,Aditya Singh,M,1991-02-26,2019-05-20,False,REGULAR,GEO000002,2025-12-31 09:00:00
CUST00004125,Vivaan Das,M,1988-06-01,2018-06-03,False,REGULAR,GEO000034,2025-11-11 09:00:00
CUST00004126,Pooja Kulkarni,F,2000-11-22,2025-12-24,False,BUDGET,GEO000031,2026-01-21 09:00:00
CUST00004127,Aditya Malhotra,F,1970-01-17,2023-10-06,True,REGULAR,GEO000016,2025-11-11 09:00:00
CUST00004128,Kiran Reddy,F,1997-10-25,2021-02-07,False,BUDGET,GEO000025,2025-12-23 09:00:00
CUST00004129,Isha Reddy,M,1996-01-26,2025-12-17,False,REGULAR,GEO000021,2025-09-23 09:00:00
CUST00004130,Rahul Yadav,M,1991-08-28,2020-03-03,False,REGULAR,GEO000001,2025-08-28 09:00:00
CUST00004131,Priya Goswami,F,1997-09-13,2021-04-14,False,REGULAR,GEO000051,2025-11-03 09:00:00
CUST00004132,Aarav Bose,M,1994-03-19,2022-04-24,False,PREMIUM,GEO000010,2026-01-05 09:00:00
CUST00004133,Kavya Bose,F,1982-05-06,2023-06-11,False,PREMIUM,GEO000034,2025-08-29 09:00:00
CUST00004134,Neha Iyer,F,1979-06-09,2019-05-04,True,REGULAR,GEO000016,2025-12-06 09:00:00
CUST00004135,Aditi Thakur,M,1982-01-26,2020-01-24,False,BUDGET,GEO000001,2025-08-27 09:00:00
CUST00004136,Aditya Khan,M,1972-10-08,2022-10-16,False,BUSINESS,GEO000009,2025-12-30 09:00:00
CUST00004137,Rohit Sharma,F,2003-04-03,2022-07-05,True,REGULAR,GEO000031,2025-10-03 09:00:00
CUST00004138,Aarav Kulkarni,F,1977-01-24,2019-10-25,True,REGULAR,GEO000044,2025-12-06 09:00:00
CUST00004139,Priya Mishra,F,1989-10-28,2023-11-07,True,PREMIUM,GEO000053,2025-10-15 09:00:00
CUST00004140,Riya Khan,F,1992-10-18,2025-04-18,True,REGULAR,GEO000058,2025-08-24 09:00:00
CUST00004141,Ankit Kulkarni,M,1976-06-06,2025-08-01,False,BUDGET,GEO000025,2025-12-28 09:00:00
CUST00004142,Kiran Nair,F,2004-06-11,2019-11-05,False,REGULAR,GEO000028,2025-12-21 09:00:00
CUST00004143,Rohit Dutta,F,1970-04-27,2025-04-26,False,BUDGET,GEO000044,2026-01-01 09:00:00
CUST00004144,Rahul Mehta,F,1983-02-12,2023-02-14,False,BUDGET,GEO000021,2025-08-11 09:00:00
CUST00004145,Deepak Thakur,M,1970-07-31,2025-11-29,False,REGULAR,GEO000044,2025-12-08 09:00:00
CUST00004146,Riya Thakur,M,1989-10-14,2021-03-31,False,REGULAR,GEO000051,2026-01-29 09:00:00
CUST00004147,Vihaan Mehta,F,1998-12-25,2024-04-07,False,REGULAR,GEO000034,2025-10-04 09:00:00
CUST00004148,Arjun Joshi,M,1987-01-10,2025-10-25,False,PREMIUM,GEO000046,2025-10-10 09:00:00
CUST00004149,Arjun Mehta,F,1999-10-15,2025-09-10,False,BUDGET,GEO000047,2026-01-08 09:00:00
CUST00004150,Sneha Iyer,M,2004-10-20,2021-07-02,True,REGULAR,GEO000031,2025-08-12 09:00:00
CUST00004151,Shreya Bose,F,2003-05-17,2019-07-07,False,BUDGET,GEO000040,2025-12-17 09:00:00
CUST00004152,Sanjana Patel,M,1998-02-05,2022-07-27,True,REGULAR,GEO000059,2026-01-07 09:00:00
CUST00004153,Aditi Saxena,M,1990-01-02,2024-12-08,False,BUDGET,GEO000025,2026-01-11 09:00:00
CUST00004154,Aarav Singh,F,2007-01-05,2022-05-08,False,BUDGET,GEO000013,2025-08-30 09:00:00
CUST00004155,Rohit Mishra,M,1992-11-12,2021-04-04,True,BUDGET,GEO000007,2025-08-30 09:00:00
CUST00004156,Sneha Dutta,M,2000-05-03,2022-06-21,True,REGULAR,GEO000017,2025-08-17 09:00:00
CUST00004157,Vivaan Bhat,M,2005-08-29,2020-10-29,False,REGULAR,GEO000012,2025-12-22 09:00:00
CUST00004158,Kunal Patel,F,1986-06-17,2025-09-24,True,REGULAR,GEO000049,2025-11-16 09:00:00
CUST00004159,Ankit Mehta,M,1982-04-12,2022-04-18,False,PREMIUM,GEO000036,2025-11-06 09:00:00
CUST00004160,Meera Mishra,M,1991-03-06,2024-06-02,False,REGULAR,GEO000006,2025-09-06 09:00:00
CUST00004161,Ankit Sharma,M,1989-04-30,2022-05-25,True,PREMIUM,GEO000018,2025-12-30 09:00:00
CUST00004162,Meera Mishra,M,1974-10-15,2018-04-07,True,PREMIUM,GEO000051,2025-09-20 09:00:00
CUST00004163,Deepak Bhat,M,1979-04-07,2020-05-21,False,BUDGET,GEO000003,2025-10-29 09:00:00
CUST00004164,Sneha Kapoor,F,1973-02-05,2025-02-06,False,PREMIUM,GEO000017,2026-01-19 09:00:00
CUST00004165,Deepak Pandey,F,1998-05-06,2025-06-10,False,BUDGET,GEO000004,2025-10-22 09:00:00
CUST00004166,Rahul Pandey,F,1972-04-22,2022-07-20,True,BUDGET,GEO000002,2026-01-25 09:00:00
CUST00004167,Neha Yadav,M,1987-05-29,2021-10-12,True,PREMIUM,GEO000017,2025-08-21 09:00:00
CUST00004168,Aditi Khan,M,1991-11-06,2025-02-09,True,BUDGET,GEO000044,2025-11-06 09:00:00
CUST00004169,Anaya Verma,F,1990-09-03,2018-05-18,False,REGULAR,GEO000059,2025-08-20 09:00:00
CUST00004170,Kunal Goswami,M,2002-02-03,2022-03-12,False,REGULAR,GEO000052,2025-11-09 09:00:00
CUST00004171,Aditi Khan,F,1986-06-15,2024-09-30,False,BUDGET,GEO000027,2025-08-20 09:00:00
CUST00004172,Meera Mehta,M,1975-11-25,2024-06-24,False,REGULAR,GEO000056,2025-11-13 09:00:00
CUST00004173,Nikhil Mishra,F,1977-11-30,2020-04-12,True,BUDGET,GEO000036,2025-11-27 09:00:00
CUST00004174,Aarav Chatterjee,F,2001-06-26,2018-08-01,False,REGULAR,GEO000040,2025-11-28 09:00:00
CUST00004175,Anaya Iyer,M,1996-06-15,2019-07-26,False,REGULAR,GEO000038,2025-11-07 09:00:00
CUST00004176,Priya Dutta,F,1977-03-19,2021-03-29,False,REGULAR,GEO000026,2025-10-08 09:00:00
CUST00004177,Kavya Mishra,M,2002-07-22,2022-10-15,False,BUDGET,GEO000040,2026-01-06 09:00:00
CUST00004178,Suresh Joshi,F,2006-05-30,2024-12-19,False,BUDGET,GEO000016,2025-11-13 09:00:00
CUST00004179,Rohit Mehta,M,1985-09-01,2021-07-24,False,REGULAR,GEO000024,2025-08-23 09:00:00
CUST00004180,Vihaan Saxena,O,1997-02-18,2021-11-17,True,BUDGET,GEO000028,2025-08-18 09:00:00
CUST00004181,Kavya Chatterjee,M,1975-10-15,2025-07-11,True,BUDGET,GEO000008,2025-09-10 09:00:00
CUST00004182,Aditya Pandey,M,1970-05-10,2025-11-15,True,BUDGET,GEO000035,2025-10-01 09:00:00
CUST00004183,Priya Kulkarni,F,1997-07-29,2024-07-27,True,REGULAR,GEO000054,2025-12-01 09:00:00
CUST00004184,Priya Bhat,F,1997-12-13,2020-08-01,False,REGULAR,GEO000052,2026-01-03 09:00:00
CUST00004185,Sai Yadav,M,1996-10-14,2024-05-04,True,REGULAR,GEO000042,2025-10-30 09:00:00
CUST00004186,Nikhil Yadav,F,1994-08-12,2023-12-10,False,REGULAR,GEO000055,2025-09-14 09:00:00
CUST00004187,Isha Saxena,M,1975-09-03,2022-07-18,True,REGULAR,GEO000025,2025-08-18 09:00:00
CUST00004188,Manish Bose,M,2007-03-04,2023-04-20,False,REGULAR,GEO000043,2025-09-23 09:00:00
CUST00004189,Isha Kapoor,M,1971-09-19,2022-06-12,False,PREMIUM,GEO000026,2025-10-11 09:00:00
CUST00004190,Rohit Dutta,F,1992-09-13,2023-10-07,True,BUDGET,GEO000046,2025-12-10 09:00:00
CUST00004191,Deepak Gupta,F,2004-03-21,2019-06-22,False,REGULAR,GEO000051,2025-10-10 09:00:00
CUST00004192,Anaya Verma,F,1999-04-14,2023-09-18,True,REGULAR,GEO000049,2025-12-20 09:00:00
CUST00004193,Diya Jain,M,1996-11-10,2024-06-28,True,REGULAR,GEO000033,2025-08-15 09:00:00
CUST00004194,Shreya Goswami,M,1973-11-30,2023-04-29,True,REGULAR,GEO000043,2025-12-28 09:00:00
CUST00004195,Deepak Thakur,F,1995-04-10,2018-03-18,True,REGULAR,GEO000036,2025-08-20 09:00:00
CUST00004196,Diya Bhat,M,1993-03-21,2024-02-19,False,BUDGET,GEO000028,2026-01-10 09:00:00
CUST00004197,Rohit Iyer,F,1984-08-21,2019-01-08,False,REGULAR,GEO000045,2025-11-24 09:00:00
CUST00004198,Ankit Khan,M,1979-04-01,2020-03-15,False,BUDGET,GEO000033,2025-12-24 09:00:00
CUST00004199,Pooja Kapoor,F,1994-08-05,2023-09-03,True,BUDGET,GEO000038,2025-10-31 09:00:00
CUST00004200,Deepak Malhotra,M,1984-06-13,2018-08-30,False,BUDGET,GEO000034,2026-01-20 09:00:00
CUST00004201,Aditya Gupta,F,1988-04-14,2020-03-13,False,REGULAR,GEO000042,2025-11-08 09:00:00
CUST00004202,Vivaan Das,M,1986-04-28,2018-03-03,False,REGULAR,GEO000047,2026-02-04 09:00:00
CUST00004203,Arjun Bhat,M,2006-07-01,2023-03-06,False,BUDGET,GEO000019,2025-11-11 09:00:00
CUST00004204,Aarav Thakur,M,1981-12-06,2024-06-12,True,BUSINESS,GEO000038,2025-10-01 09:00:00
CUST00004205,Rohit Das,F,1996-07-22,2019-08-14,False,REGULAR,GEO000059,2025-10-23 09:00:00
CUST00004206,Kunal Das,F,1982-04-15,2021-05-30,True,BUDGET,GEO000041,2025-10-14 09:00:00
CUST00004207,Aditi Reddy,F,2001-10-21,2022-07-09,False,BUDGET,GEO000058,2025-11-21 09:00:00
CUST00004208,Sneha Iyer,F,1978-03-23,2025-06-17,False,REGULAR,GEO000028,2025-09-15 09:00:00
CUST00004209,Kunal Patel,F,1974-08-27,2025-06-11,False,REGULAR,GEO000014,2026-01-03 09:00:00
CUST00004210,Shreya Malhotra,M,2000-07-08,2025-04-03,True,REGULAR,GEO000011,2025-09-25 09:00:00
CUST00004211,Aditi Joshi,F,1994-12-14,2022-06-13,True,REGULAR,GEO000053,2025-10-31 09:00:00
CUST00004212,Isha Yadav,M,1985-04-13,2018-05-15,False,REGULAR,GEO000054,2025-12-15 09:00:00
CUST00004213,Ankit Thakur,F,1989-07-23,2019-04-06,False,REGULAR,GEO000004,2025-08-26 09:00:00
CUST00004214,Isha Das,M,1994-09-20,2025-03-02,False,REGULAR,GEO000022,2025-12-31 09:00:00
CUST00004215,Vihaan Iyer,M,2006-01-15,2024-12-05,False,REGULAR,GEO000022,2025-09-13 09:00:00
CUST00004216,Aditi Singh,M,1981-09-29,2021-05-23,False,PREMIUM,GEO000039,2026-02-04 09:00:00
CUST00004217,Suresh Goswami,M,2002-07-10,2018-03-21,False,REGULAR,GEO000027,2025-09-27 09:00:00
CUST00004218,Priya Chatterjee,M,1996-06-10,2021-10-06,False,REGULAR,GEO000058,2025-11-17 09:00:00
CUST00004219,Neha Reddy,F,1978-11-21,2022-07-13,False,REGULAR,GEO000029,2025-12-15 09:00:00
CUST00004220,Vivaan Gupta,F,2002-04-30,2023-08-12,True,REGULAR,GEO000054,2025-09-19 09:00:00
CUST00004221,Kavya Kapoor,F,1974-12-07,2023-12-30,False,REGULAR,GEO000024,2025-11-23 09:00:00
CUST00004222,Rahul Nair,M,2003-10-25,2019-11-21,False,REGULAR,GEO000029,2025-12-26 09:00:00
CUST00004223,Vihaan Yadav,M,1999-07-10,2022-05-23,True,REGULAR,GEO000040,2025-08-29 09:00:00
CUST00004224,Vivaan Singh,M,1995-08-02,2023-02-06,False,REGULAR,GEO000026,2025-09-26 09:00:00
CUST00004225,Neha Gupta,O,1973-09-16,2023-11-05,False,REGULAR,GEO000018,2025-12-07 09:00:00
CUST00004226,Vikram Kapoor,F,1986-05-12,2021-04-07,True,REGULAR,GEO000007,2025-12-15 09:00:00
CUST00004227,Sneha Gupta,F,1976-03-11,2024-04-22,False,REGULAR,GEO000045,2026-01-22 09:00:00
CUST00004228,Aarav Joshi,F,1970-12-05,2022-02-27,False,BUDGET,GEO000042,2025-11-27 09:00:00
CUST00004229,Manish Pandey,F,1977-04-09,2023-09-14,False,BUDGET,GEO000003,2025-12-10 09:00:00
CUST00004230,Varun Bhat,F,1978-01-03,2019-04-05,False,PREMIUM,GEO000049,2026-02-01 09:00:00
CUST00004231,Ankit Chatterjee,M,1992-06-03,2024-02-10,False,REGULAR,GEO000027,2025-11-20 09:00:00
CUST00004232,Arjun Mishra,F,1983-07-28,2022-05-27,False,PREMIUM,GEO000030,2025-09-14 09:00:00
CUST00004233,Deepak Yadav,F,1976-05-22,2020-03-20,False,REGULAR,GEO000045,2025-09-02 09:00:00
CUST00004234,Vivaan Yadav,F,1976-05-27,2025-06-11,False,REGULAR,GEO000037,2026-01-13 09:00:00
CUST00004235,Aditya Dutta,M,1992-03-19,2019-02-25,False,BUDGET,GEO000017,2025-08-09 09:00:00
CUST00004236,Nikhil Reddy,M,1970-03-15,2020-12-10,True,BUDGET,GEO000004,2026-01-08 09:00:00
CUST00004237,Vikram Nair,M,1979-02-24,2018-06-02,False,REGULAR,GEO000017,2025-08-25 09:00:00
CUST00004238,Rahul Verma,M,1974-10-19,2023-09-12,False,PREMIUM,GEO000009,2025-10-28 09:00:00
CUST00004239,Sneha Khan,M,1999-06-25,2023-05-09,True,REGULAR,GEO000046,2025-09-21 09:00:00
CUST00004240,Pooja Das,M,1974-03-21,2024-07-28,False,REGULAR,GEO000019,2026-01-01 09:00:00
CUST00004241,Suresh Pandey,M,1984-06-28,2025-11-17,True,REGULAR,GEO000008,2025-12-16 09:00:00
CUST00004242,Vivaan Bhat,M,1976-04-24,2024-08-06,True,REGULAR,GEO000057,2025-09-13 09:00:00
CUST00004243,Anaya Gupta,F,1995-07-26,2018-04-13,True,REGULAR,GEO000058,2026-01-07 09:00:00
CUST00004244,Pooja Chatterjee,F,1987-09-24,2025-08-27,False,BUDGET,GEO000028,2025-12-23 09:00:00
CUST00004245,Ankit Saxena,M,1986-02-16,2024-10-15,True,BUDGET,GEO000003,2025-12-14 09:00:00
CUST00004246,Aditya Gupta,F,1995-10-23,2018-01-08,False,REGULAR,GEO000054,2025-12-19 09:00:00
CUST00004247,Vivaan Chatterjee,F,1988-11-14,2022-09-05,False,REGULAR,GEO000027,2025-10-13 09:00:00
CUST00004248,Sai Bose,M,1995-11-04,2021-02-01,False,BUDGET,GEO000004,2025-09-20 09:00:00
CUST00004249,Deepak Chatterjee,F,1998-07-01,2022-09-25,True,REGULAR,GEO000033,2025-08-13 09:00:00
CUST00004250,Pooja Iyer,F,1978-05-28,2020-12-09,False,PREMIUM,GEO000041,2025-12-24 09:00:00
CUST00004251,Pooja Gupta,M,1972-11-25,2025-03-10,False,BUDGET,GEO000011,2025-10-06 09:00:00
CUST00004252,Aarav Malhotra,F,1987-04-07,2022-05-11,False,PREMIUM,GEO000025,2025-10-03 09:00:00
CUST00004253,Aditya Malhotra,F,1988-11-04,2018-09-11,False,REGULAR,GEO000022,2025-09-07 09:00:00
CUST00004254,Priya Reddy,F,1997-10-27,2021-07-18,False,BUSINESS,GEO000040,2026-01-10 09:00:00
CUST00004255,Kunal Bhat,M,2002-01-06,2018-10-11,False,PREMIUM,GEO000028,2025-12-03 09:00:00
CUST00004256,Meera Mehta,M,2003-07-07,2025-01-19,False,REGULAR,GEO000039,2026-01-10 09:00:00
CUST00004257,Anaya Thakur,M,2005-04-22,2024-07-28,False,REGULAR,GEO000031,2025-09-09 09:00:00
CUST00004258,Priya Bhat,M,1988-12-17,2018-12-13,False,BUDGET,GEO000014,2025-10-03 09:00:00
CUST00004259,Shreya Reddy,M,1998-02-18,2018-01-06,False,PREMIUM,GEO000026,2025-11-01 09:00:00
CUST00004260,Suresh Reddy,O,2002-11-03,2024-09-11,False,BUDGET,GEO000023,2026-01-26 09:00:00
CUST00004261,Diya Kulkarni,M,1982-08-05,2024-01-17,True,REGULAR,GEO000055,2025-09-08 09:00:00
CUST00004262,Anaya Gupta,F,1979-10-30,2025-04-28,False,REGULAR,GEO000040,2026-01-05 09:00:00
CUST00004263,Vikram Khan,F,1971-03-17,2024-06-06,True,REGULAR,GEO000026,2025-12-21 09:00:00
CUST00004264,Aarav Saxena,F,1983-06-21,2018-06-02,False,REGULAR,GEO000032,2025-09-06 09:00:00
CUST00004265,Manish Mehta,F,1980-04-10,2018-10-31,False,REGULAR,GEO000029,2025-12-09 09:00:00
CUST00004266,Nikhil Sharma,F,1995-02-15,2019-01-16,False,BUDGET,GEO000041,2025-08-16 09:00:00
CUST00004267,Sanjana Goswami,M,1988-06-17,2022-10-24,False,BUSINESS,GEO000012,2025-12-27 09:00:00
CUST00004268,Arjun Patel,M,1996-05-24,2020-08-28,False,REGULAR,GEO000047,2025-10-25 09:00:00
CUST00004269,Isha Khan,F,1994-02-11,2019-08-22,False,REGULAR,GEO000051,2025-11-16 09:00:00
CUST00004270,Kunal Mishra,F,1996-10-16,2023-08-23,False,REGULAR,GEO000048,2025-08-28 09:00:00
CUST00004271,Vivaan Patel,M,1994-01-29,2024-02-24,False,REGULAR,GEO000027,2025-11-07 09:00:00
CUST00004272,Varun Saxena,F,1987-03-10,2018-03-11,False,REGULAR,GEO000032,2025-10-29 09:00:00
CUST00004273,Meera Patel,F,1997-08-29,2020-10-06,False,REGULAR,GEO000050,2025-08-19 09:00:00
CUST00004274,Priya Jain,F,2003-08-27,2023-12-19,False,BUDGET,GEO000002,2025-10-24 09:00:00
CUST00004275,Arjun Gupta,F,2004-04-30,2022-09-14,False,PREMIUM,GEO000002,2025-12-15 09:00:00
CUST00004276,Kunal Yadav,M,1997-12-27,2019-11-01,False,BUDGET,GEO000035,2025-10-03 09:00:00
CUST00004277,Aditya Verma,M,1991-04-11,2025-05-07,False,REGULAR,GEO000032,2025-10-25 09:00:00
CUST00004278,Aditi Kulkarni,M,1971-03-17,2023-10-03,False,REGULAR,GEO000009,2025-12-24 09:00:00
CUST00004279,Kunal Pandey,M,1998-11-07,2022-07-22,False,BUDGET,GEO000010,2025-12-03 09:00:00
CUST00004280,Rahul Malhotra,M,1992-10-08,2022-11-15,False,REGULAR,GEO000041,2025-08-23 09:00:00
CUST00004281,Manish Jain,M,1993-10-24,2020-11-02,False,BUDGET,GEO000047,2026-01-13 09:00:00
CUST00004282,Riya Thakur,M,2006-04-01,2018-12-27,False,REGULAR,GEO000021,2025-09-07 09:00:00
CUST00004283,Neha Yadav,M,1981-05-22,2025-03-30,False,REGULAR,GEO000048,2025-08-18 09:00:00
CUST00004284,Anaya Khan,F,2002-04-02,2019-05-03,False,REGULAR,GEO000004,2026-01-25 09:00:00
CUST00004285,Ankit Dutta,F,1972-08-18,2025-01-21,False,REGULAR,GEO000038,2026-01-07 09:00:00
CUST00004286,Neha Verma,F,1973-05-09,2021-09-15,False,REGULAR,GEO000045,2026-02-04 09:00:00
CUST00004287,Anaya Sharma,M,1973-09-02,2022-03-19,False,BUDGET,GEO000039,2025-08-25 09:00:00
CUST00004288,Anaya Mehta,F,1988-11-08,2024-08-12,False,REGULAR,GEO000030,2026-01-26 09:00:00
CUST00004289,Sanjana Mishra,M,2006-05-23,2020-11-18,True,PREMIUM,GEO000008,2025-09-26 09:00:00
CUST00004290,Shreya Malhotra,M,1985-04-03,2025-08-11,False,REGULAR,GEO000011,2025-08-29 09:00:00
CUST00004291,Rahul Bhat,F,1995-09-03,2021-10-24,True,BUDGET,GEO000007,2025-12-15 09:00:00
CUST00004292,Shreya Khan,F,2001-03-20,2019-09-09,False,PREMIUM,GEO000009,2025-09-09 09:00:00
CUST00004293,Rohit Nair,M,1987-06-30,2019-12-30,False,BUSINESS,GEO000052,2025-11-29 09:00:00
CUST00004294,Pooja Singh,M,1979-05-08,2020-10-17,False,REGULAR,GEO000009,2025-12-11 09:00:00
CUST00004295,Shreya Bose,M,1977-04-22,2023-05-29,True,REGULAR,GEO000015,2025-08-26 09:00:00
CUST00004296,Rahul Joshi,F,1986-09-15,2020-05-09,False,BUDGET,GEO000046,2025-11-04 09:00:00
CUST00004297,Isha Gupta,M,1974-09-29,2021-06-05,False,REGULAR,GEO000008,2025-08-14 09:00:00
CUST00004298,Ankit Kulkarni,M,2003-07-20,2019-05-08,False,BUSINESS,GEO000006,2025-12-05 09:00:00
CUST00004299,Anaya Singh,M,1983-03-04,2018-06-06,False,BUDGET,GEO000057,2025-10-27 09:00:00
CUST00004300,Vihaan Das,M,2000-07-27,2022-05-14,False,REGULAR,GEO000008,2025-11-21 09:00:00
CUST00004301,Aarav Chatterjee,F,1997-10-31,2022-06-21,False,REGULAR,GEO000022,2025-10-14 09:00:00
CUST00004302,Aarav Nair,F,1990-03-06,2020-12-15,False,REGULAR,GEO000037,2025-11-01 09:00:00
CUST00004303,Neha Goswami,F,1983-10-02,2025-04-10,False,BUDGET,GEO000006,2025-11-02 09:00:00
CUST00004304,Kavya Verma,F,1986-07-15,2019-01-28,False,PREMIUM,GEO000029,2025-08-18 09:00:00
CUST00004305,Anaya Khan,M,1976-03-17,2025-08-28,False,REGULAR,GEO000029,2025-10-26 09:00:00
CUST00004306,Manish Singh,F,1982-10-04,2022-11-09,False,PREMIUM,GEO000010,2025-08-28 09:00:00
CUST00004307,Suresh Iyer,F,2004-03-15,2018-08-31,False,REGULAR,GEO000008,2025-12-14 09:00:00
CUST00004308,Varun Reddy,M,1997-11-20,2025-02-01,False,PREMIUM,GEO000051,2025-11-02 09:00:00
CUST00004309,Suresh Sharma,M,1971-06-05,2022-11-15,False,REGULAR,GEO000055,2026-01-31 09:00:00
CUST00004310,Arjun Verma,F,2001-09-09,2019-07-31,True,PREMIUM,GEO000034,2025-12-20 09:00:00
CUST00004311,Anaya Sharma,M,1999-08-23,2018-03-09,False,REGULAR,GEO000046,2026-01-30 09:00:00
CUST00004312,Riya Goswami,M,1971-08-29,2018-11-21,False,REGULAR,GEO000009,2025-11-06 09:00:00
CUST00004313,Kunal Jain,M,2007-03-03,2020-11-23,True,BUDGET,GEO000053,2025-11-19 09:00:00
CUST00004314,Shreya Iyer,F,1970-12-30,2024-11-04,False,BUDGET,GEO000009,2025-09-17 09:00:00
CUST00004315,Shreya Gupta,M,1976-11-03,2019-04-12,False,REGULAR,GEO000030,2025-09-20 09:00:00
CUST00004316,Aarav Verma,M,1998-08-14,2018-03-24,False,PREMIUM,GEO000024,2026-01-08 09:00:00
CUST00004317,Aarav Chatterjee,F,1995-09-28,2023-02-24,False,REGULAR,GEO000053,2025-12-21 09:00:00
CUST00004318,Sai Bose,M,1981-01-11,2020-10-13,False,REGULAR,GEO000015,2025-11-06 09:00:00
CUST00004319,Riya Sharma,M,1979-07-02,2021-12-07,False,BUDGET,GEO000007,2025-11-09 09:00:00
CUST00004320,Riya Mehta,M,2000-07-20,2022-02-04,True,BUDGET,GEO000023,2025-10-22 09:00:00
CUST00004321,Priya Reddy,F,1992-01-15,2024-01-17,False,REGULAR,GEO000010,2025-10-20 09:00:00
CUST00004322,Aarav Goswami,M,2005-04-26,2024-05-22,False,REGULAR,GEO000043,2026-01-13 09:00:00
CUST00004323,Anaya Bose,F,2001-03-24,2018-06-02,True,BUDGET,GEO000033,2025-09-20 09:00:00
CUST00004324,Riya Verma,M,2006-02-13,2023-12-29,False,PREMIUM,GEO000049,2025-09-23 09:00:00
CUST00004325,Sai Bhat,F,1979-05-17,2019-04-13,False,BUDGET,GEO000059,2026-01-04 09:00:00
CUST00004326,Manish Chatterjee,O,1978-07-25,2018-04-21,False,REGULAR,GEO000027,2025-12-26 09:00:00
CUST00004327,Vihaan Das,F,2004-12-24,2023-01-11,True,REGULAR,GEO000027,2025-10-18 09:00:00
CUST00004328,Rahul Chatterjee,M,1986-09-09,2024-07-17,True,BUDGET,GEO000052,2026-01-24 09:00:00
CUST00004329,Diya Thakur,F,1995-07-10,2024-10-01,False,REGULAR,GEO000008,2025-11-01 09:00:00
CUST00004330,Diya Patel,M,1977-01-25,2023-02-09,False,REGULAR,GEO000010,2025-09-23 09:00:00
CUST00004331,Arjun Saxena,F,1977-04-03,2021-10-08,False,BUDGET,GEO000045,2026-01-18 09:00:00
CUST00004332,Riya Joshi,M,2007-02-25,2020-05-01,True,PREMIUM,GEO000005,2025-10-05 09:00:00
CUST00004333,Varun Mehta,M,1997-07-03,2020-10-12,False,BUDGET,GEO000006,2025-11-25 09:00:00
CUST00004334,Aditya Goswami,M,2001-08-12,2025-04-25,False,REGULAR,GEO000017,2025-09-06 09:00:00
CUST00004335,Nikhil Thakur,F,2005-08-10,2022-11-29,False,PREMIUM,GEO000003,2025-08-17 09:00:00
CUST00004336,Diya Yadav,F,1995-01-27,2018-01-06,False,REGULAR,GEO000017,2025-10-26 09:00:00
CUST00004337,Vivaan Jain,M,1994-08-11,2021-06-06,False,BUSINESS,GEO000046,2025-09-08 09:00:00
CUST00004338,Vikram Patel,F,1973-09-11,2021-08-19,True,REGULAR,GEO000040,2025-12-07 09:00:00
CUST00004339,Rohit Singh,F,2003-01-16,2020-12-27,True,REGULAR,GEO000038,2025-12-29 09:00:00
CUST00004340,Manish Iyer,M,2004-02-18,2018-11-24,True,PREMIUM,GEO000004,2025-10-11 09:00:00
CUST00004341,Nikhil Yadav,F,1990-05-14,2024-12-08,False,BUDGET,GEO000011,2026-01-05 09:00:00
CUST00004342,Diya Verma,M,1995-10-31,2019-08-15,False,REGULAR,GEO000032,2025-12-09 09:00:00
CUST00004343,Aarav Bhat,M,1978-01-27,2023-11-26,False,BUDGET,GEO000034,2026-01-03 09:00:00
CUST00004344,Aditya Verma,M,1999-07-17,2018-11-20,False,REGULAR,GEO000049,2025-12-18 09:00:00
CUST00004345,Kiran Nair,F,2004-09-16,2024-07-25,True,REGULAR,GEO000020,2025-09-23 09:00:00
CUST00004346,Suresh Dutta,F,2002-10-21,2018-07-02,False,BUDGET,GEO000040,2025-08-16 09:00:00
CUST00004347,Suresh Joshi,F,1992-03-23,2022-02-12,False,BUDGET,GEO000045,2025-12-09 09:00:00
CUST00004348,Aditi Kapoor,F,2002-03-25,2019-06-03,True,BUDGET,GEO000032,2025-11-27 09:00:00
CUST00004349,Suresh Sharma,F,1995-03-23,2025-02-25,False,REGULAR,GEO000024,2025-12-19 09:00:00
CUST00004350,Deepak Kapoor,F,1985-09-08,2020-11-25,True,PREMIUM,GEO000049,2025-12-26 09:00:00
CUST00004351,Aditi Chatterjee,M,1979-04-15,2022-01-14,False,BUDGET,GEO000001,2025-12-08 09:00:00
CUST00004352,Varun Joshi,F,1985-09-02,2024-11-27,False,BUDGET,GEO000040,2025-11-21 09:00:00
CUST00004353,Vikram Mishra,F,1980-06-28,2021-03-21,False,REGULAR,GEO000025,2025-09-12 09:00:00
CUST00004354,Rohit Gupta,M,1997-07-03,2022-09-06,False,BUSINESS,GEO000024,2025-12-22 09:00:00
CUST00004355,Kunal Saxena,M,1972-06-03,2025-02-22,True,BUDGET,GEO000050,2025-10-30 09:00:00
CUST00004356,Shreya Sharma,M,1971-07-29,2019-05-01,True,REGULAR,GEO000047,2026-02-02 09:00:00
CUST00004357,Kavya Bhat,M,1999-10-09,2021-06-04,False,REGULAR,GEO000054,2026-01-11 09:00:00
CUST00004358,Manish Khan,F,1987-02-09,2024-02-16,False,BUDGET,GEO000024,2025-10-15 09:00:00
CUST00004359,Sai Mehta,M,2006-06-23,2018-05-20,False,BUSINESS,GEO000002,2025-09-27 09:00:00
CUST00004360,Ankit Chatterjee,M,1973-10-12,2023-06-23,False,REGULAR,GEO000027,2025-10-01 09:00:00
CUST00004361,Ankit Verma,M,1981-10-04,2021-02-09,False,REGULAR,GEO000043,2025-10-21 09:00:00
CUST00004362,Sneha Jain,M,1998-03-20,2022-07-23,False,REGULAR,GEO000027,2025-11-22 09:00:00
CUST00004363,Nikhil Sharma,F,1978-09-22,2025-07-01,True,REGULAR,GEO000025,2025-10-04 09:00:00
CUST00004364,Ankit Bose,F,1979-04-09,2020-04-01,False,BUDGET,GEO000021,2025-11-09 09:00:00
CUST00004365,Shreya Dutta,F,1989-05-23,2019-03-19,False,PREMIUM,GEO000044,2025-11-24 09:00:00
CUST00004366,Rohit Reddy,M,2000-01-25,2023-03-23,False,BUDGET,GEO000043,2025-11-26 09:00:00
CUST00004367,Vivaan Singh,M,1982-09-24,2022-11-14,False,REGULAR,GEO000045,2025-08-30 09:00:00
CUST00004368,Varun Thakur,M,1980-12-21,2019-12-19,False,REGULAR,GEO000052,2026-02-03 09:00:00
CUST00004369,Manish Das,F,2003-12-15,2018-07-28,False,BUDGET,GEO000036,2025-12-20 09:00:00
CUST00004370,Kiran Patel,F,2000-02-20,2018-03-05,False,REGULAR,GEO000013,2025-12-06 09:00:00
CUST00004371,Sanjana Bose,M,1981-01-31,2023-02-16,False,BUDGET,GEO000033,2026-01-20 09:00:00
CUST00004372,Pooja Bhat,M,1982-10-01,2020-11-07,False,BUDGET,GEO000046,2026-01-22 09:00:00
CUST00004373,Arjun Yadav,F,1981-08-23,2024-10-14,False,REGULAR,GEO000057,2025-11-22 09:00:00
CUST00004374,Kavya Pandey,M,1988-03-02,2024-08-31,False,BUDGET,GEO000002,2025-11-07 09:00:00
CUST00004375,Riya Joshi,F,2003-03-29,2019-02-05,False,BUDGET,GEO000047,2025-10-06 09:00:00
CUST00004376,Sneha Bose,F,1983-06-08,2023-07-14,False,REGULAR,GEO000045,2026-01-04 09:00:00
CUST00004377,Rahul Singh,M,2001-12-16,2020-04-06,False,PREMIUM,GEO000053,2025-12-17 09:00:00
CUST00004378,Meera Thakur,M,1982-02-25,2020-11-27,False,REGULAR,GEO000039,2026-02-02 09:00:00
CUST00004379,Kunal Gupta,F,1975-03-22,2021-08-06,True,BUDGET,GEO000043,2025-09-07 09:00:00
CUST00004380,Sneha Singh,M,1970-10-18,2020-09-24,False,BUSINESS,GEO000044,2025-09-04 09:00:00
CUST00004381,Vikram Iyer,O,1976-04-11,2023-04-24,False,PREMIUM,GEO000041,2026-01-06 09:00:00
CUST00004382,Neha Goswami,M,1996-03-26,2018-10-20,True,BUSINESS,GEO000032,2026-01-07 09:00:00
CUST00004383,Kiran Nair,M,1972-04-24,2019-01-19,False,REGULAR,GEO000031,2025-10-20 09:00:00
CUST00004384,Arjun Mishra,F,1986-04-14,2024-01-09,False,BUDGET,GEO000028,2025-10-24 09:00:00
CUST00004385,Kiran Kapoor,M,2000-01-03,2020-07-07,False,PREMIUM,GEO000035,2025-12-12 09:00:00
CUST00004386,Deepak Mehta,F,1983-04-13,2025-09-11,False,REGULAR,GEO000059,2025-11-10 09:00:00
CUST00004387,Rohit Dutta,M,1999-05-04,2024-11-24,False,PREMIUM,GEO000005,2025-09-17 09:00:00
CUST00004388,Rahul Joshi,F,1997-10-26,2025-08-27,False,BUDGET,GEO000036,2025-08-29 09:00:00
CUST00004389,Deepak Goswami,M,1977-06-18,2024-06-08,True,BUSINESS,GEO000015,2025-09-26 09:00:00
CUST00004390,Pooja Jain,M,1988-06-15,2020-05-25,False,PREMIUM,GEO000021,2025-09-23 09:00:00
CUST00004391,Meera Chatterjee,F,1982-09-02,2024-10-04,False,REGULAR,GEO000038,2025-12-31 09:00:00
CUST00004392,Neha Mehta,F,1996-05-26,2021-05-04,False,REGULAR,GEO000025,2025-08-15 09:00:00
CUST00004393,Sneha Khan,M,2007-03-27,2023-02-06,False,PREMIUM,GEO000057,2025-10-11 09:00:00
CUST00004394,Shreya Gupta,M,1972-03-17,2021-11-12,False,REGULAR,GEO000002,2026-01-10 09:00:00
CUST00004395,Pooja Reddy,M,2002-10-26,2023-12-22,False,PREMIUM,GEO000023,2025-12-11 09:00:00
CUST00004396,Meera Das,F,2007-02-27,2020-02-26,True,PREMIUM,GEO000008,2025-09-06 09:00:00
CUST00004397,Anaya Reddy,F,2006-02-09,2018-08-11,False,REGULAR,GEO000020,2025-09-19 09:00:00
CUST00004398,Aarav Gupta,M,1999-05-05,2020-03-22,False,BUDGET,GEO000008,2025-11-29 09:00:00
CUST00004399,Kiran Das,F,1993-03-26,2018-12-24,False,BUDGET,GEO000047,2026-01-28 09:00:00
CUST00004400,Varun Singh,O,1984-04-13,2025-05-01,False,BUDGET,GEO000042,2025-08-26 09:00:00
CUST00004401,Meera Thakur,M,1975-12-28,2024-02-19,False,REGULAR,GEO000023,2025-11-10 09:00:00
CUST00004402,Riya Goswami,M,2003-03-08,2023-01-03,False,PREMIUM,GEO000046,2025-09-09 09:00:00
CUST00004403,Rahul Dutta,F,1991-08-13,2018-05-30,False,BUDGET,GEO000055,2025-11-27 09:00:00
CUST00004404,Aditya Patel,F,2003-10-10,2023-03-08,False,REGULAR,GEO000011,2025-11-12 09:00:00
CUST00004405,Ankit Bose,F,1995-01-11,2022-12-31,False,REGULAR,GEO000003,2025-10-19 09:00:00
CUST00004406,Meera Jain,F,1990-05-15,2023-08-16,False,REGULAR,GEO000059,2025-09-18 09:00:00
CUST00004407,Rahul Thakur,M,1997-11-23,2024-02-19,False,REGULAR,GEO000050,2025-12-02 09:00:00
CUST00004408,Riya Malhotra,M,2002-10-19,2025-04-03,True,BUDGET,GEO000039,2025-10-02 09:00:00
CUST00004409,Aditya Mishra,M,1996-12-15,2025-10-08,True,REGULAR,GEO000024,2025-10-28 09:00:00
CUST00004410,Anaya Reddy,F,1974-01-27,2021-01-01,False,BUDGET,GEO000027,2025-09-27 09:00:00
CUST00004411,Sanjana Verma,M,1999-10-19,2018-08-04,False,PREMIUM,GEO000038,2025-10-28 09:00:00
CUST00004412,Aditi Malhotra,F,1991-05-21,2021-01-02,False,REGULAR,GEO000032,2025-09-29 09:00:00
CUST00004413,Rohit Saxena,M,1991-11-23,2020-02-12,False,BUDGET,GEO000020,2025-09-16 09:00:00
CUST00004414,Varun Goswami,F,1975-07-24,2021-11-02,False,REGULAR,GEO000057,2025-11-29 09:00:00
CUST00004415,Pooja Nair,F,1970-04-09,2025-07-06,False,REGULAR,GEO000056,2025-09-22 09:00:00
CUST00004416,Manish Chatterjee,M,1991-11-16,2020-07-20,False,BUDGET,GEO000022,2025-09-12 09:00:00
CUST00004417,Ankit Jain,F,1971-05-16,2018-03-30,False,REGULAR,GEO000058,2026-02-02 09:00:00
CUST00004418,Ankit Gupta,F,1988-12-29,2020-03-24,False,BUDGET,GEO000041,2025-08-15 09:00:00
CUST00004419,Ankit Bose,F,1997-05-26,2025-01-18,False,REGULAR,GEO000035,2025-08-25 09:00:00
CUST00004420,Vivaan Mishra,F,2000-06-26,2021-11-11,False,REGULAR,GEO000013,2025-09-23 09:00:00
CUST00004421,Varun Patel,F,1993-08-21,2020-06-29,False,REGULAR,GEO000032,2025-10-18 09:00:00
CUST00004422,Deepak Reddy,M,1991-10-15,2020-09-02,False,REGULAR,GEO000019,2025-10-12 09:00:00
CUST00004423,Neha Patel,M,1982-02-09,2024-03-30,False,REGULAR,GEO000030,2025-10-06 09:00:00
CUST00004424,Diya Gupta,M,1980-11-03,2024-07-21,False,PREMIUM,GEO000009,2025-12-30 09:00:00
CUST00004425,Vivaan Pandey,M,1993-04-23,2024-09-08,False,REGULAR,GEO000031,2025-10-10 09:00:00
CUST00004426,Anaya Chatterjee,F,1978-12-12,2021-03-25,True,REGULAR,GEO000016,2025-12-06 09:00:00
CUST00004427,Neha Gupta,F,1985-08-22,2023-03-02,False,REGULAR,GEO000030,2026-01-09 09:00:00
CUST00004428,Nikhil Reddy,M,2003-08-12,2019-06-18,False,REGULAR,GEO000032,2025-10-23 09:00:00
CUST00004429,Sanjana Iyer,F,2004-02-16,2024-11-06,False,BUDGET,GEO000034,2025-08-23 09:00:00
CUST00004430,Rahul Verma,M,1995-08-12,2025-09-30,False,BUDGET,GEO000011,2025-10-29 09:00:00
CUST00004431,Aditya Saxena,M,1985-02-09,2020-03-27,False,BUSINESS,GEO000045,2025-12-10 09:00:00
CUST00004432,Riya Bhat,M,2004-07-12,2020-06-03,False,REGULAR,GEO000051,2025-12-19 09:00:00
CUST00004433,Sneha Mishra,F,2007-08-11,2024-05-04,False,REGULAR,GEO000008,2026-01-21 09:00:00
CUST00004434,Sai Yadav,M,1978-08-29,2022-12-11,False,BUDGET,GEO000042,2026-01-14 09:00:00
CUST00004435,Diya Bose,F,1981-03-05,2021-07-01,False,PREMIUM,GEO000011,2025-10-03 09:00:00
CUST00004436,Isha Goswami,M,1989-12-31,2021-04-08,False,BUDGET,GEO000046,2026-01-07 09:00:00
CUST00004437,Vivaan Saxena,F,1975-10-01,2019-05-17,False,PREMIUM,GEO000046,2025-12-12 09:00:00
CUST00004438,Diya Kulkarni,F,1975-03-23,2025-02-01,False,REGULAR,GEO000049,2025-08-19 09:00:00
CUST00004439,Sneha Dutta,M,1991-09-23,2024-10-25,False,REGULAR,GEO000026,2025-08-21 09:00:00
CUST00004440,Riya Dutta,M,1977-10-03,2025-09-21,True,REGULAR,GEO000031,2026-01-11 09:00:00
CUST00004441,Riya Gupta,F,1980-01-16,2022-10-30,False,BUDGET,GEO000027,2025-08-08 09:00:00
CUST00004442,Sanjana Saxena,F,1985-08-30,2025-12-13,False,PREMIUM,GEO000012,2025-09-01 09:00:00
CUST00004443,Aditi Yadav,F,1982-04-27,2024-04-16,False,REGULAR,GEO000011,2026-01-31 09:00:00
CUST00004444,Varun Patel,M,1983-11-10,2024-11-13,False,BUDGET,GEO000033,2025-11-06 09:00:00
CUST00004445,Isha Pandey,F,2005-10-06,2025-11-05,False,PREMIUM,GEO000058,2025-12-24 09:00:00
CUST00004446,Vivaan Saxena,O,1974-09-26,2023-07-31,False,REGULAR,GEO000010,2025-11-24 09:00:00
CUST00004447,Deepak Chatterjee,F,1991-09-16,2022-12-23,False,BUDGET,GEO000024,2025-11-07 09:00:00
CUST00004448,Suresh Joshi,F,1993-01-02,2019-07-19,False,REGULAR,GEO000059,2025-10-27 09:00:00
CUST00004449,Diya Mehta,F,1980-02-13,2019-08-08,False,PREMIUM,GEO000033,2026-01-14 09:00:00
CUST00004450,Ankit Bhat,M,1974-03-01,2020-03-05,False,REGULAR,GEO000046,2026-01-14 09:00:00
CUST00004451,Kunal Patel,F,1997-10-28,2019-08-20,False,BUDGET,GEO000044,2026-01-31 09:00:00
CUST00004452,Diya Chatterjee,M,2002-06-30,2021-02-12,True,REGULAR,GEO000035,2025-11-27 09:00:00
CUST00004453,Sai Pandey,M,1974-08-22,2018-08-28,False,PREMIUM,GEO000002,2026-01-30 09:00:00
CUST00004454,Kavya Bhat,M,1990-12-14,2020-01-27,True,REGULAR,GEO000016,2025-12-24 09:00:00
CUST00004455,Ankit Kulkarni,M,2000-09-18,2020-10-05,True,BUSINESS,GEO000017,2025-12-14 09:00:00
CUST00004456,Nikhil Verma,M,1984-02-28,2023-03-04,False,REGULAR,GEO000031,2025-12-04 09:00:00
CUST00004457,Kavya Pandey,F,2000-04-24,2020-06-11,False,REGULAR,GEO000033,2025-12-07 09:00:00
CUST00004458,Manish Singh,F,1986-01-27,2023-11-20,False,REGULAR,GEO000027,2025-12-19 09:00:00
CUST00004459,Shreya Nair,F,1988-04-17,2021-07-01,False,BUDGET,GEO000001,2025-11-26 09:00:00
CUST00004460,Vikram Bhat,M,1974-05-27,2018-06-08,True,BUSINESS,GEO000035,2025-11-12 09:00:00
CUST00004461,Diya Patel,M,1997-03-09,2025-07-27,True,PREMIUM,GEO000017,2025-09-02 09:00:00
CUST00004462,Vihaan Gupta,M,1998-02-06,2025-02-04,False,PREMIUM,GEO000003,2025-12-24 09:00:00
CUST00004463,Deepak Bhat,F,1997-05-21,2020-08-25,False,REGULAR,GEO000043,2025-12-08 09:00:00
CUST00004464,Meera Kulkarni,M,1973-03-28,2019-08-22,False,REGULAR,GEO000031,2025-08-25 09:00:00
CUST00004465,Varun Das,M,1972-07-09,2022-07-26,False,REGULAR,GEO000038,2026-01-31 09:00:00
CUST00004466,Pooja Bhat,F,1999-12-20,2022-07-23,False,REGULAR,GEO000004,2025-11-28 09:00:00
CUST00004467,Manish Joshi,M,1993-11-26,2025-02-01,False,BUDGET,GEO000029,2025-11-17 09:00:00
CUST00004468,Manish Saxena,M,1987-06-26,2018-08-14,False,REGULAR,GEO000021,2025-09-20 09:00:00
CUST00004469,Isha Bhat,F,1982-05-06,2025-03-12,False,BUDGET,GEO000024,2026-01-27 09:00:00
CUST00004470,Kavya Gupta,F,1971-05-30,2021-02-06,False,REGULAR,GEO000018,2026-01-15 09:00:00
CUST00004471,Kavya Bhat,F,1999-02-22,2024-03-13,False,REGULAR,GEO000001,2025-08-26 09:00:00
CUST00004472,Nikhil Mehta,F,1986-04-16,2025-08-23,False,BUDGET,GEO000052,2025-09-12 09:00:00
CUST00004473,Nikhil Chatterjee,F,2001-10-20,2019-04-05,True,REGULAR,GEO000035,2025-10-04 09:00:00
CUST00004474,Kiran Gupta,F,1992-02-04,2020-01-09,False,REGULAR,GEO000009,2026-01-10 09:00:00
CUST00004475,Riya Gupta,M,1972-12-04,2024-10-28,False,BUDGET,GEO000037,2025-08-15 09:00:00
CUST00004476,Diya Bhat,F,2000-06-03,2022-12-13,True,PREMIUM,GEO000049,2025-10-25 09:00:00
CUST00004477,Nikhil Malhotra,F,1976-06-25,2021-05-03,False,REGULAR,GEO000026,2025-12-07 09:00:00
CUST00004478,Neha Malhotra,M,1980-12-26,2022-09-09,False,PREMIUM,GEO000005,2026-01-14 09:00:00
CUST00004479,Isha Malhotra,F,2005-10-25,2019-01-12,False,REGULAR,GEO000058,2026-01-21 09:00:00
CUST00004480,Aarav Gupta,M,1980-07-29,2020-04-17,False,BUSINESS,GEO000034,2025-12-02 09:00:00
CUST00004481,Anaya Yadav,M,1985-05-23,2025-05-19,True,REGULAR,GEO000059,2025-12-21 09:00:00
CUST00004482,Vihaan Iyer,F,1992-05-06,2022-04-14,False,REGULAR,GEO000052,2026-01-01 09:00:00
CUST00004483,Neha Iyer,F,1975-10-14,2025-09-21,False,BUSINESS,GEO000042,2025-10-06 09:00:00
CUST00004484,Deepak Thakur,M,2001-11-14,2021-09-04,True,PREMIUM,GEO000035,2025-10-04 09:00:00
CUST00004485,Rahul Malhotra,F,1989-05-10,2020-05-28,False,REGULAR,GEO000055,2025-12-29 09:00:00
CUST00004486,Sneha Kapoor,F,1981-09-03,2025-06-08,False,PREMIUM,GEO000057,2025-09-08 09:00:00
CUST00004487,Sai Mehta,F,1985-09-09,2020-10-14,False,BUDGET,GEO000040,2025-11-01 09:00:00
CUST00004488,Arjun Dutta,M,2000-06-24,2020-08-02,False,BUDGET,GEO000029,2025-11-04 09:00:00
CUST00004489,Manish Das,F,1981-11-14,2024-04-13,False,PREMIUM,GEO000038,2025-12-10 09:00:00
CUST00004490,Diya Joshi,M,1974-11-24,2025-08-26,False,BUDGET,GEO000046,2025-11-02 09:00:00
CUST00004491,Neha Bhat,M,1999-03-22,2025-04-07,True,REGULAR,GEO000028,2026-01-05 09:00:00
CUST00004492,Nikhil Sharma,M,2003-09-04,2024-01-17,False,REGULAR,GEO000003,2025-11-01 09:00:00
CUST00004493,Aarav Saxena,F,1998-04-20,2022-04-05,False,REGULAR,GEO000024,2025-09-15 09:00:00
CUST00004494,Neha Verma,M,2006-03-31,2020-10-04,False,BUSINESS,GEO000033,2025-09-12 09:00:00
CUST00004495,Kunal Jain,M,1989-10-08,2022-05-21,False,BUSINESS,GEO000042,2025-12-25 09:00:00
CUST00004496,Isha Pandey,M,1990-09-01,2025-02-19,True,REGULAR,GEO000007,2026-01-03 09:00:00
CUST00004497,Meera Goswami,M,1974-10-09,2022-05-26,False,REGULAR,GEO000008,2025-08-09 09:00:00
CUST00004498,Shreya Saxena,F,1999-02-03,2022-02-10,True,BUDGET,GEO000049,2026-01-02 09:00:00
CUST00004499,Vihaan Mishra,F,1996-06-17,2021-01-08,False,REGULAR,GEO000044,2025-11-26 09:00:00
CUST00004500,Vikram Bhat,F,1986-02-23,2022-10-04,False,REGULAR,GEO000026,2025-12-16 09:00:00
