OrderId,CustomerId,AddressId,OrderDateTime,Channel,OrderStatus
ORD000000001,2771,2771,2021-11-19 05:33:15,App,Delivered
ORD000000002,2918,2918,2021-09-05 22:28:43,Web,Returned
ORD000000003,769,769,2025-10-14 16:57:22,Web,Delivered
ORD000000004,986,986,2023-04-08 01:12:10,Web,Delivered
ORD000000005,205,205,2024-10-25 06:13:05,App,Shipped
ORD000000006,867,867,2022-12-08 20:04:46,App,Delivered
ORD000000007,5111,5111,2023-03-02 09:10:37,Web,Shipped
ORD000000008,2626,2626,2021-12-01 09:47:18,App,Delivered
ORD000000009,662,662,2022-12-31 04:37:09,App,Shipped
ORD000000010,679,679,2024-07-31 17:33:49,App,Delivered
ORD000000011,300,300,2021-12-29 00:57:10,Web,Delivered
ORD000000012,258,258,2024-02-22 08:51:02,Web,Returned
ORD000000013,2763,2763,2024-01-05 09:13:44,App,Returned
ORD000000014,240,240,2024-10-12 04:03:23,Store,Delivered
ORD000000015,3301,3301,2021-12-22 02:18:04,Web,Delivered
ORD000000016,3546,3546,2023-07-11 11:16:53,Web,Placed
ORD000000017,2266,2266,2022-06-04 04:08:23,Web,Delivered
ORD000000018,2513,2513,2021-06-03 22:48:06,App,Delivered
ORD000000019,4291,4291,2025-05-08 05:42:45,App,Placed
ORD000000020,5648,5648,2024-08-20 16:03:07,App,Delivered
ORD000000021,5873,5873,2024-09-02 08:47:35,App,Cancelled
ORD000000022,4452,4452,2024-06-07 20:43:51,App,Delivered
ORD000000023,4661,4661,2021-07-10 09:06:03,Web,Delivered
ORD000000024,4404,4404,2022-10-19 03:05:31,App,Delivered
ORD000000025,409,409,2021-03-06 07:42:43,App,Returned
ORD000000026,521,521,2025-12-20 22:07:53,Web,Delivered
ORD000000027,5643,5643,2021-11-22 03:42:48,App,Delivered
ORD000000028,2533,2533,2025-09-02 20:10:10,App,Delivered
ORD000000029,5739,5739,2025-02-16 02:54:00,App,Delivered
ORD000000030,3885,3885,2025-10-22 20:54:10,Web,Delivered
ORD000000031,1877,1877,2025-09-08 14:41:16,App,Delivered
ORD000000032,2742,2742,2024-11-21 19:42:30,Web,Delivered
ORD000000033,5290,5290,2023-03-15 19:48:36,Web,Shipped
ORD000000034,3533,3533,2023-03-24 12:56:28,App,Delivered
ORD000000035,5957,5957,2024-05-15 12:44:30,App,Returned
ORD000000036,651,651,2021-04-22 03:31:13,App,Delivered
ORD000000037,2845,2845,2023-06-24 02:04:13,App,Delivered
ORD000000038,2159,2159,2022-11-03 09:41:42,App,Cancelled
ORD000000039,2652,2652,2025-03-22 01:15:19,App,Cancelled
ORD000000040,2268,2268,2022-04-07 02:39:08,Web,Placed
ORD000000041,1029,1029,2025-01-17 02:41:36,Web,Delivered
ORD000000042,1556,1556,2022-10-14 00:29:15,Web,Cancelled
ORD000000043,5733,5733,2025-09-16 06:54:33,App,Delivered
ORD000000044,4765,4765,2023-10-02 15:04:59,App,Delivered
ORD000000045,513,513,2022-03-31 04:19:41,Web,Cancelled
ORD000000046,1236,1236,2025-01-06 05:11:19,App,Delivered
ORD000000047,119,119,2022-12-20 17:01:16,Web,Delivered
ORD000000048,4481,4481,2025-05-25 04:55:14,App,Placed
ORD000000049,260,260,2021-08-19 20:21:33,App,Delivered
ORD000000050,5519,5519,2023-04-19 05:40:25,Store,Shipped
ORD000000051,1199,1199,2025-12-20 10:49:45,Web,Placed
ORD000000052,2150,2150,2025-04-23 21:52:13,Web,Delivered
ORD000000053,2433,2433,2021-11-21 13:10:04,App,Returned
ORD000000054,960,960,2023-05-17 13:29:03,App,Cancelled
ORD000000055,2949,2949,2024-08-01 23:44:52,App,Returned
ORD000000056,566,566,2023-03-10 10:06:53,App,Delivered
ORD000000057,5937,5937,2022-09-09 12:17:48,Web,Delivered
ORD000000058,4103,4103,2025-07-05 13:53:06,App,Placed
ORD000000059,4964,4964,2026-01-08 17:52:19,App,Delivered
ORD000000060,2380,2380,2022-02-24 10:55:08,App,Delivered
ORD000000061,3451,3451,2024-01-24 06:59:34,App,Returned
ORD000000062,445,445,2022-10-24 13:40:51,App,Delivered
ORD000000063,3540,3540,2022-11-24 16:42:10,App,Delivered
ORD000000064,2709,2709,2024-05-20 21:10:06,Web,Shipped
ORD000000065,2336,2336,2025-06-10 03:33:02,Web,Delivered
ORD000000066,1036,1036,2025-02-06 03:53:25,App,Delivered
ORD000000067,3045,3045,2023-10-19 14:20:54,App,Delivered
ORD000000068,1287,1287,2023-09-11 05:08:03,App,Delivered
ORD000000069,1459,1459,2021-09-28 23:36:04,App,Delivered
ORD000000070,2221,2221,2021-03-28 20:20:40,Web,Delivered
ORD000000071,1631,1631,2022-05-23 02:06:14,Web,Placed
ORD000000072,4028,4028,2021-11-26 02:43:21,Web,Delivered
ORD000000073,3117,3117,2024-01-09 22:11:41,App,Delivered
ORD000000074,5666,5666,2024-11-09 19:09:40,App,Returned
ORD000000075,2955,2955,2021-05-26 15:39:29,App,Shipped
ORD000000076,4833,4833,2023-03-02 00:51:19,Store,Placed
ORD000000077,4513,4513,2024-06-10 09:04:54,Web,Shipped
ORD000000078,264,264,2023-12-07 04:59:46,Web,Delivered
ORD000000079,5576,5576,2023-09-03 13:32:29,App,Shipped
ORD000000080,4200,4200,2023-12-02 07:05:06,App,Shipped
ORD000000081,5083,5083,2023-05-17 15:34:47,Web,Cancelled
ORD000000082,221,221,2024-12-30 03:30:00,App,Delivered
ORD000000083,334,334,2021-11-17 19:51:18,App,Delivered
ORD000000084,4514,4514,2024-10-11 00:38:39,App,Delivered
ORD000000085,1325,1325,2023-11-04 10:19:34,App,Delivered
ORD000000086,2683,2683,2024-08-21 04:23:35,Web,Delivered
ORD000000087,5605,5605,2022-04-24 17:34:55,Web,Delivered
ORD000000088,961,961,2025-06-09 18:54:19,App,Delivered
ORD000000089,1481,1481,2022-03-22 14:17:22,Web,Delivered
ORD000000090,436,436,2023-01-03 19:42:40,Web,Delivered
ORD000000091,2442,2442,2023-11-25 20:42:04,App,Delivered
ORD000000092,43,43,2023-05-21 12:30:06,App,Delivered
ORD000000093,5969,5969,2023-11-01 00:35:29,App,Returned
ORD000000094,966,966,2022-06-08 22:47:11,App,Returned
ORD000000095,4107,4107,2025-01-19 11:41:30,Web,Delivered
ORD000000096,216,216,2021-12-02 22:23:53,App,Shipped
ORD000000097,3236,3236,2022-01-03 08:12:49,App,Returned
ORD000000098,4321,4321,2025-10-23 11:21:04,App,Delivered
ORD000000099,5857,5857,2021-06-18 02:08:36,Web,Delivered
ORD000000100,5366,5366,2024-01-10 00:29:12,App,Delivered
ORD000000101,2706,2706,2021-07-14 06:21:26,App,Delivered
ORD000000102,773,773,2021-09-22 16:13:28,App,Cancelled
ORD000000103,1823,1823,2024-10-30 16:08:35,App,Delivered
ORD000000104,4112,4112,2021-08-27 18:50:27,App,Delivered
ORD000000105,5129,5129,2021-05-23 12:37:58,Web,Delivered
ORD000000106,3156,3156,2021-04-27 00:47:19,Web,Delivered
ORD000000107,3281,3281,2021-03-07 06:56:36,Web,Placed
ORD000000108,58,58,2023-08-12 10:40:52,App,Delivered
ORD000000109,5081,5081,2021-10-07 11:37:32,App,Placed
ORD000000110,4947,4947,2024-03-03 01:35:40,App,Delivered
ORD000000111,5632,5632,2022-05-13 13:17:15,App,Delivered
ORD000000112,3690,3690,2024-04-23 08:45:25,Store,Delivered
ORD000000113,4744,4744,2023-08-30 02:53:45,App,Delivered
ORD000000114,1844,1844,2025-10-10 23:59:39,Store,Delivered
ORD000000115,5451,5451,2025-09-01 14:28:01,App,Returned
ORD000000116,461,461,2024-05-11 12:01:53,App,Delivered
ORD000000117,3661,3661,2025-12-25 21:32:51,Web,Placed
ORD000000118,969,969,2024-01-10 22:47:58,Web,Returned
ORD000000119,5330,5330,2022-04-25 07:08:06,App,Delivered
ORD000000120,3816,3816,2025-12-22 17:27:41,App,Shipped
ORD000000121,2740,2740,2023-12-19 22:36:15,Web,Delivered
ORD000000122,290,290,2023-08-21 14:49:25,Web,Delivered
ORD000000123,3286,3286,2024-10-14 20:21:16,App,Delivered
ORD000000124,1121,1121,2022-12-28 06:02:57,App,Delivered
ORD000000125,733,733,2023-05-23 14:59:53,App,Shipped
ORD000000126,3577,3577,2021-06-15 11:34:38,App,Returned
ORD000000127,3783,3783,2022-01-20 21:01:46,App,Placed
ORD000000128,4672,4672,2024-09-17 02:00:47,App,Delivered
ORD000000129,4938,4938,2024-09-23 17:30:11,App,Shipped
ORD000000130,2792,2792,2022-01-01 01:56:38,App,Cancelled
ORD000000131,5859,5859,2021-07-26 20:58:50,Web,Shipped
ORD000000132,2039,2039,2025-02-26 01:50:51,App,Delivered
ORD000000133,3519,3519,2021-06-12 21:05:28,App,Placed
ORD000000134,5306,5306,2025-09-29 15:50:04,Web,Delivered
ORD000000135,3856,3856,2025-07-01 01:19:46,App,Placed
ORD000000136,4059,4059,2023-06-24 23:22:18,Web,Delivered
ORD000000137,4436,4436,2022-10-24 16:37:21,Web,Delivered
ORD000000138,3518,3518,2023-12-02 08:48:34,App,Shipped
ORD000000139,2157,2157,2025-01-08 08:51:58,Web,Delivered
ORD000000140,2878,2878,2025-10-22 02:09:45,Web,Delivered
ORD000000141,1068,1068,2024-11-21 10:29:56,App,Delivered
ORD000000142,4438,4438,2025-01-01 15:34:23,App,Delivered
ORD000000143,3051,3051,2021-11-13 12:08:23,App,Returned
ORD000000144,3921,3921,2025-05-30 05:00:13,Web,Returned
ORD000000145,1128,1128,2023-06-05 13:19:06,Web,Returned
ORD000000146,4068,4068,2022-08-30 16:35:34,App,Placed
ORD000000147,991,991,2021-02-23 21:36:59,App,Delivered
ORD000000148,3487,3487,2025-03-18 11:16:08,App,Returned
ORD000000149,4728,4728,2023-02-05 17:43:08,App,Placed
ORD000000150,1426,1426,2023-09-01 00:07:21,App,Delivered
ORD000000151,5510,5510,2022-12-17 00:05:28,App,Delivered
ORD000000152,5482,5482,2023-05-26 00:01:36,Web,Returned
ORD000000153,1458,1458,2022-08-30 00:48:08,Web,Delivered
ORD000000154,3455,3455,2024-09-12 00:25:24,App,Delivered
ORD000000155,1052,1052,2023-10-10 10:11:28,App,Delivered
ORD000000156,5912,5912,2025-05-26 19:36:07,Web,Delivered
ORD000000157,2588,2588,2022-09-11 00:33:33,App,Delivered
ORD000000158,3258,3258,2025-07-30 07:17:05,Web,Delivered
ORD000000159,2243,2243,2023-09-21 04:57:58,App,Delivered
ORD000000160,4868,4868,2025-10-09 19:35:45,Web,Delivered
ORD000000161,872,872,2024-07-21 09:51:32,App,Delivered
ORD000000162,128,128,2023-05-29 06:22:18,Web,Delivered
ORD000000163,106,106,2023-11-12 09:59:52,App,Delivered
ORD000000164,5536,5536,2021-06-29 08:11:48,App,Delivered
ORD000000165,1407,1407,2022-06-28 16:44:43,App,Delivered
ORD000000166,3795,3795,2022-03-29 17:26:42,App,Returned
ORD000000167,3421,3421,2025-04-19 13:57:09,Web,Delivered
ORD000000168,5601,5601,2022-10-30 04:28:54,Web,Delivered
ORD000000169,2362,2362,2021-10-05 04:00:13,App,Placed
ORD000000170,3595,3595,2022-02-22 10:55:22,Web,Delivered
ORD000000171,1001,1001,2022-02-04 02:45:27,App,Shipped
ORD000000172,3432,3432,2025-05-11 23:48:42,Web,Delivered
ORD000000173,4480,4480,2021-09-23 12:55:31,Web,Delivered
ORD000000174,5098,5098,2026-01-16 17:33:29,Web,Delivered
ORD000000175,4113,4113,2025-05-09 04:07:45,Web,Delivered
ORD000000176,1394,1394,2021-08-17 14:35:42,App,Delivered
ORD000000177,1872,1872,2024-11-25 07:16:38,App,Returned
ORD000000178,1090,1090,2025-11-20 13:34:03,App,Delivered
ORD000000179,4982,4982,2022-09-06 11:15:10,App,Shipped
ORD000000180,5233,5233,2024-09-25 10:06:36,Web,Delivered
ORD000000181,5536,5536,2024-08-31 23:34:35,App,Delivered
ORD000000182,4167,4167,2025-05-25 12:52:23,Web,Delivered
ORD000000183,3133,3133,2025-03-06 22:13:41,Web,Delivered
ORD000000184,4540,4540,2021-12-02 01:58:00,Web,Placed
ORD000000185,3017,3017,2022-04-26 10:58:24,App,Delivered
ORD000000186,2531,2531,2025-11-11 10:34:32,App,Cancelled
ORD000000187,3316,3316,2023-10-31 06:34:08,App,Delivered
ORD000000188,3893,3893,2021-11-04 00:19:17,App,Returned
ORD000000189,2565,2565,2022-10-08 07:03:02,App,Delivered
ORD000000190,1394,1394,2024-05-31 02:22:55,App,Returned
ORD000000191,3093,3093,2025-10-17 03:18:35,Web,Shipped
ORD000000192,2746,2746,2023-12-03 10:44:56,Web,Delivered
ORD000000193,721,721,2025-02-19 16:29:14,App,Delivered
ORD000000194,4327,4327,2025-11-21 17:36:16,App,Cancelled
ORD000000195,3598,3598,2026-01-08 09:44:13,Web,Delivered
ORD000000196,4960,4960,2023-06-07 10:40:04,Web,Delivered
ORD000000197,3766,3766,2025-07-23 04:37:18,Web,Delivered
ORD000000198,3150,3150,2025-06-16 14:15:53,App,Delivered
ORD000000199,3881,3881,2024-03-07 07:33:40,App,Placed
ORD000000200,4659,4659,2024-08-29 15:15:12,App,Delivered
ORD000000201,4865,4865,2022-08-15 02:49:06,App,Delivered
ORD000000202,290,290,2025-10-08 06:48:05,Web,Delivered
ORD000000203,5338,5338,2024-04-27 17:29:12,App,Delivered
ORD000000204,4019,4019,2022-11-27 10:06:10,App,Placed
ORD000000205,395,395,2022-12-07 19:26:28,Web,Delivered
ORD000000206,376,376,2021-11-29 02:28:43,App,Shipped
ORD000000207,5747,5747,2023-05-14 01:22:53,App,Placed
ORD000000208,4878,4878,2022-02-08 13:00:25,App,Delivered
ORD000000209,2140,2140,2021-06-05 00:32:47,App,Delivered
ORD000000210,1975,1975,2022-04-02 23:22:38,Web,Delivered
ORD000000211,2459,2459,2022-06-17 19:21:23,App,Delivered
ORD000000212,4502,4502,2024-02-12 08:48:28,Web,Delivered
ORD000000213,2680,2680,2021-11-25 16:46:55,Web,Delivered
ORD000000214,5528,5528,2023-01-27 18:52:56,App,Delivered
ORD000000215,5656,5656,2022-05-07 20:43:18,Web,Delivered
ORD000000216,3610,3610,2021-08-26 06:22:57,Web,Returned
ORD000000217,2201,2201,2022-03-27 04:32:12,App,Placed
ORD000000218,4397,4397,2021-05-16 17:23:49,Store,Returned
ORD000000219,5996,5996,2022-03-18 20:20:42,Web,Delivered
ORD000000220,413,413,2023-03-13 20:09:26,Web,Delivered
ORD000000221,5912,5912,2025-05-25 02:13:17,App,Delivered
ORD000000222,1379,1379,2023-01-26 06:33:45,App,Delivered
ORD000000223,1094,1094,2024-01-27 15:54:54,Web,Cancelled
ORD000000224,5324,5324,2021-04-07 07:59:45,Web,Returned
ORD000000225,4687,4687,2024-06-24 04:26:13,App,Returned
ORD000000226,711,711,2021-08-07 04:48:19,Web,Placed
ORD000000227,3451,3451,2023-08-02 14:26:31,Web,Delivered
ORD000000228,3487,3487,2023-05-30 14:15:04,App,Delivered
ORD000000229,4893,4893,2022-12-26 19:56:54,App,Delivered
ORD000000230,3500,3500,2023-10-02 15:18:47,Store,Delivered
ORD000000231,3228,3228,2022-08-14 19:38:04,Web,Returned
ORD000000232,1612,1612,2023-03-15 22:47:27,Web,Delivered
ORD000000233,731,731,2024-02-09 10:28:58,Web,Delivered
ORD000000234,5956,5956,2024-04-05 17:45:06,Web,Delivered
ORD000000235,610,610,2021-12-13 18:09:04,App,Delivered
ORD000000236,2341,2341,2021-03-21 00:21:06,Store,Placed
ORD000000237,1468,1468,2022-07-06 23:37:41,App,Delivered
ORD000000238,1559,1559,2025-04-04 13:27:50,Web,Delivered
ORD000000239,2520,2520,2022-02-23 10:47:07,App,Delivered
ORD000000240,5258,5258,2023-03-14 09:53:16,App,Delivered
ORD000000241,230,230,2023-10-06 07:35:45,App,Delivered
ORD000000242,5525,5525,2025-03-25 14:53:01,App,Returned
ORD000000243,4453,4453,2025-10-23 12:17:14,Web,Cancelled
ORD000000244,541,541,2025-12-09 00:12:44,Web,Delivered
ORD000000245,2875,2875,2025-12-09 19:48:53,App,Delivered
ORD000000246,936,936,2025-07-21 05:55:01,App,Delivered
ORD000000247,3093,3093,2021-12-27 14:27:53,App,Cancelled
ORD000000248,5731,5731,2021-05-10 10:58:57,App,Delivered
ORD000000249,3647,3647,2021-04-27 22:56:12,App,Shipped
ORD000000250,2693,2693,2024-05-05 09:19:19,Web,Delivered
ORD000000251,4623,4623,2024-05-03 18:59:40,Web,Shipped
ORD000000252,3070,3070,2024-11-26 10:27:29,Web,Delivered
ORD000000253,5225,5225,2022-03-15 23:08:11,Web,Delivered
ORD000000254,4719,4719,2024-07-15 19:09:56,Web,Delivered
ORD000000255,2899,2899,2021-08-23 11:42:09,Web,Delivered
ORD000000256,3408,3408,2022-08-18 10:17:34,Web,Returned
ORD000000257,4520,4520,2025-08-07 08:14:52,Web,Delivered
ORD000000258,1899,1899,2021-03-08 10:59:48,Web,Delivered
ORD000000259,5975,5975,2022-03-20 16:22:14,App,Delivered
ORD000000260,4,4,2022-06-11 01:15:36,App,Shipped
ORD000000261,4565,4565,2026-01-06 20:47:34,App,Delivered
ORD000000262,4760,4760,2021-05-07 08:21:43,App,Shipped
ORD000000263,3626,3626,2024-11-15 14:47:36,App,Delivered
ORD000000264,2935,2935,2021-10-03 21:32:59,App,Delivered
ORD000000265,4634,4634,2025-06-06 11:37:08,App,Delivered
ORD000000266,5994,5994,2022-10-22 21:32:56,App,Delivered
ORD000000267,2408,2408,2023-07-03 03:54:21,App,Delivered
ORD000000268,2568,2568,2024-08-09 05:09:07,App,Shipped
ORD000000269,1097,1097,2023-09-13 18:44:37,App,Shipped
ORD000000270,1986,1986,2025-08-19 00:38:40,App,Delivered
ORD000000271,3150,3150,2023-08-08 15:56:16,App,Delivered
ORD000000272,5987,5987,2021-10-13 15:49:12,App,Shipped
ORD000000273,1358,1358,2021-05-17 17:19:42,App,Delivered
ORD000000274,5616,5616,2021-08-13 06:34:54,App,Delivered
ORD000000275,79,79,2023-03-17 16:27:08,App,Delivered
ORD000000276,1575,1575,2024-11-10 20:43:11,App,Delivered
ORD000000277,1606,1606,2024-10-20 17:33:16,App,Delivered
ORD000000278,4252,4252,2024-04-26 07:56:10,App,Delivered
ORD000000279,4976,4976,2021-07-30 00:46:25,Web,Delivered
ORD000000280,2987,2987,2024-05-18 15:26:52,Web,Delivered
ORD000000281,5570,5570,2025-12-23 05:13:20,App,Delivered
ORD000000282,28,28,2024-04-17 01:18:39,App,Delivered
ORD000000283,1911,1911,2025-07-22 12:53:40,Web,Delivered
ORD000000284,4706,4706,2023-01-25 11:53:19,Web,Delivered
ORD000000285,5070,5070,2024-08-25 09:53:11,App,Shipped
ORD000000286,1353,1353,2023-04-01 02:57:09,App,Delivered
ORD000000287,3735,3735,2021-04-09 17:23:01,Web,Delivered
ORD000000288,419,419,2026-02-03 05:47:45,Web,Delivered
ORD000000289,4118,4118,2022-02-09 12:22:10,App,Delivered
ORD000000290,261,261,2022-04-23 02:51:01,App,Delivered
ORD000000291,2108,2108,2023-07-14 14:32:21,Store,Delivered
ORD000000292,2985,2985,2023-05-18 15:38:34,Web,Delivered
ORD000000293,5533,5533,2025-04-05 20:15:27,App,Shipped
ORD000000294,4292,4292,2025-10-13 02:15:33,App,Delivered
ORD000000295,5165,5165,2023-07-16 09:57:32,App,Returned
ORD000000296,905,905,2025-02-06 10:46:24,Store,Returned
ORD000000297,2227,2227,2022-02-28 07:02:45,Web,Delivered
ORD000000298,3854,3854,2021-12-07 07:12:52,Web,Delivered
ORD000000299,4421,4421,2025-07-16 21:03:19,App,Placed
ORD000000300,568,568,2024-12-12 06:14:23,Web,Delivered
ORD000000301,5999,5999,2025-04-02 22:22:32,App,Delivered
ORD000000302,779,779,2022-10-29 13:38:37,App,Shipped
ORD000000303,926,926,2023-12-21 01:51:56,Web,Delivered
ORD000000304,3239,3239,2023-08-17 10:37:31,Web,Delivered
ORD000000305,3480,3480,2025-03-24 09:25:31,Web,Delivered
ORD000000306,1616,1616,2023-09-13 02:07:21,App,Delivered
ORD000000307,1850,1850,2025-08-12 13:49:55,Web,Delivered
ORD000000308,1944,1944,2022-05-06 14:43:05,App,Shipped
ORD000000309,2371,2371,2025-02-03 11:57:20,Web,Delivered
ORD000000310,42,42,2023-03-25 09:55:02,App,Placed
ORD000000311,5580,5580,2023-09-22 22:38:55,App,Delivered
ORD000000312,3191,3191,2023-08-09 05:34:27,App,Placed
ORD000000313,4670,4670,2022-04-15 00:05:28,Store,Delivered
ORD000000314,1821,1821,2022-02-16 22:38:30,App,Shipped
ORD000000315,5570,5570,2021-09-13 20:30:36,Web,Delivered
ORD000000316,441,441,2021-04-25 16:52:23,Web,Returned
ORD000000317,5309,5309,2024-01-20 22:57:23,App,Shipped
ORD000000318,104,104,2024-01-24 14:40:31,Web,Delivered
ORD000000319,569,569,2022-01-18 10:58:35,App,Shipped
ORD000000320,457,457,2024-04-18 17:44:00,App,Delivered
ORD000000321,311,311,2024-06-25 21:16:30,App,Delivered
ORD000000322,1908,1908,2023-10-11 11:12:55,App,Delivered
ORD000000323,1708,1708,2025-07-02 04:34:56,Web,Placed
ORD000000324,3456,3456,2025-10-02 07:44:54,Web,Delivered
ORD000000325,1692,1692,2023-11-23 04:16:52,App,Delivered
ORD000000326,4503,4503,2025-08-15 09:39:07,App,Delivered
ORD000000327,2893,2893,2022-03-11 09:07:52,App,Delivered
ORD000000328,581,581,2025-04-24 09:04:05,Web,Cancelled
ORD000000329,2016,2016,2022-08-14 03:02:07,App,Delivered
ORD000000330,5178,5178,2022-02-21 13:02:33,App,Delivered
ORD000000331,4056,4056,2023-08-12 00:50:23,App,Shipped
ORD000000332,2645,2645,2023-01-02 12:16:50,Web,Delivered
ORD000000333,1861,1861,2021-05-19 13:31:54,Web,Delivered
ORD000000334,3685,3685,2022-06-10 22:42:00,Web,Returned
ORD000000335,3876,3876,2025-12-01 09:03:49,App,Delivered
ORD000000336,3292,3292,2022-12-09 19:44:55,Web,Delivered
ORD000000337,3232,3232,2022-02-05 03:31:38,App,Delivered
ORD000000338,187,187,2023-09-07 11:26:00,Web,Returned
ORD000000339,2944,2944,2026-01-01 19:53:06,App,Delivered
ORD000000340,4028,4028,2023-08-14 00:52:06,App,Shipped
ORD000000341,1623,1623,2021-06-11 19:46:16,Web,Placed
ORD000000342,2512,2512,2026-01-27 04:29:31,Store,Cancelled
ORD000000343,5618,5618,2021-05-29 16:46:46,App,Delivered
ORD000000344,2378,2378,2021-07-06 02:01:56,App,Delivered
ORD000000345,1891,1891,2025-01-02 02:08:55,App,Delivered
ORD000000346,4586,4586,2023-08-01 11:59:43,App,Delivered
ORD000000347,280,280,2023-08-06 01:58:59,App,Delivered
ORD000000348,855,855,2024-07-05 06:20:10,App,Returned
ORD000000349,5955,5955,2023-08-01 19:08:28,App,Shipped
ORD000000350,5284,5284,2025-03-25 18:09:02,App,Returned
ORD000000351,5101,5101,2023-12-10 05:29:11,App,Returned
ORD000000352,398,398,2022-01-10 05:46:13,Web,Placed
ORD000000353,4524,4524,2023-12-30 16:53:59,Web,Placed
ORD000000354,3504,3504,2025-12-12 17:21:59,App,Delivered
ORD000000355,4471,4471,2023-07-05 13:37:47,App,Placed
ORD000000356,3872,3872,2021-05-08 03:04:32,App,Delivered
ORD000000357,3796,3796,2023-12-27 13:32:19,App,Delivered
ORD000000358,632,632,2024-06-28 22:47:40,Web,Delivered
ORD000000359,3037,3037,2022-04-26 17:32:13,App,Returned
ORD000000360,4793,4793,2021-07-20 05:11:22,Web,Returned
ORD000000361,5543,5543,2025-04-10 02:04:32,App,Delivered
ORD000000362,928,928,2021-10-01 20:26:26,App,Delivered
ORD000000363,2028,2028,2024-08-10 06:23:46,App,Delivered
ORD000000364,1666,1666,2022-06-04 14:52:46,App,Delivered
ORD000000365,78,78,2022-09-13 20:27:14,App,Delivered
ORD000000366,4584,4584,2021-10-23 04:07:06,App,Returned
ORD000000367,3242,3242,2024-08-19 19:05:22,App,Delivered
ORD000000368,1062,1062,2022-05-28 23:40:31,App,Delivered
ORD000000369,3362,3362,2024-07-19 08:37:57,App,Cancelled
ORD000000370,4267,4267,2025-06-08 19:27:57,App,Delivered
ORD000000371,4738,4738,2021-02-19 12:07:58,Web,Delivered
ORD000000372,1700,1700,2023-01-28 05:39:57,App,Delivered
ORD000000373,5702,5702,2022-11-10 07:14:19,Web,Placed
ORD000000374,292,292,2023-05-16 05:47:57,Web,Delivered
ORD000000375,581,581,2023-03-15 06:36:40,App,Delivered
ORD000000376,4518,4518,2023-10-04 15:28:11,Web,Placed
ORD000000377,4201,4201,2021-09-05 09:37:02,App,Delivered
ORD000000378,5526,5526,2021-12-28 07:12:26,App,Placed
ORD000000379,880,880,2024-06-10 20:10:13,Web,Delivered
ORD000000380,1483,1483,2022-03-08 08:36:04,App,Placed
ORD000000381,2296,2296,2023-03-14 14:46:06,Store,Delivered
ORD000000382,3445,3445,2025-08-13 19:44:53,App,Returned
ORD000000383,1130,1130,2024-07-28 00:03:02,Web,Shipped
ORD000000384,5981,5981,2025-01-11 12:21:03,App,Delivered
ORD000000385,315,315,2022-05-21 05:55:20,Web,Shipped
ORD000000386,609,609,2025-09-08 06:32:04,App,Shipped
ORD000000387,3926,3926,2022-06-23 16:51:26,App,Delivered
ORD000000388,2993,2993,2024-04-20 07:16:22,Store,Delivered
ORD000000389,2587,2587,2021-10-01 03:50:08,App,Delivered
ORD000000390,2120,2120,2022-01-18 06:09:10,App,Delivered
ORD000000391,378,378,2023-10-20 13:32:17,App,Delivered
ORD000000392,5616,5616,2022-02-02 01:41:15,App,Cancelled
ORD000000393,134,134,2023-06-08 06:56:02,Store,Delivered
ORD000000394,3246,3246,2024-11-30 11:26:56,Web,Returned
ORD000000395,1817,1817,2023-05-26 08:05:11,Web,Delivered
ORD000000396,4489,4489,2024-12-04 10:58:23,Web,Delivered
ORD000000397,3136,3136,2021-10-16 02:15:09,Web,Delivered
ORD000000398,4511,4511,2023-08-03 08:46:08,App,Delivered
ORD000000399,1137,1137,2023-02-18 00:16:56,Web,Delivered
ORD000000400,1752,1752,2021-03-09 16:28:18,Store,Delivered
ORD000000401,4962,4962,2025-11-25 22:23:31,App,Delivered
ORD000000402,290,290,2022-01-15 17:53:26,App,Delivered
ORD000000403,1507,1507,2022-12-02 11:26:06,App,Delivered
ORD000000404,1339,1339,2022-07-14 10:32:45,App,Shipped
ORD000000405,2892,2892,2025-05-04 10:22:53,App,Shipped
ORD000000406,4974,4974,2023-03-25 06:04:52,Web,Cancelled
ORD000000407,1985,1985,2024-01-08 08:27:38,Web,Cancelled
ORD000000408,752,752,2021-12-18 01:21:25,Store,Delivered
ORD000000409,3590,3590,2023-01-02 05:26:51,App,Placed
ORD000000410,749,749,2026-01-10 12:45:32,Web,Returned
ORD000000411,365,365,2025-03-26 15:15:40,App,Delivered
ORD000000412,267,267,2024-09-29 13:46:12,Store,Placed
ORD000000413,4502,4502,2022-06-10 20:04:50,Store,Shipped
ORD000000414,3822,3822,2021-11-29 17:57:07,App,Delivered
ORD000000415,4235,4235,2022-03-19 12:23:21,App,Placed
ORD000000416,1189,1189,2023-06-29 19:09:46,App,Delivered
ORD000000417,5914,5914,2023-06-03 17:42:41,App,Delivered
ORD000000418,5817,5817,2022-03-16 10:24:29,App,Delivered
ORD000000419,3178,3178,2024-02-10 13:12:23,App,Shipped
ORD000000420,3221,3221,2024-06-16 19:22:33,App,Returned
ORD000000421,5530,5530,2025-11-16 15:37:35,Web,Shipped
ORD000000422,2831,2831,2022-06-17 19:32:44,App,Delivered
ORD000000423,4967,4967,2021-12-12 05:23:50,App,Delivered
ORD000000424,703,703,2023-04-16 14:21:46,App,Shipped
ORD000000425,1699,1699,2024-12-28 09:02:43,Web,Delivered
ORD000000426,201,201,2025-02-20 10:37:45,App,Shipped
ORD000000427,4714,4714,2023-02-12 03:37:00,Web,Delivered
ORD000000428,3799,3799,2022-12-26 05:03:55,App,Placed
ORD000000429,2014,2014,2024-02-05 13:00:29,App,Delivered
ORD000000430,4953,4953,2023-10-07 19:07:53,App,Shipped
ORD000000431,3542,3542,2022-12-10 13:17:50,App,Returned
ORD000000432,5849,5849,2021-03-24 03:39:43,App,Delivered
ORD000000433,2010,2010,2023-10-23 00:46:07,Web,Delivered
ORD000000434,3506,3506,2025-09-11 16:40:37,App,Delivered
ORD000000435,3101,3101,2022-03-28 03:24:05,App,Delivered
ORD000000436,4160,4160,2024-03-18 20:21:37,Web,Shipped
ORD000000437,5216,5216,2023-10-19 08:03:43,Web,Returned
ORD000000438,3738,3738,2025-06-13 13:33:15,Store,Delivered
ORD000000439,5460,5460,2025-06-30 19:40:24,App,Returned
ORD000000440,1712,1712,2023-12-06 15:16:14,App,Delivered
ORD000000441,4347,4347,2025-09-16 18:35:07,App,Delivered
ORD000000442,1730,1730,2021-02-13 11:20:10,App,Delivered
ORD000000443,3351,3351,2025-01-08 23:43:24,App,Delivered
ORD000000444,4135,4135,2025-08-26 18:48:17,App,Placed
ORD000000445,69,69,2022-12-24 13:52:33,App,Delivered
ORD000000446,4373,4373,2024-06-30 19:52:33,App,Delivered
ORD000000447,3192,3192,2021-10-06 13:28:57,Web,Placed
ORD000000448,1110,1110,2022-10-30 03:45:14,Web,Delivered
ORD000000449,3019,3019,2022-12-20 14:38:16,App,Delivered
ORD000000450,2654,2654,2025-05-23 16:29:48,Web,Delivered
ORD000000451,5212,5212,2024-02-28 07:30:27,App,Returned
ORD000000452,5540,5540,2021-08-27 10:37:19,Web,Placed
ORD000000453,341,341,2024-10-12 18:29:00,Web,Returned
ORD000000454,421,421,2021-04-11 13:39:15,Web,Returned
ORD000000455,2276,2276,2024-10-17 03:16:47,Web,Returned
ORD000000456,1919,1919,2022-01-08 11:07:46,App,Placed
ORD000000457,473,473,2023-11-22 16:12:11,Web,Delivered
ORD000000458,2136,2136,2026-01-11 13:01:48,App,Delivered
ORD000000459,3422,3422,2021-07-25 02:32:05,Web,Cancelled
ORD000000460,5930,5930,2022-10-24 08:41:11,Web,Delivered
ORD000000461,4963,4963,2024-05-29 19:05:13,App,Shipped
ORD000000462,3029,3029,2023-08-11 11:28:04,App,Shipped
ORD000000463,5766,5766,2026-01-27 06:12:34,Web,Delivered
ORD000000464,5077,5077,2024-10-31 15:31:33,App,Shipped
ORD000000465,2088,2088,2024-08-05 07:27:05,Web,Delivered
ORD000000466,3359,3359,2024-09-11 15:04:33,App,Cancelled
ORD000000467,256,256,2024-11-29 04:32:40,App,Delivered
ORD000000468,3870,3870,2021-09-30 04:41:08,Web,Delivered
ORD000000469,5717,5717,2023-09-13 16:46:44,App,Delivered
ORD000000470,1444,1444,2022-01-18 11:29:20,App,Delivered
ORD000000471,539,539,2025-02-23 01:33:48,Web,Delivered
ORD000000472,5862,5862,2022-04-18 08:20:58,Web,Cancelled
ORD000000473,3388,3388,2025-03-15 20:35:06,Web,Delivered
ORD000000474,1824,1824,2021-12-04 05:27:02,App,Shipped
ORD000000475,858,858,2025-05-05 06:02:46,App,Shipped
ORD000000476,132,132,2024-01-16 19:54:43,Web,Delivered
ORD000000477,5723,5723,2026-02-08 14:54:12,App,Placed
ORD000000478,2916,2916,2021-03-21 05:21:45,App,Placed
ORD000000479,4837,4837,2025-09-30 09:59:25,App,Placed
ORD000000480,2587,2587,2024-06-08 15:51:19,App,Delivered
ORD000000481,3375,3375,2022-03-20 01:08:29,App,Delivered
ORD000000482,2032,2032,2025-11-13 05:18:37,Web,Placed
ORD000000483,1926,1926,2021-12-07 16:19:31,App,Shipped
ORD000000484,2002,2002,2021-11-15 11:11:30,App,Delivered
ORD000000485,4378,4378,2023-12-08 12:59:27,Web,Delivered
ORD000000486,2328,2328,2021-08-08 03:22:46,Web,Delivered
ORD000000487,3572,3572,2021-11-15 21:16:23,App,Delivered
ORD000000488,5495,5495,2021-03-05 15:28:35,App,Delivered
ORD000000489,3372,3372,2021-12-29 02:27:55,App,Delivered
ORD000000490,3982,3982,2022-04-19 21:23:55,App,Delivered
ORD000000491,5005,5005,2023-06-09 05:07:53,Store,Delivered
ORD000000492,666,666,2025-03-30 10:47:07,Web,Cancelled
ORD000000493,5419,5419,2021-07-24 14:19:49,App,Cancelled
ORD000000494,5442,5442,2025-12-11 21:21:30,App,Delivered
ORD000000495,5230,5230,2023-11-21 01:16:26,App,Delivered
ORD000000496,1647,1647,2024-04-26 06:26:06,App,Delivered
ORD000000497,4567,4567,2024-01-15 23:59:51,App,Cancelled
ORD000000498,4508,4508,2024-08-06 10:25:12,App,Shipped
ORD000000499,4609,4609,2025-10-25 08:48:12,App,Delivered
ORD000000500,5600,5600,2021-07-28 21:19:48,App,Delivered
ORD000000501,1164,1164,2022-06-22 07:49:44,Web,Delivered
ORD000000502,2926,2926,2024-07-16 18:07:47,Store,Delivered
ORD000000503,5303,5303,2025-07-05 09:43:21,Web,Delivered
ORD000000504,4515,4515,2024-09-25 00:02:37,Web,Returned
ORD000000505,5053,5053,2021-03-07 07:49:06,Web,Placed
ORD000000506,5914,5914,2023-07-13 21:09:04,App,Returned
ORD000000507,3999,3999,2022-09-19 00:29:52,Store,Delivered
ORD000000508,825,825,2021-06-26 17:07:10,App,Delivered
ORD000000509,5004,5004,2026-01-16 01:03:28,App,Shipped
ORD000000510,733,733,2024-03-31 00:20:30,App,Delivered
ORD000000511,4487,4487,2024-08-02 20:49:05,App,Delivered
ORD000000512,1588,1588,2022-01-31 23:50:57,Store,Delivered
ORD000000513,3665,3665,2021-12-08 04:26:27,Web,Cancelled
ORD000000514,4757,4757,2023-01-10 04:13:07,App,Delivered
ORD000000515,27,27,2024-10-07 04:56:08,App,Delivered
ORD000000516,2671,2671,2022-09-23 04:40:19,Web,Placed
ORD000000517,5628,5628,2022-05-07 19:36:35,App,Delivered
ORD000000518,884,884,2021-04-25 02:18:04,App,Delivered
ORD000000519,5911,5911,2022-07-06 02:56:55,App,Delivered
ORD000000520,127,127,2021-06-10 15:36:44,Store,Delivered
ORD000000521,1480,1480,2024-10-16 05:01:02,App,Delivered
ORD000000522,2329,2329,2025-03-08 14:05:07,App,Returned
ORD000000523,5515,5515,2021-12-08 14:43:45,Web,Shipped
ORD000000524,319,319,2021-11-04 05:47:07,App,Cancelled
ORD000000525,2489,2489,2024-09-20 03:29:53,App,Delivered
ORD000000526,341,341,2026-02-06 11:38:05,App,Cancelled
ORD000000527,4790,4790,2023-05-10 11:06:31,App,Cancelled
ORD000000528,4215,4215,2024-03-11 08:46:11,Web,Delivered
ORD000000529,4874,4874,2024-10-14 12:59:44,App,Delivered
ORD000000530,4096,4096,2021-10-22 21:47:28,Web,Returned
ORD000000531,5488,5488,2021-02-17 10:09:46,App,Delivered
ORD000000532,4481,4481,2023-02-15 20:39:51,Web,Delivered
ORD000000533,1606,1606,2022-02-15 23:07:04,App,Delivered
ORD000000534,5278,5278,2021-08-09 23:23:19,Web,Shipped
ORD000000535,5730,5730,2022-02-21 14:41:56,App,Returned
ORD000000536,5837,5837,2021-10-27 02:39:07,App,Delivered
ORD000000537,4182,4182,2024-02-06 01:10:34,App,Delivered
ORD000000538,2409,2409,2022-09-06 21:29:48,App,Placed
ORD000000539,3054,3054,2022-10-01 02:06:38,App,Delivered
ORD000000540,2840,2840,2025-02-10 18:59:36,App,Cancelled
ORD000000541,1109,1109,2024-02-27 20:50:32,App,Delivered
ORD000000542,4455,4455,2022-02-12 23:19:44,App,Returned
ORD000000543,3205,3205,2024-08-06 17:04:11,App,Delivered
ORD000000544,3213,3213,2024-12-24 13:30:34,App,Delivered
ORD000000545,4543,4543,2023-10-13 04:08:19,Store,Delivered
ORD000000546,1926,1926,2022-09-27 04:28:57,App,Delivered
ORD000000547,5423,5423,2024-07-25 17:11:44,Web,Delivered
ORD000000548,1079,1079,2024-06-09 16:35:27,App,Placed
ORD000000549,4401,4401,2025-09-22 02:28:14,App,Shipped
ORD000000550,1977,1977,2024-05-29 10:48:19,Web,Shipped
ORD000000551,2819,2819,2023-03-09 20:52:00,Store,Delivered
ORD000000552,4630,4630,2021-02-19 19:16:05,App,Delivered
ORD000000553,2083,2083,2022-03-06 13:24:42,App,Returned
ORD000000554,5660,5660,2025-01-07 16:37:58,Web,Placed
ORD000000555,3561,3561,2023-06-25 18:00:55,Web,Delivered
ORD000000556,2730,2730,2023-03-06 18:23:13,App,Placed
ORD000000557,1164,1164,2023-01-28 19:05:31,App,Cancelled
ORD000000558,1015,1015,2025-05-17 03:42:29,Web,Shipped
ORD000000559,4737,4737,2022-12-25 02:20:22,App,Delivered
ORD000000560,5220,5220,2023-09-14 07:23:30,App,Placed
ORD000000561,3445,3445,2023-12-05 13:18:08,App,Delivered
ORD000000562,759,759,2022-04-02 04:55:53,App,Delivered
ORD000000563,3095,3095,2024-10-24 08:16:50,App,Delivered
ORD000000564,5989,5989,2023-03-05 10:39:34,App,Delivered
ORD000000565,4380,4380,2022-03-17 05:20:37,App,Delivered
ORD000000566,113,113,2024-07-16 15:48:43,App,Delivered
ORD000000567,2421,2421,2026-01-07 10:47:48,Web,Shipped
ORD000000568,4293,4293,2023-09-26 04:36:48,Web,Delivered
ORD000000569,5284,5284,2023-12-02 21:55:41,App,Delivered
ORD000000570,4989,4989,2024-02-03 15:07:21,Web,Delivered
ORD000000571,822,822,2025-05-04 07:27:59,Web,Cancelled
ORD000000572,5551,5551,2023-07-13 09:25:28,Web,Shipped
ORD000000573,3640,3640,2023-08-03 07:57:20,App,Cancelled
ORD000000574,5765,5765,2022-07-17 02:07:53,App,Delivered
ORD000000575,2446,2446,2023-04-23 22:30:02,App,Delivered
ORD000000576,2200,2200,2021-09-29 22:42:02,Web,Placed
ORD000000577,4287,4287,2023-12-12 05:13:00,Web,Shipped
ORD000000578,1820,1820,2024-08-28 00:46:22,Web,Delivered
ORD000000579,277,277,2022-03-21 20:38:34,App,Cancelled
ORD000000580,1267,1267,2025-01-26 12:47:15,App,Returned
ORD000000581,276,276,2023-11-01 23:10:59,Web,Returned
ORD000000582,5747,5747,2023-03-28 01:50:52,Web,Delivered
ORD000000583,2912,2912,2024-08-12 13:01:00,App,Delivered
ORD000000584,1331,1331,2022-10-03 05:36:48,App,Delivered
ORD000000585,1894,1894,2021-02-23 04:10:15,Web,Returned
ORD000000586,2344,2344,2024-05-18 09:21:22,App,Shipped
ORD000000587,3306,3306,2023-10-07 23:44:17,App,Delivered
ORD000000588,2389,2389,2023-07-30 10:09:36,Web,Delivered
ORD000000589,593,593,2022-07-25 22:09:00,App,Delivered
ORD000000590,4979,4979,2021-06-29 04:03:11,Web,Cancelled
ORD000000591,1388,1388,2023-01-27 01:15:38,Web,Placed
ORD000000592,3996,3996,2025-03-08 04:20:33,Web,Delivered
ORD000000593,5073,5073,2021-12-07 03:45:49,App,Delivered
ORD000000594,1535,1535,2024-06-11 04:41:59,App,Delivered
ORD000000595,5351,5351,2025-04-25 00:20:44,App,Delivered
ORD000000596,4110,4110,2024-04-06 03:06:33,App,Delivered
ORD000000597,5134,5134,2024-08-14 08:47:23,Web,Delivered
ORD000000598,5104,5104,2022-07-05 05:43:36,App,Delivered
ORD000000599,1064,1064,2023-07-26 18:25:52,Web,Returned
ORD000000600,3106,3106,2022-05-25 00:46:38,Web,Placed
ORD000000601,3905,3905,2021-02-28 21:58:25,App,Delivered
ORD000000602,3306,3306,2025-03-05 15:34:52,App,Returned
ORD000000603,5906,5906,2021-05-25 06:00:57,App,Cancelled
ORD000000604,1904,1904,2024-08-19 12:42:03,App,Delivered
ORD000000605,3362,3362,2024-05-08 01:51:51,App,Returned
ORD000000606,855,855,2023-07-05 10:46:04,App,Placed
ORD000000607,3505,3505,2023-07-10 04:22:33,App,Delivered
ORD000000608,2896,2896,2022-01-04 07:08:31,Web,Returned
ORD000000609,4051,4051,2024-02-20 21:12:14,App,Returned
ORD000000610,3813,3813,2022-05-12 14:29:41,Web,Delivered
ORD000000611,1916,1916,2022-09-05 00:34:46,App,Shipped
ORD000000612,2999,2999,2025-03-15 19:18:42,Web,Placed
ORD000000613,1342,1342,2021-02-25 14:02:41,Web,Returned
ORD000000614,2688,2688,2022-09-23 00:22:51,App,Cancelled
ORD000000615,1862,1862,2021-12-11 14:05:46,Web,Delivered
ORD000000616,2456,2456,2022-01-16 20:49:25,Web,Returned
ORD000000617,3793,3793,2023-06-19 15:44:05,Web,Shipped
ORD000000618,2864,2864,2025-12-04 16:08:14,Store,Delivered
ORD000000619,3152,3152,2021-06-15 06:35:50,Web,Delivered
ORD000000620,3879,3879,2025-08-11 02:59:44,Web,Shipped
ORD000000621,5865,5865,2023-06-15 05:39:07,App,Returned
ORD000000622,3063,3063,2022-01-20 04:27:57,App,Delivered
ORD000000623,5897,5897,2021-12-26 09:20:00,App,Delivered
ORD000000624,1309,1309,2023-10-22 06:03:49,Store,Delivered
ORD000000625,1702,1702,2025-11-27 09:36:17,Web,Delivered
ORD000000626,4414,4414,2023-05-23 00:50:34,App,Shipped
ORD000000627,4506,4506,2025-01-05 04:14:40,App,Delivered
ORD000000628,3214,3214,2024-04-04 12:09:31,App,Placed
ORD000000629,2019,2019,2021-10-01 21:46:41,Web,Placed
ORD000000630,247,247,2022-11-20 08:11:19,App,Placed
ORD000000631,2225,2225,2024-10-04 00:31:16,Store,Delivered
ORD000000632,2859,2859,2023-12-31 03:21:58,App,Delivered
ORD000000633,1368,1368,2023-03-02 08:23:31,Web,Delivered
ORD000000634,4360,4360,2021-05-14 03:18:57,Web,Delivered
ORD000000635,4264,4264,2021-07-09 07:51:18,App,Delivered
ORD000000636,5145,5145,2021-05-26 12:28:52,Web,Delivered
ORD000000637,703,703,2025-07-06 08:54:57,App,Shipped
ORD000000638,1924,1924,2025-07-25 03:45:49,Web,Returned
ORD000000639,1551,1551,2022-04-21 23:33:02,Web,Delivered
ORD000000640,1334,1334,2022-02-15 13:34:35,App,Shipped
ORD000000641,5759,5759,2023-08-03 14:51:49,App,Delivered
ORD000000642,1799,1799,2024-11-20 19:35:56,App,Delivered
ORD000000643,5490,5490,2023-07-01 02:22:24,Web,Delivered
ORD000000644,3456,3456,2022-04-23 15:57:52,App,Delivered
ORD000000645,3366,3366,2021-07-08 08:53:02,Web,Delivered
ORD000000646,664,664,2024-12-18 19:04:15,App,Delivered
ORD000000647,2628,2628,2025-07-10 18:48:38,Web,Delivered
ORD000000648,2085,2085,2026-02-05 01:21:35,App,Delivered
ORD000000649,2936,2936,2025-05-29 00:35:08,App,Delivered
ORD000000650,4643,4643,2024-11-06 05:03:52,App,Delivered
ORD000000651,4742,4742,2025-12-07 17:58:10,App,Cancelled
ORD000000652,4974,4974,2025-08-11 19:20:50,App,Delivered
ORD000000653,4769,4769,2022-04-09 19:53:34,Web,Returned
ORD000000654,4468,4468,2022-09-28 15:07:40,Web,Delivered
ORD000000655,4832,4832,2024-12-14 02:36:44,Web,Cancelled
ORD000000656,5742,5742,2024-06-23 03:09:10,App,Delivered
ORD000000657,2150,2150,2024-11-05 15:49:17,Web,Delivered
ORD000000658,3427,3427,2024-07-12 23:50:04,Web,Delivered
ORD000000659,480,480,2025-01-05 21:41:40,App,Delivered
ORD000000660,2958,2958,2025-02-24 07:54:19,Web,Delivered
ORD000000661,3731,3731,2023-12-17 18:09:34,App,Delivered
ORD000000662,1351,1351,2021-04-04 14:25:30,App,Delivered
ORD000000663,4013,4013,2022-10-12 12:12:45,Web,Cancelled
ORD000000664,700,700,2025-07-05 12:51:38,App,Delivered
ORD000000665,2648,2648,2022-07-03 04:59:58,App,Delivered
ORD000000666,5367,5367,2024-05-18 08:31:20,App,Delivered
ORD000000667,5109,5109,2024-05-02 03:47:51,App,Cancelled
ORD000000668,1722,1722,2022-06-13 18:49:54,Web,Delivered
ORD000000669,3160,3160,2025-11-27 04:31:45,Web,Delivered
ORD000000670,334,334,2024-03-03 08:58:50,App,Returned
ORD000000671,664,664,2025-06-26 11:59:36,App,Cancelled
ORD000000672,779,779,2025-02-13 15:26:24,Web,Delivered
ORD000000673,1224,1224,2024-04-25 09:14:16,Store,Delivered
ORD000000674,3455,3455,2021-07-16 02:03:39,App,Returned
ORD000000675,3500,3500,2022-03-07 04:33:15,App,Delivered
ORD000000676,5455,5455,2024-10-15 09:36:20,Web,Delivered
ORD000000677,5878,5878,2023-09-16 10:22:06,Web,Delivered
ORD000000678,2498,2498,2024-11-22 00:54:44,App,Delivered
ORD000000679,941,941,2026-01-25 14:27:32,App,Returned
ORD000000680,2634,2634,2025-12-31 09:00:33,App,Delivered
ORD000000681,5375,5375,2025-02-02 08:27:57,App,Delivered
ORD000000682,1017,1017,2021-04-16 10:11:32,App,Delivered
ORD000000683,4601,4601,2022-04-03 14:15:23,App,Placed
ORD000000684,4534,4534,2024-08-14 09:07:23,Web,Shipped
ORD000000685,3722,3722,2022-05-20 10:07:37,App,Returned
ORD000000686,6,6,2024-01-04 06:57:50,App,Delivered
ORD000000687,2267,2267,2025-12-08 08:25:57,App,Placed
ORD000000688,3988,3988,2022-05-19 08:08:33,Web,Delivered
ORD000000689,5633,5633,2021-03-19 15:11:24,App,Cancelled
ORD000000690,3793,3793,2021-11-09 20:54:23,App,Delivered
ORD000000691,513,513,2022-06-17 09:02:52,App,Delivered
ORD000000692,4965,4965,2024-01-19 20:28:19,App,Shipped
ORD000000693,3261,3261,2025-01-17 07:36:31,Web,Delivered
ORD000000694,975,975,2024-11-10 08:41:35,App,Returned
ORD000000695,5367,5367,2023-05-17 08:19:54,App,Cancelled
ORD000000696,2817,2817,2024-10-12 10:43:23,App,Delivered
ORD000000697,977,977,2021-12-26 22:37:30,Store,Delivered
ORD000000698,2734,2734,2025-10-24 23:31:17,Web,Delivered
ORD000000699,621,621,2022-07-09 09:02:46,Web,Placed
ORD000000700,4651,4651,2024-02-01 23:56:59,Web,Placed
ORD000000701,4646,4646,2022-01-01 22:38:44,Store,Delivered
ORD000000702,3842,3842,2023-06-09 10:55:26,App,Delivered
ORD000000703,594,594,2022-05-24 15:42:01,Web,Returned
ORD000000704,1420,1420,2021-06-26 19:40:10,Web,Delivered
ORD000000705,5853,5853,2025-11-06 05:30:39,Web,Returned
ORD000000706,1943,1943,2021-03-03 21:56:02,App,Returned
ORD000000707,623,623,2025-01-09 07:15:57,Web,Cancelled
ORD000000708,3849,3849,2024-09-10 17:01:23,Web,Delivered
ORD000000709,4530,4530,2025-02-24 09:23:44,App,Delivered
ORD000000710,3920,3920,2022-11-08 01:03:22,App,Delivered
ORD000000711,318,318,2023-03-16 08:59:51,App,Shipped
ORD000000712,2583,2583,2024-02-23 17:34:52,App,Shipped
ORD000000713,1525,1525,2023-06-22 05:31:51,App,Placed
ORD000000714,893,893,2022-12-01 17:12:07,Web,Delivered
ORD000000715,628,628,2021-04-28 10:58:03,App,Delivered
ORD000000716,5324,5324,2021-09-18 08:27:00,App,Returned
ORD000000717,4254,4254,2023-06-09 17:19:02,App,Delivered
ORD000000718,5450,5450,2025-04-02 22:27:08,Web,Delivered
ORD000000719,3022,3022,2021-03-25 07:44:18,Web,Delivered
ORD000000720,1455,1455,2024-12-14 00:43:15,App,Placed
ORD000000721,2772,2772,2024-08-16 21:01:14,Web,Delivered
ORD000000722,553,553,2021-06-09 02:46:19,App,Delivered
ORD000000723,5991,5991,2022-10-26 04:03:40,Web,Returned
ORD000000724,3591,3591,2024-10-30 07:48:27,Store,Delivered
ORD000000725,4958,4958,2023-04-09 21:17:37,Store,Delivered
ORD000000726,5737,5737,2025-11-14 20:15:37,App,Delivered
ORD000000727,5592,5592,2025-09-24 03:04:06,App,Delivered
ORD000000728,2506,2506,2025-04-15 03:32:50,App,Shipped
ORD000000729,2086,2086,2022-04-23 19:11:55,Web,Delivered
ORD000000730,676,676,2022-02-19 11:38:58,Web,Delivered
ORD000000731,1594,1594,2021-02-25 00:06:54,Web,Shipped
ORD000000732,4398,4398,2022-07-18 03:45:45,App,Delivered
ORD000000733,2683,2683,2024-10-09 05:55:44,Store,Delivered
ORD000000734,3779,3779,2023-07-27 00:08:37,Web,Shipped
ORD000000735,3265,3265,2021-05-11 05:24:23,App,Returned
ORD000000736,1938,1938,2025-04-21 04:44:11,App,Delivered
ORD000000737,4994,4994,2022-08-18 16:35:01,Web,Delivered
ORD000000738,616,616,2021-10-18 04:09:41,Web,Delivered
ORD000000739,5744,5744,2021-07-03 06:25:49,App,Placed
ORD000000740,4228,4228,2022-06-28 04:52:49,App,Delivered
ORD000000741,1632,1632,2021-10-23 21:03:08,App,Placed
ORD000000742,5715,5715,2023-03-04 04:46:53,Web,Delivered
ORD000000743,5290,5290,2023-08-28 14:38:13,App,Delivered
ORD000000744,945,945,2022-09-26 12:56:19,App,Shipped
ORD000000745,4981,4981,2021-08-25 22:54:32,App,Delivered
ORD000000746,5385,5385,2025-02-11 16:44:42,Web,Delivered
ORD000000747,5403,5403,2025-02-01 04:31:37,App,Delivered
ORD000000748,3477,3477,2025-12-22 05:13:23,Web,Delivered
ORD000000749,5667,5667,2023-12-15 17:07:40,App,Delivered
ORD000000750,471,471,2025-05-11 14:56:10,App,Delivered
ORD000000751,1956,1956,2025-09-01 10:50:12,Web,Delivered
ORD000000752,2397,2397,2022-04-18 01:35:02,App,Cancelled
ORD000000753,3907,3907,2022-11-08 19:51:42,App,Delivered
ORD000000754,2091,2091,2021-07-03 15:40:23,App,Returned
ORD000000755,2824,2824,2023-04-05 03:13:32,App,Delivered
ORD000000756,2530,2530,2022-05-13 05:54:34,App,Delivered
ORD000000757,4174,4174,2024-10-13 08:17:35,Store,Placed
ORD000000758,1060,1060,2022-06-04 20:31:43,Web,Delivered
ORD000000759,5294,5294,2024-08-19 23:06:36,App,Delivered
ORD000000760,647,647,2025-06-05 10:02:21,App,Returned
ORD000000761,1354,1354,2021-11-05 19:09:18,App,Delivered
ORD000000762,2700,2700,2023-03-20 12:14:38,Web,Delivered
ORD000000763,5175,5175,2024-10-08 23:35:53,App,Delivered
ORD000000764,764,764,2023-11-20 22:32:34,App,Delivered
ORD000000765,4072,4072,2025-04-03 13:06:18,App,Placed
ORD000000766,2327,2327,2024-04-08 10:36:12,App,Placed
ORD000000767,459,459,2022-07-25 03:43:22,Web,Delivered
ORD000000768,692,692,2025-05-17 04:22:33,Web,Delivered
ORD000000769,2573,2573,2024-11-29 02:00:28,App,Delivered
ORD000000770,5575,5575,2025-06-17 02:45:54,Web,Cancelled
ORD000000771,5941,5941,2024-10-30 06:47:10,App,Delivered
ORD000000772,2540,2540,2021-08-11 00:39:24,App,Delivered
ORD000000773,4170,4170,2024-08-22 10:29:25,App,Delivered
ORD000000774,5575,5575,2021-11-28 00:22:19,App,Delivered
ORD000000775,819,819,2021-03-26 07:14:50,App,Returned
ORD000000776,4251,4251,2022-01-27 04:32:50,Web,Shipped
ORD000000777,519,519,2026-01-25 12:33:58,Web,Cancelled
ORD000000778,4471,4471,2023-09-02 20:59:10,App,Delivered
ORD000000779,3992,3992,2024-10-01 08:06:53,App,Delivered
ORD000000780,343,343,2021-10-24 20:29:54,App,Delivered
ORD000000781,4644,4644,2023-05-06 08:17:16,App,Shipped
ORD000000782,5217,5217,2025-09-02 11:04:21,App,Delivered
ORD000000783,2794,2794,2021-05-30 10:42:28,App,Delivered
ORD000000784,3175,3175,2025-07-26 16:33:48,Web,Returned
ORD000000785,4532,4532,2022-03-20 00:24:34,App,Delivered
ORD000000786,5127,5127,2023-05-23 14:03:17,Web,Returned
ORD000000787,444,444,2024-06-17 01:54:49,App,Cancelled
ORD000000788,4575,4575,2024-06-14 05:10:20,App,Cancelled
ORD000000789,3705,3705,2024-04-04 14:55:16,Web,Returned
ORD000000790,1901,1901,2022-01-18 17:43:57,App,Delivered
ORD000000791,1518,1518,2025-01-15 09:25:13,App,Delivered
ORD000000792,4133,4133,2025-11-10 01:54:06,App,Shipped
ORD000000793,1557,1557,2021-12-11 21:11:54,Web,Delivered
ORD000000794,98,98,2023-10-08 22:18:57,App,Cancelled
ORD000000795,2862,2862,2023-08-22 00:00:44,App,Returned
ORD000000796,1045,1045,2023-03-01 15:20:29,Web,Placed
ORD000000797,5352,5352,2024-08-15 06:18:19,Web,Delivered
ORD000000798,468,468,2022-05-07 13:11:31,App,Delivered
ORD000000799,354,354,2021-06-02 23:32:31,Web,Delivered
ORD000000800,72,72,2024-04-07 08:56:18,App,Delivered
ORD000000801,1376,1376,2022-03-30 08:29:14,App,Placed
ORD000000802,1076,1076,2023-01-06 20:51:12,Web,Returned
ORD000000803,1246,1246,2025-07-10 13:48:52,App,Delivered
ORD000000804,1024,1024,2024-02-20 12:36:28,App,Delivered
ORD000000805,1821,1821,2025-03-31 03:36:14,Web,Delivered
ORD000000806,990,990,2025-05-18 22:50:19,App,Delivered
ORD000000807,4556,4556,2021-12-17 16:59:03,Web,Delivered
ORD000000808,5287,5287,2023-12-18 13:36:42,Web,Placed
ORD000000809,5403,5403,2023-09-02 03:06:08,Web,Returned
ORD000000810,2549,2549,2023-08-17 06:53:42,Web,Delivered
ORD000000811,4813,4813,2023-09-25 12:02:10,App,Placed
ORD000000812,4463,4463,2022-02-23 06:12:19,App,Delivered
ORD000000813,3722,3722,2026-01-06 00:14:42,Web,Delivered
ORD000000814,3108,3108,2024-07-06 07:45:27,Web,Placed
ORD000000815,4703,4703,2024-10-28 00:08:19,App,Delivered
ORD000000816,2576,2576,2022-03-31 06:18:10,Web,Shipped
ORD000000817,3047,3047,2024-07-26 03:52:49,Web,Delivered
ORD000000818,749,749,2025-07-31 22:56:59,Store,Shipped
ORD000000819,1700,1700,2021-08-25 12:20:04,App,Delivered
ORD000000820,602,602,2024-03-04 13:21:27,App,Returned
ORD000000821,4716,4716,2023-06-04 08:58:40,Web,Delivered
ORD000000822,255,255,2024-01-23 08:02:58,App,Delivered
ORD000000823,2978,2978,2026-01-26 21:53:53,App,Delivered
ORD000000824,2725,2725,2025-07-29 04:36:49,App,Delivered
ORD000000825,5320,5320,2024-09-25 06:29:14,Web,Shipped
ORD000000826,836,836,2025-09-23 17:37:24,App,Delivered
ORD000000827,1851,1851,2025-12-20 08:02:35,Web,Delivered
ORD000000828,4765,4765,2021-05-06 04:55:52,App,Shipped
ORD000000829,3103,3103,2026-01-10 04:17:09,Web,Delivered
ORD000000830,3650,3650,2023-11-09 17:11:25,App,Placed
ORD000000831,2534,2534,2025-05-06 09:34:33,Web,Cancelled
ORD000000832,2307,2307,2024-03-07 10:54:49,App,Delivered
ORD000000833,4349,4349,2024-01-11 19:22:53,Web,Delivered
ORD000000834,494,494,2022-03-26 10:44:41,App,Returned
ORD000000835,3306,3306,2025-03-16 00:56:07,App,Delivered
ORD000000836,1131,1131,2023-10-30 14:32:44,App,Shipped
ORD000000837,5701,5701,2021-09-08 18:11:41,Web,Returned
ORD000000838,4432,4432,2021-07-09 11:33:38,App,Delivered
ORD000000839,3785,3785,2021-08-31 11:40:24,Web,Delivered
ORD000000840,2101,2101,2023-01-08 11:04:17,Store,Placed
ORD000000841,4016,4016,2025-04-24 12:54:26,App,Delivered
ORD000000842,4041,4041,2021-12-23 22:56:14,App,Delivered
ORD000000843,1777,1777,2022-06-24 02:13:09,Web,Delivered
ORD000000844,1868,1868,2023-01-11 01:32:36,Web,Returned
ORD000000845,2735,2735,2023-08-01 17:45:16,App,Delivered
ORD000000846,3332,3332,2024-09-17 16:51:49,Web,Placed
ORD000000847,3441,3441,2024-10-22 18:32:45,App,Delivered
ORD000000848,210,210,2025-12-11 05:19:30,App,Returned
ORD000000849,3114,3114,2026-01-20 14:18:55,Store,Shipped
ORD000000850,5109,5109,2025-07-19 07:28:49,App,Delivered
ORD000000851,5473,5473,2022-10-18 14:39:19,Store,Delivered
ORD000000852,2730,2730,2021-09-19 23:06:56,Web,Delivered
ORD000000853,4990,4990,2025-12-31 23:28:17,App,Placed
ORD000000854,5379,5379,2023-07-24 17:34:33,Web,Delivered
ORD000000855,4070,4070,2023-06-02 02:01:52,Web,Delivered
ORD000000856,4433,4433,2022-10-06 05:18:07,Web,Delivered
ORD000000857,5515,5515,2024-03-02 15:10:12,Web,Returned
ORD000000858,4771,4771,2021-08-14 06:25:27,App,Delivered
ORD000000859,4201,4201,2025-03-14 13:45:05,Store,Shipped
ORD000000860,3762,3762,2024-12-03 01:04:51,Web,Delivered
ORD000000861,4799,4799,2022-09-15 06:16:03,App,Delivered
ORD000000862,1148,1148,2022-06-18 14:47:06,Web,Delivered
ORD000000863,3782,3782,2021-11-25 13:55:38,Web,Shipped
ORD000000864,1291,1291,2022-06-20 18:47:02,Web,Placed
ORD000000865,3115,3115,2025-11-13 13:34:08,App,Delivered
ORD000000866,3879,3879,2024-12-20 08:53:44,App,Delivered
ORD000000867,2701,2701,2023-05-02 20:45:38,App,Cancelled
ORD000000868,5389,5389,2025-12-17 15:45:45,App,Shipped
ORD000000869,674,674,2025-08-09 04:12:04,App,Delivered
ORD000000870,5315,5315,2022-08-30 19:04:35,App,Delivered
ORD000000871,2976,2976,2022-03-17 11:46:03,App,Shipped
ORD000000872,2372,2372,2024-09-22 15:00:45,App,Cancelled
ORD000000873,757,757,2021-09-13 12:02:00,App,Returned
ORD000000874,5185,5185,2024-02-07 04:09:10,Web,Delivered
ORD000000875,4297,4297,2023-06-06 09:39:37,Web,Shipped
ORD000000876,4338,4338,2022-07-08 09:28:56,App,Returned
ORD000000877,2902,2902,2023-05-06 15:30:23,Web,Placed
ORD000000878,1488,1488,2022-09-11 14:29:43,App,Returned
ORD000000879,968,968,2023-06-18 00:31:37,App,Shipped
ORD000000880,3013,3013,2023-12-28 03:00:54,App,Delivered
ORD000000881,2353,2353,2022-06-23 17:22:20,Web,Delivered
ORD000000882,4410,4410,2022-05-28 10:15:57,App,Shipped
ORD000000883,2844,2844,2023-08-17 06:24:59,App,Delivered
ORD000000884,883,883,2024-06-17 18:04:54,App,Delivered
ORD000000885,498,498,2024-03-28 17:31:06,App,Placed
ORD000000886,5654,5654,2025-01-18 02:46:47,App,Delivered
ORD000000887,3429,3429,2025-10-15 20:10:46,App,Delivered
ORD000000888,1906,1906,2025-11-07 08:07:34,Web,Delivered
ORD000000889,1541,1541,2021-11-04 10:09:57,Web,Delivered
ORD000000890,1999,1999,2022-12-03 18:52:52,App,Delivered
ORD000000891,1333,1333,2023-09-23 03:20:04,Web,Delivered
ORD000000892,3367,3367,2023-03-09 10:51:09,App,Cancelled
ORD000000893,1573,1573,2025-05-21 22:18:28,App,Delivered
ORD000000894,5341,5341,2022-09-22 10:26:16,Web,Delivered
ORD000000895,3665,3665,2024-09-29 01:23:41,Web,Shipped
ORD000000896,3455,3455,2022-04-14 08:18:51,App,Delivered
ORD000000897,3817,3817,2022-05-19 00:39:49,Web,Delivered
ORD000000898,5638,5638,2024-12-08 01:12:11,App,Delivered
ORD000000899,5737,5737,2024-03-13 11:04:59,App,Delivered
ORD000000900,1361,1361,2025-03-25 15:22:46,App,Delivered
ORD000000901,5975,5975,2022-03-21 21:58:12,Web,Delivered
ORD000000902,564,564,2022-08-06 00:05:23,Web,Delivered
ORD000000903,5306,5306,2021-12-03 10:45:52,App,Placed
ORD000000904,734,734,2024-05-11 19:55:52,App,Delivered
ORD000000905,753,753,2022-12-16 01:24:49,App,Delivered
ORD000000906,2357,2357,2024-02-10 06:38:55,App,Delivered
ORD000000907,4244,4244,2023-09-20 04:34:20,Web,Placed
ORD000000908,5117,5117,2024-02-19 16:32:34,App,Shipped
ORD000000909,5175,5175,2021-06-16 23:43:40,App,Delivered
ORD000000910,2975,2975,2024-03-18 20:06:33,Web,Placed
ORD000000911,3987,3987,2022-06-22 17:22:37,Web,Delivered
ORD000000912,5830,5830,2021-11-29 05:08:59,App,Delivered
ORD000000913,2716,2716,2023-08-26 04:33:32,Web,Shipped
ORD000000914,1786,1786,2024-04-07 02:33:23,App,Delivered
ORD000000915,4788,4788,2025-02-20 08:12:50,Web,Delivered
ORD000000916,2634,2634,2022-05-27 10:41:32,App,Delivered
ORD000000917,2093,2093,2021-09-13 02:43:04,App,Delivered
ORD000000918,5842,5842,2022-09-25 21:01:53,Web,Placed
ORD000000919,1806,1806,2022-10-24 17:47:01,App,Delivered
ORD000000920,3364,3364,2023-03-29 00:23:13,Web,Delivered
ORD000000921,4360,4360,2025-07-30 19:25:14,App,Cancelled
ORD000000922,3056,3056,2022-02-09 13:17:38,App,Delivered
ORD000000923,1249,1249,2021-07-10 04:33:25,App,Delivered
ORD000000924,216,216,2023-09-20 00:31:44,App,Placed
ORD000000925,3946,3946,2024-10-09 06:20:32,App,Placed
ORD000000926,4327,4327,2023-05-20 08:24:50,App,Returned
ORD000000927,1726,1726,2025-09-15 03:33:43,Web,Returned
ORD000000928,2702,2702,2022-01-30 22:50:02,Web,Placed
ORD000000929,1201,1201,2021-03-22 19:05:14,App,Delivered
ORD000000930,3635,3635,2023-05-06 02:57:13,Web,Placed
ORD000000931,1541,1541,2022-05-31 23:13:57,App,Delivered
ORD000000932,5843,5843,2024-01-15 04:28:00,App,Returned
ORD000000933,4803,4803,2023-05-24 12:30:35,App,Shipped
ORD000000934,513,513,2021-09-23 04:17:13,App,Shipped
ORD000000935,5993,5993,2025-06-06 08:50:17,App,Returned
ORD000000936,5221,5221,2022-04-13 01:25:57,App,Delivered
ORD000000937,3712,3712,2024-04-18 04:23:44,App,Delivered
ORD000000938,3937,3937,2022-07-05 16:19:10,App,Delivered
ORD000000939,2353,2353,2023-05-08 14:10:33,Web,Delivered
ORD000000940,3833,3833,2023-10-05 19:51:53,App,Shipped
ORD000000941,4447,4447,2022-01-24 03:16:02,App,Delivered
ORD000000942,803,803,2022-06-08 21:53:37,App,Cancelled
ORD000000943,4547,4547,2025-06-12 15:26:41,Web,Returned
ORD000000944,5389,5389,2025-11-09 07:31:08,App,Delivered
ORD000000945,902,902,2025-06-21 10:51:00,App,Placed
ORD000000946,4159,4159,2021-12-12 14:54:27,App,Delivered
ORD000000947,1789,1789,2025-04-18 02:18:13,Web,Placed
ORD000000948,4601,4601,2023-05-04 00:07:09,App,Delivered
ORD000000949,2313,2313,2023-01-22 16:54:30,Web,Delivered
ORD000000950,1700,1700,2023-03-29 01:49:31,App,Delivered
ORD000000951,3151,3151,2023-05-10 23:52:31,Web,Returned
ORD000000952,5750,5750,2021-06-22 10:43:35,App,Delivered
ORD000000953,1209,1209,2024-04-09 23:41:00,Web,Placed
ORD000000954,2994,2994,2023-08-20 19:52:44,App,Returned
ORD000000955,2543,2543,2025-11-09 20:10:00,App,Delivered
ORD000000956,1595,1595,2021-08-21 19:29:08,App,Delivered
ORD000000957,3442,3442,2024-02-19 11:04:13,App,Placed
ORD000000958,1839,1839,2025-09-07 10:56:23,Web,Delivered
ORD000000959,4860,4860,2023-05-02 16:30:01,Web,Delivered
ORD000000960,3673,3673,2022-03-24 12:36:09,Web,Shipped
ORD000000961,2903,2903,2023-08-09 09:19:20,App,Delivered
ORD000000962,2340,2340,2021-03-20 18:03:20,App,Placed
ORD000000963,4522,4522,2021-06-14 07:20:41,App,Cancelled
ORD000000964,2343,2343,2022-12-29 03:31:50,App,Delivered
ORD000000965,4929,4929,2025-11-15 20:48:15,Store,Returned
ORD000000966,500,500,2023-10-03 17:42:51,Web,Delivered
ORD000000967,3628,3628,2022-08-23 19:42:49,Web,Delivered
ORD000000968,845,845,2023-06-30 14:55:46,App,Placed
ORD000000969,3664,3664,2024-12-10 17:37:32,Web,Placed
ORD000000970,1061,1061,2021-02-21 16:28:28,Store,Shipped
ORD000000971,5646,5646,2024-08-24 05:03:56,App,Placed
ORD000000972,2682,2682,2021-09-12 01:47:29,Web,Delivered
ORD000000973,1421,1421,2023-10-01 21:39:37,App,Shipped
ORD000000974,750,750,2024-03-13 07:40:09,App,Delivered
ORD000000975,5687,5687,2024-11-03 03:16:54,Web,Delivered
ORD000000976,1948,1948,2022-09-25 11:02:12,App,Delivered
ORD000000977,1046,1046,2023-06-07 03:30:11,Web,Shipped
ORD000000978,3412,3412,2023-08-25 08:53:41,App,Shipped
ORD000000979,4591,4591,2022-01-19 03:49:30,Web,Delivered
ORD000000980,3475,3475,2023-01-06 03:15:20,App,Delivered
ORD000000981,1227,1227,2026-02-11 19:50:17,App,Placed
ORD000000982,2974,2974,2021-04-26 07:59:05,App,Returned
ORD000000983,5046,5046,2023-10-04 15:32:46,App,Delivered
ORD000000984,1370,1370,2022-04-12 02:09:25,App,Delivered
ORD000000985,1039,1039,2025-11-21 02:19:25,Web,Delivered
ORD000000986,5150,5150,2024-06-07 05:13:39,Web,Placed
ORD000000987,1788,1788,2025-04-09 23:55:45,Web,Delivered
ORD000000988,1653,1653,2021-09-13 01:04:04,Web,Delivered
ORD000000989,4716,4716,2022-09-03 07:52:05,App,Placed
ORD000000990,4723,4723,2026-02-10 11:18:05,Web,Delivered
ORD000000991,4368,4368,2021-11-30 20:14:11,App,Delivered
ORD000000992,420,420,2023-10-30 16:54:35,Web,Cancelled
ORD000000993,2898,2898,2023-10-26 14:25:07,Web,Shipped
ORD000000994,4585,4585,2024-02-03 22:08:42,App,Delivered
ORD000000995,3303,3303,2022-03-03 04:37:09,Web,Delivered
ORD000000996,796,796,2021-03-11 16:09:10,Web,Cancelled
ORD000000997,5438,5438,2022-09-21 10:18:40,App,Delivered
ORD000000998,2810,2810,2021-04-19 00:23:36,Web,Shipped
ORD000000999,467,467,2025-12-03 17:38:30,App,Delivered
ORD000001000,4536,4536,2025-05-24 17:40:41,App,Returned
ORD000001001,1355,1355,2022-12-14 22:52:43,App,Delivered
ORD000001002,273,273,2025-07-06 00:19:29,App,Placed
ORD000001003,2750,2750,2024-07-30 14:34:08,App,Placed
ORD000001004,5141,5141,2023-03-29 16:38:00,Web,Delivered
ORD000001005,5612,5612,2022-09-09 03:54:14,Web,Delivered
ORD000001006,3490,3490,2023-12-06 04:34:22,Web,Delivered
ORD000001007,3869,3869,2022-06-25 13:36:04,Web,Cancelled
ORD000001008,3652,3652,2025-04-11 00:25:49,App,Delivered
ORD000001009,956,956,2025-08-08 12:55:41,Web,Delivered
ORD000001010,5387,5387,2025-12-02 11:38:44,Web,Delivered
ORD000001011,3410,3410,2022-08-22 19:27:27,App,Delivered
ORD000001012,1920,1920,2022-04-09 06:48:18,App,Delivered
ORD000001013,2933,2933,2023-04-23 22:05:56,App,Delivered
ORD000001014,188,188,2025-06-11 23:57:23,Web,Shipped
ORD000001015,5595,5595,2021-12-22 19:01:34,App,Delivered
ORD000001016,208,208,2025-02-18 22:41:56,Web,Placed
ORD000001017,74,74,2022-07-29 16:16:06,Store,Delivered
ORD000001018,4769,4769,2025-01-02 09:14:05,Web,Placed
ORD000001019,2620,2620,2024-08-23 00:42:54,App,Placed
ORD000001020,1050,1050,2024-07-18 01:32:07,Store,Delivered
ORD000001021,4970,4970,2022-05-30 00:26:10,Web,Shipped
ORD000001022,5890,5890,2025-05-15 20:37:31,App,Placed
ORD000001023,1882,1882,2021-05-27 23:05:55,Web,Placed
ORD000001024,515,515,2021-06-17 10:59:57,Web,Shipped
ORD000001025,5920,5920,2023-11-14 14:21:49,Web,Delivered
ORD000001026,3329,3329,2021-05-07 00:07:32,App,Placed
ORD000001027,280,280,2024-06-25 07:38:31,Web,Delivered
ORD000001028,2987,2987,2024-08-01 21:34:12,Web,Delivered
ORD000001029,4856,4856,2023-04-21 09:19:43,Store,Delivered
ORD000001030,556,556,2024-04-15 23:19:02,App,Returned
ORD000001031,5153,5153,2025-04-13 12:00:02,App,Delivered
ORD000001032,3380,3380,2022-04-04 21:27:56,App,Delivered
ORD000001033,291,291,2023-01-20 22:07:31,Web,Placed
ORD000001034,4881,4881,2025-06-01 22:24:21,App,Delivered
ORD000001035,2874,2874,2022-07-01 23:46:42,App,Placed
ORD000001036,3019,3019,2025-10-26 18:21:49,Web,Delivered
ORD000001037,1623,1623,2021-05-01 23:48:16,Web,Delivered
ORD000001038,4838,4838,2025-11-19 03:37:43,App,Placed
ORD000001039,3552,3552,2024-08-31 19:54:23,Web,Delivered
ORD000001040,4179,4179,2022-05-09 20:49:57,App,Delivered
ORD000001041,3276,3276,2022-05-29 14:11:50,App,Delivered
ORD000001042,2012,2012,2025-08-27 19:40:01,App,Delivered
ORD000001043,2690,2690,2022-09-10 07:48:56,Web,Delivered
ORD000001044,5258,5258,2024-05-12 14:34:57,App,Delivered
ORD000001045,83,83,2022-10-24 07:33:51,Web,Shipped
ORD000001046,3996,3996,2025-09-03 09:15:05,Web,Delivered
ORD000001047,5807,5807,2024-03-21 14:22:43,App,Delivered
ORD000001048,648,648,2021-03-21 14:23:43,Web,Shipped
ORD000001049,4247,4247,2025-02-27 16:21:31,App,Delivered
ORD000001050,5040,5040,2022-02-06 21:48:21,App,Returned
ORD000001051,3693,3693,2025-01-11 03:38:16,App,Returned
ORD000001052,1758,1758,2021-12-01 15:43:08,App,Delivered
ORD000001053,4956,4956,2023-09-10 20:18:26,App,Delivered
ORD000001054,5965,5965,2025-04-17 04:55:34,App,Delivered
ORD000001055,3340,3340,2025-01-06 22:52:02,App,Delivered
ORD000001056,3658,3658,2021-05-22 14:14:40,App,Placed
ORD000001057,4211,4211,2024-05-27 13:02:10,App,Delivered
ORD000001058,3153,3153,2022-12-28 20:38:07,App,Shipped
ORD000001059,726,726,2024-12-24 20:44:02,Web,Delivered
ORD000001060,5647,5647,2024-12-27 19:24:30,Web,Delivered
ORD000001061,1108,1108,2022-05-27 18:57:50,App,Delivered
ORD000001062,4983,4983,2023-08-23 22:21:12,Web,Delivered
ORD000001063,2826,2826,2023-12-12 18:21:07,Web,Delivered
ORD000001064,4906,4906,2022-07-16 06:42:44,App,Delivered
ORD000001065,2202,2202,2022-10-16 02:53:29,Web,Shipped
ORD000001066,1841,1841,2024-12-04 11:51:40,Web,Delivered
ORD000001067,4349,4349,2021-11-29 06:32:14,App,Delivered
ORD000001068,2496,2496,2021-11-01 04:34:19,App,Delivered
ORD000001069,5393,5393,2022-03-01 21:22:56,Web,Delivered
ORD000001070,3945,3945,2022-08-30 01:23:26,App,Delivered
ORD000001071,825,825,2025-07-12 08:24:27,App,Delivered
ORD000001072,4603,4603,2025-04-14 21:38:11,Web,Placed
ORD000001073,1735,1735,2022-12-23 09:18:06,Web,Shipped
ORD000001074,351,351,2023-02-20 08:39:44,App,Delivered
ORD000001075,5203,5203,2021-11-16 09:32:10,App,Delivered
ORD000001076,4914,4914,2024-03-18 21:27:15,Web,Placed
ORD000001077,2174,2174,2024-04-11 20:05:50,App,Delivered
ORD000001078,3286,3286,2022-04-15 16:40:20,Web,Placed
ORD000001079,835,835,2026-01-10 18:35:56,Web,Delivered
ORD000001080,1988,1988,2025-09-05 14:24:53,App,Delivered
ORD000001081,3822,3822,2026-01-20 23:47:21,App,Delivered
ORD000001082,3672,3672,2021-07-27 04:30:41,App,Delivered
ORD000001083,4992,4992,2022-11-26 21:01:24,Web,Delivered
ORD000001084,3003,3003,2021-07-16 12:21:07,Web,Shipped
ORD000001085,2510,2510,2021-03-23 22:28:13,App,Delivered
ORD000001086,2673,2673,2022-08-26 18:29:06,App,Delivered
ORD000001087,3443,3443,2021-09-04 05:27:25,App,Shipped
ORD000001088,4159,4159,2024-02-18 08:51:27,Web,Delivered
ORD000001089,4847,4847,2025-07-24 06:44:10,App,Delivered
ORD000001090,4122,4122,2021-12-18 16:40:52,App,Shipped
ORD000001091,4097,4097,2026-01-26 15:05:52,App,Delivered
ORD000001092,1938,1938,2025-08-11 09:41:34,Web,Returned
ORD000001093,5798,5798,2023-07-05 12:42:44,App,Placed
ORD000001094,298,298,2023-05-19 21:14:02,App,Delivered
ORD000001095,2302,2302,2022-04-09 19:40:48,App,Delivered
ORD000001096,3939,3939,2026-01-18 23:43:39,Web,Returned
ORD000001097,1595,1595,2024-07-30 08:30:21,App,Delivered
ORD000001098,3366,3366,2022-09-08 18:26:37,App,Delivered
ORD000001099,3216,3216,2025-06-06 20:39:43,Web,Delivered
ORD000001100,4305,4305,2021-09-19 19:25:42,Web,Delivered
ORD000001101,3298,3298,2025-12-17 17:57:37,App,Returned
ORD000001102,1482,1482,2024-09-18 09:39:37,App,Delivered
ORD000001103,5003,5003,2025-03-13 16:21:36,App,Delivered
ORD000001104,4380,4380,2024-02-05 08:05:30,Store,Shipped
ORD000001105,3675,3675,2024-05-06 03:32:07,App,Placed
ORD000001106,3183,3183,2021-08-31 23:15:48,App,Delivered
ORD000001107,4446,4446,2023-12-25 02:04:05,Web,Delivered
ORD000001108,5453,5453,2025-05-06 05:08:23,App,Delivered
ORD000001109,3152,3152,2024-08-09 07:26:58,Web,Delivered
ORD000001110,3788,3788,2026-02-09 09:44:02,App,Returned
ORD000001111,1774,1774,2023-10-08 05:44:11,Web,Placed
ORD000001112,1352,1352,2022-09-24 02:46:18,Web,Delivered
ORD000001113,1318,1318,2024-12-10 00:12:10,Store,Placed
ORD000001114,5614,5614,2023-12-07 08:18:39,App,Delivered
ORD000001115,4280,4280,2023-02-26 15:01:53,Web,Placed
ORD000001116,2031,2031,2023-02-04 00:08:27,Web,Delivered
ORD000001117,212,212,2022-09-09 22:40:30,App,Cancelled
ORD000001118,1275,1275,2025-10-19 05:50:33,App,Returned
ORD000001119,4263,4263,2021-10-15 12:39:10,App,Shipped
ORD000001120,3615,3615,2022-02-20 02:10:20,App,Returned
ORD000001121,5968,5968,2021-10-03 15:39:35,Web,Delivered
ORD000001122,3735,3735,2022-06-01 00:31:49,Web,Delivered
ORD000001123,1186,1186,2023-04-03 19:53:22,App,Placed
ORD000001124,875,875,2023-08-25 17:34:43,App,Delivered
ORD000001125,5539,5539,2023-03-25 08:06:56,App,Delivered
ORD000001126,5750,5750,2026-01-02 05:02:22,Web,Delivered
ORD000001127,4503,4503,2023-05-16 06:45:44,App,Shipped
ORD000001128,3464,3464,2025-05-25 06:10:55,App,Delivered
ORD000001129,2486,2486,2024-04-09 22:59:05,App,Delivered
ORD000001130,4501,4501,2023-02-11 17:00:23,App,Shipped
ORD000001131,4371,4371,2023-06-10 12:32:22,Web,Returned
ORD000001132,5535,5535,2025-12-12 07:30:45,Web,Placed
ORD000001133,3399,3399,2024-08-11 13:30:42,App,Delivered
ORD000001134,4888,4888,2021-02-17 11:30:59,Web,Delivered
ORD000001135,136,136,2021-03-11 18:20:49,Web,Delivered
ORD000001136,333,333,2025-09-22 20:27:02,Web,Cancelled
ORD000001137,1027,1027,2025-08-24 15:53:05,App,Delivered
ORD000001138,3234,3234,2021-08-07 01:19:25,Web,Placed
ORD000001139,1536,1536,2024-12-27 04:24:14,Web,Cancelled
ORD000001140,2125,2125,2021-11-20 15:58:01,App,Delivered
ORD000001141,2233,2233,2023-11-02 23:52:32,Web,Placed
ORD000001142,3958,3958,2026-01-15 15:26:13,App,Delivered
ORD000001143,2618,2618,2024-11-03 19:07:01,App,Returned
ORD000001144,5283,5283,2022-10-17 22:33:51,App,Placed
ORD000001145,5141,5141,2025-12-09 21:41:49,Web,Delivered
ORD000001146,5698,5698,2026-01-26 19:34:41,App,Delivered
ORD000001147,953,953,2022-11-18 06:56:23,App,Delivered
ORD000001148,3370,3370,2022-10-12 21:11:32,Web,Delivered
ORD000001149,3354,3354,2023-05-05 20:55:16,Web,Returned
ORD000001150,1987,1987,2025-07-07 18:54:28,App,Placed
ORD000001151,4568,4568,2021-07-01 21:35:18,App,Shipped
ORD000001152,3464,3464,2022-02-10 21:19:37,App,Placed
ORD000001153,165,165,2025-02-27 09:41:46,Web,Delivered
ORD000001154,1992,1992,2024-10-13 22:16:43,App,Placed
ORD000001155,2706,2706,2024-12-09 13:55:45,App,Delivered
ORD000001156,1740,1740,2025-06-10 20:37:52,App,Shipped
ORD000001157,4260,4260,2025-03-03 17:58:39,App,Delivered
ORD000001158,104,104,2022-08-27 04:23:56,App,Delivered
ORD000001159,4692,4692,2025-01-27 01:49:49,App,Returned
ORD000001160,4216,4216,2022-05-28 13:06:25,App,Cancelled
ORD000001161,1128,1128,2025-04-30 22:00:58,Web,Cancelled
ORD000001162,364,364,2023-05-18 10:55:02,Web,Delivered
ORD000001163,1570,1570,2022-02-14 00:54:59,App,Delivered
ORD000001164,369,369,2024-10-19 19:11:05,App,Delivered
ORD000001165,3950,3950,2023-03-31 23:02:33,App,Delivered
ORD000001166,3758,3758,2025-04-05 04:48:56,App,Delivered
ORD000001167,5054,5054,2021-04-09 21:16:13,App,Delivered
ORD000001168,3398,3398,2024-10-18 03:10:20,App,Returned
ORD000001169,5864,5864,2022-01-30 15:21:49,Store,Placed
ORD000001170,5305,5305,2024-11-03 14:14:36,Web,Returned
ORD000001171,5351,5351,2023-03-10 06:46:42,Web,Shipped
ORD000001172,4231,4231,2024-08-16 21:37:28,Web,Delivered
ORD000001173,2093,2093,2022-10-07 02:54:52,App,Delivered
ORD000001174,1516,1516,2022-05-31 20:46:01,App,Delivered
ORD000001175,595,595,2025-02-04 07:39:58,Web,Returned
ORD000001176,1446,1446,2022-01-06 06:36:11,App,Delivered
ORD000001177,3623,3623,2021-03-04 09:27:03,App,Delivered
ORD000001178,766,766,2025-01-09 09:28:16,Web,Delivered
ORD000001179,3217,3217,2021-11-04 10:04:21,Web,Delivered
ORD000001180,1341,1341,2023-06-03 19:55:50,App,Returned
ORD000001181,1587,1587,2023-01-03 20:45:46,App,Delivered
ORD000001182,3651,3651,2021-06-23 15:34:53,Web,Delivered
ORD000001183,4632,4632,2022-06-12 03:46:19,App,Cancelled
ORD000001184,634,634,2022-07-06 01:43:55,App,Returned
ORD000001185,4757,4757,2021-03-25 17:59:41,App,Delivered
ORD000001186,459,459,2021-04-12 00:25:36,Web,Returned
ORD000001187,2473,2473,2022-10-29 22:58:56,Web,Delivered
ORD000001188,1681,1681,2022-08-09 06:13:37,App,Delivered
ORD000001189,4851,4851,2021-06-05 07:29:54,App,Placed
ORD000001190,1894,1894,2022-02-22 06:50:11,App,Delivered
ORD000001191,2116,2116,2026-01-21 16:05:51,App,Placed
ORD000001192,509,509,2023-01-29 16:08:05,App,Delivered
ORD000001193,736,736,2024-08-10 10:36:55,Web,Delivered
ORD000001194,2752,2752,2024-01-18 21:50:16,App,Shipped
ORD000001195,5420,5420,2024-04-29 21:35:15,App,Shipped
ORD000001196,2172,2172,2022-10-27 19:44:32,Web,Placed
ORD000001197,2844,2844,2022-06-30 04:59:59,Web,Delivered
ORD000001198,292,292,2023-06-06 21:10:12,Web,Delivered
ORD000001199,4517,4517,2022-01-04 00:36:04,App,Cancelled
ORD000001200,1919,1919,2025-06-23 06:29:29,Web,Delivered
ORD000001201,812,812,2023-07-10 15:35:32,App,Delivered
ORD000001202,2098,2098,2022-03-19 13:30:47,Web,Delivered
ORD000001203,2010,2010,2022-07-21 11:41:46,Web,Cancelled
ORD000001204,4279,4279,2025-12-05 14:55:28,App,Delivered
ORD000001205,4343,4343,2024-07-31 12:30:22,App,Placed
ORD000001206,650,650,2023-01-21 23:33:17,App,Delivered
ORD000001207,2598,2598,2024-04-02 03:45:50,Web,Delivered
ORD000001208,561,561,2024-12-09 05:24:12,Web,Delivered
ORD000001209,770,770,2022-05-11 21:08:09,Web,Delivered
ORD000001210,4652,4652,2024-04-25 01:54:31,App,Delivered
ORD000001211,504,504,2024-07-10 02:15:41,App,Returned
ORD000001212,628,628,2022-10-21 03:47:34,Web,Delivered
ORD000001213,3385,3385,2023-01-15 06:26:10,Web,Delivered
ORD000001214,3863,3863,2024-02-06 01:08:14,App,Delivered
ORD000001215,3360,3360,2022-10-11 07:18:27,App,Returned
ORD000001216,5850,5850,2021-12-01 23:37:20,App,Cancelled
ORD000001217,5191,5191,2024-11-05 20:14:00,App,Delivered
ORD000001218,4257,4257,2022-05-12 18:13:20,App,Delivered
ORD000001219,5905,5905,2021-05-13 23:52:16,Web,Delivered
ORD000001220,2175,2175,2021-09-27 01:52:26,App,Returned
ORD000001221,3528,3528,2023-09-01 18:57:36,App,Delivered
ORD000001222,5802,5802,2025-04-03 08:04:43,App,Delivered
ORD000001223,5649,5649,2022-02-11 17:30:58,App,Delivered
ORD000001224,5424,5424,2021-11-08 04:41:21,Store,Delivered
ORD000001225,2538,2538,2022-03-02 01:57:48,App,Delivered
ORD000001226,2287,2287,2024-10-17 06:45:30,App,Delivered
ORD000001227,2224,2224,2024-01-06 19:41:28,App,Shipped
ORD000001228,2258,2258,2024-11-30 09:41:40,App,Shipped
ORD000001229,5309,5309,2025-11-12 04:56:05,Web,Placed
ORD000001230,3581,3581,2023-06-08 05:35:29,Web,Returned
ORD000001231,1996,1996,2025-11-18 15:50:45,App,Delivered
ORD000001232,634,634,2024-07-26 21:33:35,App,Delivered
ORD000001233,5153,5153,2023-09-24 13:03:35,App,Cancelled
ORD000001234,501,501,2022-01-14 21:56:54,Web,Delivered
ORD000001235,1564,1564,2022-08-26 04:13:34,App,Delivered
ORD000001236,4076,4076,2025-03-15 14:29:47,Web,Placed
ORD000001237,1175,1175,2024-07-29 05:46:43,App,Delivered
ORD000001238,1599,1599,2023-09-18 17:07:40,App,Delivered
ORD000001239,2159,2159,2023-12-10 07:04:54,App,Delivered
ORD000001240,3714,3714,2025-09-29 16:11:40,App,Delivered
ORD000001241,1985,1985,2023-09-19 21:52:15,Web,Delivered
ORD000001242,520,520,2022-06-13 08:00:44,App,Cancelled
ORD000001243,1918,1918,2021-11-10 16:35:20,Web,Placed
ORD000001244,1329,1329,2024-05-03 02:23:54,App,Delivered
ORD000001245,5943,5943,2024-01-09 16:13:59,App,Shipped
ORD000001246,933,933,2023-01-15 14:20:53,Web,Returned
ORD000001247,1542,1542,2024-03-21 01:21:49,App,Delivered
ORD000001248,408,408,2021-06-08 04:07:14,App,Delivered
ORD000001249,1532,1532,2021-12-07 05:22:31,Web,Delivered
ORD000001250,624,624,2022-03-28 02:25:13,App,Delivered
ORD000001251,2767,2767,2021-11-05 09:53:41,App,Delivered
ORD000001252,4648,4648,2021-07-11 11:58:11,Web,Returned
ORD000001253,2828,2828,2025-04-12 08:57:00,Web,Placed
ORD000001254,4416,4416,2022-01-22 22:31:33,App,Delivered
ORD000001255,5166,5166,2022-08-30 07:06:48,Web,Delivered
ORD000001256,667,667,2024-05-29 00:46:42,App,Shipped
ORD000001257,628,628,2024-11-22 02:22:54,App,Delivered
ORD000001258,3109,3109,2023-01-14 11:02:09,Web,Placed
ORD000001259,3277,3277,2025-05-10 05:55:16,App,Delivered
ORD000001260,1785,1785,2023-03-17 11:50:28,App,Delivered
ORD000001261,5606,5606,2022-02-16 11:52:42,App,Shipped
ORD000001262,1134,1134,2022-10-10 02:52:38,App,Shipped
ORD000001263,1510,1510,2025-10-13 09:27:13,Store,Delivered
ORD000001264,3390,3390,2021-11-29 12:20:22,App,Delivered
ORD000001265,1859,1859,2022-08-16 05:57:15,App,Delivered
ORD000001266,1616,1616,2024-05-09 04:21:22,Web,Delivered
ORD000001267,3854,3854,2023-09-08 05:29:40,App,Cancelled
ORD000001268,4706,4706,2021-03-30 00:14:04,App,Delivered
ORD000001269,5618,5618,2024-03-25 09:06:23,Web,Shipped
ORD000001270,4575,4575,2025-03-17 15:23:33,Web,Delivered
ORD000001271,4684,4684,2024-09-22 16:50:46,Store,Returned
ORD000001272,3866,3866,2021-08-16 14:36:37,App,Delivered
ORD000001273,4689,4689,2023-03-10 16:07:42,App,Returned
ORD000001274,2412,2412,2022-09-07 15:52:52,Web,Delivered
ORD000001275,309,309,2023-11-04 23:39:34,App,Delivered
ORD000001276,4363,4363,2023-11-05 01:05:59,Web,Shipped
ORD000001277,1833,1833,2026-01-01 01:48:03,Web,Delivered
ORD000001278,4782,4782,2024-10-28 03:30:26,Web,Delivered
ORD000001279,2308,2308,2024-01-31 14:37:52,Web,Delivered
ORD000001280,2001,2001,2022-10-07 01:02:59,App,Cancelled
ORD000001281,667,667,2023-12-01 19:50:26,Web,Shipped
ORD000001282,1685,1685,2021-08-14 11:36:39,Web,Delivered
ORD000001283,5503,5503,2025-11-23 11:20:11,App,Placed
ORD000001284,5618,5618,2022-06-11 07:04:36,App,Delivered
ORD000001285,3077,3077,2021-04-08 13:58:14,App,Delivered
ORD000001286,5117,5117,2024-01-01 08:51:41,App,Returned
ORD000001287,446,446,2025-12-21 22:57:10,App,Returned
ORD000001288,4384,4384,2023-02-21 22:11:31,App,Delivered
ORD000001289,1082,1082,2024-09-15 00:16:28,App,Delivered
ORD000001290,3144,3144,2025-02-24 11:55:06,Web,Delivered
ORD000001291,5787,5787,2024-11-28 03:47:38,App,Delivered
ORD000001292,4890,4890,2021-09-11 19:00:26,App,Delivered
ORD000001293,3752,3752,2022-05-11 10:05:04,Web,Delivered
ORD000001294,5661,5661,2025-05-19 16:59:29,App,Delivered
ORD000001295,4871,4871,2025-07-27 10:11:40,App,Delivered
ORD000001296,4373,4373,2021-08-01 09:43:25,App,Placed
ORD000001297,5059,5059,2023-11-10 22:36:54,App,Returned
ORD000001298,1546,1546,2025-06-06 20:50:44,App,Delivered
ORD000001299,3646,3646,2022-06-20 05:36:06,App,Returned
ORD000001300,4832,4832,2025-03-18 14:25:25,Web,Delivered
ORD000001301,3208,3208,2023-11-12 10:14:31,App,Cancelled
ORD000001302,2784,2784,2026-01-15 13:33:44,App,Delivered
ORD000001303,114,114,2024-06-07 10:51:07,Web,Delivered
ORD000001304,772,772,2025-07-18 13:38:38,App,Returned
ORD000001305,5516,5516,2024-05-23 01:00:00,App,Delivered
ORD000001306,1013,1013,2023-02-16 22:30:53,App,Delivered
ORD000001307,3684,3684,2021-10-23 09:46:27,App,Delivered
ORD000001308,3251,3251,2024-11-30 17:54:38,App,Placed
ORD000001309,1253,1253,2022-10-14 19:07:36,App,Delivered
ORD000001310,3103,3103,2023-09-29 10:55:01,App,Delivered
ORD000001311,4204,4204,2024-04-25 03:26:14,Web,Returned
ORD000001312,4378,4378,2024-03-15 17:54:47,App,Placed
ORD000001313,2669,2669,2021-08-22 15:00:51,App,Shipped
ORD000001314,2577,2577,2021-10-09 06:05:54,Store,Delivered
ORD000001315,4091,4091,2021-06-28 23:16:43,App,Delivered
ORD000001316,1428,1428,2023-07-07 19:21:50,Web,Shipped
ORD000001317,3242,3242,2025-09-26 23:29:16,App,Returned
ORD000001318,878,878,2023-05-16 06:23:14,App,Shipped
ORD000001319,1199,1199,2023-03-06 12:49:21,Web,Shipped
ORD000001320,454,454,2024-09-08 09:53:34,Web,Delivered
ORD000001321,4605,4605,2023-10-17 04:28:52,App,Delivered
ORD000001322,1264,1264,2023-05-08 14:01:52,Web,Placed
ORD000001323,2144,2144,2024-05-04 01:56:34,App,Returned
ORD000001324,3586,3586,2021-05-22 12:27:03,Web,Placed
ORD000001325,4187,4187,2023-06-22 22:26:46,App,Shipped
ORD000001326,4329,4329,2021-12-14 16:39:19,Web,Returned
ORD000001327,4755,4755,2025-06-01 02:51:17,Web,Delivered
ORD000001328,3059,3059,2024-08-30 10:09:49,Web,Delivered
ORD000001329,2857,2857,2025-06-20 02:47:17,App,Shipped
ORD000001330,912,912,2024-01-14 07:57:17,App,Placed
ORD000001331,2772,2772,2023-03-06 03:20:57,App,Delivered
ORD000001332,1468,1468,2021-09-26 04:05:18,App,Delivered
ORD000001333,441,441,2021-03-04 17:24:26,App,Delivered
ORD000001334,996,996,2022-04-24 07:51:17,App,Delivered
ORD000001335,2112,2112,2022-03-18 19:34:26,Web,Delivered
ORD000001336,4101,4101,2026-01-06 07:36:14,App,Delivered
ORD000001337,3730,3730,2021-09-30 18:02:36,Web,Delivered
ORD000001338,3469,3469,2024-03-14 04:46:40,Web,Returned
ORD000001339,4713,4713,2022-07-03 19:26:34,App,Delivered
ORD000001340,5267,5267,2022-05-23 21:32:12,Web,Delivered
ORD000001341,3840,3840,2023-09-13 15:55:39,App,Delivered
ORD000001342,4461,4461,2024-09-12 06:05:00,App,Delivered
ORD000001343,2839,2839,2023-04-13 02:53:51,Store,Shipped
ORD000001344,4721,4721,2023-07-23 20:42:06,App,Delivered
ORD000001345,4603,4603,2024-12-07 20:22:34,Store,Delivered
ORD000001346,523,523,2025-09-06 11:09:45,Web,Delivered
ORD000001347,706,706,2023-11-18 21:02:32,App,Delivered
ORD000001348,1760,1760,2021-09-19 16:04:58,Web,Delivered
ORD000001349,250,250,2024-05-08 13:00:49,Store,Returned
ORD000001350,4997,4997,2024-04-13 06:56:35,App,Delivered
ORD000001351,4345,4345,2023-12-20 02:26:44,Web,Delivered
ORD000001352,1375,1375,2024-07-06 05:39:38,Web,Placed
ORD000001353,5389,5389,2024-09-09 15:01:13,App,Delivered
ORD000001354,1827,1827,2022-11-29 20:31:18,App,Delivered
ORD000001355,2131,2131,2021-03-26 21:40:25,App,Placed
ORD000001356,3479,3479,2023-06-03 05:15:13,App,Delivered
ORD000001357,1104,1104,2022-06-11 05:07:08,App,Delivered
ORD000001358,3994,3994,2022-04-29 23:50:35,App,Delivered
ORD000001359,259,259,2024-07-14 17:48:15,Web,Returned
ORD000001360,4218,4218,2023-02-28 21:11:53,App,Delivered
ORD000001361,1148,1148,2026-01-31 10:03:50,Web,Delivered
ORD000001362,905,905,2021-06-30 12:52:48,App,Returned
ORD000001363,5043,5043,2022-06-12 06:53:05,App,Placed
ORD000001364,2140,2140,2023-01-26 21:04:34,App,Returned
ORD000001365,5144,5144,2022-03-10 15:27:00,Web,Delivered
ORD000001366,3179,3179,2023-03-09 03:47:58,App,Delivered
ORD000001367,4148,4148,2022-06-04 18:51:21,Web,Delivered
ORD000001368,4390,4390,2024-07-13 02:00:50,App,Delivered
ORD000001369,2348,2348,2022-07-30 13:39:12,App,Delivered
ORD000001370,5502,5502,2023-02-20 17:02:54,App,Returned
ORD000001371,1592,1592,2022-12-17 07:00:22,Web,Delivered
ORD000001372,2242,2242,2022-05-26 17:35:55,App,Shipped
ORD000001373,3629,3629,2022-10-29 22:08:21,Web,Delivered
ORD000001374,855,855,2023-03-21 11:02:09,Web,Cancelled
ORD000001375,751,751,2024-04-25 11:56:39,App,Shipped
ORD000001376,5492,5492,2025-08-28 22:51:21,Web,Delivered
ORD000001377,4050,4050,2023-02-27 15:11:21,Web,Delivered
ORD000001378,2368,2368,2022-12-11 19:35:59,Web,Returned
ORD000001379,239,239,2024-02-03 19:43:55,App,Delivered
ORD000001380,2696,2696,2023-10-26 23:52:09,App,Delivered
ORD000001381,4637,4637,2023-07-05 10:41:30,Web,Shipped
ORD000001382,1317,1317,2022-12-12 01:19:35,Web,Delivered
ORD000001383,2305,2305,2025-08-19 14:21:10,App,Shipped
ORD000001384,108,108,2026-02-03 10:28:32,App,Delivered
ORD000001385,1605,1605,2025-10-05 04:29:57,Web,Delivered
ORD000001386,1909,1909,2023-10-17 14:07:03,App,Delivered
ORD000001387,2231,2231,2025-06-15 21:15:12,App,Delivered
ORD000001388,3778,3778,2022-10-28 05:50:38,App,Cancelled
ORD000001389,367,367,2024-04-05 19:47:28,Web,Delivered
ORD000001390,4927,4927,2022-06-25 10:31:53,App,Delivered
ORD000001391,2910,2910,2023-03-11 10:35:50,Web,Shipped
ORD000001392,3595,3595,2021-11-06 02:18:21,Web,Returned
ORD000001393,2922,2922,2022-03-21 04:11:03,Web,Delivered
ORD000001394,4269,4269,2021-08-07 16:16:24,App,Delivered
ORD000001395,1741,1741,2021-10-09 23:21:06,App,Returned
ORD000001396,2819,2819,2025-12-06 23:15:37,App,Returned
ORD000001397,1354,1354,2026-01-29 19:32:10,App,Delivered
ORD000001398,452,452,2021-07-18 00:36:05,App,Delivered
ORD000001399,4567,4567,2023-10-14 08:05:24,App,Delivered
ORD000001400,5201,5201,2026-02-06 05:51:47,Web,Delivered
ORD000001401,4417,4417,2022-08-10 04:43:17,Web,Delivered
ORD000001402,4537,4537,2023-08-06 08:57:31,Web,Returned
ORD000001403,2447,2447,2022-07-30 06:03:14,Web,Delivered
ORD000001404,2236,2236,2023-06-24 08:00:29,Store,Delivered
ORD000001405,3510,3510,2022-10-29 11:25:37,App,Delivered
ORD000001406,885,885,2025-08-03 22:55:20,App,Delivered
ORD000001407,3520,3520,2023-01-30 02:14:53,App,Delivered
ORD000001408,743,743,2025-03-22 23:03:47,App,Delivered
ORD000001409,5590,5590,2022-07-03 05:20:31,App,Delivered
ORD000001410,2040,2040,2023-12-31 22:45:06,Web,Placed
ORD000001411,2563,2563,2021-07-19 19:55:29,Web,Shipped
ORD000001412,1261,1261,2025-12-22 01:38:53,Web,Delivered
ORD000001413,4277,4277,2021-12-21 23:29:19,App,Delivered
ORD000001414,4506,4506,2021-10-15 20:48:34,App,Returned
ORD000001415,5008,5008,2022-02-09 02:58:04,App,Shipped
ORD000001416,2335,2335,2022-03-09 04:13:12,App,Delivered
ORD000001417,386,386,2021-12-09 09:13:22,App,Shipped
ORD000001418,603,603,2024-12-06 11:52:39,Web,Cancelled
ORD000001419,443,443,2021-07-03 00:28:17,App,Shipped
ORD000001420,3308,3308,2021-10-26 09:25:04,App,Delivered
ORD000001421,2633,2633,2021-06-09 20:53:38,Web,Delivered
ORD000001422,5857,5857,2025-05-25 07:30:50,Web,Placed
ORD000001423,3968,3968,2025-03-27 07:05:21,Store,Delivered
ORD000001424,3302,3302,2021-11-08 06:50:28,Web,Delivered
ORD000001425,2302,2302,2026-02-03 00:43:42,App,Delivered
ORD000001426,4451,4451,2022-04-05 15:51:03,App,Delivered
ORD000001427,5882,5882,2023-05-03 22:33:11,Web,Delivered
ORD000001428,3567,3567,2024-07-31 07:34:46,App,Returned
ORD000001429,2477,2477,2023-08-11 11:00:10,App,Delivered
ORD000001430,5869,5869,2021-05-08 05:29:45,Web,Delivered
ORD000001431,4571,4571,2024-12-21 15:41:14,App,Delivered
ORD000001432,4011,4011,2023-08-21 02:43:02,App,Delivered
ORD000001433,2390,2390,2025-12-07 13:30:17,App,Delivered
ORD000001434,1831,1831,2023-03-09 05:43:31,App,Delivered
ORD000001435,4074,4074,2024-06-11 22:37:59,Web,Delivered
ORD000001436,5546,5546,2024-12-26 23:35:33,App,Cancelled
ORD000001437,5165,5165,2023-05-31 01:24:40,Web,Delivered
ORD000001438,3415,3415,2024-02-07 16:23:54,Web,Delivered
ORD000001439,4830,4830,2023-05-16 01:23:58,App,Delivered
ORD000001440,5137,5137,2024-04-09 09:59:16,Web,Delivered
ORD000001441,2267,2267,2025-01-23 17:46:29,Web,Delivered
ORD000001442,596,596,2023-12-12 14:26:34,App,Delivered
ORD000001443,191,191,2022-01-01 08:34:14,App,Delivered
ORD000001444,3463,3463,2025-06-25 10:21:10,Web,Delivered
ORD000001445,644,644,2025-02-28 16:52:15,App,Delivered
ORD000001446,5919,5919,2023-12-25 02:26:56,Web,Placed
ORD000001447,4190,4190,2024-06-22 15:28:43,App,Delivered
ORD000001448,1119,1119,2023-01-08 04:28:34,App,Placed
ORD000001449,3768,3768,2025-10-14 13:10:28,App,Returned
ORD000001450,1668,1668,2023-03-24 17:10:35,App,Delivered
ORD000001451,1106,1106,2021-08-07 21:33:24,Web,Delivered
ORD000001452,4436,4436,2025-09-08 07:39:13,Web,Shipped
ORD000001453,2856,2856,2022-09-30 03:56:13,App,Returned
ORD000001454,2160,2160,2023-06-13 16:59:11,Store,Delivered
ORD000001455,4399,4399,2023-03-05 07:37:03,App,Delivered
ORD000001456,5938,5938,2026-02-09 20:06:32,App,Shipped
ORD000001457,4147,4147,2022-04-19 06:09:13,Web,Delivered
ORD000001458,806,806,2025-04-10 12:01:32,App,Delivered
ORD000001459,701,701,2021-02-28 22:30:34,App,Delivered
ORD000001460,3792,3792,2023-11-05 09:46:03,Web,Placed
ORD000001461,4757,4757,2023-07-04 17:37:05,App,Placed
ORD000001462,1801,1801,2023-10-21 05:23:03,App,Delivered
ORD000001463,1908,1908,2023-04-23 03:50:23,App,Delivered
ORD000001464,5401,5401,2024-10-01 17:48:40,App,Cancelled
ORD000001465,1137,1137,2024-08-23 10:28:09,App,Delivered
ORD000001466,4132,4132,2024-05-29 22:07:56,App,Delivered
ORD000001467,623,623,2021-04-11 20:12:13,Web,Delivered
ORD000001468,2897,2897,2023-09-12 12:22:16,Store,Delivered
ORD000001469,5660,5660,2023-05-06 22:23:03,App,Delivered
ORD000001470,4969,4969,2026-01-23 07:41:24,App,Delivered
ORD000001471,5424,5424,2021-02-12 13:37:08,Web,Placed
ORD000001472,1416,1416,2022-09-29 06:26:08,App,Delivered
ORD000001473,2063,2063,2023-03-22 03:27:04,App,Delivered
ORD000001474,2688,2688,2023-10-02 14:38:12,App,Delivered
ORD000001475,4263,4263,2025-07-05 09:35:10,Web,Delivered
ORD000001476,1689,1689,2021-03-31 14:04:52,App,Delivered
ORD000001477,4159,4159,2023-09-30 18:10:58,App,Cancelled
ORD000001478,203,203,2024-04-11 14:33:00,App,Delivered
ORD000001479,5277,5277,2024-02-18 11:49:01,Web,Delivered
ORD000001480,1539,1539,2021-04-18 08:45:39,App,Delivered
ORD000001481,1125,1125,2025-12-04 19:30:11,App,Returned
ORD000001482,895,895,2024-07-16 21:52:58,Web,Delivered
ORD000001483,5289,5289,2024-08-11 09:51:05,Web,Shipped
ORD000001484,1556,1556,2023-05-08 17:42:27,App,Delivered
ORD000001485,2451,2451,2023-11-14 14:20:35,App,Shipped
ORD000001486,5261,5261,2021-11-30 14:15:09,Web,Delivered
ORD000001487,787,787,2022-02-01 02:57:26,Store,Returned
ORD000001488,976,976,2025-05-28 09:19:32,App,Cancelled
ORD000001489,4930,4930,2025-12-16 11:21:39,App,Delivered
ORD000001490,4289,4289,2024-10-22 15:44:12,App,Delivered
ORD000001491,2947,2947,2021-07-17 02:33:33,App,Placed
ORD000001492,2200,2200,2024-08-30 03:44:28,App,Delivered
ORD000001493,3878,3878,2025-04-18 12:54:03,App,Delivered
ORD000001494,4482,4482,2021-07-18 04:51:49,App,Placed
ORD000001495,3280,3280,2025-07-09 00:54:51,App,Delivered
ORD000001496,3037,3037,2021-02-24 09:31:39,App,Delivered
ORD000001497,4076,4076,2023-02-28 10:30:00,App,Delivered
ORD000001498,5508,5508,2023-10-08 13:48:57,App,Placed
ORD000001499,5198,5198,2022-01-10 10:44:52,Web,Placed
ORD000001500,4268,4268,2022-04-02 19:25:14,Web,Shipped
ORD000001501,337,337,2025-08-28 06:49:56,App,Delivered
ORD000001502,3668,3668,2025-04-15 14:19:15,Web,Delivered
ORD000001503,2940,2940,2023-08-02 19:44:50,Web,Shipped
ORD000001504,5551,5551,2024-09-25 02:48:44,App,Delivered
ORD000001505,605,605,2024-12-03 12:37:00,App,Delivered
ORD000001506,2537,2537,2022-01-13 12:23:50,App,Returned
ORD000001507,666,666,2025-06-16 20:04:14,App,Delivered
ORD000001508,2918,2918,2023-11-17 13:24:12,Store,Shipped
ORD000001509,1233,1233,2025-10-12 16:57:16,App,Delivered
ORD000001510,3788,3788,2024-01-04 09:51:08,App,Delivered
ORD000001511,352,352,2024-02-03 12:58:51,Web,Placed
ORD000001512,1762,1762,2023-12-11 16:38:16,App,Delivered
ORD000001513,2896,2896,2021-09-04 06:28:33,App,Returned
ORD000001514,3767,3767,2025-10-09 02:51:41,Web,Delivered
ORD000001515,4571,4571,2022-05-06 05:08:11,App,Returned
ORD000001516,2525,2525,2025-09-15 12:36:11,Store,Delivered
ORD000001517,1150,1150,2025-04-04 17:51:04,Web,Delivered
ORD000001518,4539,4539,2024-12-03 19:41:15,Web,Delivered
ORD000001519,5771,5771,2023-12-04 17:11:40,App,Delivered
ORD000001520,4351,4351,2023-09-06 10:12:43,Web,Delivered
ORD000001521,70,70,2022-05-03 15:27:48,App,Placed
ORD000001522,578,578,2021-08-18 03:49:36,Web,Delivered
ORD000001523,4591,4591,2025-05-29 21:54:16,App,Delivered
ORD000001524,4085,4085,2022-04-13 05:44:23,Web,Cancelled
ORD000001525,4877,4877,2025-08-03 13:59:57,Web,Delivered
ORD000001526,2451,2451,2021-04-27 18:33:01,Web,Delivered
ORD000001527,4947,4947,2025-05-08 03:44:55,Web,Returned
ORD000001528,5935,5935,2021-05-09 01:49:58,App,Delivered
ORD000001529,129,129,2023-03-26 21:03:50,Web,Delivered
ORD000001530,1507,1507,2022-01-06 06:28:05,App,Shipped
ORD000001531,4089,4089,2022-01-10 22:32:26,Web,Delivered
ORD000001532,1649,1649,2021-09-13 02:02:35,App,Returned
ORD000001533,5920,5920,2022-06-17 12:46:26,App,Delivered
ORD000001534,3168,3168,2025-08-29 20:29:56,App,Cancelled
ORD000001535,2549,2549,2022-09-08 02:12:53,App,Shipped
ORD000001536,1480,1480,2024-07-15 03:26:47,App,Returned
ORD000001537,1803,1803,2025-11-08 23:53:59,App,Placed
ORD000001538,5524,5524,2021-07-26 13:00:51,Store,Cancelled
ORD000001539,8,8,2022-09-29 01:52:26,App,Delivered
ORD000001540,220,220,2022-03-07 22:23:00,Web,Delivered
ORD000001541,725,725,2023-03-07 06:27:54,App,Delivered
ORD000001542,4198,4198,2023-06-12 17:04:12,App,Shipped
ORD000001543,5798,5798,2022-07-23 04:24:07,Web,Delivered
ORD000001544,2050,2050,2023-08-01 09:47:00,Web,Delivered
ORD000001545,3786,3786,2022-07-17 23:29:40,App,Returned
ORD000001546,3913,3913,2023-01-27 18:36:15,App,Delivered
ORD000001547,2743,2743,2024-05-23 09:38:45,App,Placed
ORD000001548,771,771,2024-02-15 11:59:27,App,Placed
ORD000001549,4930,4930,2022-03-25 18:41:58,App,Shipped
ORD000001550,740,740,2021-05-30 23:05:28,App,Placed
ORD000001551,4296,4296,2022-11-01 03:55:09,App,Delivered
ORD000001552,4122,4122,2023-01-16 18:22:34,App,Delivered
ORD000001553,2018,2018,2023-06-02 12:19:18,Web,Returned
ORD000001554,5040,5040,2022-05-11 02:34:13,Web,Delivered
ORD000001555,4198,4198,2022-12-07 11:19:58,Store,Delivered
ORD000001556,5451,5451,2022-08-05 08:40:57,App,Delivered
ORD000001557,197,197,2024-12-08 22:10:43,App,Delivered
ORD000001558,510,510,2023-05-14 20:54:03,Web,Delivered
ORD000001559,1996,1996,2023-02-26 15:52:10,App,Returned
ORD000001560,1015,1015,2021-09-24 18:37:32,App,Delivered
ORD000001561,3102,3102,2024-11-21 14:44:14,Web,Placed
ORD000001562,923,923,2021-11-15 01:00:56,App,Delivered
ORD000001563,2347,2347,2022-09-05 21:00:36,App,Delivered
ORD000001564,3205,3205,2025-02-01 15:43:00,Web,Delivered
ORD000001565,1792,1792,2022-01-07 13:42:35,App,Delivered
ORD000001566,1556,1556,2022-01-16 06:50:10,App,Returned
ORD000001567,5428,5428,2024-05-21 13:50:07,App,Delivered
ORD000001568,21,21,2023-03-08 14:10:26,App,Shipped
ORD000001569,1923,1923,2024-03-20 20:44:32,App,Delivered
ORD000001570,1065,1065,2023-07-31 05:48:43,App,Shipped
ORD000001571,5618,5618,2025-04-07 01:08:04,App,Shipped
ORD000001572,1984,1984,2021-06-11 05:44:58,Web,Placed
ORD000001573,1900,1900,2022-01-27 09:56:10,App,Returned
ORD000001574,3544,3544,2024-10-02 13:18:55,App,Delivered
ORD000001575,967,967,2023-01-04 06:10:48,App,Placed
ORD000001576,5784,5784,2025-04-20 13:00:13,Web,Returned
ORD000001577,5428,5428,2024-07-19 06:52:53,App,Cancelled
ORD000001578,2507,2507,2025-02-12 03:33:22,App,Returned
ORD000001579,514,514,2021-07-09 08:46:14,App,Placed
ORD000001580,3575,3575,2023-02-13 16:32:40,Web,Placed
ORD000001581,3116,3116,2022-12-29 18:23:58,App,Placed
ORD000001582,41,41,2024-08-16 20:59:29,App,Returned
ORD000001583,263,263,2024-09-24 19:20:39,Web,Delivered
ORD000001584,5414,5414,2025-01-31 00:30:22,Web,Shipped
ORD000001585,1033,1033,2022-11-26 07:49:30,Web,Returned
ORD000001586,3125,3125,2021-06-30 11:40:00,Web,Delivered
ORD000001587,1820,1820,2022-11-12 11:42:18,App,Delivered
ORD000001588,128,128,2023-07-04 14:45:15,App,Delivered
ORD000001589,2579,2579,2021-06-30 14:20:10,Web,Delivered
ORD000001590,4621,4621,2025-12-12 02:11:25,App,Delivered
ORD000001591,5852,5852,2022-12-28 21:13:22,Web,Delivered
ORD000001592,4853,4853,2021-11-19 23:25:46,Web,Shipped
ORD000001593,3014,3014,2024-02-14 06:10:41,App,Placed
ORD000001594,3212,3212,2022-11-19 12:04:08,Web,Returned
ORD000001595,894,894,2024-03-28 13:29:02,Web,Returned
ORD000001596,2807,2807,2022-03-08 04:43:59,Web,Delivered
ORD000001597,2280,2280,2025-11-23 20:50:34,App,Delivered
ORD000001598,5688,5688,2025-11-17 00:30:17,Web,Placed
ORD000001599,4184,4184,2023-07-27 15:56:12,Web,Delivered
ORD000001600,2814,2814,2024-03-03 03:33:04,App,Delivered
ORD000001601,5684,5684,2023-04-10 21:34:42,App,Delivered
ORD000001602,1788,1788,2024-08-27 16:36:08,App,Delivered
ORD000001603,4733,4733,2024-10-09 13:00:22,Web,Delivered
ORD000001604,2249,2249,2021-12-01 13:02:54,Web,Delivered
ORD000001605,3034,3034,2024-01-09 22:14:03,Web,Delivered
ORD000001606,2409,2409,2025-09-09 17:22:52,App,Delivered
ORD000001607,2180,2180,2023-11-10 13:30:20,App,Cancelled
ORD000001608,177,177,2023-01-01 07:17:01,App,Delivered
ORD000001609,3124,3124,2023-08-18 17:43:58,App,Placed
ORD000001610,5666,5666,2025-10-20 10:44:17,Web,Shipped
ORD000001611,22,22,2024-01-28 19:52:37,App,Delivered
ORD000001612,653,653,2024-10-19 16:14:39,App,Delivered
ORD000001613,3391,3391,2024-03-20 17:18:58,Web,Delivered
ORD000001614,783,783,2022-09-02 16:23:18,App,Returned
ORD000001615,168,168,2021-12-30 06:24:51,Web,Delivered
ORD000001616,1062,1062,2021-04-14 05:05:56,Web,Placed
ORD000001617,873,873,2023-10-06 05:59:57,Store,Delivered
ORD000001618,1782,1782,2025-05-08 08:58:15,App,Delivered
ORD000001619,5867,5867,2021-06-16 05:53:24,App,Placed
ORD000001620,5687,5687,2023-02-15 18:34:18,Web,Delivered
ORD000001621,1397,1397,2021-09-11 05:07:24,App,Returned
ORD000001622,632,632,2022-08-06 04:17:43,Web,Delivered
ORD000001623,1602,1602,2026-01-10 12:34:48,Web,Delivered
ORD000001624,2882,2882,2022-08-03 11:38:30,Web,Delivered
ORD000001625,1451,1451,2023-06-12 15:15:25,App,Delivered
ORD000001626,1864,1864,2025-09-03 16:26:40,App,Delivered
ORD000001627,722,722,2024-03-23 05:28:58,App,Delivered
ORD000001628,4536,4536,2025-12-19 00:11:03,App,Cancelled
ORD000001629,3337,3337,2023-08-05 17:52:48,Web,Returned
ORD000001630,243,243,2024-12-26 19:41:01,App,Delivered
ORD000001631,2649,2649,2021-05-20 03:33:27,App,Returned
ORD000001632,4639,4639,2021-06-17 04:41:04,App,Delivered
ORD000001633,4373,4373,2024-01-19 11:27:42,Web,Delivered
ORD000001634,4646,4646,2021-10-09 06:39:16,App,Placed
ORD000001635,5428,5428,2025-05-11 16:17:35,App,Delivered
ORD000001636,403,403,2022-12-07 20:30:31,Web,Delivered
ORD000001637,1454,1454,2025-08-11 00:24:12,Web,Delivered
ORD000001638,997,997,2022-08-04 07:54:19,Web,Shipped
ORD000001639,4172,4172,2025-02-05 02:51:20,App,Placed
ORD000001640,5570,5570,2023-08-18 01:47:31,Web,Delivered
ORD000001641,3151,3151,2021-05-06 08:03:35,App,Delivered
ORD000001642,4414,4414,2024-01-18 01:44:42,Store,Delivered
ORD000001643,3502,3502,2025-08-22 19:22:12,App,Delivered
ORD000001644,1187,1187,2023-12-15 11:41:38,App,Shipped
ORD000001645,1382,1382,2021-12-10 15:10:12,App,Delivered
ORD000001646,4425,4425,2025-07-14 03:33:30,App,Delivered
ORD000001647,1855,1855,2022-11-25 08:30:18,App,Shipped
ORD000001648,1905,1905,2021-12-12 03:45:41,App,Delivered
ORD000001649,3667,3667,2023-04-19 04:49:04,App,Delivered
ORD000001650,1949,1949,2022-04-12 16:57:56,Web,Delivered
ORD000001651,4034,4034,2024-05-27 22:41:32,Web,Delivered
ORD000001652,4572,4572,2025-09-01 16:11:40,App,Placed
ORD000001653,3528,3528,2022-02-10 16:22:21,App,Delivered
ORD000001654,1753,1753,2021-02-22 18:50:35,App,Delivered
ORD000001655,1738,1738,2025-10-30 04:43:21,App,Delivered
ORD000001656,1814,1814,2021-02-25 01:48:15,Web,Delivered
ORD000001657,1955,1955,2024-01-30 01:55:16,Web,Delivered
ORD000001658,4010,4010,2024-07-20 10:07:28,App,Cancelled
ORD000001659,5272,5272,2022-02-22 02:31:42,Store,Delivered
ORD000001660,538,538,2024-09-08 20:02:00,App,Placed
ORD000001661,2391,2391,2024-08-25 14:09:08,Web,Delivered
ORD000001662,1790,1790,2024-07-05 07:28:19,Web,Delivered
ORD000001663,1191,1191,2022-02-21 11:56:21,Web,Delivered
ORD000001664,3937,3937,2021-09-12 12:25:27,Web,Delivered
ORD000001665,1496,1496,2023-09-06 22:23:16,Web,Delivered
ORD000001666,2188,2188,2023-06-17 23:43:29,Store,Returned
ORD000001667,4524,4524,2023-01-26 07:41:56,App,Delivered
ORD000001668,3371,3371,2022-03-26 20:12:51,App,Placed
ORD000001669,1260,1260,2025-01-09 02:22:48,App,Delivered
ORD000001670,5827,5827,2025-11-15 00:34:29,App,Shipped
ORD000001671,4076,4076,2022-08-27 04:11:42,App,Delivered
ORD000001672,3031,3031,2025-09-19 23:55:57,App,Delivered
ORD000001673,4696,4696,2021-10-03 15:31:15,App,Delivered
ORD000001674,97,97,2023-07-18 23:17:19,App,Delivered
ORD000001675,4574,4574,2025-04-08 20:01:32,Store,Returned
ORD000001676,5798,5798,2023-12-11 20:23:53,App,Delivered
ORD000001677,5118,5118,2026-01-20 13:34:46,App,Returned
ORD000001678,4587,4587,2023-06-01 11:34:53,Web,Delivered
ORD000001679,1320,1320,2023-12-10 08:08:19,Store,Placed
ORD000001680,4502,4502,2024-04-16 15:54:27,Web,Delivered
ORD000001681,715,715,2023-10-23 22:55:42,Store,Delivered
ORD000001682,2495,2495,2023-09-01 12:29:42,App,Delivered
ORD000001683,2747,2747,2025-03-24 12:41:18,App,Cancelled
ORD000001684,4044,4044,2021-04-23 11:45:43,App,Delivered
ORD000001685,5395,5395,2024-01-16 16:45:21,App,Placed
ORD000001686,5140,5140,2021-07-20 10:24:03,Store,Shipped
ORD000001687,585,585,2025-09-09 10:49:53,Store,Delivered
ORD000001688,954,954,2021-07-06 20:42:25,App,Delivered
ORD000001689,2898,2898,2022-10-11 11:24:04,Web,Delivered
ORD000001690,2031,2031,2026-02-10 06:21:12,Web,Delivered
ORD000001691,594,594,2025-07-21 09:03:45,App,Delivered
ORD000001692,1832,1832,2022-08-14 00:58:56,App,Delivered
ORD000001693,356,356,2024-08-05 09:16:34,Web,Delivered
ORD000001694,1677,1677,2023-11-05 06:41:17,Web,Delivered
ORD000001695,3119,3119,2025-03-31 19:23:19,Web,Delivered
ORD000001696,112,112,2023-10-20 19:17:37,App,Placed
ORD000001697,3735,3735,2023-01-14 00:26:48,App,Returned
ORD000001698,4471,4471,2022-03-21 18:59:25,App,Delivered
ORD000001699,5435,5435,2024-06-01 11:03:09,App,Shipped
ORD000001700,845,845,2025-08-01 07:54:27,App,Delivered
ORD000001701,2174,2174,2022-02-02 05:28:13,Web,Placed
ORD000001702,3079,3079,2021-06-24 21:52:16,Web,Delivered
ORD000001703,2610,2610,2023-01-15 19:08:45,App,Delivered
ORD000001704,1384,1384,2025-09-26 10:39:41,App,Delivered
ORD000001705,3971,3971,2024-06-07 05:56:10,Store,Delivered
ORD000001706,362,362,2025-01-15 21:52:52,Web,Delivered
ORD000001707,679,679,2021-11-25 16:22:35,Web,Delivered
ORD000001708,5079,5079,2021-12-31 20:51:02,Web,Delivered
ORD000001709,2812,2812,2021-06-27 12:19:27,App,Delivered
ORD000001710,2823,2823,2022-10-31 05:32:47,App,Delivered
ORD000001711,1732,1732,2021-08-21 19:08:05,Web,Cancelled
ORD000001712,5815,5815,2021-09-11 04:29:37,App,Shipped
ORD000001713,1288,1288,2024-09-16 00:27:18,App,Delivered
ORD000001714,4896,4896,2022-12-03 19:17:21,Web,Shipped
ORD000001715,275,275,2025-07-03 04:58:47,App,Shipped
ORD000001716,5750,5750,2025-12-25 19:26:35,Web,Shipped
ORD000001717,5433,5433,2024-03-11 12:59:44,App,Delivered
ORD000001718,906,906,2021-06-04 16:33:44,Web,Delivered
ORD000001719,1883,1883,2022-02-07 18:06:31,App,Delivered
ORD000001720,492,492,2024-05-18 20:56:08,App,Delivered
ORD000001721,5524,5524,2023-10-09 05:43:32,App,Delivered
ORD000001722,4755,4755,2023-12-19 03:42:36,App,Shipped
ORD000001723,541,541,2025-03-30 23:28:35,App,Delivered
ORD000001724,2887,2887,2025-03-01 08:08:48,App,Placed
ORD000001725,4416,4416,2024-10-22 03:44:40,Web,Shipped
ORD000001726,456,456,2024-05-25 09:17:17,App,Delivered
ORD000001727,651,651,2024-10-31 09:15:31,App,Cancelled
ORD000001728,1313,1313,2024-11-26 14:08:14,Web,Placed
ORD000001729,1305,1305,2023-10-05 19:29:23,App,Delivered
ORD000001730,4513,4513,2022-12-24 20:31:31,Web,Placed
ORD000001731,5604,5604,2024-10-27 12:45:51,App,Cancelled
ORD000001732,3610,3610,2023-04-13 08:11:45,Web,Delivered
ORD000001733,804,804,2025-05-19 04:18:03,App,Delivered
ORD000001734,798,798,2025-09-01 10:08:44,Web,Shipped
ORD000001735,3385,3385,2024-05-05 20:11:47,Web,Cancelled
ORD000001736,4705,4705,2024-09-30 20:25:59,App,Delivered
ORD000001737,2013,2013,2023-05-17 06:19:27,App,Shipped
ORD000001738,2841,2841,2021-12-04 05:01:42,Web,Delivered
ORD000001739,5728,5728,2022-11-07 11:44:41,App,Delivered
ORD000001740,3063,3063,2023-12-05 00:08:33,Web,Delivered
ORD000001741,1081,1081,2025-09-16 07:34:25,App,Placed
ORD000001742,1314,1314,2024-03-19 05:29:21,Web,Shipped
ORD000001743,2646,2646,2026-01-18 06:28:16,Web,Delivered
ORD000001744,5430,5430,2021-10-06 18:50:52,App,Delivered
ORD000001745,3635,3635,2025-08-25 11:51:33,Web,Delivered
ORD000001746,2054,2054,2022-06-02 04:09:57,App,Returned
ORD000001747,3515,3515,2024-10-31 21:56:32,App,Delivered
ORD000001748,310,310,2023-03-22 06:27:06,Store,Delivered
ORD000001749,785,785,2025-04-01 15:06:24,Web,Placed
ORD000001750,5001,5001,2024-07-11 04:57:57,Web,Shipped
ORD000001751,5122,5122,2025-02-20 09:39:17,App,Delivered
ORD000001752,5723,5723,2024-11-06 11:48:03,App,Delivered
ORD000001753,5495,5495,2024-08-11 01:12:34,App,Returned
ORD000001754,1615,1615,2024-02-20 15:39:49,App,Placed
ORD000001755,823,823,2024-12-07 05:42:40,App,Cancelled
ORD000001756,1328,1328,2023-12-16 15:09:36,Web,Placed
ORD000001757,58,58,2025-05-27 21:17:38,App,Delivered
ORD000001758,1249,1249,2024-09-20 13:53:40,Web,Returned
ORD000001759,1450,1450,2022-06-02 22:09:38,App,Delivered
ORD000001760,5322,5322,2024-02-10 22:37:10,Web,Delivered
ORD000001761,518,518,2025-06-10 09:17:37,Web,Delivered
ORD000001762,2078,2078,2025-08-20 06:02:49,Web,Returned
ORD000001763,151,151,2021-07-15 06:42:33,App,Shipped
ORD000001764,4644,4644,2023-01-19 17:53:58,App,Delivered
ORD000001765,2158,2158,2021-04-27 04:12:02,App,Delivered
ORD000001766,5241,5241,2021-06-17 11:09:18,App,Shipped
ORD000001767,3674,3674,2025-08-28 19:34:23,Web,Delivered
ORD000001768,5150,5150,2021-12-25 08:30:57,App,Placed
ORD000001769,2514,2514,2023-10-14 15:01:51,Web,Returned
ORD000001770,2285,2285,2025-05-20 07:15:20,Web,Delivered
ORD000001771,1395,1395,2022-02-07 14:53:48,App,Delivered
ORD000001772,1706,1706,2025-11-26 14:33:00,App,Cancelled
ORD000001773,1173,1173,2022-09-22 02:44:33,App,Delivered
ORD000001774,2422,2422,2022-10-31 17:58:37,App,Cancelled
ORD000001775,600,600,2022-11-26 03:12:28,Web,Delivered
ORD000001776,3505,3505,2023-02-07 16:57:33,App,Shipped
ORD000001777,2300,2300,2025-03-08 23:05:54,App,Delivered
ORD000001778,4016,4016,2023-09-30 22:17:21,App,Delivered
ORD000001779,1497,1497,2024-07-30 20:41:16,Web,Delivered
ORD000001780,3118,3118,2023-09-11 14:25:08,Store,Returned
ORD000001781,4703,4703,2025-01-02 11:42:47,Web,Delivered
ORD000001782,435,435,2022-03-21 13:36:53,App,Delivered
ORD000001783,2659,2659,2021-06-15 07:40:02,Web,Delivered
ORD000001784,3700,3700,2024-04-17 04:07:47,App,Delivered
ORD000001785,2324,2324,2024-10-09 19:15:39,App,Delivered
ORD000001786,2896,2896,2022-12-07 10:09:14,App,Delivered
ORD000001787,1532,1532,2021-09-22 08:43:04,App,Delivered
ORD000001788,3167,3167,2022-07-06 23:02:14,Web,Delivered
ORD000001789,5831,5831,2024-01-25 17:15:36,App,Delivered
ORD000001790,4763,4763,2025-09-26 19:37:56,Web,Placed
ORD000001791,782,782,2021-10-11 05:13:14,Web,Placed
ORD000001792,1426,1426,2023-01-01 03:20:04,App,Cancelled
ORD000001793,4929,4929,2025-05-16 13:31:05,App,Placed
ORD000001794,2552,2552,2023-08-25 12:08:41,Web,Delivered
ORD000001795,3487,3487,2022-11-23 09:33:46,App,Delivered
ORD000001796,2324,2324,2025-08-08 17:34:07,App,Returned
ORD000001797,4422,4422,2021-04-01 17:22:57,App,Delivered
ORD000001798,557,557,2022-11-19 11:42:59,App,Shipped
ORD000001799,513,513,2025-05-10 09:32:13,App,Delivered
ORD000001800,3219,3219,2021-09-02 06:11:18,App,Placed
ORD000001801,5787,5787,2023-04-08 23:45:15,App,Delivered
ORD000001802,4152,4152,2026-02-05 12:39:51,App,Delivered
ORD000001803,5008,5008,2023-10-25 01:35:34,Store,Delivered
ORD000001804,5639,5639,2024-03-02 03:43:38,App,Placed
ORD000001805,4116,4116,2022-12-23 13:44:27,Web,Delivered
ORD000001806,3542,3542,2022-09-30 04:53:24,App,Delivered
ORD000001807,2900,2900,2022-11-27 12:38:01,Web,Delivered
ORD000001808,5017,5017,2021-12-27 09:14:45,App,Returned
ORD000001809,4097,4097,2023-09-08 08:39:16,App,Delivered
ORD000001810,2961,2961,2023-12-03 23:49:53,App,Delivered
ORD000001811,4944,4944,2025-04-22 05:36:04,App,Delivered
ORD000001812,1253,1253,2021-11-04 07:04:41,App,Placed
ORD000001813,725,725,2023-10-09 16:06:51,Web,Delivered
ORD000001814,1307,1307,2024-08-25 11:48:18,Web,Delivered
ORD000001815,760,760,2022-08-20 16:07:11,App,Delivered
ORD000001816,5239,5239,2023-09-12 07:31:13,App,Delivered
ORD000001817,227,227,2023-04-06 03:14:42,App,Delivered
ORD000001818,4798,4798,2022-01-24 18:57:55,App,Delivered
ORD000001819,308,308,2022-03-02 19:45:01,App,Delivered
ORD000001820,3379,3379,2024-09-17 06:10:59,Web,Delivered
ORD000001821,3010,3010,2023-07-27 12:39:00,Web,Shipped
ORD000001822,1518,1518,2022-04-17 04:39:50,App,Delivered
ORD000001823,1532,1532,2022-06-11 19:30:50,Web,Cancelled
ORD000001824,1845,1845,2021-09-17 03:52:08,Web,Delivered
ORD000001825,5209,5209,2022-04-10 16:38:55,Web,Placed
ORD000001826,2669,2669,2025-08-16 14:21:34,Web,Delivered
ORD000001827,4749,4749,2024-12-23 21:49:31,App,Returned
ORD000001828,797,797,2025-11-01 14:43:05,App,Delivered
ORD000001829,4576,4576,2022-05-29 20:37:35,Web,Delivered
ORD000001830,1780,1780,2025-09-12 13:06:10,Web,Delivered
ORD000001831,4993,4993,2021-07-25 04:29:07,App,Delivered
ORD000001832,586,586,2024-02-07 02:41:39,App,Placed
ORD000001833,1379,1379,2024-10-08 20:45:09,Store,Delivered
ORD000001834,4358,4358,2024-10-29 04:41:43,Web,Returned
ORD000001835,5296,5296,2023-09-09 22:42:54,Web,Placed
ORD000001836,5708,5708,2023-05-29 20:27:03,App,Delivered
ORD000001837,5443,5443,2023-04-02 05:57:08,Web,Returned
ORD000001838,4791,4791,2024-05-02 05:19:49,App,Delivered
ORD000001839,3811,3811,2023-09-12 05:20:36,App,Delivered
ORD000001840,4032,4032,2023-07-11 21:21:23,Web,Delivered
ORD000001841,2725,2725,2023-08-24 12:20:27,Web,Cancelled
ORD000001842,1848,1848,2022-11-13 12:38:43,Web,Returned
ORD000001843,2238,2238,2022-11-03 17:24:45,Web,Placed
ORD000001844,1042,1042,2026-02-11 00:16:21,Web,Shipped
ORD000001845,4840,4840,2022-04-10 09:45:09,Web,Returned
ORD000001846,3486,3486,2025-04-30 05:18:28,App,Cancelled
ORD000001847,243,243,2025-04-01 23:44:27,Web,Shipped
ORD000001848,5546,5546,2021-07-01 21:12:42,Web,Returned
ORD000001849,2101,2101,2025-09-26 17:57:33,App,Shipped
ORD000001850,1250,1250,2023-05-04 16:03:22,App,Placed
ORD000001851,1738,1738,2021-03-18 04:51:20,App,Delivered
ORD000001852,3670,3670,2022-10-12 02:25:27,App,Delivered
ORD000001853,1919,1919,2024-09-13 11:33:29,App,Delivered
ORD000001854,4415,4415,2022-07-07 09:55:48,App,Returned
ORD000001855,2755,2755,2023-01-05 06:58:06,App,Delivered
ORD000001856,1393,1393,2025-11-03 15:32:47,Web,Delivered
ORD000001857,248,248,2023-12-09 08:31:15,Store,Delivered
ORD000001858,4273,4273,2025-04-11 06:34:13,Web,Delivered
ORD000001859,1686,1686,2024-11-25 07:55:47,App,Delivered
ORD000001860,1932,1932,2023-12-11 15:58:15,Web,Delivered
ORD000001861,4017,4017,2022-06-12 21:06:39,App,Delivered
ORD000001862,4109,4109,2025-06-24 18:14:14,App,Delivered
ORD000001863,3433,3433,2022-03-09 21:49:40,Web,Shipped
ORD000001864,4385,4385,2025-01-15 03:10:01,App,Delivered
ORD000001865,4527,4527,2022-09-30 18:24:42,App,Returned
ORD000001866,5459,5459,2021-04-03 17:53:42,Web,Cancelled
ORD000001867,3985,3985,2023-06-27 22:39:13,Web,Delivered
ORD000001868,3823,3823,2024-07-26 17:46:46,Web,Delivered
ORD000001869,2082,2082,2022-05-31 09:48:45,Web,Delivered
ORD000001870,1348,1348,2024-12-26 19:43:48,Web,Placed
ORD000001871,5671,5671,2025-04-19 06:36:34,Store,Delivered
ORD000001872,5576,5576,2023-08-09 20:36:33,App,Delivered
ORD000001873,5345,5345,2021-11-02 16:29:05,App,Placed
ORD000001874,4737,4737,2022-01-05 06:18:08,App,Placed
ORD000001875,133,133,2021-09-21 06:08:06,Store,Placed
ORD000001876,3624,3624,2023-02-04 18:48:11,App,Placed
ORD000001877,1855,1855,2022-11-11 23:48:10,App,Placed
ORD000001878,2945,2945,2025-09-24 00:20:23,Web,Shipped
ORD000001879,5078,5078,2021-11-21 02:40:31,App,Delivered
ORD000001880,5341,5341,2021-07-22 18:30:46,App,Delivered
ORD000001881,401,401,2025-05-13 07:37:49,Web,Cancelled
ORD000001882,606,606,2022-11-27 06:26:24,App,Cancelled
ORD000001883,4707,4707,2025-06-29 15:48:06,App,Returned
ORD000001884,5180,5180,2021-05-16 09:18:11,Web,Delivered
ORD000001885,132,132,2024-04-02 21:29:20,Web,Delivered
ORD000001886,4489,4489,2024-05-24 07:44:19,App,Delivered
ORD000001887,4909,4909,2022-07-03 16:21:13,App,Shipped
ORD000001888,4677,4677,2023-09-10 17:57:45,Web,Delivered
ORD000001889,4507,4507,2023-04-17 09:20:44,App,Delivered
ORD000001890,4441,4441,2022-11-13 20:54:07,App,Delivered
ORD000001891,804,804,2023-12-03 11:59:39,App,Delivered
ORD000001892,3268,3268,2022-09-21 22:11:40,App,Delivered
ORD000001893,5193,5193,2024-07-27 04:26:57,Web,Delivered
ORD000001894,4290,4290,2022-09-22 20:20:55,Web,Cancelled
ORD000001895,5034,5034,2023-11-12 09:56:33,Web,Shipped
ORD000001896,3634,3634,2026-01-07 18:15:39,App,Cancelled
ORD000001897,5689,5689,2023-01-06 16:54:49,Web,Delivered
ORD000001898,2677,2677,2022-12-22 04:56:34,App,Cancelled
ORD000001899,1216,1216,2021-10-07 05:57:54,App,Delivered
ORD000001900,2478,2478,2023-06-22 02:29:59,Web,Delivered
ORD000001901,2265,2265,2022-09-25 13:43:47,App,Returned
ORD000001902,970,970,2021-05-19 08:27:58,App,Cancelled
ORD000001903,601,601,2025-12-04 17:22:36,Web,Delivered
ORD000001904,4456,4456,2023-05-26 03:23:19,App,Delivered
ORD000001905,5942,5942,2024-12-24 10:40:06,Web,Placed
ORD000001906,1333,1333,2026-02-10 17:37:11,App,Placed
ORD000001907,2717,2717,2025-06-30 12:03:44,App,Delivered
ORD000001908,4517,4517,2023-04-13 21:29:07,App,Placed
ORD000001909,782,782,2025-10-14 08:05:53,Web,Delivered
ORD000001910,3809,3809,2023-11-16 20:06:08,Web,Delivered
ORD000001911,1435,1435,2021-07-28 12:10:41,App,Cancelled
ORD000001912,4339,4339,2025-10-30 01:27:36,App,Delivered
ORD000001913,1017,1017,2022-02-11 18:07:33,App,Placed
ORD000001914,2220,2220,2022-08-30 22:31:56,App,Delivered
ORD000001915,2703,2703,2023-08-29 19:33:41,App,Delivered
ORD000001916,3907,3907,2022-03-09 16:27:14,App,Placed
ORD000001917,2817,2817,2023-01-13 06:11:26,App,Shipped
ORD000001918,3992,3992,2022-03-12 23:25:58,Web,Returned
ORD000001919,460,460,2025-02-23 05:39:24,App,Cancelled
ORD000001920,3641,3641,2021-06-22 16:57:13,App,Delivered
ORD000001921,5610,5610,2025-12-23 02:08:35,App,Delivered
ORD000001922,532,532,2022-09-23 16:30:07,App,Delivered
ORD000001923,1978,1978,2023-11-10 14:41:24,Web,Returned
ORD000001924,5646,5646,2025-06-24 12:51:30,App,Delivered
ORD000001925,3278,3278,2021-12-04 18:49:36,App,Delivered
ORD000001926,5869,5869,2025-08-23 15:07:15,Web,Delivered
ORD000001927,3765,3765,2021-11-14 17:24:09,App,Delivered
ORD000001928,291,291,2025-09-16 17:31:21,App,Delivered
ORD000001929,3576,3576,2025-03-20 06:47:47,App,Delivered
ORD000001930,4755,4755,2025-10-27 16:18:47,App,Shipped
ORD000001931,4650,4650,2025-08-19 03:01:25,App,Placed
ORD000001932,2476,2476,2026-01-25 19:46:30,Web,Returned
ORD000001933,513,513,2023-07-02 07:13:45,App,Delivered
ORD000001934,1640,1640,2024-06-14 05:05:27,Web,Delivered
ORD000001935,255,255,2022-09-16 11:54:44,App,Delivered
ORD000001936,4817,4817,2024-11-25 17:09:01,Web,Delivered
ORD000001937,5850,5850,2023-04-11 21:40:19,Web,Cancelled
ORD000001938,2638,2638,2025-04-12 01:35:52,App,Delivered
ORD000001939,1966,1966,2023-02-21 16:26:09,App,Delivered
ORD000001940,51,51,2024-02-21 11:42:13,App,Delivered
ORD000001941,800,800,2023-03-20 21:17:05,Web,Delivered
ORD000001942,100,100,2024-08-11 19:15:01,App,Returned
ORD000001943,1748,1748,2021-10-15 12:41:01,App,Delivered
ORD000001944,2512,2512,2021-07-03 18:53:45,App,Delivered
ORD000001945,237,237,2022-05-15 18:49:15,Web,Returned
ORD000001946,472,472,2021-04-29 09:34:37,Web,Delivered
ORD000001947,5518,5518,2021-03-17 12:58:53,App,Delivered
ORD000001948,2205,2205,2025-09-14 12:16:43,Web,Cancelled
ORD000001949,139,139,2023-09-11 23:13:05,App,Delivered
ORD000001950,2863,2863,2023-03-19 12:10:57,Web,Delivered
ORD000001951,1384,1384,2021-09-27 04:37:31,Web,Delivered
ORD000001952,3096,3096,2021-12-12 10:51:57,Web,Delivered
ORD000001953,4502,4502,2025-05-05 21:56:11,App,Delivered
ORD000001954,1713,1713,2022-03-05 06:00:30,App,Delivered
ORD000001955,951,951,2025-01-24 20:21:32,App,Delivered
ORD000001956,3797,3797,2023-07-12 16:48:14,App,Delivered
ORD000001957,2374,2374,2022-08-30 15:20:30,App,Delivered
ORD000001958,1358,1358,2025-11-21 08:01:54,Web,Placed
ORD000001959,4425,4425,2024-08-23 05:07:34,Web,Delivered
ORD000001960,5795,5795,2021-11-06 12:07:50,App,Shipped
ORD000001961,5420,5420,2023-04-07 05:14:05,App,Delivered
ORD000001962,1700,1700,2024-12-25 15:41:29,Web,Delivered
ORD000001963,2137,2137,2026-01-07 23:09:16,App,Shipped
ORD000001964,4111,4111,2025-08-25 09:29:57,Store,Shipped
ORD000001965,3373,3373,2022-05-10 03:27:36,Web,Delivered
ORD000001966,634,634,2021-03-19 04:08:05,Web,Delivered
ORD000001967,1884,1884,2024-05-05 08:07:37,App,Delivered
ORD000001968,5582,5582,2022-09-22 10:29:41,Web,Delivered
ORD000001969,2317,2317,2023-08-09 16:36:21,App,Delivered
ORD000001970,1129,1129,2023-03-26 05:27:47,App,Delivered
ORD000001971,5791,5791,2025-07-24 21:17:04,Web,Placed
ORD000001972,2387,2387,2024-04-06 13:44:03,Web,Delivered
ORD000001973,392,392,2021-07-06 22:14:36,App,Shipped
ORD000001974,169,169,2025-08-21 01:54:31,Web,Delivered
ORD000001975,3089,3089,2024-01-15 12:15:45,App,Shipped
ORD000001976,2053,2053,2024-12-28 10:36:14,App,Returned
ORD000001977,3966,3966,2025-03-04 02:40:22,Web,Cancelled
ORD000001978,3209,3209,2022-01-31 03:40:29,Web,Delivered
ORD000001979,4715,4715,2024-02-13 00:23:37,App,Delivered
ORD000001980,1186,1186,2025-09-26 02:39:40,App,Returned
ORD000001981,4865,4865,2021-11-01 17:33:01,App,Delivered
ORD000001982,2728,2728,2024-04-19 02:42:10,Web,Returned
ORD000001983,3510,3510,2021-08-21 04:37:49,App,Returned
ORD000001984,4478,4478,2024-12-01 02:50:57,App,Delivered
ORD000001985,4578,4578,2025-10-21 23:39:38,App,Cancelled
ORD000001986,3427,3427,2025-08-12 15:59:01,Web,Returned
ORD000001987,5365,5365,2023-01-01 08:52:35,App,Placed
ORD000001988,4721,4721,2025-03-05 19:44:18,Web,Cancelled
ORD000001989,1714,1714,2021-10-15 04:22:49,App,Delivered
ORD000001990,2513,2513,2023-01-28 07:48:27,App,Delivered
ORD000001991,3262,3262,2022-03-23 13:00:40,App,Placed
ORD000001992,4590,4590,2025-02-23 11:23:36,App,Shipped
ORD000001993,5643,5643,2021-08-06 08:01:40,App,Returned
ORD000001994,2679,2679,2022-12-09 07:22:24,App,Delivered
ORD000001995,282,282,2023-01-21 16:12:57,Web,Delivered
ORD000001996,4927,4927,2024-12-17 13:51:40,Web,Delivered
ORD000001997,430,430,2025-02-23 13:08:57,App,Delivered
ORD000001998,2629,2629,2024-09-25 19:58:31,App,Delivered
ORD000001999,4954,4954,2026-02-05 02:01:05,Web,Returned
ORD000002000,4349,4349,2024-07-31 16:52:45,App,Delivered
ORD000002001,4659,4659,2025-12-24 11:30:48,Web,Delivered
ORD000002002,5163,5163,2023-03-20 05:02:16,App,Returned
ORD000002003,3213,3213,2021-05-28 15:20:45,App,Delivered
ORD000002004,5631,5631,2022-09-30 11:50:47,App,Delivered
ORD000002005,4633,4633,2021-12-25 13:56:58,Web,Cancelled
ORD000002006,2946,2946,2022-01-05 13:25:50,App,Returned
ORD000002007,2318,2318,2025-01-27 03:35:27,Web,Returned
ORD000002008,3985,3985,2025-04-12 23:02:12,Web,Delivered
ORD000002009,3433,3433,2022-08-12 22:38:53,Web,Delivered
ORD000002010,2664,2664,2022-10-25 09:21:42,App,Delivered
ORD000002011,936,936,2021-02-27 09:01:15,App,Delivered
ORD000002012,2343,2343,2025-08-23 19:08:08,Web,Placed
ORD000002013,1689,1689,2021-11-07 08:20:34,Store,Delivered
ORD000002014,5595,5595,2024-07-04 14:16:35,Web,Returned
ORD000002015,5936,5936,2022-10-09 09:19:29,Web,Delivered
ORD000002016,883,883,2022-08-23 16:44:15,App,Delivered
ORD000002017,2520,2520,2021-08-17 20:02:29,App,Delivered
ORD000002018,817,817,2025-05-15 00:39:55,Web,Placed
ORD000002019,3233,3233,2024-06-06 17:49:42,Web,Placed
ORD000002020,3867,3867,2025-02-04 09:37:54,App,Delivered
ORD000002021,2847,2847,2023-01-23 22:33:24,App,Returned
ORD000002022,4976,4976,2021-03-26 05:01:50,Web,Delivered
ORD000002023,678,678,2021-05-09 23:46:18,Web,Delivered
ORD000002024,2255,2255,2023-02-22 06:07:37,Web,Returned
ORD000002025,5228,5228,2025-06-11 03:22:50,App,Delivered
ORD000002026,5624,5624,2023-05-16 01:01:42,Web,Shipped
ORD000002027,2984,2984,2023-09-08 02:01:44,Web,Placed
ORD000002028,2490,2490,2023-11-02 16:45:22,Web,Delivered
ORD000002029,2315,2315,2024-12-01 11:41:24,Web,Delivered
ORD000002030,2447,2447,2021-02-23 22:19:02,App,Delivered
ORD000002031,1889,1889,2021-03-31 03:45:36,Web,Returned
ORD000002032,1721,1721,2024-10-16 21:06:08,Web,Delivered
ORD000002033,1904,1904,2024-03-07 10:56:19,Web,Delivered
ORD000002034,224,224,2025-09-07 12:52:20,App,Shipped
ORD000002035,4761,4761,2024-04-16 05:17:16,App,Delivered
ORD000002036,935,935,2023-06-15 11:18:49,App,Delivered
ORD000002037,1313,1313,2022-08-30 05:28:34,Web,Shipped
ORD000002038,1309,1309,2025-01-30 06:18:34,App,Delivered
ORD000002039,5306,5306,2026-01-14 11:26:14,Web,Shipped
ORD000002040,226,226,2024-05-21 04:41:38,Web,Shipped
ORD000002041,200,200,2024-06-10 04:31:48,App,Placed
ORD000002042,4600,4600,2025-11-28 02:51:34,App,Delivered
ORD000002043,4107,4107,2025-05-28 16:45:32,App,Returned
ORD000002044,2885,2885,2025-09-28 13:04:19,App,Delivered
ORD000002045,5075,5075,2021-04-03 12:09:19,Store,Returned
ORD000002046,2325,2325,2021-06-26 15:56:56,App,Delivered
ORD000002047,3994,3994,2022-04-18 18:56:47,Web,Delivered
ORD000002048,3934,3934,2026-02-06 17:32:51,App,Returned
ORD000002049,1598,1598,2022-12-22 10:45:17,App,Placed
ORD000002050,5,5,2025-07-12 07:39:04,Web,Delivered
ORD000002051,280,280,2025-12-01 19:54:33,Web,Delivered
ORD000002052,3020,3020,2023-03-24 19:56:48,App,Placed
ORD000002053,5358,5358,2023-11-24 09:51:34,Web,Shipped
ORD000002054,2365,2365,2024-08-17 18:51:31,Web,Delivered
ORD000002055,127,127,2024-03-03 12:42:51,App,Delivered
ORD000002056,4400,4400,2024-12-31 17:08:55,App,Delivered
ORD000002057,2797,2797,2023-02-16 03:30:03,Web,Delivered
ORD000002058,4827,4827,2023-07-03 01:09:43,Web,Delivered
ORD000002059,3250,3250,2024-02-23 06:36:37,App,Delivered
ORD000002060,3902,3902,2021-09-02 22:23:04,Web,Delivered
ORD000002061,4586,4586,2021-06-04 21:51:41,App,Delivered
ORD000002062,4533,4533,2024-01-27 06:33:40,Web,Delivered
ORD000002063,5781,5781,2025-04-14 01:48:25,Web,Delivered
ORD000002064,5158,5158,2023-02-28 21:54:16,App,Delivered
ORD000002065,3702,3702,2025-05-18 13:24:54,App,Delivered
ORD000002066,483,483,2025-08-05 05:51:50,App,Delivered
ORD000002067,3040,3040,2023-06-23 22:03:09,Store,Delivered
ORD000002068,4411,4411,2022-07-02 03:00:05,Web,Delivered
ORD000002069,1508,1508,2021-02-13 00:28:26,App,Delivered
ORD000002070,3169,3169,2023-11-05 03:58:32,Web,Delivered
ORD000002071,939,939,2025-07-05 10:55:12,Web,Delivered
ORD000002072,17,17,2022-10-15 14:58:12,Web,Returned
ORD000002073,5076,5076,2023-09-09 19:55:43,App,Delivered
ORD000002074,4543,4543,2023-05-19 11:55:45,App,Delivered
ORD000002075,4375,4375,2024-11-13 18:56:06,Web,Delivered
ORD000002076,3943,3943,2024-09-06 11:29:07,Web,Placed
ORD000002077,4548,4548,2022-04-06 13:48:11,App,Delivered
ORD000002078,2714,2714,2024-09-28 13:04:19,App,Delivered
ORD000002079,4702,4702,2021-09-19 08:38:19,App,Returned
ORD000002080,5807,5807,2025-06-13 05:15:09,App,Delivered
ORD000002081,3886,3886,2023-05-01 18:17:09,Web,Returned
ORD000002082,3618,3618,2021-11-28 10:26:09,Web,Delivered
ORD000002083,1034,1034,2021-04-13 22:05:54,Web,Delivered
ORD000002084,1812,1812,2025-10-19 16:43:26,Web,Placed
ORD000002085,2008,2008,2025-04-03 10:20:32,Web,Delivered
ORD000002086,4197,4197,2021-04-03 10:33:10,App,Delivered
ORD000002087,470,470,2022-08-21 10:55:20,App,Returned
ORD000002088,1325,1325,2024-07-29 03:23:45,App,Placed
ORD000002089,3278,3278,2023-06-02 15:17:59,App,Delivered
ORD000002090,1625,1625,2021-06-29 19:07:15,Web,Delivered
ORD000002091,1236,1236,2021-05-12 05:19:46,Web,Delivered
ORD000002092,119,119,2025-05-03 07:25:25,App,Delivered
ORD000002093,1884,1884,2024-02-28 13:35:12,Web,Delivered
ORD000002094,2005,2005,2024-01-29 18:53:49,Web,Placed
ORD000002095,788,788,2022-11-10 21:39:52,Web,Delivered
ORD000002096,2476,2476,2022-04-24 16:38:15,Web,Delivered
ORD000002097,2768,2768,2021-12-09 16:11:21,Web,Delivered
ORD000002098,1428,1428,2023-11-09 15:09:18,App,Delivered
ORD000002099,243,243,2025-01-28 03:12:32,App,Delivered
ORD000002100,5081,5081,2023-07-09 03:24:12,Web,Delivered
ORD000002101,4039,4039,2024-07-27 19:54:29,App,Delivered
ORD000002102,5465,5465,2024-02-05 00:58:38,Web,Returned
ORD000002103,4723,4723,2025-04-21 05:24:45,Web,Shipped
ORD000002104,3914,3914,2024-08-29 15:55:17,Web,Delivered
ORD000002105,5544,5544,2023-05-06 21:47:22,Web,Delivered
ORD000002106,16,16,2022-07-07 19:15:40,Web,Delivered
ORD000002107,4612,4612,2024-07-28 15:26:36,App,Delivered
ORD000002108,2783,2783,2025-04-03 22:17:34,Web,Shipped
ORD000002109,1824,1824,2023-08-21 10:06:11,Web,Delivered
ORD000002110,4924,4924,2022-09-03 11:15:12,App,Delivered
ORD000002111,11,11,2024-12-31 04:31:55,App,Returned
ORD000002112,5140,5140,2025-07-31 12:19:25,Store,Returned
ORD000002113,279,279,2024-02-26 19:59:57,Web,Returned
ORD000002114,2943,2943,2022-03-05 21:37:47,Web,Shipped
ORD000002115,4429,4429,2025-07-19 16:33:58,Web,Delivered
ORD000002116,5667,5667,2024-11-15 05:43:12,App,Delivered
ORD000002117,5521,5521,2023-09-02 15:52:50,Web,Returned
ORD000002118,2792,2792,2022-12-28 18:48:20,Web,Placed
ORD000002119,2086,2086,2023-03-15 05:01:22,App,Delivered
ORD000002120,5070,5070,2025-06-26 15:32:31,App,Delivered
ORD000002121,1107,1107,2025-03-13 14:11:42,App,Returned
ORD000002122,32,32,2025-09-28 06:00:56,Store,Returned
ORD000002123,3126,3126,2021-02-24 04:38:38,App,Delivered
ORD000002124,737,737,2024-03-17 09:37:29,Web,Delivered
ORD000002125,1849,1849,2021-09-13 13:23:47,App,Delivered
ORD000002126,3033,3033,2022-06-30 17:47:54,App,Delivered
ORD000002127,3609,3609,2023-12-27 18:48:04,App,Placed
ORD000002128,5006,5006,2022-06-29 07:08:24,Web,Placed
ORD000002129,4141,4141,2025-07-02 20:51:48,Web,Delivered
ORD000002130,2678,2678,2023-01-12 23:12:06,Web,Placed
ORD000002131,294,294,2024-03-17 12:44:33,Store,Delivered
ORD000002132,3197,3197,2022-04-11 13:33:43,App,Shipped
ORD000002133,1572,1572,2023-01-14 09:53:05,App,Delivered
ORD000002134,3049,3049,2023-02-11 03:59:21,Web,Delivered
ORD000002135,2940,2940,2026-01-06 07:21:58,App,Shipped
ORD000002136,4263,4263,2022-07-18 23:51:59,Web,Delivered
ORD000002137,269,269,2021-05-16 04:11:56,App,Delivered
ORD000002138,1148,1148,2024-07-15 02:01:48,App,Returned
ORD000002139,3343,3343,2022-12-30 07:57:12,Web,Delivered
ORD000002140,5178,5178,2024-03-14 18:19:37,App,Cancelled
ORD000002141,880,880,2022-11-01 03:40:10,Web,Delivered
ORD000002142,59,59,2025-10-21 13:54:24,App,Delivered
ORD000002143,2498,2498,2025-06-04 06:12:41,Web,Delivered
ORD000002144,3892,3892,2023-08-04 10:10:45,Web,Delivered
ORD000002145,217,217,2023-10-13 11:59:09,App,Delivered
ORD000002146,5701,5701,2021-12-02 22:07:09,Web,Delivered
ORD000002147,4340,4340,2024-07-10 10:20:59,App,Delivered
ORD000002148,4613,4613,2025-10-12 09:00:52,App,Delivered
ORD000002149,2312,2312,2021-12-25 22:02:12,App,Delivered
ORD000002150,5966,5966,2021-11-07 15:05:26,Store,Delivered
ORD000002151,4957,4957,2025-12-13 06:11:15,Web,Delivered
ORD000002152,734,734,2023-07-11 12:45:37,Web,Shipped
ORD000002153,5951,5951,2023-01-04 17:34:07,App,Delivered
ORD000002154,5349,5349,2022-06-11 09:40:01,App,Delivered
ORD000002155,5572,5572,2022-08-13 16:41:39,Web,Delivered
ORD000002156,2503,2503,2025-12-19 07:37:23,App,Delivered
ORD000002157,5082,5082,2023-01-17 18:03:49,App,Delivered
ORD000002158,4640,4640,2025-10-03 15:01:37,App,Delivered
ORD000002159,2422,2422,2022-07-28 11:31:06,Web,Returned
ORD000002160,3378,3378,2024-08-01 07:40:28,Store,Cancelled
ORD000002161,374,374,2025-10-30 04:40:01,App,Cancelled
ORD000002162,112,112,2023-01-24 06:27:01,App,Delivered
ORD000002163,2541,2541,2021-10-10 19:19:51,App,Delivered
ORD000002164,294,294,2025-12-05 07:10:21,Web,Delivered
ORD000002165,2470,2470,2022-03-17 12:09:30,App,Shipped
ORD000002166,2199,2199,2023-03-14 13:44:32,App,Cancelled
ORD000002167,5294,5294,2022-07-30 14:55:18,Web,Delivered
ORD000002168,3269,3269,2023-09-04 22:54:20,App,Delivered
ORD000002169,168,168,2024-12-16 20:32:40,Store,Delivered
ORD000002170,3154,3154,2021-12-03 14:39:58,App,Delivered
ORD000002171,70,70,2022-09-24 06:52:49,App,Delivered
ORD000002172,5957,5957,2025-05-11 12:05:36,App,Delivered
ORD000002173,1426,1426,2022-05-31 14:53:42,App,Delivered
ORD000002174,2573,2573,2023-09-11 09:59:28,App,Cancelled
ORD000002175,1655,1655,2025-08-27 18:25:26,App,Placed
ORD000002176,2260,2260,2024-03-25 23:28:05,App,Cancelled
ORD000002177,102,102,2024-07-25 16:32:01,App,Returned
ORD000002178,5909,5909,2021-11-29 06:49:17,App,Delivered
ORD000002179,1732,1732,2023-07-24 09:08:03,App,Delivered
ORD000002180,5709,5709,2025-01-16 19:51:39,App,Cancelled
ORD000002181,1362,1362,2023-08-14 06:43:30,App,Delivered
ORD000002182,333,333,2022-05-31 19:27:23,Web,Cancelled
ORD000002183,2253,2253,2023-03-10 03:39:30,Web,Delivered
ORD000002184,5607,5607,2025-09-11 18:03:22,App,Delivered
ORD000002185,4325,4325,2023-05-24 23:39:28,App,Returned
ORD000002186,3261,3261,2022-02-06 08:08:16,App,Placed
ORD000002187,1123,1123,2022-11-03 07:25:58,App,Delivered
ORD000002188,1958,1958,2024-01-03 12:12:20,App,Delivered
ORD000002189,1960,1960,2025-02-20 18:37:38,App,Delivered
ORD000002190,5531,5531,2023-07-05 09:29:24,App,Delivered
ORD000002191,5050,5050,2025-12-17 02:14:17,Web,Delivered
ORD000002192,5850,5850,2025-12-10 12:37:06,Web,Delivered
ORD000002193,460,460,2022-12-05 00:24:48,Web,Placed
ORD000002194,1218,1218,2021-06-23 08:24:08,App,Delivered
ORD000002195,4986,4986,2024-09-30 13:43:00,Web,Shipped
ORD000002196,5140,5140,2022-07-23 04:36:05,App,Placed
ORD000002197,931,931,2022-03-06 18:28:39,App,Delivered
ORD000002198,311,311,2021-07-07 14:58:55,Web,Delivered
ORD000002199,2890,2890,2024-01-22 14:08:32,Web,Delivered
ORD000002200,5960,5960,2023-01-06 21:52:54,Web,Placed
ORD000002201,5678,5678,2022-03-20 16:27:31,Web,Shipped
ORD000002202,1759,1759,2023-11-21 05:53:50,Web,Shipped
ORD000002203,4342,4342,2022-04-29 06:46:28,Store,Delivered
ORD000002204,472,472,2021-10-27 17:10:24,Store,Cancelled
ORD000002205,4418,4418,2022-07-13 01:54:50,App,Delivered
ORD000002206,4237,4237,2024-06-24 07:18:18,Web,Delivered
ORD000002207,3181,3181,2023-05-22 10:26:46,App,Cancelled
ORD000002208,2361,2361,2023-02-15 20:35:45,Web,Delivered
ORD000002209,1145,1145,2023-09-08 21:49:36,Web,Delivered
ORD000002210,99,99,2024-03-17 17:39:59,App,Returned
ORD000002211,3650,3650,2023-11-01 03:12:45,App,Returned
ORD000002212,494,494,2024-03-26 15:46:02,Web,Delivered
ORD000002213,5264,5264,2021-07-30 20:44:02,App,Delivered
ORD000002214,2158,2158,2023-04-23 16:53:47,Web,Shipped
ORD000002215,4580,4580,2026-01-09 12:58:10,Web,Delivered
ORD000002216,2178,2178,2024-05-06 00:47:35,App,Delivered
ORD000002217,1424,1424,2024-03-18 20:54:12,Web,Delivered
ORD000002218,4936,4936,2023-07-06 02:34:26,App,Delivered
ORD000002219,506,506,2021-07-15 21:48:51,App,Shipped
ORD000002220,4306,4306,2021-04-26 14:30:31,Web,Shipped
ORD000002221,5878,5878,2024-09-29 10:55:55,App,Delivered
ORD000002222,361,361,2021-08-10 15:14:32,App,Placed
ORD000002223,154,154,2022-06-26 02:26:08,App,Delivered
ORD000002224,533,533,2022-05-30 08:29:55,Web,Returned
ORD000002225,5667,5667,2024-11-09 04:31:45,Web,Delivered
ORD000002226,2012,2012,2025-04-08 17:19:34,Web,Delivered
ORD000002227,2358,2358,2025-04-12 11:22:28,App,Delivered
ORD000002228,2784,2784,2023-02-06 21:02:05,Web,Delivered
ORD000002229,5872,5872,2022-07-07 07:37:15,Web,Placed
ORD000002230,1970,1970,2022-02-22 21:29:11,App,Delivered
ORD000002231,4972,4972,2022-12-25 16:52:20,App,Shipped
ORD000002232,2348,2348,2021-02-23 23:22:56,App,Placed
ORD000002233,4437,4437,2024-09-19 19:01:12,Web,Delivered
ORD000002234,635,635,2022-05-29 18:11:21,Store,Cancelled
ORD000002235,2602,2602,2021-03-09 18:42:50,Web,Placed
ORD000002236,1193,1193,2024-02-29 06:32:47,Web,Shipped
ORD000002237,4516,4516,2023-04-18 00:24:09,Web,Delivered
ORD000002238,737,737,2021-05-13 11:28:45,App,Cancelled
ORD000002239,2437,2437,2021-07-09 10:55:36,Web,Returned
ORD000002240,1209,1209,2022-08-14 05:20:49,App,Delivered
ORD000002241,5443,5443,2025-05-07 04:25:55,App,Delivered
ORD000002242,2059,2059,2023-03-12 08:27:49,App,Delivered
ORD000002243,5805,5805,2022-06-10 20:57:46,App,Delivered
ORD000002244,608,608,2025-08-05 14:34:16,App,Delivered
ORD000002245,5259,5259,2024-11-09 20:44:40,Store,Returned
ORD000002246,3066,3066,2021-07-18 11:10:58,Web,Delivered
ORD000002247,3750,3750,2021-12-06 08:41:23,App,Delivered
ORD000002248,4327,4327,2025-08-02 16:14:27,Web,Shipped
ORD000002249,5571,5571,2025-05-07 11:51:53,App,Shipped
ORD000002250,2038,2038,2022-11-12 16:24:55,Web,Shipped
ORD000002251,2186,2186,2023-05-29 23:49:09,Web,Delivered
ORD000002252,997,997,2024-09-25 16:04:49,Web,Returned
ORD000002253,2579,2579,2021-06-02 11:47:31,Web,Cancelled
ORD000002254,1180,1180,2023-07-10 11:37:22,App,Placed
ORD000002255,4703,4703,2021-12-03 06:49:55,App,Delivered
ORD000002256,1921,1921,2024-11-28 20:06:39,App,Shipped
ORD000002257,5381,5381,2022-09-13 23:33:11,Web,Delivered
ORD000002258,3232,3232,2023-06-11 02:47:14,Web,Delivered
ORD000002259,1333,1333,2024-09-22 16:34:56,App,Cancelled
ORD000002260,2745,2745,2022-10-17 04:50:04,App,Delivered
ORD000002261,2261,2261,2023-02-02 04:37:23,App,Cancelled
ORD000002262,3499,3499,2023-12-23 05:11:45,App,Delivered
ORD000002263,3414,3414,2025-01-26 19:43:48,Web,Delivered
ORD000002264,5479,5479,2022-08-06 13:01:22,Web,Shipped
ORD000002265,5799,5799,2022-10-16 03:14:37,Web,Delivered
ORD000002266,206,206,2025-01-22 05:19:55,App,Delivered
ORD000002267,5381,5381,2023-09-09 22:53:05,App,Delivered
ORD000002268,1810,1810,2023-09-24 10:00:19,Web,Delivered
ORD000002269,900,900,2025-04-06 21:15:11,App,Placed
ORD000002270,748,748,2024-10-31 09:13:40,App,Delivered
ORD000002271,4973,4973,2024-04-03 23:30:04,App,Delivered
ORD000002272,2630,2630,2025-09-29 02:15:04,Web,Delivered
ORD000002273,2443,2443,2023-08-17 16:09:25,Web,Delivered
ORD000002274,5845,5845,2021-08-09 11:32:38,App,Delivered
ORD000002275,4433,4433,2024-02-01 00:50:34,App,Returned
ORD000002276,1762,1762,2022-06-30 15:28:55,App,Delivered
ORD000002277,4877,4877,2021-06-22 03:53:12,Web,Returned
ORD000002278,4375,4375,2023-01-08 06:49:56,App,Delivered
ORD000002279,2297,2297,2024-09-06 14:32:23,App,Delivered
ORD000002280,4929,4929,2025-07-10 09:54:41,Web,Delivered
ORD000002281,1732,1732,2021-04-21 09:15:04,App,Delivered
ORD000002282,5150,5150,2025-08-20 17:19:45,App,Returned
ORD000002283,3999,3999,2024-01-21 07:53:02,App,Shipped
ORD000002284,5935,5935,2025-01-14 10:06:44,Web,Delivered
ORD000002285,2960,2960,2025-12-28 19:25:35,App,Delivered
ORD000002286,939,939,2024-10-29 23:09:57,Web,Cancelled
ORD000002287,5251,5251,2023-01-31 20:27:27,App,Delivered
ORD000002288,4620,4620,2023-02-24 03:10:15,App,Delivered
ORD000002289,4556,4556,2026-01-12 14:02:17,Web,Delivered
ORD000002290,2165,2165,2023-09-13 17:08:46,App,Delivered
ORD000002291,5269,5269,2025-04-09 08:48:18,Web,Returned
ORD000002292,2874,2874,2021-08-02 13:34:31,App,Placed
ORD000002293,1451,1451,2022-03-02 16:24:42,App,Returned
ORD000002294,5106,5106,2023-04-24 20:08:52,App,Delivered
ORD000002295,5637,5637,2025-10-26 17:04:52,Web,Placed
ORD000002296,1204,1204,2023-08-05 20:55:27,Web,Delivered
ORD000002297,1873,1873,2021-05-25 08:53:54,Web,Delivered
ORD000002298,4492,4492,2025-01-27 19:14:19,App,Delivered
ORD000002299,3025,3025,2024-07-08 09:31:35,App,Delivered
ORD000002300,2056,2056,2024-09-10 21:00:31,App,Delivered
ORD000002301,2192,2192,2026-01-18 04:49:08,App,Delivered
ORD000002302,1679,1679,2026-01-06 10:07:14,Web,Placed
ORD000002303,4383,4383,2022-12-17 16:49:32,App,Delivered
ORD000002304,2538,2538,2022-03-27 18:03:55,Web,Returned
ORD000002305,1666,1666,2024-09-02 11:37:54,App,Delivered
ORD000002306,4729,4729,2022-02-09 15:53:44,Web,Delivered
ORD000002307,5691,5691,2022-01-16 14:48:49,App,Delivered
ORD000002308,4825,4825,2024-10-28 20:27:08,App,Returned
ORD000002309,4127,4127,2021-08-27 06:28:18,App,Delivered
ORD000002310,3012,3012,2024-06-26 14:11:41,Web,Cancelled
ORD000002311,244,244,2024-12-06 18:08:57,App,Shipped
ORD000002312,140,140,2022-02-03 16:52:04,App,Placed
ORD000002313,2449,2449,2024-11-14 17:14:12,App,Delivered
ORD000002314,725,725,2022-03-25 19:25:44,App,Shipped
ORD000002315,1565,1565,2021-11-08 16:57:32,Web,Delivered
ORD000002316,4260,4260,2022-03-06 23:00:31,App,Delivered
ORD000002317,104,104,2022-12-11 18:13:27,App,Delivered
ORD000002318,4048,4048,2022-05-02 23:31:03,Store,Delivered
ORD000002319,63,63,2024-08-02 00:20:04,App,Returned
ORD000002320,2063,2063,2023-03-28 02:08:47,Web,Placed
ORD000002321,3870,3870,2024-08-14 17:01:47,App,Delivered
ORD000002322,3566,3566,2024-04-25 15:09:12,Web,Delivered
ORD000002323,2227,2227,2024-11-03 18:31:57,Web,Placed
ORD000002324,1547,1547,2025-11-30 06:55:35,Web,Placed
ORD000002325,4823,4823,2023-03-22 13:18:02,App,Shipped
ORD000002326,4073,4073,2025-05-12 06:04:46,App,Returned
ORD000002327,4834,4834,2024-01-15 23:40:10,Web,Placed
ORD000002328,3647,3647,2024-08-28 09:40:39,App,Delivered
ORD000002329,1791,1791,2024-10-22 19:11:47,App,Delivered
ORD000002330,130,130,2025-09-24 09:14:05,App,Delivered
ORD000002331,3016,3016,2025-08-02 03:40:48,Web,Delivered
ORD000002332,5383,5383,2021-03-31 08:27:44,Web,Delivered
ORD000002333,5291,5291,2025-05-23 19:04:39,App,Delivered
ORD000002334,927,927,2022-03-26 07:46:34,App,Delivered
ORD000002335,1981,1981,2021-09-06 19:59:24,Web,Delivered
ORD000002336,5526,5526,2021-12-27 05:11:04,Web,Shipped
ORD000002337,1726,1726,2023-01-31 08:55:30,Web,Cancelled
ORD000002338,1820,1820,2025-06-02 06:22:02,App,Delivered
ORD000002339,5108,5108,2021-03-20 19:38:37,Web,Placed
ORD000002340,4545,4545,2025-05-26 03:16:48,App,Delivered
ORD000002341,2208,2208,2025-02-12 00:17:28,App,Delivered
ORD000002342,3289,3289,2021-10-27 09:26:47,App,Cancelled
ORD000002343,4784,4784,2024-12-31 17:49:13,Web,Placed
ORD000002344,2896,2896,2024-03-29 01:02:08,Web,Delivered
ORD000002345,1757,1757,2025-03-12 09:52:26,Web,Delivered
ORD000002346,2538,2538,2025-02-23 08:04:44,App,Shipped
ORD000002347,2328,2328,2024-08-23 19:04:40,Web,Delivered
ORD000002348,2129,2129,2026-01-16 23:13:08,Web,Delivered
ORD000002349,3197,3197,2023-08-31 00:18:00,Web,Cancelled
ORD000002350,2218,2218,2021-09-11 03:05:26,App,Delivered
ORD000002351,3654,3654,2023-04-21 23:44:27,Web,Delivered
ORD000002352,3162,3162,2023-03-09 01:43:00,Web,Delivered
ORD000002353,2428,2428,2023-09-02 14:01:43,App,Delivered
ORD000002354,4956,4956,2021-07-01 22:48:46,App,Cancelled
ORD000002355,4260,4260,2024-05-17 23:06:29,Web,Returned
ORD000002356,415,415,2025-12-24 02:28:43,App,Delivered
ORD000002357,4095,4095,2025-03-06 22:56:35,Web,Delivered
ORD000002358,4251,4251,2025-02-24 07:37:04,Web,Delivered
ORD000002359,5596,5596,2024-01-24 00:26:46,App,Shipped
ORD000002360,1836,1836,2022-02-25 00:54:04,App,Delivered
ORD000002361,2069,2069,2022-09-17 22:59:39,App,Delivered
ORD000002362,2871,2871,2025-12-05 14:13:26,App,Returned
ORD000002363,1023,1023,2021-04-27 14:40:00,App,Delivered
ORD000002364,399,399,2021-04-02 23:34:12,App,Delivered
ORD000002365,2978,2978,2024-03-07 02:46:12,App,Returned
ORD000002366,2920,2920,2024-07-16 03:10:23,App,Returned
ORD000002367,3971,3971,2022-06-02 15:07:09,Web,Delivered
ORD000002368,129,129,2025-05-26 23:07:44,App,Delivered
ORD000002369,1533,1533,2024-08-22 07:54:32,Store,Placed
ORD000002370,1051,1051,2022-03-05 13:24:35,App,Delivered
ORD000002371,2953,2953,2024-08-14 12:00:20,Web,Delivered
ORD000002372,344,344,2021-10-08 12:02:26,App,Returned
ORD000002373,1425,1425,2021-03-25 02:41:53,App,Delivered
ORD000002374,604,604,2022-11-27 20:02:39,App,Delivered
ORD000002375,5415,5415,2022-09-25 08:18:44,App,Delivered
ORD000002376,1591,1591,2025-12-14 12:27:10,App,Delivered
ORD000002377,4829,4829,2022-02-22 08:26:41,App,Delivered
ORD000002378,5933,5933,2023-10-29 07:20:05,App,Delivered
ORD000002379,4252,4252,2021-12-02 16:46:10,App,Shipped
ORD000002380,2149,2149,2023-07-08 18:40:24,App,Delivered
ORD000002381,748,748,2024-06-17 20:22:40,App,Delivered
ORD000002382,500,500,2025-09-16 10:05:38,App,Placed
ORD000002383,3357,3357,2022-08-09 07:26:40,Web,Placed
ORD000002384,5189,5189,2022-01-23 05:44:42,App,Delivered
ORD000002385,5899,5899,2025-01-17 10:44:10,App,Delivered
ORD000002386,386,386,2021-08-28 00:29:47,App,Shipped
ORD000002387,4234,4234,2024-04-12 18:50:59,App,Shipped
ORD000002388,4344,4344,2026-01-23 23:09:49,Web,Delivered
ORD000002389,5740,5740,2025-03-08 02:54:15,App,Shipped
ORD000002390,1736,1736,2024-07-04 00:54:02,App,Cancelled
ORD000002391,2558,2558,2021-05-23 05:51:15,Web,Delivered
ORD000002392,5495,5495,2021-12-16 23:55:30,Web,Placed
ORD000002393,4823,4823,2025-04-20 04:34:49,Web,Shipped
ORD000002394,1179,1179,2023-04-05 18:18:03,App,Shipped
ORD000002395,880,880,2022-02-05 09:58:58,Web,Delivered
ORD000002396,1506,1506,2025-05-23 04:44:04,Web,Placed
ORD000002397,5329,5329,2021-02-27 16:32:52,Web,Placed
ORD000002398,1007,1007,2024-07-01 14:12:38,App,Delivered
ORD000002399,5298,5298,2023-02-06 02:53:39,App,Delivered
ORD000002400,3658,3658,2022-03-01 07:08:56,Web,Cancelled
ORD000002401,5110,5110,2023-11-20 04:02:39,App,Delivered
ORD000002402,2306,2306,2022-01-03 05:30:29,Web,Delivered
ORD000002403,273,273,2025-04-28 20:27:53,Web,Shipped
ORD000002404,2896,2896,2022-08-30 11:59:41,App,Delivered
ORD000002405,3096,3096,2025-06-13 03:56:32,App,Placed
ORD000002406,2873,2873,2025-02-01 05:44:59,App,Delivered
ORD000002407,1607,1607,2022-08-24 14:52:54,App,Placed
ORD000002408,4691,4691,2024-05-18 05:44:10,App,Delivered
ORD000002409,2448,2448,2023-07-27 02:34:34,App,Returned
ORD000002410,2852,2852,2023-05-16 06:25:54,Web,Returned
ORD000002411,1325,1325,2022-01-13 05:48:17,App,Delivered
ORD000002412,2058,2058,2024-05-23 06:10:35,Web,Delivered
ORD000002413,3903,3903,2024-01-18 18:42:39,Web,Cancelled
ORD000002414,3123,3123,2024-09-28 05:48:22,Web,Delivered
ORD000002415,2767,2767,2025-04-28 03:20:32,Web,Delivered
ORD000002416,2155,2155,2024-07-07 01:05:44,App,Placed
ORD000002417,4867,4867,2022-10-25 07:53:24,App,Delivered
ORD000002418,1730,1730,2021-10-10 19:20:51,Web,Placed
ORD000002419,5355,5355,2024-03-03 09:41:37,Web,Delivered
ORD000002420,4586,4586,2022-12-10 05:06:25,App,Delivered
ORD000002421,2723,2723,2022-01-08 12:51:32,App,Delivered
ORD000002422,4571,4571,2024-07-14 09:00:17,App,Delivered
ORD000002423,4677,4677,2021-10-12 08:44:58,App,Delivered
ORD000002424,2895,2895,2025-02-25 02:08:42,App,Delivered
ORD000002425,3364,3364,2021-03-23 01:02:01,App,Delivered
ORD000002426,1841,1841,2022-10-17 10:31:35,App,Delivered
ORD000002427,1962,1962,2023-06-29 21:16:55,Web,Returned
ORD000002428,4425,4425,2021-10-18 04:44:48,App,Returned
ORD000002429,4863,4863,2021-05-22 05:03:47,App,Delivered
ORD000002430,4602,4602,2022-05-18 23:45:56,App,Delivered
ORD000002431,2676,2676,2025-02-16 10:38:35,App,Delivered
ORD000002432,1940,1940,2022-05-20 20:38:13,App,Placed
ORD000002433,4574,4574,2025-10-07 19:31:27,App,Delivered
ORD000002434,14,14,2025-01-30 13:56:00,App,Delivered
ORD000002435,4823,4823,2023-08-12 23:58:19,Web,Delivered
ORD000002436,3059,3059,2025-10-09 11:59:11,App,Cancelled
ORD000002437,746,746,2025-06-01 19:15:52,Web,Placed
ORD000002438,2011,2011,2025-09-24 13:12:18,App,Placed
ORD000002439,2614,2614,2021-12-14 23:20:00,Web,Delivered
ORD000002440,4571,4571,2024-01-14 14:26:04,App,Delivered
ORD000002441,2947,2947,2024-06-24 08:04:40,Web,Shipped
ORD000002442,4620,4620,2023-06-21 10:04:01,Web,Delivered
ORD000002443,3183,3183,2024-11-01 11:01:25,Web,Delivered
ORD000002444,3487,3487,2025-06-12 07:41:31,Store,Delivered
ORD000002445,4507,4507,2021-07-06 03:15:14,App,Delivered
ORD000002446,4079,4079,2025-01-08 13:50:34,Web,Delivered
ORD000002447,1908,1908,2025-09-17 02:34:53,Web,Delivered
ORD000002448,3992,3992,2022-06-21 22:29:37,Web,Delivered
ORD000002449,1648,1648,2026-01-31 01:52:15,Web,Delivered
ORD000002450,4777,4777,2026-01-21 10:10:20,App,Shipped
ORD000002451,2664,2664,2023-10-03 07:15:49,App,Delivered
ORD000002452,1883,1883,2023-01-04 09:39:11,App,Delivered
ORD000002453,329,329,2023-12-26 21:47:57,Web,Delivered
ORD000002454,4368,4368,2021-07-19 11:52:48,App,Delivered
ORD000002455,4271,4271,2022-12-23 05:19:52,App,Delivered
ORD000002456,2206,2206,2024-02-29 09:36:12,App,Delivered
ORD000002457,4718,4718,2025-07-23 17:42:29,App,Delivered
ORD000002458,1688,1688,2021-12-06 07:27:52,Web,Delivered
ORD000002459,4330,4330,2022-08-19 14:04:13,Web,Shipped
ORD000002460,4237,4237,2025-03-04 03:06:28,Web,Delivered
ORD000002461,5601,5601,2021-05-07 08:54:37,App,Delivered
ORD000002462,2167,2167,2026-01-16 14:30:27,Web,Delivered
ORD000002463,382,382,2025-03-15 18:02:41,App,Cancelled
ORD000002464,3593,3593,2023-06-17 15:22:56,App,Placed
ORD000002465,1434,1434,2025-01-30 08:32:41,App,Shipped
ORD000002466,4145,4145,2023-07-20 04:59:57,App,Delivered
ORD000002467,3882,3882,2022-07-15 14:14:23,Web,Delivered
ORD000002468,3442,3442,2022-06-08 11:23:40,App,Delivered
ORD000002469,3405,3405,2025-02-24 21:53:57,App,Returned
ORD000002470,4245,4245,2023-10-25 04:14:21,App,Delivered
ORD000002471,2205,2205,2024-10-24 14:02:04,App,Delivered
ORD000002472,2200,2200,2022-06-24 01:06:14,App,Returned
ORD000002473,3533,3533,2022-04-21 17:30:48,App,Delivered
ORD000002474,4472,4472,2022-05-12 10:25:49,App,Delivered
ORD000002475,2730,2730,2021-05-18 20:03:25,App,Delivered
ORD000002476,596,596,2024-09-02 01:14:59,App,Shipped
ORD000002477,3911,3911,2022-02-11 17:19:51,App,Returned
ORD000002478,3497,3497,2022-03-29 19:00:32,App,Placed
ORD000002479,3120,3120,2023-06-15 13:07:36,App,Returned
ORD000002480,3801,3801,2023-12-08 15:25:17,Web,Delivered
ORD000002481,2637,2637,2025-09-10 13:33:36,App,Shipped
ORD000002482,3071,3071,2023-05-05 14:09:30,Web,Shipped
ORD000002483,2824,2824,2023-03-23 12:35:57,App,Delivered
ORD000002484,1493,1493,2022-02-09 10:33:02,Web,Delivered
ORD000002485,5695,5695,2025-11-09 11:48:41,App,Returned
ORD000002486,3317,3317,2024-03-13 04:50:01,Web,Delivered
ORD000002487,3903,3903,2023-10-25 15:25:51,App,Delivered
ORD000002488,2310,2310,2025-01-02 01:05:24,Web,Returned
ORD000002489,4938,4938,2023-06-08 16:22:10,App,Delivered
ORD000002490,5172,5172,2021-04-14 13:39:22,App,Delivered
ORD000002491,4585,4585,2022-06-08 08:00:27,App,Delivered
ORD000002492,3861,3861,2024-05-10 06:29:10,Web,Cancelled
ORD000002493,3214,3214,2024-05-03 23:18:51,App,Delivered
ORD000002494,5492,5492,2023-10-08 09:52:07,App,Delivered
ORD000002495,3297,3297,2021-10-19 02:38:17,Web,Shipped
ORD000002496,5785,5785,2025-07-14 19:42:23,App,Delivered
ORD000002497,3593,3593,2024-07-25 15:26:39,Web,Returned
ORD000002498,1524,1524,2021-11-29 00:52:47,App,Delivered
ORD000002499,3556,3556,2021-07-05 13:35:07,Web,Placed
ORD000002500,4260,4260,2023-04-16 00:43:56,Web,Delivered
ORD000002501,5561,5561,2022-05-15 10:35:18,Web,Delivered
ORD000002502,975,975,2025-01-10 18:28:55,App,Delivered
ORD000002503,1671,1671,2022-06-03 16:16:43,App,Cancelled
ORD000002504,4230,4230,2021-09-25 10:28:12,App,Delivered
ORD000002505,5172,5172,2022-10-22 15:34:04,App,Delivered
ORD000002506,4806,4806,2025-10-18 18:02:20,Web,Delivered
ORD000002507,3895,3895,2024-03-27 07:27:43,Web,Shipped
ORD000002508,2804,2804,2023-08-28 13:32:46,App,Returned
ORD000002509,1532,1532,2022-12-21 23:33:20,App,Delivered
ORD000002510,3817,3817,2021-11-30 02:49:42,App,Delivered
ORD000002511,5134,5134,2023-11-11 05:42:37,App,Shipped
ORD000002512,5505,5505,2023-04-15 00:08:20,App,Delivered
ORD000002513,5857,5857,2022-02-23 09:43:44,Web,Placed
ORD000002514,2213,2213,2025-04-06 13:47:26,Web,Delivered
ORD000002515,4657,4657,2021-04-13 02:22:52,App,Delivered
ORD000002516,4080,4080,2022-08-25 04:38:08,Web,Delivered
ORD000002517,582,582,2024-12-17 07:25:21,Web,Placed
ORD000002518,3558,3558,2022-09-03 21:10:17,Web,Placed
ORD000002519,3530,3530,2024-11-11 15:31:36,App,Placed
ORD000002520,2383,2383,2022-06-11 22:49:31,App,Delivered
ORD000002521,5682,5682,2022-12-31 13:16:56,App,Delivered
ORD000002522,5813,5813,2023-09-23 00:33:09,App,Delivered
ORD000002523,2685,2685,2024-04-23 08:52:12,App,Delivered
ORD000002524,231,231,2022-09-09 20:01:29,App,Placed
ORD000002525,1884,1884,2021-03-15 22:22:30,App,Shipped
ORD000002526,4099,4099,2022-10-19 13:08:09,App,Delivered
ORD000002527,1912,1912,2022-06-05 04:08:07,Web,Delivered
ORD000002528,685,685,2025-02-03 21:43:22,Web,Delivered
ORD000002529,4177,4177,2022-12-30 17:17:18,Web,Placed
ORD000002530,1956,1956,2025-03-19 20:30:58,App,Delivered
ORD000002531,1299,1299,2023-04-18 10:07:19,Web,Delivered
ORD000002532,4484,4484,2025-07-16 14:11:26,App,Delivered
ORD000002533,4923,4923,2022-12-15 14:27:01,App,Delivered
ORD000002534,1369,1369,2024-05-28 08:12:58,Web,Delivered
ORD000002535,2267,2267,2025-06-09 21:11:57,App,Delivered
ORD000002536,652,652,2021-09-13 13:46:10,Web,Delivered
ORD000002537,2111,2111,2022-09-03 07:39:40,App,Placed
ORD000002538,3099,3099,2022-11-07 11:01:59,App,Delivered
ORD000002539,2756,2756,2025-06-22 12:51:40,Web,Delivered
ORD000002540,3736,3736,2022-05-12 09:26:46,Web,Delivered
ORD000002541,4049,4049,2023-07-07 12:14:33,Web,Delivered
ORD000002542,5884,5884,2023-01-02 14:04:38,App,Returned
ORD000002543,5368,5368,2021-07-20 23:45:06,Web,Returned
ORD000002544,1178,1178,2024-07-22 13:44:57,App,Cancelled
ORD000002545,2258,2258,2022-08-28 03:47:25,App,Delivered
ORD000002546,1043,1043,2023-07-27 16:59:20,Web,Delivered
ORD000002547,2557,2557,2024-12-13 09:35:53,App,Returned
ORD000002548,3685,3685,2025-08-04 17:00:36,Web,Delivered
ORD000002549,2936,2936,2024-06-12 22:50:21,Store,Delivered
ORD000002550,1624,1624,2022-03-30 06:52:20,Web,Placed
ORD000002551,2085,2085,2023-12-20 14:11:49,App,Returned
ORD000002552,2455,2455,2024-03-12 05:17:32,Store,Returned
ORD000002553,2472,2472,2024-10-01 01:24:39,App,Delivered
ORD000002554,4779,4779,2021-11-16 04:12:21,App,Delivered
ORD000002555,5892,5892,2024-02-07 18:55:06,Web,Cancelled
ORD000002556,2386,2386,2025-12-23 14:55:24,App,Returned
ORD000002557,1295,1295,2022-01-02 17:06:52,App,Delivered
ORD000002558,4069,4069,2024-05-26 20:53:19,Web,Delivered
ORD000002559,919,919,2024-06-04 04:23:07,App,Delivered
ORD000002560,4748,4748,2025-05-31 17:08:13,App,Placed
ORD000002561,5700,5700,2023-10-17 23:08:21,App,Delivered
ORD000002562,1604,1604,2023-04-09 16:54:40,App,Delivered
ORD000002563,2996,2996,2025-03-11 10:41:01,Web,Cancelled
ORD000002564,5737,5737,2024-12-08 14:45:07,Web,Delivered
ORD000002565,5582,5582,2025-01-20 11:09:13,App,Placed
ORD000002566,3387,3387,2023-04-17 03:13:00,Web,Delivered
ORD000002567,1082,1082,2023-04-07 11:56:59,App,Placed
ORD000002568,376,376,2022-11-20 23:01:22,App,Delivered
ORD000002569,1409,1409,2024-11-22 23:18:33,App,Shipped
ORD000002570,2104,2104,2022-12-13 02:20:55,Store,Delivered
ORD000002571,5636,5636,2022-10-11 02:38:34,Web,Shipped
ORD000002572,5917,5917,2022-07-28 02:29:37,App,Delivered
ORD000002573,17,17,2022-09-04 01:09:07,Web,Delivered
ORD000002574,433,433,2024-08-11 18:01:10,App,Shipped
ORD000002575,4051,4051,2024-08-14 03:37:04,App,Delivered
ORD000002576,237,237,2023-12-14 20:26:10,App,Placed
ORD000002577,307,307,2022-05-04 22:32:33,App,Returned
ORD000002578,5882,5882,2022-07-15 02:36:15,Web,Delivered
ORD000002579,4529,4529,2022-03-10 08:00:35,App,Returned
ORD000002580,24,24,2023-08-30 11:50:05,Web,Placed
ORD000002581,5420,5420,2021-06-05 11:39:29,App,Placed
ORD000002582,5748,5748,2022-03-06 15:08:06,App,Delivered
ORD000002583,3310,3310,2023-12-14 19:17:18,Web,Delivered
ORD000002584,1014,1014,2021-10-24 13:40:20,Web,Delivered
ORD000002585,681,681,2021-02-18 05:17:40,Web,Delivered
ORD000002586,1849,1849,2024-10-20 18:23:53,App,Delivered
ORD000002587,1516,1516,2024-06-05 16:08:07,App,Shipped
ORD000002588,952,952,2023-09-25 04:06:21,App,Delivered
ORD000002589,5408,5408,2025-09-03 12:59:04,App,Returned
ORD000002590,415,415,2024-10-03 16:36:22,Web,Delivered
ORD000002591,4849,4849,2021-11-29 12:17:10,Store,Returned
ORD000002592,1424,1424,2024-11-05 20:21:41,App,Delivered
ORD000002593,4512,4512,2021-08-18 00:29:14,Web,Placed
ORD000002594,4972,4972,2022-12-13 07:53:28,App,Delivered
ORD000002595,4986,4986,2025-04-04 08:50:46,App,Delivered
ORD000002596,5371,5371,2025-07-01 04:20:16,App,Delivered
ORD000002597,4773,4773,2024-10-08 08:05:29,App,Delivered
ORD000002598,2448,2448,2021-06-05 11:25:32,App,Delivered
ORD000002599,2189,2189,2023-07-20 11:42:59,App,Delivered
ORD000002600,3192,3192,2025-11-21 15:29:09,Web,Returned
ORD000002601,5458,5458,2024-06-04 20:06:12,Web,Delivered
ORD000002602,450,450,2025-07-08 10:51:54,App,Shipped
ORD000002603,2936,2936,2022-10-15 09:31:34,Web,Delivered
ORD000002604,3177,3177,2025-01-12 11:55:09,App,Shipped
ORD000002605,4946,4946,2024-07-15 00:05:58,Store,Delivered
ORD000002606,92,92,2025-09-13 06:54:46,App,Delivered
ORD000002607,4517,4517,2025-12-09 02:52:21,App,Returned
ORD000002608,2600,2600,2025-04-18 09:57:06,App,Returned
ORD000002609,2952,2952,2023-01-03 21:57:35,Web,Cancelled
ORD000002610,3126,3126,2021-02-24 23:23:02,App,Delivered
ORD000002611,3719,3719,2022-04-16 07:09:03,Web,Returned
ORD000002612,1538,1538,2025-04-30 14:52:08,App,Delivered
ORD000002613,3169,3169,2025-01-03 13:52:50,App,Delivered
ORD000002614,5688,5688,2022-02-17 21:29:48,App,Delivered
ORD000002615,1896,1896,2024-08-20 12:37:53,Web,Delivered
ORD000002616,185,185,2024-10-08 10:07:09,App,Shipped
ORD000002617,1457,1457,2023-09-15 02:23:18,App,Delivered
ORD000002618,1495,1495,2025-05-25 10:31:44,Web,Delivered
ORD000002619,5061,5061,2022-12-08 22:28:42,App,Delivered
ORD000002620,1149,1149,2024-07-15 05:18:57,App,Delivered
ORD000002621,3406,3406,2024-12-28 14:52:13,App,Delivered
ORD000002622,1288,1288,2022-03-03 00:52:45,App,Returned
ORD000002623,4948,4948,2021-08-22 08:22:26,App,Delivered
ORD000002624,2239,2239,2025-08-09 01:35:53,App,Delivered
ORD000002625,1874,1874,2025-04-28 18:14:37,App,Delivered
ORD000002626,1751,1751,2024-02-19 07:40:58,App,Returned
ORD000002627,1245,1245,2025-07-09 07:10:14,Web,Delivered
ORD000002628,2247,2247,2023-07-29 19:22:16,Web,Delivered
ORD000002629,174,174,2024-06-13 21:38:55,App,Delivered
ORD000002630,4313,4313,2024-10-22 20:11:11,App,Delivered
ORD000002631,3278,3278,2023-05-09 04:43:46,App,Placed
ORD000002632,2022,2022,2023-11-29 18:28:57,Web,Cancelled
ORD000002633,5699,5699,2022-12-10 05:25:28,Web,Returned
ORD000002634,1397,1397,2021-10-07 03:07:44,App,Delivered
ORD000002635,174,174,2022-04-20 18:31:43,App,Delivered
ORD000002636,3395,3395,2021-09-06 13:49:17,Web,Returned
ORD000002637,2624,2624,2023-11-14 20:10:47,App,Delivered
ORD000002638,2889,2889,2024-02-29 23:36:13,App,Delivered
ORD000002639,2247,2247,2025-11-26 23:33:01,App,Delivered
ORD000002640,3079,3079,2024-04-08 10:31:37,App,Delivered
ORD000002641,5383,5383,2021-06-24 14:45:52,App,Delivered
ORD000002642,3052,3052,2023-06-20 22:47:01,Web,Delivered
ORD000002643,4730,4730,2023-06-20 11:40:24,App,Delivered
ORD000002644,1700,1700,2023-06-09 14:05:38,Web,Cancelled
ORD000002645,963,963,2024-03-02 10:38:07,App,Returned
ORD000002646,3092,3092,2022-09-21 01:52:18,App,Delivered
ORD000002647,3785,3785,2024-10-26 03:40:36,Web,Placed
ORD000002648,1845,1845,2021-07-06 07:45:17,Store,Returned
ORD000002649,4694,4694,2024-12-21 12:13:26,Web,Delivered
ORD000002650,3252,3252,2022-10-05 00:28:09,Web,Placed
ORD000002651,1751,1751,2023-08-09 01:06:27,App,Delivered
ORD000002652,893,893,2024-06-07 12:19:31,App,Delivered
ORD000002653,215,215,2022-10-24 16:31:50,Web,Delivered
ORD000002654,3430,3430,2022-05-25 09:19:00,App,Delivered
ORD000002655,4980,4980,2024-07-02 19:04:14,Web,Delivered
ORD000002656,5728,5728,2024-09-14 13:30:49,App,Placed
ORD000002657,3645,3645,2022-05-18 20:22:06,App,Shipped
ORD000002658,2616,2616,2023-03-30 07:57:15,Web,Returned
ORD000002659,5340,5340,2023-05-07 07:24:30,Web,Delivered
ORD000002660,606,606,2021-03-06 07:00:49,Web,Delivered
ORD000002661,552,552,2024-12-21 17:18:45,App,Cancelled
ORD000002662,4415,4415,2024-04-03 10:52:27,App,Shipped
ORD000002663,2514,2514,2021-03-13 02:14:46,App,Delivered
ORD000002664,4825,4825,2023-03-02 01:38:43,App,Delivered
ORD000002665,1178,1178,2024-11-30 09:37:02,App,Delivered
ORD000002666,4447,4447,2025-03-08 14:19:39,App,Delivered
ORD000002667,5182,5182,2025-11-10 10:49:47,App,Delivered
ORD000002668,1484,1484,2024-04-16 04:24:12,App,Cancelled
ORD000002669,5046,5046,2024-03-15 14:52:49,Web,Delivered
ORD000002670,3312,3312,2022-02-14 07:52:51,Web,Delivered
ORD000002671,4286,4286,2023-10-31 16:50:23,App,Shipped
ORD000002672,1546,1546,2022-02-18 18:44:29,App,Delivered
ORD000002673,5762,5762,2023-09-30 01:53:56,Web,Cancelled
ORD000002674,1497,1497,2024-06-09 08:05:21,App,Delivered
ORD000002675,4783,4783,2024-07-24 13:42:08,Web,Returned
ORD000002676,73,73,2022-02-07 13:52:15,Web,Delivered
ORD000002677,5359,5359,2025-09-30 08:11:47,Web,Delivered
ORD000002678,4037,4037,2022-05-16 22:16:10,App,Delivered
ORD000002679,2227,2227,2022-05-04 16:16:12,Web,Delivered
ORD000002680,1091,1091,2024-04-27 04:39:01,Web,Returned
ORD000002681,1617,1617,2025-11-16 21:34:40,Web,Delivered
ORD000002682,4173,4173,2024-05-15 04:58:48,App,Delivered
ORD000002683,4803,4803,2024-06-12 21:42:41,Web,Delivered
ORD000002684,988,988,2023-04-16 08:17:46,Web,Returned
ORD000002685,2116,2116,2024-09-01 17:21:07,App,Placed
ORD000002686,1592,1592,2023-06-13 09:21:02,App,Returned
ORD000002687,5902,5902,2022-05-30 08:25:16,App,Delivered
ORD000002688,588,588,2021-08-04 13:17:25,App,Delivered
ORD000002689,843,843,2024-09-04 12:24:38,Web,Placed
ORD000002690,3650,3650,2022-08-30 16:05:39,App,Delivered
ORD000002691,3617,3617,2021-02-15 13:00:43,App,Returned
ORD000002692,1566,1566,2021-08-17 13:09:39,Web,Delivered
ORD000002693,3610,3610,2025-06-10 15:50:56,App,Delivered
ORD000002694,2930,2930,2023-05-05 13:29:56,App,Delivered
ORD000002695,722,722,2022-03-02 13:27:08,Store,Delivered
ORD000002696,1805,1805,2022-08-02 08:53:33,App,Shipped
ORD000002697,4420,4420,2025-09-29 14:12:46,App,Delivered
ORD000002698,3195,3195,2025-10-30 08:15:17,Web,Delivered
ORD000002699,655,655,2022-03-26 07:41:17,Web,Delivered
ORD000002700,145,145,2023-12-30 20:43:28,Web,Delivered
ORD000002701,1697,1697,2023-09-13 17:58:01,App,Delivered
ORD000002702,4240,4240,2025-07-21 00:42:32,App,Delivered
ORD000002703,5038,5038,2024-03-21 22:45:32,Web,Returned
ORD000002704,2712,2712,2025-09-09 13:03:09,App,Delivered
ORD000002705,893,893,2021-03-09 12:20:56,Web,Returned
ORD000002706,2565,2565,2025-09-28 16:23:32,App,Delivered
ORD000002707,4291,4291,2024-05-08 07:24:26,App,Returned
ORD000002708,3555,3555,2021-04-01 21:41:29,App,Shipped
ORD000002709,1661,1661,2021-11-05 11:18:02,App,Placed
ORD000002710,3547,3547,2021-11-19 11:26:38,App,Delivered
ORD000002711,5708,5708,2024-12-03 19:37:29,Store,Delivered
ORD000002712,4914,4914,2025-08-19 06:24:58,App,Shipped
ORD000002713,2777,2777,2021-10-19 05:39:46,Web,Returned
ORD000002714,3921,3921,2025-03-25 06:03:10,Web,Shipped
ORD000002715,1137,1137,2023-11-17 17:12:40,App,Delivered
ORD000002716,1300,1300,2023-01-17 11:13:05,App,Returned
ORD000002717,2524,2524,2023-02-10 02:48:19,Web,Returned
ORD000002718,3250,3250,2021-03-05 10:01:27,Web,Delivered
ORD000002719,1661,1661,2022-10-01 18:40:47,Web,Delivered
ORD000002720,1315,1315,2023-11-26 07:10:48,Web,Placed
ORD000002721,434,434,2024-01-04 07:38:32,Web,Placed
ORD000002722,4513,4513,2022-04-20 16:09:04,App,Returned
ORD000002723,1859,1859,2023-12-28 02:02:56,App,Delivered
ORD000002724,711,711,2025-10-18 22:49:17,App,Placed
ORD000002725,138,138,2022-01-27 03:33:59,App,Delivered
ORD000002726,3561,3561,2023-11-03 21:35:20,App,Delivered
ORD000002727,1754,1754,2022-01-26 23:43:58,Web,Delivered
ORD000002728,2857,2857,2022-02-20 17:12:53,App,Delivered
ORD000002729,1185,1185,2024-11-20 05:51:21,Web,Delivered
ORD000002730,5880,5880,2024-08-31 16:06:20,App,Returned
ORD000002731,734,734,2021-08-31 20:30:18,Web,Delivered
ORD000002732,1852,1852,2023-01-19 09:45:08,App,Delivered
ORD000002733,1354,1354,2021-10-26 16:09:53,App,Delivered
ORD000002734,395,395,2025-07-24 03:08:05,App,Delivered
ORD000002735,5292,5292,2023-10-30 13:15:25,App,Delivered
ORD000002736,2518,2518,2024-09-20 10:03:55,App,Delivered
ORD000002737,3328,3328,2021-10-08 06:33:31,App,Delivered
ORD000002738,4055,4055,2023-08-19 12:12:27,App,Delivered
ORD000002739,5240,5240,2025-02-16 14:45:25,Web,Delivered
ORD000002740,2067,2067,2022-11-07 06:51:15,App,Placed
ORD000002741,4904,4904,2025-08-22 09:15:06,Web,Placed
ORD000002742,247,247,2024-03-15 15:36:14,App,Delivered
ORD000002743,5325,5325,2025-01-29 23:09:42,Web,Delivered
ORD000002744,3139,3139,2022-10-19 20:21:19,App,Delivered
ORD000002745,342,342,2024-10-20 10:05:44,App,Placed
ORD000002746,2972,2972,2022-11-09 05:43:44,App,Placed
ORD000002747,3769,3769,2025-04-09 21:52:09,Web,Placed
ORD000002748,2435,2435,2021-07-07 20:31:58,App,Returned
ORD000002749,342,342,2024-06-30 23:20:56,Web,Delivered
ORD000002750,108,108,2023-09-21 10:28:13,App,Delivered
ORD000002751,4729,4729,2025-05-27 18:56:53,Store,Delivered
ORD000002752,5094,5094,2022-11-03 22:23:35,Web,Delivered
ORD000002753,5522,5522,2022-05-31 17:04:08,App,Cancelled
ORD000002754,4692,4692,2023-07-21 18:34:08,Web,Delivered
ORD000002755,5422,5422,2021-04-23 05:47:55,App,Delivered
ORD000002756,1797,1797,2024-07-16 15:35:56,App,Delivered
ORD000002757,5227,5227,2023-08-12 12:56:06,App,Placed
ORD000002758,4681,4681,2021-08-07 01:12:01,Web,Placed
ORD000002759,2525,2525,2022-04-07 04:19:44,Web,Delivered
ORD000002760,2385,2385,2025-10-06 11:45:53,App,Shipped
ORD000002761,3532,3532,2024-06-02 06:36:00,App,Placed
ORD000002762,2361,2361,2021-08-23 22:30:27,Web,Delivered
ORD000002763,5274,5274,2022-10-05 06:27:11,Web,Delivered
ORD000002764,5921,5921,2022-10-06 16:49:25,App,Placed
ORD000002765,609,609,2022-07-25 00:54:25,App,Placed
ORD000002766,5924,5924,2023-08-31 21:10:01,Web,Returned
ORD000002767,5469,5469,2021-11-09 22:05:32,App,Returned
ORD000002768,5886,5886,2025-09-25 17:51:06,App,Delivered
ORD000002769,2642,2642,2023-06-01 14:39:48,Web,Cancelled
ORD000002770,2348,2348,2025-01-31 17:47:39,App,Delivered
ORD000002771,2740,2740,2025-07-31 17:25:39,App,Delivered
ORD000002772,4824,4824,2024-09-26 05:09:44,App,Delivered
ORD000002773,5654,5654,2021-08-13 15:53:47,App,Returned
ORD000002774,4332,4332,2023-12-16 00:36:43,Web,Delivered
ORD000002775,5061,5061,2022-07-24 07:34:29,App,Delivered
ORD000002776,211,211,2021-07-28 12:17:20,App,Placed
ORD000002777,286,286,2021-10-24 08:03:23,App,Delivered
ORD000002778,2471,2471,2024-07-12 03:07:46,App,Delivered
ORD000002779,5839,5839,2025-05-12 00:13:11,App,Delivered
ORD000002780,494,494,2024-05-10 04:37:03,Web,Delivered
ORD000002781,1018,1018,2023-07-20 14:34:11,Web,Placed
ORD000002782,3491,3491,2022-06-28 14:55:51,App,Returned
ORD000002783,2885,2885,2024-07-22 20:15:27,App,Delivered
ORD000002784,2815,2815,2024-04-20 21:47:11,App,Delivered
ORD000002785,1990,1990,2025-09-01 02:03:46,Web,Delivered
ORD000002786,523,523,2023-08-28 03:45:04,App,Delivered
ORD000002787,4915,4915,2025-01-18 00:55:42,App,Delivered
ORD000002788,2367,2367,2026-01-02 08:39:13,Web,Delivered
ORD000002789,5462,5462,2025-04-25 10:18:59,App,Delivered
ORD000002790,3451,3451,2026-01-26 15:04:34,Web,Delivered
ORD000002791,1657,1657,2023-12-16 19:17:16,Store,Placed
ORD000002792,3065,3065,2024-05-20 07:15:26,App,Placed
ORD000002793,2743,2743,2023-03-26 22:27:01,App,Placed
ORD000002794,590,590,2024-11-29 01:41:15,App,Delivered
ORD000002795,635,635,2025-11-23 19:14:44,App,Delivered
ORD000002796,4041,4041,2024-08-23 01:53:24,App,Delivered
ORD000002797,5908,5908,2025-05-14 20:04:54,App,Delivered
ORD000002798,208,208,2022-04-09 14:47:50,Store,Delivered
ORD000002799,2234,2234,2024-11-09 08:31:35,Web,Shipped
ORD000002800,977,977,2021-03-01 18:20:18,App,Delivered
ORD000002801,2065,2065,2024-10-13 14:30:54,Web,Returned
ORD000002802,1314,1314,2026-01-13 06:54:39,Web,Returned
ORD000002803,4350,4350,2022-03-08 02:06:17,App,Returned
ORD000002804,971,971,2022-05-29 07:51:49,Web,Placed
ORD000002805,4707,4707,2024-11-24 12:01:00,Web,Placed
ORD000002806,1480,1480,2023-10-07 17:21:48,App,Placed
ORD000002807,1171,1171,2024-12-12 18:23:59,App,Delivered
ORD000002808,4980,4980,2024-07-14 06:06:25,App,Returned
ORD000002809,3186,3186,2023-09-25 14:08:17,Web,Delivered
ORD000002810,1400,1400,2022-09-18 03:25:14,App,Delivered
ORD000002811,4602,4602,2026-01-25 22:44:21,App,Delivered
ORD000002812,3394,3394,2023-07-08 09:38:18,Web,Delivered
ORD000002813,2376,2376,2024-03-03 01:53:08,App,Delivered
ORD000002814,4445,4445,2022-08-25 09:15:37,Web,Delivered
ORD000002815,199,199,2025-10-09 15:27:52,Web,Delivered
ORD000002816,3249,3249,2024-06-03 12:38:16,Web,Shipped
ORD000002817,1148,1148,2023-10-22 07:27:05,App,Delivered
ORD000002818,5277,5277,2024-01-30 04:04:25,App,Delivered
ORD000002819,4707,4707,2022-04-04 23:44:35,App,Delivered
ORD000002820,5017,5017,2023-10-03 03:24:04,App,Shipped
ORD000002821,5999,5999,2022-02-12 16:08:32,App,Delivered
ORD000002822,4036,4036,2021-08-20 08:32:15,Web,Placed
ORD000002823,2283,2283,2025-09-22 17:08:57,Web,Delivered
ORD000002824,1726,1726,2024-11-05 16:23:02,Web,Delivered
ORD000002825,1318,1318,2024-12-09 00:46:41,App,Delivered
ORD000002826,4881,4881,2024-04-27 00:39:16,App,Placed
ORD000002827,3969,3969,2022-05-16 07:23:52,Web,Shipped
ORD000002828,3090,3090,2022-05-17 08:21:59,Store,Cancelled
ORD000002829,5055,5055,2022-02-07 23:37:27,Web,Delivered
ORD000002830,5294,5294,2021-12-31 19:22:22,App,Placed
ORD000002831,1427,1427,2022-12-09 01:23:10,App,Returned
ORD000002832,2429,2429,2021-09-29 14:15:32,App,Returned
ORD000002833,1842,1842,2024-09-22 19:08:52,Web,Delivered
ORD000002834,4864,4864,2025-06-09 02:38:43,App,Delivered
ORD000002835,3894,3894,2022-11-22 17:26:32,Web,Shipped
ORD000002836,2145,2145,2023-02-05 22:45:52,App,Delivered
ORD000002837,1494,1494,2021-09-09 18:29:41,App,Placed
ORD000002838,705,705,2024-11-26 05:47:00,App,Cancelled
ORD000002839,1769,1769,2022-11-06 01:07:54,App,Delivered
ORD000002840,1070,1070,2024-05-21 15:04:46,Web,Shipped
ORD000002841,3875,3875,2024-07-02 16:09:42,App,Placed
ORD000002842,2284,2284,2023-03-26 01:20:50,Web,Delivered
ORD000002843,769,769,2021-11-28 16:14:47,App,Placed
ORD000002844,3724,3724,2025-06-03 19:41:57,App,Returned
ORD000002845,260,260,2023-12-05 00:40:57,Web,Shipped
ORD000002846,5300,5300,2024-11-27 14:34:17,Web,Delivered
ORD000002847,2944,2944,2022-05-21 05:24:27,Web,Delivered
ORD000002848,1588,1588,2025-07-20 15:42:04,Web,Delivered
ORD000002849,84,84,2022-03-26 10:11:58,App,Delivered
ORD000002850,4506,4506,2021-03-09 16:59:30,Web,Shipped
ORD000002851,5276,5276,2024-10-13 01:59:29,Web,Delivered
ORD000002852,3562,3562,2025-12-30 21:31:11,Web,Delivered
ORD000002853,1640,1640,2024-12-26 08:22:20,App,Placed
ORD000002854,2394,2394,2025-03-29 06:57:07,App,Delivered
ORD000002855,2971,2971,2025-10-14 03:38:55,Store,Delivered
ORD000002856,2685,2685,2023-08-03 00:05:50,Web,Placed
ORD000002857,2231,2231,2023-02-06 05:08:54,App,Shipped
ORD000002858,3399,3399,2021-11-04 18:25:11,Web,Placed
ORD000002859,3638,3638,2022-01-28 10:03:13,Web,Placed
ORD000002860,814,814,2024-08-05 07:34:38,App,Returned
ORD000002861,3748,3748,2025-09-04 14:48:41,App,Delivered
ORD000002862,896,896,2021-11-25 18:57:12,Web,Delivered
ORD000002863,661,661,2024-10-29 01:34:48,Web,Delivered
ORD000002864,5041,5041,2021-06-02 10:51:33,App,Delivered
ORD000002865,2850,2850,2021-04-23 01:07:51,App,Delivered
ORD000002866,2426,2426,2025-03-16 11:27:14,Web,Delivered
ORD000002867,1111,1111,2022-09-08 03:52:26,Store,Cancelled
ORD000002868,3746,3746,2024-01-20 16:05:01,Web,Delivered
ORD000002869,1159,1159,2021-04-02 05:40:31,Web,Cancelled
ORD000002870,2138,2138,2021-05-02 22:25:01,App,Shipped
ORD000002871,4916,4916,2023-09-01 22:51:48,Web,Returned
ORD000002872,1841,1841,2023-08-08 03:38:08,Web,Delivered
ORD000002873,1911,1911,2025-01-15 19:29:20,Store,Cancelled
ORD000002874,3665,3665,2025-04-07 22:44:39,Web,Placed
ORD000002875,2911,2911,2022-07-02 15:59:48,App,Delivered
ORD000002876,743,743,2023-04-29 04:02:35,Web,Delivered
ORD000002877,3161,3161,2024-08-20 09:02:33,Web,Delivered
ORD000002878,1317,1317,2021-11-10 07:55:16,Web,Placed
ORD000002879,4542,4542,2023-03-11 05:55:27,App,Delivered
ORD000002880,5515,5515,2023-01-08 15:00:12,App,Delivered
ORD000002881,3806,3806,2021-07-09 05:09:46,Web,Delivered
ORD000002882,1041,1041,2024-03-19 05:19:07,App,Delivered
ORD000002883,1732,1732,2022-01-24 07:39:25,App,Placed
ORD000002884,1656,1656,2021-12-20 22:54:43,App,Delivered
ORD000002885,1568,1568,2025-12-07 10:36:48,Web,Returned
ORD000002886,1811,1811,2023-07-04 06:13:58,Web,Shipped
ORD000002887,5124,5124,2024-01-06 19:14:29,App,Delivered
ORD000002888,2329,2329,2025-10-23 09:24:19,App,Delivered
ORD000002889,3017,3017,2024-09-09 23:21:19,Web,Delivered
ORD000002890,1495,1495,2023-06-21 22:30:34,App,Shipped
ORD000002891,605,605,2023-04-30 21:10:23,Web,Delivered
ORD000002892,478,478,2023-04-28 18:48:15,Web,Delivered
ORD000002893,5853,5853,2022-11-03 04:06:44,Web,Delivered
ORD000002894,4706,4706,2021-09-06 12:14:48,App,Delivered
ORD000002895,142,142,2023-05-03 04:40:02,App,Shipped
ORD000002896,4656,4656,2021-03-25 04:00:56,Web,Delivered
ORD000002897,2099,2099,2022-05-15 03:40:20,App,Delivered
ORD000002898,2571,2571,2022-04-01 10:44:48,App,Delivered
ORD000002899,5628,5628,2022-01-24 03:52:47,App,Delivered
ORD000002900,4027,4027,2022-05-27 03:33:34,Web,Returned
ORD000002901,5390,5390,2021-06-23 18:42:20,App,Delivered
ORD000002902,1287,1287,2026-01-15 08:01:42,App,Delivered
ORD000002903,4805,4805,2026-02-02 02:16:55,App,Delivered
ORD000002904,1210,1210,2024-09-11 21:33:10,App,Shipped
ORD000002905,808,808,2022-12-19 09:39:06,App,Delivered
ORD000002906,2129,2129,2021-12-03 16:29:35,App,Returned
ORD000002907,3806,3806,2022-02-23 14:41:35,Store,Delivered
ORD000002908,4505,4505,2021-07-01 04:21:52,Web,Returned
ORD000002909,974,974,2023-02-07 17:49:47,Web,Shipped
ORD000002910,2939,2939,2021-08-05 17:46:23,App,Delivered
ORD000002911,86,86,2023-09-04 21:39:41,App,Delivered
ORD000002912,1797,1797,2025-04-05 13:38:09,Web,Delivered
ORD000002913,1308,1308,2025-09-06 21:24:33,Web,Delivered
ORD000002914,460,460,2024-07-07 12:42:34,Web,Returned
ORD000002915,5820,5820,2026-01-28 13:55:00,Web,Delivered
ORD000002916,2509,2509,2025-08-29 06:31:27,Web,Delivered
ORD000002917,1145,1145,2025-06-12 14:08:56,Web,Delivered
ORD000002918,3889,3889,2023-01-24 14:21:42,App,Delivered
ORD000002919,4665,4665,2022-12-09 20:10:05,Web,Placed
ORD000002920,5973,5973,2024-12-04 13:28:36,App,Delivered
ORD000002921,3261,3261,2025-03-03 22:59:16,App,Delivered
ORD000002922,4646,4646,2023-10-29 00:08:39,Store,Delivered
ORD000002923,5833,5833,2023-08-11 04:43:52,App,Cancelled
ORD000002924,1410,1410,2022-05-25 13:56:47,Web,Returned
ORD000002925,5251,5251,2023-05-12 00:17:17,Web,Delivered
ORD000002926,4267,4267,2026-01-09 22:51:56,App,Delivered
ORD000002927,1354,1354,2025-04-08 21:45:53,Web,Delivered
ORD000002928,4131,4131,2021-08-06 21:53:07,App,Shipped
ORD000002929,1225,1225,2021-04-15 11:20:17,App,Delivered
ORD000002930,1192,1192,2021-02-21 22:37:02,App,Returned
ORD000002931,1533,1533,2025-03-03 12:09:42,App,Delivered
ORD000002932,1917,1917,2024-11-22 11:45:16,Web,Delivered
ORD000002933,3318,3318,2024-07-17 12:38:57,App,Returned
ORD000002934,1248,1248,2023-06-10 03:26:56,Web,Returned
ORD000002935,2618,2618,2022-04-28 04:31:55,App,Delivered
ORD000002936,5922,5922,2022-03-24 11:33:06,App,Delivered
ORD000002937,4633,4633,2021-04-16 03:01:39,App,Delivered
ORD000002938,2026,2026,2024-05-08 22:14:42,App,Placed
ORD000002939,3512,3512,2021-07-14 20:42:39,App,Delivered
ORD000002940,4640,4640,2023-10-06 03:53:35,Web,Delivered
ORD000002941,5742,5742,2025-07-14 17:39:56,App,Delivered
ORD000002942,5270,5270,2021-10-04 23:46:45,Web,Returned
ORD000002943,3693,3693,2024-07-25 18:29:48,App,Delivered
ORD000002944,4841,4841,2026-02-02 09:23:42,App,Shipped
ORD000002945,5116,5116,2025-04-20 07:20:42,Web,Delivered
ORD000002946,4629,4629,2025-06-29 08:32:29,App,Shipped
ORD000002947,3484,3484,2021-09-30 16:53:44,App,Delivered
ORD000002948,3324,3324,2024-12-20 05:57:13,Web,Returned
ORD000002949,1939,1939,2024-04-07 22:29:12,App,Delivered
ORD000002950,1016,1016,2025-03-14 19:54:34,App,Delivered
ORD000002951,2584,2584,2025-09-05 03:25:24,App,Delivered
ORD000002952,5140,5140,2023-07-02 18:27:38,Store,Delivered
ORD000002953,928,928,2022-01-26 05:19:33,App,Returned
ORD000002954,1512,1512,2024-03-01 11:59:32,App,Delivered
ORD000002955,1738,1738,2024-01-01 14:15:33,Web,Delivered
ORD000002956,5441,5441,2025-02-18 19:26:16,Web,Delivered
ORD000002957,3039,3039,2021-10-17 13:49:20,App,Delivered
ORD000002958,1722,1722,2023-11-12 12:12:16,App,Cancelled
ORD000002959,2767,2767,2023-10-14 11:58:05,App,Delivered
ORD000002960,4703,4703,2025-01-06 18:57:44,App,Delivered
ORD000002961,3420,3420,2025-06-27 07:21:26,App,Delivered
ORD000002962,2826,2826,2024-04-28 11:54:57,Web,Shipped
ORD000002963,4422,4422,2024-10-22 01:08:30,Web,Shipped
ORD000002964,2735,2735,2021-08-19 08:59:47,App,Delivered
ORD000002965,219,219,2023-01-31 18:21:49,Store,Shipped
ORD000002966,522,522,2021-07-19 09:38:45,Web,Delivered
ORD000002967,405,405,2023-02-14 19:15:28,App,Placed
ORD000002968,5139,5139,2026-01-25 00:05:26,App,Delivered
ORD000002969,580,580,2026-01-05 02:16:22,Web,Delivered
ORD000002970,4886,4886,2022-10-31 03:50:46,App,Delivered
ORD000002971,1855,1855,2025-11-03 17:05:50,App,Delivered
ORD000002972,4422,4422,2021-09-27 21:33:43,App,Delivered
ORD000002973,3698,3698,2021-12-12 14:41:56,App,Delivered
ORD000002974,5067,5067,2025-02-03 15:45:05,Web,Delivered
ORD000002975,1836,1836,2022-04-23 12:50:28,App,Shipped
ORD000002976,158,158,2022-12-05 15:42:03,Web,Placed
ORD000002977,3176,3176,2023-09-01 09:26:01,Web,Placed
ORD000002978,5912,5912,2025-03-10 04:02:00,App,Delivered
ORD000002979,1622,1622,2024-07-14 03:32:00,Web,Placed
ORD000002980,3678,3678,2024-09-06 00:12:33,App,Delivered
ORD000002981,5894,5894,2021-05-08 00:55:11,App,Delivered
ORD000002982,806,806,2021-06-12 08:44:57,App,Delivered
ORD000002983,1306,1306,2024-04-22 03:28:07,App,Delivered
ORD000002984,2195,2195,2021-03-06 02:17:32,Web,Delivered
ORD000002985,514,514,2025-12-28 19:12:20,Web,Returned
ORD000002986,504,504,2025-07-18 05:20:59,App,Returned
ORD000002987,5987,5987,2025-12-15 09:31:36,App,Returned
ORD000002988,4509,4509,2024-02-14 14:12:37,App,Delivered
ORD000002989,5184,5184,2022-11-27 13:01:00,Web,Placed
ORD000002990,2640,2640,2022-07-05 07:30:47,App,Cancelled
ORD000002991,766,766,2025-07-04 06:25:15,Web,Delivered
ORD000002992,237,237,2022-06-11 08:18:24,App,Delivered
ORD000002993,4492,4492,2021-05-20 21:22:16,Web,Cancelled
ORD000002994,2005,2005,2021-12-10 03:47:04,Web,Delivered
ORD000002995,5961,5961,2024-06-20 23:01:06,Web,Delivered
ORD000002996,1800,1800,2025-07-15 14:23:44,Web,Delivered
ORD000002997,3388,3388,2022-02-09 19:05:27,App,Shipped
ORD000002998,4000,4000,2023-09-12 19:46:47,Web,Delivered
ORD000002999,1447,1447,2021-09-22 09:58:35,Web,Delivered
ORD000003000,132,132,2022-06-18 16:05:28,Store,Cancelled
ORD000003001,3676,3676,2025-09-15 09:41:19,App,Delivered
ORD000003002,5593,5593,2024-09-12 05:46:45,Web,Returned
ORD000003003,2035,2035,2022-03-14 14:16:31,App,Returned
ORD000003004,4214,4214,2021-12-05 16:55:52,App,Delivered
ORD000003005,4734,4734,2022-05-27 17:21:13,App,Delivered
ORD000003006,2045,2045,2021-07-28 00:29:28,Web,Delivered
ORD000003007,5859,5859,2022-05-02 14:58:35,Store,Delivered
ORD000003008,4435,4435,2021-10-02 22:57:32,Web,Delivered
ORD000003009,1459,1459,2021-12-30 22:32:42,App,Delivered
ORD000003010,5299,5299,2021-06-15 22:52:04,App,Returned
ORD000003011,2023,2023,2021-09-28 14:12:53,App,Returned
ORD000003012,1949,1949,2024-06-08 22:17:53,Web,Placed
ORD000003013,1621,1621,2022-11-28 21:40:59,App,Delivered
ORD000003014,4772,4772,2024-11-26 23:28:40,App,Delivered
ORD000003015,3814,3814,2022-08-24 00:58:46,Web,Delivered
ORD000003016,2162,2162,2025-10-29 05:26:07,App,Placed
ORD000003017,4402,4402,2022-09-03 02:34:27,Web,Delivered
ORD000003018,1758,1758,2025-01-28 07:57:50,Web,Delivered
ORD000003019,4719,4719,2024-04-18 22:41:33,Web,Delivered
ORD000003020,4151,4151,2023-12-29 18:55:39,App,Returned
ORD000003021,524,524,2025-04-09 00:01:01,Web,Delivered
ORD000003022,2482,2482,2022-01-06 13:29:14,Store,Placed
ORD000003023,4286,4286,2023-10-17 08:07:57,App,Cancelled
ORD000003024,4485,4485,2023-09-30 02:12:23,Store,Returned
ORD000003025,346,346,2022-10-22 08:10:32,App,Returned
ORD000003026,2313,2313,2026-02-04 20:50:37,Web,Delivered
ORD000003027,1699,1699,2025-05-03 16:01:41,Web,Returned
ORD000003028,141,141,2021-06-05 13:43:38,Web,Delivered
ORD000003029,4335,4335,2025-09-04 08:15:15,App,Shipped
ORD000003030,5550,5550,2022-03-18 05:38:53,App,Delivered
ORD000003031,1122,1122,2024-09-15 09:32:17,Web,Delivered
ORD000003032,2884,2884,2022-02-14 17:00:31,Store,Delivered
ORD000003033,5066,5066,2024-11-22 09:09:22,App,Delivered
ORD000003034,1035,1035,2022-01-04 15:27:48,App,Shipped
ORD000003035,4274,4274,2024-07-19 15:43:58,Web,Delivered
ORD000003036,983,983,2023-03-25 00:00:47,Web,Delivered
ORD000003037,2445,2445,2023-02-27 15:30:49,App,Delivered
ORD000003038,3461,3461,2024-03-01 08:24:19,App,Shipped
ORD000003039,2585,2585,2021-08-05 12:36:10,App,Shipped
ORD000003040,4734,4734,2024-08-04 22:27:12,App,Shipped
ORD000003041,2314,2314,2023-09-29 12:30:20,Web,Delivered
ORD000003042,1157,1157,2025-12-31 14:07:58,Web,Shipped
ORD000003043,1578,1578,2025-08-10 00:47:45,App,Delivered
ORD000003044,3033,3033,2024-10-27 06:05:26,App,Delivered
ORD000003045,5221,5221,2024-01-17 09:58:01,App,Returned
ORD000003046,1308,1308,2024-03-27 07:29:28,App,Placed
ORD000003047,4235,4235,2021-02-24 20:17:19,App,Delivered
ORD000003048,4165,4165,2022-08-15 11:42:08,App,Delivered
ORD000003049,2853,2853,2022-01-28 20:07:23,Web,Delivered
ORD000003050,2225,2225,2025-04-10 23:20:16,Web,Delivered
ORD000003051,3445,3445,2021-12-09 20:28:52,Store,Cancelled
ORD000003052,4641,4641,2023-11-13 15:32:16,App,Placed
ORD000003053,1252,1252,2021-02-28 21:13:19,App,Delivered
ORD000003054,1672,1672,2024-07-24 04:54:47,App,Shipped
ORD000003055,1396,1396,2021-04-29 10:31:56,Web,Delivered
ORD000003056,1015,1015,2022-05-18 15:45:18,Web,Delivered
ORD000003057,4742,4742,2024-09-16 00:43:23,Web,Placed
ORD000003058,3215,3215,2024-01-12 15:26:56,App,Placed
ORD000003059,757,757,2023-06-25 13:53:52,Web,Delivered
ORD000003060,2032,2032,2025-01-03 01:42:15,App,Delivered
ORD000003061,2621,2621,2021-06-21 16:52:30,Web,Delivered
ORD000003062,5765,5765,2023-11-07 12:33:01,App,Placed
ORD000003063,2430,2430,2024-01-18 18:28:39,App,Returned
ORD000003064,4567,4567,2021-04-30 13:33:18,Web,Delivered
ORD000003065,1232,1232,2025-07-03 09:08:35,Web,Delivered
ORD000003066,4025,4025,2024-10-20 13:56:25,App,Delivered
ORD000003067,35,35,2022-04-25 19:05:46,App,Delivered
ORD000003068,3675,3675,2021-05-05 10:52:17,App,Delivered
ORD000003069,5072,5072,2024-07-11 09:28:05,App,Delivered
ORD000003070,21,21,2021-12-21 03:42:15,App,Delivered
ORD000003071,5260,5260,2023-10-16 16:43:18,App,Delivered
ORD000003072,2313,2313,2021-06-16 06:55:50,App,Cancelled
ORD000003073,3472,3472,2025-08-13 12:34:19,App,Delivered
ORD000003074,457,457,2026-01-27 06:53:29,Web,Placed
ORD000003075,2998,2998,2025-07-01 23:10:54,Web,Delivered
ORD000003076,4479,4479,2022-01-20 20:17:39,Web,Cancelled
ORD000003077,2583,2583,2025-08-03 09:21:40,Web,Placed
ORD000003078,1063,1063,2022-02-21 14:08:32,App,Delivered
ORD000003079,1591,1591,2022-07-31 07:03:46,App,Delivered
ORD000003080,1866,1866,2022-10-18 15:50:13,App,Delivered
ORD000003081,47,47,2023-11-24 06:06:17,App,Shipped
ORD000003082,4842,4842,2022-11-07 23:59:06,App,Delivered
ORD000003083,4635,4635,2025-07-02 03:55:44,App,Delivered
ORD000003084,5504,5504,2021-10-08 06:38:27,App,Returned
ORD000003085,5168,5168,2022-12-27 06:36:12,App,Delivered
ORD000003086,4775,4775,2021-03-18 18:18:00,Web,Returned
ORD000003087,5080,5080,2022-05-25 01:04:58,App,Placed
ORD000003088,3989,3989,2022-02-26 23:02:18,App,Returned
ORD000003089,5903,5903,2021-06-23 17:08:05,App,Delivered
ORD000003090,1654,1654,2024-01-12 00:41:20,App,Shipped
ORD000003091,45,45,2024-12-03 04:03:29,App,Shipped
ORD000003092,4371,4371,2023-10-25 15:37:42,Web,Delivered
ORD000003093,3765,3765,2023-04-21 12:28:00,Web,Delivered
ORD000003094,3033,3033,2022-02-18 00:51:36,Web,Delivered
ORD000003095,3383,3383,2023-09-06 17:17:30,Web,Delivered
ORD000003096,4328,4328,2023-06-20 19:56:30,Web,Delivered
ORD000003097,86,86,2023-05-17 04:53:29,App,Returned
ORD000003098,3177,3177,2022-01-31 17:17:38,App,Delivered
ORD000003099,5875,5875,2024-03-30 07:12:20,Web,Delivered
ORD000003100,4273,4273,2023-07-14 05:20:20,Web,Delivered
ORD000003101,5866,5866,2022-08-03 05:24:09,App,Delivered
ORD000003102,1614,1614,2024-02-05 19:46:35,Store,Shipped
ORD000003103,3292,3292,2024-03-15 21:04:44,App,Delivered
ORD000003104,588,588,2025-04-20 16:43:11,App,Returned
ORD000003105,603,603,2023-12-13 13:03:52,Web,Delivered
ORD000003106,3517,3517,2022-12-21 19:19:17,App,Delivered
ORD000003107,1257,1257,2022-12-16 17:06:34,App,Placed
ORD000003108,2162,2162,2022-09-17 08:20:38,Web,Cancelled
ORD000003109,5628,5628,2022-12-05 23:42:01,App,Delivered
ORD000003110,4680,4680,2024-12-23 02:40:40,Web,Delivered
ORD000003111,3036,3036,2023-12-09 09:15:03,App,Delivered
ORD000003112,2418,2418,2025-04-15 11:35:45,App,Returned
ORD000003113,3023,3023,2022-06-22 12:27:35,App,Delivered
ORD000003114,5287,5287,2022-03-19 16:55:08,Web,Delivered
ORD000003115,2120,2120,2024-12-12 19:49:53,Web,Cancelled
ORD000003116,4956,4956,2022-07-30 00:44:33,App,Delivered
ORD000003117,2401,2401,2021-12-05 00:42:30,Web,Returned
ORD000003118,5131,5131,2024-05-17 19:22:00,App,Delivered
ORD000003119,810,810,2023-09-12 06:04:50,App,Placed
ORD000003120,2789,2789,2024-06-14 01:35:52,App,Shipped
ORD000003121,638,638,2025-08-17 15:49:58,Web,Delivered
ORD000003122,153,153,2022-05-14 23:58:23,App,Cancelled
ORD000003123,5282,5282,2023-06-05 13:21:24,App,Delivered
ORD000003124,5910,5910,2024-08-08 14:32:32,Web,Delivered
ORD000003125,2434,2434,2023-08-28 23:00:19,App,Delivered
ORD000003126,2739,2739,2025-02-18 01:16:09,App,Shipped
ORD000003127,139,139,2024-06-19 04:08:01,Web,Shipped
ORD000003128,726,726,2022-09-19 11:50:50,App,Shipped
ORD000003129,5701,5701,2023-02-02 22:37:02,Web,Cancelled
ORD000003130,5476,5476,2026-01-22 06:06:36,App,Shipped
ORD000003131,3543,3543,2021-12-23 03:19:04,App,Delivered
ORD000003132,2366,2366,2024-08-05 09:34:52,App,Cancelled
ORD000003133,19,19,2022-06-23 01:07:08,Web,Placed
ORD000003134,1437,1437,2024-11-10 12:26:19,App,Returned
ORD000003135,1962,1962,2022-11-27 03:55:11,Web,Returned
ORD000003136,2455,2455,2024-10-10 05:42:00,App,Delivered
ORD000003137,1852,1852,2024-10-14 21:58:49,Web,Delivered
ORD000003138,5522,5522,2021-07-21 22:56:47,App,Delivered
ORD000003139,863,863,2022-06-06 20:59:10,App,Delivered
ORD000003140,101,101,2025-11-20 17:47:11,Web,Delivered
ORD000003141,593,593,2024-04-23 11:24:57,App,Returned
ORD000003142,5275,5275,2022-01-04 12:54:48,App,Placed
ORD000003143,3925,3925,2021-02-14 06:14:57,App,Delivered
ORD000003144,5435,5435,2025-07-22 02:35:08,App,Delivered
ORD000003145,4462,4462,2025-08-06 14:04:44,Web,Delivered
ORD000003146,2510,2510,2023-05-03 16:36:39,Web,Returned
ORD000003147,5281,5281,2024-09-04 17:09:17,App,Delivered
ORD000003148,1956,1956,2022-08-24 17:43:42,App,Delivered
ORD000003149,1655,1655,2022-10-14 06:20:50,App,Returned
ORD000003150,4428,4428,2024-03-19 13:06:38,Web,Shipped
ORD000003151,4781,4781,2025-04-01 21:26:33,App,Delivered
ORD000003152,1689,1689,2024-01-21 03:25:42,App,Returned
ORD000003153,911,911,2022-06-23 11:03:41,Web,Delivered
ORD000003154,4642,4642,2022-07-27 08:09:44,Store,Returned
ORD000003155,1182,1182,2023-09-18 17:28:49,Web,Returned
ORD000003156,2957,2957,2023-06-24 01:06:15,App,Delivered
ORD000003157,605,605,2026-01-30 19:33:14,App,Delivered
ORD000003158,5850,5850,2021-10-12 14:32:05,App,Cancelled
ORD000003159,2371,2371,2024-04-20 04:03:26,Web,Delivered
ORD000003160,2011,2011,2021-09-10 22:08:45,App,Delivered
ORD000003161,4136,4136,2022-12-29 03:46:22,App,Shipped
ORD000003162,5030,5030,2024-08-22 08:37:07,Web,Delivered
ORD000003163,203,203,2022-07-17 07:07:33,App,Placed
ORD000003164,5679,5679,2024-11-09 08:07:39,Store,Delivered
ORD000003165,243,243,2021-07-15 02:36:23,App,Returned
ORD000003166,1530,1530,2024-12-10 05:06:17,Web,Returned
ORD000003167,3741,3741,2024-09-20 09:53:46,App,Delivered
ORD000003168,2722,2722,2021-05-09 08:37:01,App,Shipped
ORD000003169,660,660,2025-01-10 17:06:21,App,Delivered
ORD000003170,713,713,2025-07-08 14:59:11,Web,Delivered
ORD000003171,3896,3896,2022-04-14 22:51:13,App,Placed
ORD000003172,1175,1175,2022-10-20 15:46:01,Web,Shipped
ORD000003173,5220,5220,2021-11-26 14:56:48,App,Placed
ORD000003174,247,247,2024-11-10 06:50:54,App,Delivered
ORD000003175,731,731,2025-03-28 19:35:56,App,Cancelled
ORD000003176,3928,3928,2024-12-11 14:08:54,Web,Delivered
ORD000003177,3944,3944,2023-01-03 11:34:26,Web,Cancelled
ORD000003178,1561,1561,2022-02-11 01:28:27,App,Placed
ORD000003179,985,985,2024-01-16 15:46:04,App,Placed
ORD000003180,496,496,2023-08-13 23:18:58,App,Delivered
ORD000003181,5409,5409,2022-04-07 21:51:01,App,Delivered
ORD000003182,2663,2663,2025-06-05 00:43:57,App,Delivered
ORD000003183,2127,2127,2025-03-25 21:48:16,App,Delivered
ORD000003184,5505,5505,2026-01-26 16:19:53,Web,Delivered
ORD000003185,2576,2576,2023-01-06 05:39:20,Web,Cancelled
ORD000003186,1083,1083,2022-11-03 19:14:39,App,Delivered
ORD000003187,2754,2754,2025-03-14 06:48:53,Web,Returned
ORD000003188,4995,4995,2022-01-22 18:30:17,App,Cancelled
ORD000003189,2959,2959,2026-01-18 03:53:28,App,Delivered
ORD000003190,544,544,2021-07-30 18:45:53,Web,Delivered
ORD000003191,3064,3064,2025-06-18 17:42:33,Web,Delivered
ORD000003192,1903,1903,2025-06-30 22:35:04,Store,Cancelled
ORD000003193,4315,4315,2022-03-22 03:42:53,App,Shipped
ORD000003194,3172,3172,2022-01-31 20:04:14,App,Delivered
ORD000003195,5091,5091,2021-10-30 11:37:22,App,Delivered
ORD000003196,2151,2151,2022-08-29 01:03:14,Web,Delivered
ORD000003197,884,884,2023-06-20 18:59:05,Web,Delivered
ORD000003198,2678,2678,2022-01-07 12:06:06,App,Delivered
ORD000003199,2803,2803,2023-10-22 19:19:18,App,Delivered
ORD000003200,5239,5239,2023-11-16 04:26:52,App,Delivered
ORD000003201,3976,3976,2023-08-09 16:19:45,Web,Returned
ORD000003202,7,7,2026-02-04 11:58:34,App,Delivered
ORD000003203,2436,2436,2024-12-03 11:18:46,App,Delivered
ORD000003204,1546,1546,2022-09-28 17:41:49,Store,Delivered
ORD000003205,4924,4924,2022-07-24 18:07:18,App,Cancelled
ORD000003206,5401,5401,2021-04-05 03:17:07,Web,Delivered
ORD000003207,2090,2090,2025-11-20 23:03:46,Web,Delivered
ORD000003208,4192,4192,2021-10-17 09:13:12,Web,Shipped
ORD000003209,5624,5624,2022-09-30 07:32:51,Web,Delivered
ORD000003210,2294,2294,2022-08-19 15:39:02,Web,Delivered
ORD000003211,4210,4210,2024-02-11 16:27:53,App,Shipped
ORD000003212,2592,2592,2023-08-18 07:10:26,Web,Delivered
ORD000003213,4426,4426,2021-09-15 14:08:20,App,Placed
ORD000003214,3575,3575,2025-04-08 03:11:27,App,Delivered
ORD000003215,4041,4041,2025-09-25 10:32:27,App,Delivered
ORD000003216,3225,3225,2023-03-23 06:18:05,Web,Placed
ORD000003217,1241,1241,2023-02-02 01:12:00,App,Delivered
ORD000003218,3830,3830,2022-09-09 14:30:28,App,Placed
ORD000003219,3494,3494,2023-05-31 03:41:42,Web,Placed
ORD000003220,3591,3591,2026-01-30 16:09:28,App,Delivered
ORD000003221,717,717,2025-08-10 19:32:03,Web,Delivered
ORD000003222,264,264,2025-02-10 21:59:52,Web,Returned
ORD000003223,318,318,2025-11-02 23:12:12,App,Delivered
ORD000003224,5834,5834,2023-11-29 16:16:36,App,Delivered
ORD000003225,2208,2208,2021-04-03 08:36:17,App,Delivered
ORD000003226,2525,2525,2022-03-19 01:08:32,App,Delivered
ORD000003227,641,641,2025-12-03 08:45:31,App,Delivered
ORD000003228,859,859,2022-04-16 07:26:45,App,Delivered
ORD000003229,4244,4244,2025-07-05 14:35:57,Web,Placed
ORD000003230,5943,5943,2021-04-14 18:48:38,Web,Delivered
ORD000003231,1471,1471,2026-01-01 20:49:57,Web,Placed
ORD000003232,975,975,2021-04-05 07:14:33,Web,Placed
ORD000003233,1286,1286,2021-09-11 22:58:39,App,Delivered
ORD000003234,52,52,2023-02-04 15:11:41,App,Delivered
ORD000003235,4354,4354,2023-02-08 03:11:34,Web,Returned
ORD000003236,1020,1020,2023-02-27 18:22:08,App,Returned
ORD000003237,3623,3623,2021-08-24 18:44:40,Web,Delivered
ORD000003238,4344,4344,2022-12-01 15:37:24,App,Returned
ORD000003239,1913,1913,2022-05-29 22:17:01,Web,Delivered
ORD000003240,288,288,2026-01-19 07:30:36,App,Delivered
ORD000003241,5374,5374,2024-11-29 00:25:30,Web,Placed
ORD000003242,5043,5043,2022-03-26 00:40:30,App,Placed
ORD000003243,5829,5829,2022-12-27 10:17:53,Web,Placed
ORD000003244,5212,5212,2023-11-15 05:06:38,Web,Shipped
ORD000003245,4640,4640,2025-03-12 07:37:54,Store,Placed
ORD000003246,4739,4739,2024-05-14 23:53:41,App,Shipped
ORD000003247,3902,3902,2022-08-23 18:44:18,App,Delivered
ORD000003248,4109,4109,2024-03-30 09:10:58,App,Delivered
ORD000003249,4934,4934,2022-05-01 03:29:06,Web,Delivered
ORD000003250,2581,2581,2023-10-27 07:46:43,Web,Delivered
ORD000003251,3517,3517,2021-11-04 10:50:29,App,Delivered
ORD000003252,1550,1550,2022-10-23 10:35:07,App,Delivered
ORD000003253,4935,4935,2025-05-05 12:12:01,Web,Delivered
ORD000003254,2667,2667,2025-03-12 18:09:45,App,Returned
ORD000003255,2454,2454,2024-05-17 11:17:59,App,Delivered
ORD000003256,5760,5760,2022-07-23 21:46:52,Web,Delivered
ORD000003257,1568,1568,2025-12-24 23:14:59,Web,Delivered
ORD000003258,3753,3753,2024-11-12 15:22:00,App,Placed
ORD000003259,288,288,2021-07-18 06:28:35,Web,Delivered
ORD000003260,2474,2474,2022-07-11 10:43:22,App,Delivered
ORD000003261,436,436,2024-05-20 11:57:56,App,Delivered
ORD000003262,990,990,2023-05-20 09:39:19,App,Delivered
ORD000003263,3560,3560,2023-12-12 06:54:18,App,Cancelled
ORD000003264,2406,2406,2023-12-08 16:04:09,App,Delivered
ORD000003265,255,255,2022-11-28 09:30:17,Web,Delivered
ORD000003266,5973,5973,2025-08-15 15:20:33,Web,Delivered
ORD000003267,2010,2010,2024-07-02 15:18:58,Web,Delivered
ORD000003268,1835,1835,2022-02-27 14:35:05,Web,Placed
ORD000003269,4262,4262,2022-10-03 16:28:06,App,Delivered
ORD000003270,465,465,2023-03-23 04:13:56,Web,Cancelled
ORD000003271,4352,4352,2024-09-07 22:19:21,App,Delivered
ORD000003272,423,423,2022-08-19 11:22:58,App,Delivered
ORD000003273,4294,4294,2023-10-16 20:06:39,App,Delivered
ORD000003274,5333,5333,2022-06-01 01:11:59,App,Delivered
ORD000003275,4653,4653,2021-05-25 18:06:03,App,Cancelled
ORD000003276,5934,5934,2022-04-07 20:45:53,App,Placed
ORD000003277,1896,1896,2022-05-12 22:26:50,App,Returned
ORD000003278,1289,1289,2024-02-23 22:05:09,App,Delivered
ORD000003279,1349,1349,2025-05-04 09:53:36,App,Returned
ORD000003280,555,555,2023-07-27 23:29:08,Web,Delivered
ORD000003281,7,7,2023-10-17 10:23:16,App,Delivered
ORD000003282,1766,1766,2024-12-12 18:19:25,App,Placed
ORD000003283,2092,2092,2025-12-08 06:54:09,App,Shipped
ORD000003284,3244,3244,2023-08-25 03:52:36,Web,Delivered
ORD000003285,3174,3174,2022-03-13 03:08:40,App,Delivered
ORD000003286,4831,4831,2024-03-23 18:13:21,Web,Delivered
ORD000003287,5700,5700,2023-08-06 05:31:11,App,Delivered
ORD000003288,1658,1658,2024-05-09 21:55:49,App,Shipped
ORD000003289,812,812,2025-06-23 18:00:36,App,Placed
ORD000003290,1229,1229,2023-11-21 01:07:44,App,Shipped
ORD000003291,1963,1963,2025-06-16 08:11:30,Web,Shipped
ORD000003292,491,491,2022-04-21 19:52:31,Web,Delivered
ORD000003293,318,318,2021-04-03 20:19:30,App,Delivered
ORD000003294,5291,5291,2021-06-03 23:41:02,Web,Placed
ORD000003295,4314,4314,2024-10-17 22:46:58,App,Delivered
ORD000003296,2549,2549,2024-05-25 08:54:24,Store,Returned
ORD000003297,1841,1841,2022-10-04 03:45:19,Web,Placed
ORD000003298,1217,1217,2024-07-22 20:31:40,Web,Returned
ORD000003299,333,333,2023-11-02 12:58:42,App,Returned
ORD000003300,1177,1177,2025-04-01 07:40:46,App,Delivered
ORD000003301,2601,2601,2024-12-19 20:22:23,Web,Delivered
ORD000003302,3095,3095,2024-02-12 05:31:31,Web,Shipped
ORD000003303,2264,2264,2021-07-22 06:56:52,Web,Delivered
ORD000003304,1067,1067,2025-06-12 07:32:09,App,Delivered
ORD000003305,3433,3433,2021-05-17 02:46:21,App,Delivered
ORD000003306,5745,5745,2021-11-15 02:20:30,Store,Cancelled
ORD000003307,2791,2791,2025-05-07 23:31:41,App,Delivered
ORD000003308,2462,2462,2024-04-18 15:58:38,App,Delivered
ORD000003309,3490,3490,2024-05-25 15:10:02,Web,Delivered
ORD000003310,2670,2670,2025-01-18 02:09:25,App,Delivered
ORD000003311,1674,1674,2024-11-09 00:04:21,App,Delivered
ORD000003312,2364,2364,2022-02-01 07:10:32,App,Delivered
ORD000003313,3969,3969,2021-08-31 06:39:41,App,Cancelled
ORD000003314,3724,3724,2021-10-22 20:00:30,Web,Delivered
ORD000003315,3502,3502,2025-07-18 13:46:36,App,Delivered
ORD000003316,2815,2815,2023-08-12 20:07:47,App,Shipped
ORD000003317,349,349,2024-07-29 23:47:58,App,Delivered
ORD000003318,2123,2123,2024-04-10 11:36:21,App,Delivered
ORD000003319,4134,4134,2025-02-17 17:11:04,Web,Delivered
ORD000003320,3518,3518,2021-07-26 20:40:42,App,Shipped
ORD000003321,212,212,2023-02-26 13:33:53,Store,Delivered
ORD000003322,3530,3530,2024-01-14 13:18:22,App,Returned
ORD000003323,5770,5770,2021-07-09 15:38:13,App,Delivered
ORD000003324,5087,5087,2024-08-16 02:36:47,Web,Delivered
ORD000003325,4881,4881,2025-01-14 18:35:05,Web,Delivered
ORD000003326,3637,3637,2024-02-29 14:06:18,App,Delivered
ORD000003327,4101,4101,2024-06-06 10:56:57,App,Delivered
ORD000003328,5739,5739,2024-12-17 09:17:42,Web,Delivered
ORD000003329,1267,1267,2023-04-26 10:51:25,Web,Shipped
ORD000003330,148,148,2025-06-15 08:46:37,App,Delivered
ORD000003331,1710,1710,2025-06-11 00:13:11,App,Delivered
ORD000003332,3023,3023,2024-05-10 03:27:32,Web,Delivered
ORD000003333,5443,5443,2022-04-05 22:28:56,App,Delivered
ORD000003334,3991,3991,2025-01-22 16:28:08,Web,Delivered
ORD000003335,3465,3465,2022-12-22 02:23:26,App,Delivered
ORD000003336,5771,5771,2022-10-03 00:27:22,App,Returned
ORD000003337,3837,3837,2022-02-07 18:33:27,Web,Delivered
ORD000003338,3322,3322,2025-02-08 18:16:43,Web,Delivered
ORD000003339,4524,4524,2022-09-14 09:36:04,App,Shipped
ORD000003340,369,369,2023-01-10 14:10:04,Web,Delivered
ORD000003341,3981,3981,2022-12-30 01:18:05,Web,Delivered
ORD000003342,4744,4744,2022-03-05 17:22:14,Web,Delivered
ORD000003343,1471,1471,2023-12-02 08:24:04,Web,Shipped
ORD000003344,3094,3094,2022-10-02 08:22:33,App,Delivered
ORD000003345,2598,2598,2021-04-19 14:50:13,App,Delivered
ORD000003346,4635,4635,2021-12-01 07:48:36,App,Delivered
ORD000003347,3354,3354,2024-08-29 02:09:41,Web,Shipped
ORD000003348,1303,1303,2023-02-11 14:16:00,App,Delivered
ORD000003349,5240,5240,2021-10-26 21:21:32,Web,Delivered
ORD000003350,3325,3325,2023-11-08 22:06:50,Web,Delivered
ORD000003351,1895,1895,2025-04-12 20:26:52,App,Delivered
ORD000003352,4063,4063,2021-12-02 04:04:17,App,Delivered
ORD000003353,2525,2525,2024-12-25 16:59:34,Web,Delivered
ORD000003354,1089,1089,2023-09-07 21:07:01,App,Delivered
ORD000003355,5706,5706,2024-12-18 21:17:23,App,Delivered
ORD000003356,1327,1327,2021-04-16 22:05:08,App,Delivered
ORD000003357,4270,4270,2021-09-07 08:47:57,Web,Returned
ORD000003358,1284,1284,2023-01-12 02:05:53,App,Delivered
ORD000003359,3357,3357,2025-02-10 16:33:40,App,Shipped
ORD000003360,1103,1103,2021-05-31 10:59:55,App,Delivered
ORD000003361,1068,1068,2022-05-13 14:55:19,Web,Delivered
ORD000003362,745,745,2022-08-28 08:44:35,Web,Placed
ORD000003363,3075,3075,2021-10-06 17:10:23,App,Placed
ORD000003364,2491,2491,2025-09-21 08:27:48,App,Placed
ORD000003365,2127,2127,2026-01-16 10:35:08,App,Placed
ORD000003366,3765,3765,2024-04-08 11:21:10,App,Placed
ORD000003367,2863,2863,2024-07-15 18:20:47,App,Returned
ORD000003368,3079,3079,2022-01-15 10:38:36,App,Shipped
ORD000003369,883,883,2022-04-09 18:07:06,App,Shipped
ORD000003370,5998,5998,2025-12-30 23:59:32,Web,Cancelled
ORD000003371,5956,5956,2025-09-15 06:26:20,App,Delivered
ORD000003372,2561,2561,2025-03-20 12:17:32,App,Delivered
ORD000003373,4792,4792,2023-12-15 07:31:51,App,Delivered
ORD000003374,3835,3835,2023-12-07 13:56:58,App,Placed
ORD000003375,2775,2775,2021-04-11 17:10:31,Store,Delivered
ORD000003376,77,77,2021-02-27 19:32:25,Web,Cancelled
ORD000003377,3115,3115,2024-11-07 20:09:46,Web,Delivered
ORD000003378,3229,3229,2025-06-08 08:11:07,App,Delivered
ORD000003379,5975,5975,2025-03-01 12:44:22,App,Delivered
ORD000003380,5340,5340,2021-12-08 13:33:59,App,Delivered
ORD000003381,5705,5705,2021-12-06 00:53:45,App,Delivered
ORD000003382,1013,1013,2022-05-30 05:01:15,App,Delivered
ORD000003383,4286,4286,2022-03-31 17:27:34,Web,Shipped
ORD000003384,875,875,2023-06-24 01:28:33,Web,Delivered
ORD000003385,4358,4358,2021-02-22 14:22:13,App,Delivered
ORD000003386,3557,3557,2021-07-10 15:02:45,App,Delivered
ORD000003387,2326,2326,2023-12-23 10:20:41,App,Shipped
ORD000003388,1726,1726,2023-11-01 12:48:45,Web,Cancelled
ORD000003389,3989,3989,2024-11-14 17:48:28,App,Delivered
ORD000003390,2355,2355,2021-11-11 15:13:11,App,Delivered
ORD000003391,3968,3968,2021-09-28 17:25:23,Store,Delivered
ORD000003392,2655,2655,2021-12-15 14:22:06,App,Delivered
ORD000003393,3228,3228,2023-09-28 05:23:57,App,Delivered
ORD000003394,4396,4396,2023-09-20 14:35:55,Web,Delivered
ORD000003395,2395,2395,2025-12-04 13:34:00,App,Delivered
ORD000003396,5543,5543,2023-06-10 02:20:23,App,Delivered
ORD000003397,4522,4522,2021-11-09 05:10:21,App,Delivered
ORD000003398,42,42,2022-12-07 10:27:45,Web,Delivered
ORD000003399,4734,4734,2022-01-29 15:13:29,Web,Delivered
ORD000003400,1849,1849,2022-01-16 17:37:24,Web,Delivered
ORD000003401,2125,2125,2022-07-05 09:33:10,Web,Delivered
ORD000003402,4192,4192,2024-06-17 11:50:41,App,Delivered
ORD000003403,2867,2867,2022-01-15 14:07:49,App,Delivered
ORD000003404,4833,4833,2022-02-26 02:09:27,Web,Delivered
ORD000003405,1647,1647,2021-11-08 16:37:48,Web,Returned
ORD000003406,205,205,2023-08-27 00:25:09,Web,Delivered
ORD000003407,5408,5408,2022-03-23 20:14:45,App,Delivered
ORD000003408,3335,3335,2022-11-18 00:27:56,App,Delivered
ORD000003409,3660,3660,2023-09-19 11:12:31,App,Delivered
ORD000003410,655,655,2021-04-06 21:36:18,Web,Cancelled
ORD000003411,2363,2363,2022-11-25 08:39:45,App,Delivered
ORD000003412,1393,1393,2025-10-12 04:29:45,App,Delivered
ORD000003413,3669,3669,2024-01-05 11:13:17,App,Delivered
ORD000003414,5372,5372,2025-01-02 07:24:37,Store,Shipped
ORD000003415,5453,5453,2023-11-08 06:06:00,App,Delivered
ORD000003416,4840,4840,2021-08-06 03:09:08,App,Placed
ORD000003417,285,285,2023-01-23 00:24:10,Web,Delivered
ORD000003418,1341,1341,2025-06-17 22:48:19,App,Returned
ORD000003419,512,512,2025-12-06 16:13:01,App,Delivered
ORD000003420,3056,3056,2025-08-24 21:26:31,Web,Delivered
ORD000003421,4125,4125,2025-02-26 07:47:46,Store,Delivered
ORD000003422,3812,3812,2024-01-05 03:36:45,Web,Delivered
ORD000003423,3366,3366,2025-12-10 14:05:39,App,Delivered
ORD000003424,3079,3079,2026-01-22 01:24:17,Web,Delivered
ORD000003425,4638,4638,2022-07-16 20:45:00,App,Delivered
ORD000003426,2263,2263,2022-06-07 08:46:45,Web,Shipped
ORD000003427,4723,4723,2021-12-28 08:46:05,App,Returned
ORD000003428,4024,4024,2021-11-04 14:57:44,Web,Cancelled
ORD000003429,215,215,2024-01-02 16:57:55,App,Delivered
ORD000003430,5284,5284,2023-11-04 11:33:17,App,Delivered
ORD000003431,3242,3242,2023-07-31 21:15:55,App,Delivered
ORD000003432,2269,2269,2023-12-26 11:53:13,App,Cancelled
ORD000003433,5120,5120,2023-10-22 07:46:29,Web,Shipped
ORD000003434,3332,3332,2024-06-09 09:14:14,App,Cancelled
ORD000003435,5844,5844,2025-09-14 11:03:58,Web,Returned
ORD000003436,2309,2309,2026-01-07 07:05:48,Store,Delivered
ORD000003437,1838,1838,2024-01-25 01:30:28,App,Delivered
ORD000003438,5120,5120,2021-08-05 10:56:52,App,Delivered
ORD000003439,5737,5737,2025-04-26 23:46:16,App,Cancelled
ORD000003440,566,566,2024-11-24 14:05:26,App,Delivered
ORD000003441,3692,3692,2024-10-05 09:06:36,Web,Delivered
ORD000003442,3899,3899,2024-03-08 05:35:25,Web,Delivered
ORD000003443,801,801,2023-06-18 04:34:25,App,Cancelled
ORD000003444,1279,1279,2023-12-07 06:01:18,App,Shipped
ORD000003445,1302,1302,2023-07-15 00:45:19,App,Placed
ORD000003446,3631,3631,2024-10-03 14:51:03,App,Delivered
ORD000003447,4742,4742,2025-06-06 02:41:41,Web,Delivered
ORD000003448,5085,5085,2024-11-16 02:13:33,Web,Delivered
ORD000003449,3505,3505,2023-07-22 07:29:28,Web,Delivered
ORD000003450,992,992,2024-01-17 21:01:19,App,Placed
ORD000003451,4725,4725,2024-08-13 01:53:30,App,Delivered
ORD000003452,5871,5871,2023-11-03 22:22:47,App,Delivered
ORD000003453,2526,2526,2024-11-27 19:06:06,App,Returned
ORD000003454,5614,5614,2022-03-17 01:40:01,Web,Delivered
ORD000003455,2430,2430,2025-07-13 21:03:19,Web,Placed
ORD000003456,4915,4915,2023-03-24 19:12:29,Web,Placed
ORD000003457,2601,2601,2023-04-24 04:41:04,App,Delivered
ORD000003458,5443,5443,2024-12-13 02:09:03,Web,Placed
ORD000003459,3161,3161,2021-12-10 10:34:08,App,Delivered
ORD000003460,2140,2140,2025-09-10 23:18:05,Web,Placed
ORD000003461,377,377,2021-09-17 02:06:24,App,Delivered
ORD000003462,1105,1105,2024-03-08 13:42:27,App,Delivered
ORD000003463,5762,5762,2025-08-19 23:20:31,Web,Delivered
ORD000003464,2148,2148,2025-02-13 11:13:47,App,Delivered
ORD000003465,1614,1614,2023-02-22 10:38:20,App,Shipped
ORD000003466,5675,5675,2025-01-10 11:32:43,Web,Cancelled
ORD000003467,5243,5243,2026-01-17 12:58:07,App,Delivered
ORD000003468,2848,2848,2021-07-13 04:02:49,App,Placed
ORD000003469,3468,3468,2024-07-31 15:10:51,Web,Delivered
ORD000003470,23,23,2024-09-22 05:02:33,App,Cancelled
ORD000003471,2704,2704,2023-06-11 14:09:15,Web,Delivered
ORD000003472,4012,4012,2023-02-19 01:15:46,App,Delivered
ORD000003473,4866,4866,2023-10-03 05:50:06,App,Delivered
ORD000003474,3349,3349,2025-04-09 04:13:35,App,Placed
ORD000003475,3770,3770,2023-07-15 00:03:33,Web,Cancelled
ORD000003476,919,919,2022-03-06 07:14:04,App,Delivered
ORD000003477,1980,1980,2021-04-18 10:16:54,Web,Placed
ORD000003478,377,377,2024-05-04 02:35:54,App,Shipped
ORD000003479,1251,1251,2023-02-04 14:00:47,App,Placed
ORD000003480,1197,1197,2024-01-13 10:34:24,App,Returned
ORD000003481,1671,1671,2021-06-22 21:04:45,App,Delivered
ORD000003482,3141,3141,2025-04-18 10:49:51,App,Returned
ORD000003483,3353,3353,2021-11-21 04:18:21,Web,Delivered
ORD000003484,2911,2911,2023-02-09 12:43:49,App,Placed
ORD000003485,4966,4966,2025-02-05 14:08:52,Web,Delivered
ORD000003486,1357,1357,2021-08-15 12:38:43,App,Delivered
ORD000003487,1767,1767,2022-12-02 11:39:52,App,Shipped
ORD000003488,5506,5506,2021-08-25 14:03:58,Web,Placed
ORD000003489,1366,1366,2023-10-10 17:02:30,App,Delivered
ORD000003490,2365,2365,2021-05-26 17:20:03,App,Delivered
ORD000003491,3977,3977,2025-02-06 23:22:27,App,Delivered
ORD000003492,5427,5427,2022-05-30 13:42:41,App,Returned
ORD000003493,3842,3842,2022-11-13 16:21:30,Web,Delivered
ORD000003494,3245,3245,2023-12-21 13:30:01,App,Shipped
ORD000003495,544,544,2022-07-16 06:30:23,Web,Delivered
ORD000003496,3272,3272,2024-12-29 03:44:01,App,Delivered
ORD000003497,3664,3664,2025-12-01 08:36:20,App,Delivered
ORD000003498,5985,5985,2025-09-18 05:07:43,Web,Delivered
ORD000003499,776,776,2025-08-04 01:24:59,Web,Placed
ORD000003500,1621,1621,2025-10-23 11:49:58,App,Delivered
ORD000003501,4313,4313,2021-06-03 00:16:50,App,Placed
ORD000003502,532,532,2025-10-08 10:22:14,App,Delivered
ORD000003503,4545,4545,2022-10-05 01:10:49,Web,Placed
ORD000003504,889,889,2023-06-30 14:30:17,App,Delivered
ORD000003505,1914,1914,2025-01-30 20:03:08,Web,Delivered
ORD000003506,4057,4057,2022-09-16 13:20:25,App,Delivered
ORD000003507,393,393,2024-04-08 17:24:22,App,Placed
ORD000003508,1622,1622,2025-07-22 11:21:03,App,Delivered
ORD000003509,3458,3458,2022-06-26 02:33:04,Web,Delivered
ORD000003510,5267,5267,2025-01-12 00:28:27,App,Delivered
ORD000003511,2364,2364,2024-02-18 01:15:05,App,Delivered
ORD000003512,1349,1349,2022-06-16 14:18:36,App,Delivered
ORD000003513,2861,2861,2022-02-17 06:50:26,App,Returned
ORD000003514,318,318,2021-12-07 23:56:42,Web,Delivered
ORD000003515,4475,4475,2025-03-13 10:17:09,App,Delivered
ORD000003516,705,705,2022-06-06 22:09:34,App,Delivered
ORD000003517,5594,5594,2022-06-17 06:38:53,Web,Delivered
ORD000003518,3772,3772,2023-06-21 03:51:33,App,Delivered
ORD000003519,1042,1042,2025-10-19 00:21:50,App,Delivered
ORD000003520,2875,2875,2022-01-13 18:24:46,Web,Delivered
ORD000003521,4245,4245,2023-07-10 01:04:44,Web,Delivered
ORD000003522,4654,4654,2023-11-29 12:13:32,Web,Delivered
ORD000003523,2510,2510,2024-06-22 02:30:11,App,Returned
ORD000003524,4007,4007,2022-01-23 01:27:14,Web,Delivered
ORD000003525,3811,3811,2024-06-03 20:34:24,App,Returned
ORD000003526,3025,3025,2024-06-12 19:42:53,App,Delivered
ORD000003527,4791,4791,2025-08-18 00:58:01,App,Delivered
ORD000003528,4643,4643,2025-05-10 11:35:01,App,Delivered
ORD000003529,2128,2128,2025-02-17 15:48:39,App,Delivered
ORD000003530,4614,4614,2024-02-10 22:22:35,App,Delivered
ORD000003531,5759,5759,2022-10-16 04:35:02,Web,Returned
ORD000003532,5188,5188,2024-05-20 06:14:53,Web,Delivered
ORD000003533,2750,2750,2024-03-07 21:44:11,App,Delivered
ORD000003534,244,244,2022-07-02 17:49:52,Web,Delivered
ORD000003535,9,9,2022-06-23 12:13:14,App,Cancelled
ORD000003536,3655,3655,2022-12-25 16:33:12,App,Delivered
ORD000003537,2694,2694,2023-01-26 21:31:50,Web,Delivered
ORD000003538,1324,1324,2022-03-16 00:13:48,App,Delivered
ORD000003539,5440,5440,2022-12-31 03:33:49,App,Returned
ORD000003540,2297,2297,2022-01-20 08:58:57,App,Delivered
ORD000003541,2371,2371,2024-04-07 14:39:52,App,Delivered
ORD000003542,2604,2604,2022-06-28 22:34:06,App,Delivered
ORD000003543,5748,5748,2024-06-20 11:42:23,App,Shipped
ORD000003544,3534,3534,2025-11-09 21:34:36,App,Shipped
ORD000003545,393,393,2025-02-16 16:07:38,App,Delivered
ORD000003546,1252,1252,2024-09-10 21:43:37,Web,Delivered
ORD000003547,2967,2967,2025-08-14 10:38:13,Web,Returned
ORD000003548,4665,4665,2022-07-05 22:24:46,Web,Cancelled
ORD000003549,4340,4340,2022-02-20 05:41:33,Web,Shipped
ORD000003550,3129,3129,2025-12-04 16:27:46,App,Placed
ORD000003551,1167,1167,2025-08-24 12:34:31,Web,Delivered
ORD000003552,2567,2567,2021-05-02 02:45:33,App,Placed
ORD000003553,3008,3008,2023-04-22 11:34:12,Web,Cancelled
ORD000003554,193,193,2024-05-17 10:24:54,Web,Delivered
ORD000003555,327,327,2021-12-17 19:20:59,App,Delivered
ORD000003556,4121,4121,2021-05-28 02:09:43,App,Delivered
ORD000003557,4198,4198,2023-06-18 17:17:48,App,Returned
ORD000003558,663,663,2023-07-13 13:16:38,App,Delivered
ORD000003559,4313,4313,2025-08-14 02:32:38,App,Returned
ORD000003560,4838,4838,2021-11-07 19:51:12,App,Cancelled
ORD000003561,4026,4026,2023-08-24 08:31:33,Web,Shipped
ORD000003562,4363,4363,2021-12-18 16:55:31,Store,Returned
ORD000003563,4258,4258,2022-10-19 03:48:58,App,Delivered
ORD000003564,4774,4774,2021-05-10 17:13:51,App,Delivered
ORD000003565,886,886,2025-06-08 00:32:58,App,Placed
ORD000003566,3954,3954,2024-04-08 19:36:27,App,Delivered
ORD000003567,2295,2295,2025-11-03 20:39:33,App,Delivered
ORD000003568,3468,3468,2022-07-26 03:54:59,Web,Returned
ORD000003569,1033,1033,2022-01-16 04:16:30,App,Shipped
ORD000003570,5005,5005,2021-09-02 15:49:07,App,Delivered
ORD000003571,1472,1472,2023-10-16 05:17:08,App,Delivered
ORD000003572,5114,5114,2022-04-28 12:31:42,App,Returned
ORD000003573,5691,5691,2023-07-14 14:03:06,App,Delivered
ORD000003574,2645,2645,2026-01-14 04:04:53,App,Returned
ORD000003575,5441,5441,2025-12-17 15:54:19,App,Returned
ORD000003576,4072,4072,2023-12-22 17:21:33,App,Returned
ORD000003577,1149,1149,2023-01-14 19:33:52,App,Delivered
ORD000003578,41,41,2024-09-18 10:16:58,App,Shipped
ORD000003579,3757,3757,2022-05-18 08:28:26,App,Delivered
ORD000003580,3757,3757,2025-04-14 20:49:22,Web,Delivered
ORD000003581,3411,3411,2025-02-05 13:01:41,Web,Returned
ORD000003582,2967,2967,2022-07-30 21:59:58,App,Delivered
ORD000003583,5183,5183,2023-03-31 14:02:37,App,Delivered
ORD000003584,5112,5112,2022-08-22 23:52:50,App,Shipped
ORD000003585,3797,3797,2022-07-20 12:24:20,Store,Delivered
ORD000003586,3281,3281,2021-08-29 02:54:29,Web,Delivered
ORD000003587,3448,3448,2024-07-01 05:14:15,App,Delivered
ORD000003588,85,85,2021-08-25 04:27:39,App,Delivered
ORD000003589,4303,4303,2022-01-24 07:59:17,App,Placed
ORD000003590,3419,3419,2022-12-20 15:10:22,App,Cancelled
ORD000003591,4257,4257,2023-04-12 08:53:29,Web,Placed
ORD000003592,4546,4546,2024-07-08 02:16:41,App,Delivered
ORD000003593,2164,2164,2024-06-12 20:44:13,App,Delivered
ORD000003594,4458,4458,2024-12-07 07:43:53,App,Returned
ORD000003595,5371,5371,2022-05-11 04:21:37,App,Returned
ORD000003596,2960,2960,2022-08-07 20:42:19,Web,Delivered
ORD000003597,2231,2231,2024-12-16 01:34:48,App,Delivered
ORD000003598,2724,2724,2025-10-16 07:18:02,App,Delivered
ORD000003599,2640,2640,2024-12-17 03:02:42,Web,Placed
ORD000003600,1031,1031,2024-03-26 10:46:46,App,Delivered
ORD000003601,5957,5957,2025-12-01 06:49:47,App,Cancelled
ORD000003602,5507,5507,2021-12-20 18:16:55,App,Delivered
ORD000003603,931,931,2023-11-10 16:21:32,Web,Delivered
ORD000003604,5490,5490,2024-11-30 23:52:35,Web,Delivered
ORD000003605,5668,5668,2022-06-11 04:15:22,Web,Placed
ORD000003606,4859,4859,2021-10-14 07:22:47,App,Delivered
ORD000003607,2660,2660,2024-09-25 07:23:05,Web,Delivered
ORD000003608,1822,1822,2023-12-26 08:19:45,Web,Cancelled
ORD000003609,5903,5903,2025-01-29 02:33:32,Store,Delivered
ORD000003610,5341,5341,2022-04-19 11:08:48,Web,Delivered
ORD000003611,5828,5828,2025-04-29 15:25:35,Store,Returned
ORD000003612,3810,3810,2021-04-14 14:57:53,Web,Delivered
ORD000003613,5719,5719,2023-01-04 16:33:13,App,Delivered
ORD000003614,1594,1594,2024-05-28 20:48:53,App,Shipped
ORD000003615,5532,5532,2024-02-08 00:22:02,Web,Delivered
ORD000003616,1121,1121,2025-10-27 18:24:48,App,Placed
ORD000003617,1682,1682,2023-03-23 17:04:58,Web,Delivered
ORD000003618,1925,1925,2022-12-05 19:32:40,Web,Delivered
ORD000003619,2441,2441,2022-10-03 19:00:46,App,Placed
ORD000003620,4564,4564,2023-11-02 14:19:37,Web,Delivered
ORD000003621,3443,3443,2023-03-27 11:40:42,Web,Delivered
ORD000003622,1208,1208,2025-11-10 14:10:04,Web,Delivered
ORD000003623,1167,1167,2022-10-02 03:21:09,App,Shipped
ORD000003624,5583,5583,2022-03-11 22:28:20,App,Delivered
ORD000003625,5454,5454,2022-01-07 23:53:22,Web,Shipped
ORD000003626,62,62,2021-09-22 21:30:20,Web,Delivered
ORD000003627,163,163,2025-05-06 02:15:53,Web,Delivered
ORD000003628,4648,4648,2025-04-04 11:40:09,Web,Delivered
ORD000003629,1084,1084,2021-06-12 21:15:54,App,Delivered
ORD000003630,5348,5348,2025-11-27 06:20:17,App,Shipped
ORD000003631,239,239,2025-03-27 21:15:20,Web,Delivered
ORD000003632,2616,2616,2023-01-04 11:22:41,App,Returned
ORD000003633,2794,2794,2023-09-05 19:18:44,App,Shipped
ORD000003634,3787,3787,2022-06-28 10:44:15,Web,Cancelled
ORD000003635,2041,2041,2021-09-21 13:51:07,Web,Delivered
ORD000003636,3113,3113,2021-06-15 19:02:32,Web,Delivered
ORD000003637,438,438,2024-08-08 21:34:32,App,Delivered
ORD000003638,529,529,2024-02-17 22:16:54,App,Delivered
ORD000003639,105,105,2021-03-31 10:05:29,Web,Placed
ORD000003640,4478,4478,2023-08-09 09:12:36,App,Delivered
ORD000003641,1239,1239,2023-01-16 09:13:21,App,Placed
ORD000003642,3977,3977,2024-11-24 15:17:04,App,Returned
ORD000003643,2265,2265,2023-12-26 09:25:29,App,Shipped
ORD000003644,151,151,2025-07-19 00:07:37,Web,Delivered
ORD000003645,5494,5494,2024-09-05 00:38:13,Web,Delivered
ORD000003646,1794,1794,2025-08-19 13:11:13,App,Delivered
ORD000003647,631,631,2025-09-07 00:04:52,App,Delivered
ORD000003648,4518,4518,2021-11-29 15:00:15,Web,Shipped
ORD000003649,4742,4742,2022-01-05 14:22:13,Web,Placed
ORD000003650,1968,1968,2022-06-21 20:11:26,App,Delivered
ORD000003651,207,207,2024-05-06 10:26:42,App,Delivered
ORD000003652,2823,2823,2025-02-21 21:06:07,Web,Delivered
ORD000003653,834,834,2022-04-18 03:50:12,Web,Delivered
ORD000003654,3774,3774,2023-05-02 14:11:48,App,Placed
ORD000003655,3742,3742,2025-11-19 17:47:20,App,Placed
ORD000003656,1501,1501,2025-08-29 07:30:12,Web,Delivered
ORD000003657,2636,2636,2023-12-09 02:39:31,Web,Placed
ORD000003658,4322,4322,2026-01-29 22:39:47,App,Placed
ORD000003659,804,804,2023-06-01 10:05:13,Web,Delivered
ORD000003660,5923,5923,2023-02-22 06:42:51,Web,Placed
ORD000003661,1858,1858,2022-05-28 22:26:59,App,Placed
ORD000003662,3148,3148,2021-08-28 08:29:46,Web,Delivered
ORD000003663,4612,4612,2024-03-25 10:25:23,App,Delivered
ORD000003664,1847,1847,2025-01-05 10:55:02,App,Returned
ORD000003665,4283,4283,2025-09-30 02:18:51,Web,Returned
ORD000003666,3720,3720,2021-09-12 07:03:03,Web,Delivered
ORD000003667,4035,4035,2024-07-12 12:48:07,Web,Placed
ORD000003668,2587,2587,2024-11-15 19:37:11,App,Delivered
ORD000003669,4744,4744,2021-12-27 00:05:30,App,Placed
ORD000003670,2066,2066,2024-08-01 06:01:32,App,Returned
ORD000003671,4381,4381,2023-04-12 11:39:00,App,Delivered
ORD000003672,2980,2980,2024-09-06 13:08:55,Web,Delivered
ORD000003673,3971,3971,2022-10-25 03:12:25,App,Delivered
ORD000003674,5110,5110,2025-10-12 12:08:40,App,Delivered
ORD000003675,2953,2953,2024-05-15 07:10:42,App,Delivered
ORD000003676,4746,4746,2022-05-30 23:50:25,Web,Placed
ORD000003677,5864,5864,2022-02-13 12:16:50,Web,Delivered
ORD000003678,1243,1243,2023-12-19 02:25:30,App,Returned
ORD000003679,2692,2692,2022-11-09 23:05:11,App,Placed
ORD000003680,1968,1968,2022-07-13 11:05:53,App,Returned
ORD000003681,2405,2405,2025-01-12 19:09:14,Web,Returned
ORD000003682,256,256,2022-01-10 17:00:30,App,Returned
ORD000003683,2656,2656,2024-09-17 22:08:09,App,Delivered
ORD000003684,5394,5394,2024-01-10 20:50:28,App,Returned
ORD000003685,1837,1837,2024-03-23 01:46:40,App,Delivered
ORD000003686,179,179,2025-01-05 17:44:45,App,Delivered
ORD000003687,5523,5523,2023-07-02 14:23:52,App,Delivered
ORD000003688,4184,4184,2023-11-17 14:03:52,App,Placed
ORD000003689,4941,4941,2025-01-13 19:29:48,App,Returned
ORD000003690,3467,3467,2022-02-15 09:31:28,App,Delivered
ORD000003691,28,28,2023-02-07 06:20:39,App,Delivered
ORD000003692,2745,2745,2023-06-25 16:32:51,App,Returned
ORD000003693,54,54,2022-09-18 15:07:16,App,Delivered
ORD000003694,321,321,2024-12-11 19:13:21,App,Delivered
ORD000003695,3631,3631,2024-01-21 05:01:36,App,Shipped
ORD000003696,3306,3306,2021-02-23 23:47:50,Web,Shipped
ORD000003697,5892,5892,2025-01-30 03:30:35,Web,Shipped
ORD000003698,5350,5350,2022-11-23 15:57:15,Web,Delivered
ORD000003699,5922,5922,2021-02-20 23:30:19,App,Delivered
ORD000003700,3825,3825,2023-04-01 11:36:39,Web,Returned
ORD000003701,332,332,2022-08-23 07:16:38,App,Delivered
ORD000003702,1718,1718,2021-12-22 10:20:33,App,Shipped
ORD000003703,3544,3544,2024-06-10 19:01:34,App,Delivered
ORD000003704,317,317,2024-12-03 21:01:05,App,Delivered
ORD000003705,3552,3552,2021-06-28 08:40:57,App,Delivered
ORD000003706,2909,2909,2025-02-11 05:07:08,App,Delivered
ORD000003707,2918,2918,2023-05-30 17:47:17,App,Cancelled
ORD000003708,4317,4317,2024-03-15 16:45:46,App,Returned
ORD000003709,1363,1363,2025-08-12 19:00:03,Web,Delivered
ORD000003710,148,148,2025-04-14 08:30:12,App,Delivered
ORD000003711,1733,1733,2023-01-01 11:23:38,Web,Delivered
ORD000003712,2629,2629,2025-02-14 01:36:01,App,Delivered
ORD000003713,4574,4574,2021-12-13 01:41:19,Web,Delivered
ORD000003714,5920,5920,2025-09-14 05:18:16,App,Shipped
ORD000003715,4019,4019,2024-05-17 01:28:08,Web,Placed
ORD000003716,1210,1210,2021-09-06 04:44:22,Web,Returned
ORD000003717,170,170,2024-08-24 18:57:07,App,Delivered
ORD000003718,5923,5923,2023-07-02 20:24:34,App,Shipped
ORD000003719,1568,1568,2023-09-26 18:10:41,Web,Returned
ORD000003720,4397,4397,2025-05-13 02:28:57,Web,Delivered
ORD000003721,3436,3436,2024-01-31 18:24:47,App,Returned
ORD000003722,1878,1878,2022-08-28 15:48:41,Web,Delivered
ORD000003723,4053,4053,2021-11-12 17:43:54,App,Delivered
ORD000003724,3036,3036,2023-02-26 07:21:36,Web,Delivered
ORD000003725,3249,3249,2022-04-13 20:48:51,Web,Delivered
ORD000003726,3874,3874,2023-02-15 02:21:12,App,Delivered
ORD000003727,2192,2192,2023-05-05 23:16:16,App,Shipped
ORD000003728,523,523,2022-08-09 06:04:58,App,Delivered
ORD000003729,3553,3553,2021-10-24 22:50:43,Web,Delivered
ORD000003730,5606,5606,2022-06-27 13:24:08,App,Delivered
ORD000003731,2707,2707,2022-05-29 15:16:28,App,Delivered
ORD000003732,2533,2533,2024-11-30 16:52:36,App,Placed
ORD000003733,822,822,2021-09-01 13:50:06,App,Delivered
ORD000003734,3509,3509,2023-03-31 09:39:21,App,Delivered
ORD000003735,195,195,2023-11-28 20:44:47,Web,Delivered
ORD000003736,466,466,2022-08-02 07:10:29,App,Delivered
ORD000003737,3026,3026,2023-10-03 19:01:30,Web,Delivered
ORD000003738,3148,3148,2025-03-05 22:08:56,App,Delivered
ORD000003739,2538,2538,2021-04-11 03:15:43,App,Delivered
ORD000003740,100,100,2024-05-29 01:57:16,Store,Delivered
ORD000003741,116,116,2022-02-09 22:43:31,App,Delivered
ORD000003742,4476,4476,2023-07-12 06:44:51,Web,Returned
ORD000003743,5715,5715,2021-10-30 18:12:09,Web,Returned
ORD000003744,2872,2872,2023-01-16 19:46:36,Web,Returned
ORD000003745,2111,2111,2022-09-06 02:25:04,App,Delivered
ORD000003746,1272,1272,2022-03-24 11:00:09,App,Shipped
ORD000003747,2691,2691,2024-09-08 10:38:12,Web,Cancelled
ORD000003748,1435,1435,2023-09-29 22:29:22,Web,Delivered
ORD000003749,1903,1903,2023-04-06 15:26:29,App,Delivered
ORD000003750,3024,3024,2023-07-31 22:18:51,Web,Shipped
ORD000003751,5548,5548,2025-12-08 13:57:44,Web,Delivered
ORD000003752,2776,2776,2023-07-02 13:32:17,Web,Delivered
ORD000003753,2594,2594,2024-05-07 14:01:41,App,Delivered
ORD000003754,4940,4940,2023-05-25 11:18:35,Web,Returned
ORD000003755,4394,4394,2025-10-04 04:33:04,App,Delivered
ORD000003756,4392,4392,2022-07-13 12:32:54,Web,Delivered
ORD000003757,3599,3599,2024-08-29 13:17:53,Web,Delivered
ORD000003758,4211,4211,2021-11-22 08:08:19,App,Delivered
ORD000003759,4048,4048,2025-09-23 07:36:21,Web,Delivered
ORD000003760,2927,2927,2025-12-23 02:47:09,Store,Delivered
ORD000003761,3214,3214,2024-09-22 04:23:13,App,Returned
ORD000003762,2667,2667,2024-02-19 12:19:07,App,Delivered
ORD000003763,1827,1827,2021-10-09 09:33:27,Store,Placed
ORD000003764,1026,1026,2024-09-02 10:07:28,Web,Shipped
ORD000003765,786,786,2024-04-28 10:57:51,App,Cancelled
ORD000003766,4131,4131,2023-02-01 05:59:02,App,Shipped
ORD000003767,1801,1801,2023-07-16 12:45:50,App,Delivered
ORD000003768,3290,3290,2025-07-07 23:44:05,App,Delivered
ORD000003769,5187,5187,2026-01-07 07:20:27,App,Delivered
ORD000003770,361,361,2022-03-25 09:34:21,Web,Delivered
ORD000003771,4390,4390,2025-05-26 13:38:29,Web,Placed
ORD000003772,3398,3398,2025-01-05 23:49:46,App,Placed
ORD000003773,1227,1227,2024-05-06 11:45:09,Web,Delivered
ORD000003774,2641,2641,2024-04-03 20:33:29,App,Delivered
ORD000003775,5051,5051,2023-08-10 00:29:39,App,Cancelled
ORD000003776,3650,3650,2022-09-15 02:47:30,App,Delivered
ORD000003777,5912,5912,2022-09-15 22:39:47,App,Delivered
ORD000003778,5042,5042,2022-09-21 02:03:28,App,Delivered
ORD000003779,4357,4357,2024-03-28 12:32:49,App,Delivered
ORD000003780,5638,5638,2023-07-28 21:07:21,App,Returned
ORD000003781,3204,3204,2025-03-31 05:39:07,App,Delivered
ORD000003782,1801,1801,2021-06-06 12:43:55,Web,Delivered
ORD000003783,3397,3397,2025-11-23 06:05:33,Web,Delivered
ORD000003784,1417,1417,2021-10-15 21:57:04,App,Delivered
ORD000003785,4498,4498,2022-11-17 01:40:05,App,Shipped
ORD000003786,336,336,2025-12-13 16:19:09,App,Shipped
ORD000003787,3010,3010,2024-11-26 03:45:30,App,Delivered
ORD000003788,5939,5939,2025-02-11 03:56:43,App,Delivered
ORD000003789,1962,1962,2022-03-04 17:52:56,Web,Cancelled
ORD000003790,844,844,2023-11-20 06:37:50,App,Delivered
ORD000003791,1641,1641,2023-03-11 02:05:48,App,Delivered
ORD000003792,4141,4141,2023-05-01 02:16:03,App,Shipped
ORD000003793,1125,1125,2021-03-23 19:58:29,App,Returned
ORD000003794,5346,5346,2025-02-03 06:11:54,App,Placed
ORD000003795,4712,4712,2024-10-30 14:17:01,Web,Returned
ORD000003796,2310,2310,2023-08-13 02:05:24,App,Delivered
ORD000003797,765,765,2024-06-03 12:57:00,App,Placed
ORD000003798,1701,1701,2022-08-08 16:48:21,Web,Shipped
ORD000003799,2340,2340,2025-01-03 20:30:05,App,Delivered
ORD000003800,3728,3728,2024-04-02 17:29:33,App,Delivered
ORD000003801,5576,5576,2023-02-02 03:11:05,Web,Returned
ORD000003802,4630,4630,2023-07-02 12:22:34,App,Delivered
ORD000003803,1093,1093,2024-06-06 04:29:10,App,Placed
ORD000003804,1605,1605,2023-01-20 07:29:11,Web,Delivered
ORD000003805,1270,1270,2024-04-03 19:40:04,Store,Returned
ORD000003806,4671,4671,2022-03-07 13:33:24,Web,Delivered
ORD000003807,4333,4333,2021-06-30 02:38:19,Web,Delivered
ORD000003808,3403,3403,2023-02-13 06:02:27,Web,Delivered
ORD000003809,531,531,2022-08-25 08:43:37,Web,Shipped
ORD000003810,2791,2791,2022-01-21 00:11:07,Web,Cancelled
ORD000003811,2513,2513,2021-02-18 20:12:25,App,Delivered
ORD000003812,1253,1253,2023-08-20 03:47:51,Web,Placed
ORD000003813,3942,3942,2021-10-13 02:30:32,App,Cancelled
ORD000003814,5629,5629,2025-09-24 09:18:51,App,Delivered
ORD000003815,2430,2430,2022-05-02 11:21:32,Web,Shipped
ORD000003816,4223,4223,2025-05-01 04:34:22,Web,Delivered
ORD000003817,658,658,2025-06-24 00:51:44,Web,Delivered
ORD000003818,1865,1865,2024-04-04 15:26:46,Web,Delivered
ORD000003819,5234,5234,2026-01-20 00:00:36,App,Delivered
ORD000003820,1169,1169,2021-04-29 14:28:02,Web,Delivered
ORD000003821,2601,2601,2022-08-01 22:22:01,Web,Shipped
ORD000003822,5793,5793,2022-02-27 10:27:34,Web,Delivered
ORD000003823,2487,2487,2024-09-28 13:47:07,App,Delivered
ORD000003824,2456,2456,2023-02-19 16:31:29,App,Delivered
ORD000003825,2844,2844,2025-06-18 03:41:05,Web,Delivered
ORD000003826,1731,1731,2021-07-30 03:43:50,App,Delivered
ORD000003827,3812,3812,2025-08-25 03:41:48,App,Shipped
ORD000003828,4043,4043,2022-12-10 10:51:21,Web,Delivered
ORD000003829,3239,3239,2021-08-18 22:31:10,App,Delivered
ORD000003830,5285,5285,2024-05-25 04:45:28,Web,Shipped
ORD000003831,2690,2690,2022-05-08 05:36:49,Web,Placed
ORD000003832,3334,3334,2025-02-23 04:07:34,App,Delivered
ORD000003833,3333,3333,2024-03-20 02:11:13,App,Placed
ORD000003834,1199,1199,2021-03-02 13:09:55,App,Delivered
ORD000003835,1381,1381,2025-01-26 07:02:25,App,Delivered
ORD000003836,5672,5672,2023-11-08 15:32:53,Web,Returned
ORD000003837,5262,5262,2022-09-18 16:48:09,App,Delivered
ORD000003838,4866,4866,2022-10-05 02:27:38,Web,Delivered
ORD000003839,1191,1191,2022-07-12 02:33:47,App,Delivered
ORD000003840,1343,1343,2024-07-17 20:32:50,Web,Delivered
ORD000003841,1655,1655,2022-06-26 19:59:38,Web,Delivered
ORD000003842,4754,4754,2025-10-14 00:56:24,Web,Delivered
ORD000003843,5982,5982,2023-01-13 17:20:39,App,Delivered
ORD000003844,3407,3407,2024-10-23 06:40:21,Web,Delivered
ORD000003845,989,989,2024-12-18 12:30:29,App,Placed
ORD000003846,3546,3546,2021-07-17 16:18:59,Web,Shipped
ORD000003847,3217,3217,2025-12-13 03:51:11,Web,Placed
ORD000003848,1078,1078,2022-07-25 01:11:24,Web,Delivered
ORD000003849,122,122,2022-12-19 12:27:41,Web,Delivered
ORD000003850,3196,3196,2021-08-15 02:48:33,App,Returned
ORD000003851,2215,2215,2021-09-10 05:59:56,App,Returned
ORD000003852,2992,2992,2022-03-09 20:40:38,App,Delivered
ORD000003853,834,834,2023-12-04 01:59:58,App,Delivered
ORD000003854,1679,1679,2023-11-03 19:26:32,Web,Delivered
ORD000003855,2070,2070,2023-03-13 19:50:20,Web,Shipped
ORD000003856,5396,5396,2024-07-16 11:56:01,App,Delivered
ORD000003857,1885,1885,2023-08-12 22:45:52,Web,Returned
ORD000003858,4057,4057,2023-11-07 07:06:23,App,Delivered
ORD000003859,1963,1963,2024-12-07 14:53:01,App,Placed
ORD000003860,4024,4024,2023-11-10 07:02:20,App,Placed
ORD000003861,408,408,2023-04-03 15:37:55,App,Delivered
ORD000003862,4578,4578,2021-04-12 01:29:58,App,Delivered
ORD000003863,2370,2370,2025-11-18 22:18:20,Store,Delivered
ORD000003864,2163,2163,2024-10-11 09:54:22,App,Delivered
ORD000003865,2320,2320,2024-12-27 18:28:45,App,Delivered
ORD000003866,3240,3240,2022-02-17 22:03:35,App,Placed
ORD000003867,5556,5556,2025-09-30 19:14:01,Web,Delivered
ORD000003868,1893,1893,2022-09-30 21:06:02,Web,Delivered
ORD000003869,2298,2298,2023-07-27 23:46:23,Web,Delivered
ORD000003870,5582,5582,2025-07-18 02:49:11,App,Shipped
ORD000003871,3839,3839,2024-08-20 22:37:38,Web,Delivered
ORD000003872,1490,1490,2023-11-13 20:46:52,Web,Delivered
ORD000003873,5178,5178,2021-08-15 07:42:49,Store,Returned
ORD000003874,2053,2053,2024-07-22 11:52:14,App,Delivered
ORD000003875,4010,4010,2021-09-15 11:59:18,App,Cancelled
ORD000003876,1901,1901,2023-06-12 21:44:06,Web,Returned
ORD000003877,1822,1822,2026-01-26 17:39:16,Web,Delivered
ORD000003878,2911,2911,2024-07-09 23:30:05,Web,Placed
ORD000003879,4361,4361,2021-10-23 23:12:38,Web,Shipped
ORD000003880,1273,1273,2021-05-21 01:20:25,App,Delivered
ORD000003881,1887,1887,2024-08-27 06:38:34,Web,Returned
ORD000003882,1833,1833,2023-05-23 22:03:41,Web,Delivered
ORD000003883,2867,2867,2022-05-02 22:18:50,Web,Shipped
ORD000003884,697,697,2025-09-24 01:18:33,App,Delivered
ORD000003885,5577,5577,2024-10-04 21:28:06,App,Returned
ORD000003886,4837,4837,2025-02-19 03:14:23,App,Placed
ORD000003887,2365,2365,2022-09-08 02:13:17,Web,Delivered
ORD000003888,4870,4870,2022-05-02 05:53:36,App,Shipped
ORD000003889,4215,4215,2024-03-31 20:10:40,App,Delivered
ORD000003890,1770,1770,2021-11-04 14:08:15,Store,Returned
ORD000003891,2842,2842,2021-04-18 04:55:09,App,Delivered
ORD000003892,2250,2250,2021-05-24 13:33:51,App,Cancelled
ORD000003893,3125,3125,2021-06-29 18:10:48,App,Delivered
ORD000003894,2365,2365,2021-05-28 08:01:37,Web,Delivered
ORD000003895,3745,3745,2024-03-17 00:30:35,App,Delivered
ORD000003896,5364,5364,2024-08-10 18:28:40,App,Placed
ORD000003897,1118,1118,2021-12-25 23:14:41,App,Returned
ORD000003898,3164,3164,2022-02-09 08:13:55,Store,Delivered
ORD000003899,813,813,2022-05-02 19:06:26,Web,Delivered
ORD000003900,38,38,2024-11-03 11:17:44,Web,Delivered
ORD000003901,2461,2461,2024-01-09 20:45:00,App,Returned
ORD000003902,4339,4339,2023-03-01 14:20:08,Web,Delivered
ORD000003903,5484,5484,2022-03-01 10:03:27,Web,Returned
ORD000003904,3720,3720,2023-05-27 10:49:44,App,Delivered
ORD000003905,855,855,2024-05-04 20:37:41,App,Delivered
ORD000003906,3947,3947,2022-12-19 12:31:04,App,Delivered
ORD000003907,2249,2249,2025-03-28 11:20:54,Store,Shipped
ORD000003908,2355,2355,2021-05-17 19:57:48,App,Delivered
ORD000003909,4043,4043,2023-05-01 12:59:16,App,Delivered
ORD000003910,1798,1798,2023-01-29 10:44:30,Store,Returned
ORD000003911,175,175,2021-12-07 12:56:03,App,Delivered
ORD000003912,1713,1713,2025-01-25 05:43:41,App,Cancelled
ORD000003913,3020,3020,2025-07-27 11:22:31,Web,Placed
ORD000003914,3064,3064,2025-11-13 14:33:55,App,Delivered
ORD000003915,672,672,2023-04-20 02:09:42,App,Returned
ORD000003916,694,694,2025-08-30 08:32:35,App,Delivered
ORD000003917,548,548,2023-12-16 16:34:34,Web,Delivered
ORD000003918,5977,5977,2024-03-28 04:35:28,Web,Shipped
ORD000003919,1123,1123,2023-05-23 02:45:45,App,Cancelled
ORD000003920,3298,3298,2025-05-15 20:54:26,Web,Cancelled
ORD000003921,3987,3987,2021-09-16 07:06:58,App,Delivered
ORD000003922,2597,2597,2022-07-17 03:48:56,App,Delivered
ORD000003923,4369,4369,2025-08-17 20:50:47,Web,Delivered
ORD000003924,3024,3024,2025-06-25 01:13:29,App,Delivered
ORD000003925,784,784,2023-04-09 01:02:30,App,Delivered
ORD000003926,1210,1210,2025-10-13 06:28:22,Web,Delivered
ORD000003927,940,940,2023-08-10 16:44:02,App,Delivered
ORD000003928,4548,4548,2022-11-12 03:17:31,App,Delivered
ORD000003929,1529,1529,2021-10-15 02:46:43,Web,Delivered
ORD000003930,94,94,2023-05-29 09:33:25,App,Delivered
ORD000003931,1331,1331,2024-08-24 21:31:55,App,Delivered
ORD000003932,1762,1762,2025-07-12 23:50:53,Web,Returned
ORD000003933,5985,5985,2021-12-03 03:53:55,Web,Delivered
ORD000003934,5050,5050,2024-04-21 22:29:23,App,Returned
ORD000003935,2222,2222,2026-01-25 15:22:41,Web,Delivered
ORD000003936,2743,2743,2025-06-05 10:57:50,Web,Returned
ORD000003937,1097,1097,2022-03-08 23:16:45,Web,Delivered
ORD000003938,5265,5265,2021-04-14 15:26:14,App,Cancelled
ORD000003939,5004,5004,2023-06-03 20:04:52,App,Delivered
ORD000003940,5784,5784,2021-07-18 14:57:07,App,Cancelled
ORD000003941,2104,2104,2024-06-17 02:48:08,Web,Delivered
ORD000003942,2743,2743,2025-11-11 23:20:42,Web,Delivered
ORD000003943,4730,4730,2021-07-20 11:02:57,Web,Cancelled
ORD000003944,2292,2292,2023-11-04 14:45:28,App,Placed
ORD000003945,4300,4300,2021-09-15 00:04:46,App,Delivered
ORD000003946,3663,3663,2024-11-05 03:58:48,Web,Cancelled
ORD000003947,16,16,2024-11-20 02:13:54,Web,Shipped
ORD000003948,126,126,2022-01-28 19:26:02,App,Returned
ORD000003949,5998,5998,2022-10-02 00:36:32,App,Delivered
ORD000003950,3423,3423,2024-01-05 21:05:54,Web,Delivered
ORD000003951,5675,5675,2023-06-23 22:08:01,App,Delivered
ORD000003952,4175,4175,2021-11-20 11:20:13,App,Delivered
ORD000003953,3573,3573,2022-03-01 03:35:55,App,Delivered
ORD000003954,789,789,2024-01-19 20:12:12,Web,Delivered
ORD000003955,5499,5499,2025-05-04 05:41:17,Web,Shipped
ORD000003956,2353,2353,2024-07-30 02:04:41,Web,Delivered
ORD000003957,1512,1512,2026-01-08 16:24:12,App,Delivered
ORD000003958,4221,4221,2021-05-16 11:43:49,Web,Returned
ORD000003959,4714,4714,2025-05-15 06:40:12,Web,Placed
ORD000003960,4838,4838,2023-08-08 00:32:49,Web,Placed
ORD000003961,3718,3718,2026-01-26 11:12:21,Web,Returned
ORD000003962,81,81,2024-10-09 02:32:19,App,Delivered
ORD000003963,1645,1645,2024-02-27 14:29:08,Web,Shipped
ORD000003964,175,175,2022-09-05 01:17:58,App,Delivered
ORD000003965,676,676,2021-10-01 10:19:27,App,Delivered
ORD000003966,348,348,2023-07-22 10:05:41,Web,Returned
ORD000003967,1913,1913,2021-11-22 18:54:17,App,Delivered
ORD000003968,1391,1391,2025-12-13 07:12:37,Web,Shipped
ORD000003969,1559,1559,2024-05-13 19:14:11,Web,Delivered
ORD000003970,1439,1439,2024-06-13 06:36:16,Web,Shipped
ORD000003971,2926,2926,2023-07-08 09:24:18,Web,Delivered
ORD000003972,4820,4820,2021-05-31 01:58:05,App,Delivered
ORD000003973,5372,5372,2023-11-04 07:44:18,App,Delivered
ORD000003974,4704,4704,2021-08-02 23:20:23,App,Returned
ORD000003975,3793,3793,2025-12-31 10:54:10,Web,Returned
ORD000003976,358,358,2021-03-23 23:04:25,App,Shipped
ORD000003977,3398,3398,2021-04-10 06:47:53,Web,Placed
ORD000003978,1089,1089,2021-03-25 07:43:55,Store,Delivered
ORD000003979,293,293,2021-05-17 14:11:11,App,Delivered
ORD000003980,5444,5444,2021-05-04 19:17:43,Web,Delivered
ORD000003981,991,991,2022-11-30 14:18:33,App,Returned
ORD000003982,3403,3403,2024-11-19 13:12:25,App,Returned
ORD000003983,2577,2577,2024-01-14 16:32:02,Web,Returned
ORD000003984,820,820,2026-01-19 15:58:53,Web,Delivered
ORD000003985,3491,3491,2021-11-30 01:06:09,Web,Delivered
ORD000003986,4226,4226,2024-09-08 08:51:44,Web,Shipped
ORD000003987,3621,3621,2024-03-11 02:33:47,App,Returned
ORD000003988,3429,3429,2023-07-11 14:58:55,App,Delivered
ORD000003989,2508,2508,2023-08-22 12:32:11,App,Shipped
ORD000003990,4689,4689,2025-11-11 06:14:12,Web,Placed
ORD000003991,2990,2990,2024-07-09 20:42:16,Web,Delivered
ORD000003992,1925,1925,2024-07-04 05:00:36,App,Returned
ORD000003993,5752,5752,2023-07-06 11:59:53,App,Shipped
ORD000003994,4710,4710,2021-12-05 23:58:59,App,Shipped
ORD000003995,5615,5615,2022-12-13 13:57:59,Store,Delivered
ORD000003996,4635,4635,2024-07-17 04:54:46,App,Delivered
ORD000003997,4357,4357,2025-12-07 19:41:17,App,Delivered
ORD000003998,3645,3645,2024-11-11 14:00:15,Web,Placed
ORD000003999,3208,3208,2025-04-08 04:45:08,Web,Delivered
ORD000004000,2657,2657,2023-10-12 02:44:36,App,Placed
ORD000004001,1685,1685,2022-05-24 20:25:43,App,Cancelled
ORD000004002,1251,1251,2021-05-03 08:16:38,App,Placed
ORD000004003,1813,1813,2022-05-06 04:53:10,App,Delivered
ORD000004004,1843,1843,2023-01-23 19:58:48,App,Delivered
ORD000004005,5967,5967,2024-05-12 17:06:20,Web,Delivered
ORD000004006,228,228,2023-01-26 21:08:55,App,Delivered
ORD000004007,3899,3899,2025-01-18 14:51:50,App,Delivered
ORD000004008,2306,2306,2021-11-03 03:25:11,Web,Placed
ORD000004009,5534,5534,2021-07-04 22:09:08,App,Placed
ORD000004010,2874,2874,2022-01-22 05:41:13,App,Delivered
ORD000004011,3292,3292,2025-01-18 04:59:29,App,Shipped
ORD000004012,1260,1260,2023-01-29 13:31:05,Web,Delivered
ORD000004013,5140,5140,2022-08-04 03:39:53,Web,Delivered
ORD000004014,3461,3461,2024-11-29 17:21:43,App,Returned
ORD000004015,2393,2393,2024-02-20 16:55:01,Web,Delivered
ORD000004016,2698,2698,2024-01-18 01:39:59,Web,Placed
ORD000004017,2515,2515,2024-03-15 04:49:33,Web,Shipped
ORD000004018,4285,4285,2021-05-06 22:38:59,Web,Placed
ORD000004019,5737,5737,2025-05-16 12:00:12,App,Delivered
ORD000004020,3440,3440,2023-05-02 02:22:08,App,Shipped
ORD000004021,5505,5505,2025-01-21 00:20:25,Web,Delivered
ORD000004022,3170,3170,2026-01-23 16:20:28,Web,Delivered
ORD000004023,665,665,2022-08-02 23:42:30,Web,Delivered
ORD000004024,5338,5338,2023-05-15 00:39:05,App,Delivered
ORD000004025,4117,4117,2022-09-08 03:16:31,App,Placed
ORD000004026,1184,1184,2021-03-15 13:01:54,Web,Delivered
ORD000004027,5612,5612,2022-04-19 20:28:19,App,Cancelled
ORD000004028,4525,4525,2023-11-17 06:56:03,Web,Returned
ORD000004029,2633,2633,2025-10-08 13:08:51,Web,Placed
ORD000004030,3066,3066,2025-05-20 21:39:52,Web,Returned
ORD000004031,1890,1890,2024-08-08 04:01:45,App,Delivered
ORD000004032,5087,5087,2023-05-17 00:24:24,Web,Returned
ORD000004033,3119,3119,2021-05-23 09:47:07,Web,Delivered
ORD000004034,4319,4319,2022-07-31 14:49:07,App,Placed
ORD000004035,960,960,2025-09-23 03:14:30,App,Delivered
ORD000004036,158,158,2024-05-20 05:44:43,Web,Delivered
ORD000004037,2008,2008,2022-05-03 23:35:58,Web,Delivered
ORD000004038,4897,4897,2025-04-29 17:02:03,App,Placed
ORD000004039,722,722,2023-11-08 03:11:55,App,Delivered
ORD000004040,1255,1255,2021-07-17 13:03:59,App,Placed
ORD000004041,2346,2346,2024-04-26 02:17:29,Web,Cancelled
ORD000004042,4541,4541,2023-01-07 16:54:10,Web,Delivered
ORD000004043,105,105,2025-04-04 14:39:24,Web,Returned
ORD000004044,1662,1662,2022-03-13 02:07:19,App,Placed
ORD000004045,4979,4979,2023-08-23 16:31:28,App,Delivered
ORD000004046,5419,5419,2024-01-28 08:14:27,App,Delivered
ORD000004047,1092,1092,2025-06-03 03:32:55,App,Delivered
ORD000004048,538,538,2025-04-18 15:09:41,App,Cancelled
ORD000004049,2721,2721,2024-05-26 00:33:19,App,Returned
ORD000004050,5740,5740,2024-05-20 05:04:01,App,Delivered
ORD000004051,4897,4897,2021-08-08 06:55:03,Web,Delivered
ORD000004052,1065,1065,2024-04-21 09:01:17,App,Returned
ORD000004053,1572,1572,2021-05-29 01:41:20,Web,Delivered
ORD000004054,3016,3016,2025-03-29 03:35:39,App,Delivered
ORD000004055,3447,3447,2021-12-15 17:40:00,App,Delivered
ORD000004056,1430,1430,2025-10-20 07:34:37,App,Delivered
ORD000004057,5628,5628,2024-09-10 11:48:57,Web,Delivered
ORD000004058,242,242,2023-01-21 23:55:14,App,Delivered
ORD000004059,1363,1363,2022-04-11 11:36:15,App,Delivered
ORD000004060,2068,2068,2021-11-02 12:52:08,Web,Delivered
ORD000004061,1879,1879,2022-05-11 00:03:12,App,Delivered
ORD000004062,5988,5988,2022-08-07 11:35:44,App,Shipped
ORD000004063,2889,2889,2022-08-04 22:50:03,Web,Delivered
ORD000004064,5136,5136,2023-10-31 22:49:59,App,Returned
ORD000004065,301,301,2021-09-28 11:28:46,Store,Shipped
ORD000004066,4261,4261,2021-07-01 22:28:13,Web,Placed
ORD000004067,2829,2829,2024-11-03 16:36:15,App,Delivered
ORD000004068,3763,3763,2024-03-25 17:33:08,Web,Delivered
ORD000004069,5378,5378,2024-01-27 04:00:44,App,Delivered
ORD000004070,5708,5708,2023-07-23 01:12:35,App,Placed
ORD000004071,3689,3689,2022-03-17 18:40:32,Store,Delivered
ORD000004072,2401,2401,2023-12-17 23:29:58,Web,Delivered
ORD000004073,3159,3159,2021-06-13 21:52:09,App,Delivered
ORD000004074,1021,1021,2021-11-16 11:03:20,App,Delivered
ORD000004075,1550,1550,2024-11-22 20:22:59,Web,Delivered
ORD000004076,2919,2919,2025-06-14 18:39:08,App,Placed
ORD000004077,878,878,2024-10-06 12:09:07,App,Delivered
ORD000004078,3081,3081,2024-04-22 10:03:27,App,Delivered
ORD000004079,3535,3535,2024-08-24 05:46:06,Web,Returned
ORD000004080,3608,3608,2023-07-08 14:45:23,App,Delivered
ORD000004081,1321,1321,2021-09-21 13:30:33,App,Delivered
ORD000004082,5337,5337,2025-11-01 19:21:55,App,Returned
ORD000004083,3104,3104,2023-08-04 05:58:31,Web,Delivered
ORD000004084,4527,4527,2021-08-25 14:45:55,App,Placed
ORD000004085,2837,2837,2025-03-01 00:06:32,App,Delivered
ORD000004086,5351,5351,2021-12-29 15:07:03,App,Delivered
ORD000004087,2118,2118,2023-03-12 21:46:16,App,Delivered
ORD000004088,1135,1135,2025-02-11 15:17:45,Store,Delivered
ORD000004089,3161,3161,2025-11-02 21:52:03,App,Delivered
ORD000004090,4098,4098,2026-01-23 01:57:20,App,Delivered
ORD000004091,3128,3128,2023-06-21 06:21:11,App,Placed
ORD000004092,2718,2718,2021-08-08 08:16:04,App,Shipped
ORD000004093,2592,2592,2024-10-29 15:37:23,Web,Delivered
ORD000004094,190,190,2024-12-26 14:42:07,App,Delivered
ORD000004095,2770,2770,2023-01-09 10:14:44,Web,Shipped
ORD000004096,3555,3555,2024-04-11 21:44:39,Web,Delivered
ORD000004097,3380,3380,2024-08-23 04:12:59,App,Returned
ORD000004098,4118,4118,2023-10-18 11:31:36,App,Delivered
ORD000004099,3558,3558,2025-04-25 10:13:36,Web,Returned
ORD000004100,5838,5838,2023-10-17 23:00:04,Web,Delivered
ORD000004101,1570,1570,2024-10-28 03:55:42,Web,Delivered
ORD000004102,3926,3926,2023-03-09 13:00:05,App,Delivered
ORD000004103,1488,1488,2022-05-22 13:36:53,Web,Shipped
ORD000004104,568,568,2025-10-28 02:38:49,Web,Placed
ORD000004105,3824,3824,2024-12-13 13:39:49,Web,Shipped
ORD000004106,3505,3505,2025-03-12 12:14:26,Web,Delivered
ORD000004107,2623,2623,2024-09-09 05:28:30,App,Shipped
ORD000004108,5520,5520,2023-01-25 08:46:58,Web,Returned
ORD000004109,4902,4902,2022-12-16 01:19:01,App,Shipped
ORD000004110,914,914,2022-05-03 07:38:36,App,Delivered
ORD000004111,4864,4864,2022-11-26 14:13:32,Web,Delivered
ORD000004112,5230,5230,2025-08-18 09:43:09,App,Shipped
ORD000004113,48,48,2025-04-22 02:56:25,Web,Delivered
ORD000004114,744,744,2024-05-22 04:17:18,App,Delivered
ORD000004115,5202,5202,2023-05-10 02:28:13,Store,Cancelled
ORD000004116,2734,2734,2023-09-04 09:49:43,App,Returned
ORD000004117,2673,2673,2024-11-24 22:14:19,App,Returned
ORD000004118,5398,5398,2021-02-14 01:16:30,Web,Delivered
ORD000004119,4477,4477,2023-04-21 09:43:41,App,Delivered
ORD000004120,4406,4406,2024-10-31 00:43:03,Web,Delivered
ORD000004121,542,542,2024-03-14 07:46:48,App,Delivered
ORD000004122,4863,4863,2023-07-31 07:03:39,App,Delivered
ORD000004123,1207,1207,2025-07-31 21:59:25,Web,Placed
ORD000004124,184,184,2022-09-02 06:47:28,App,Delivered
ORD000004125,4010,4010,2021-03-27 03:06:54,App,Shipped
ORD000004126,1982,1982,2024-03-03 04:28:37,Web,Returned
ORD000004127,4735,4735,2024-10-20 20:48:44,App,Delivered
ORD000004128,5557,5557,2025-05-20 10:09:23,App,Shipped
ORD000004129,4690,4690,2023-01-23 13:37:58,Web,Shipped
ORD000004130,1257,1257,2021-12-14 16:03:14,Web,Delivered
ORD000004131,5941,5941,2021-05-07 02:11:27,App,Delivered
ORD000004132,2752,2752,2022-04-11 16:34:00,Web,Returned
ORD000004133,4097,4097,2022-04-29 01:35:39,App,Delivered
ORD000004134,3577,3577,2021-02-17 23:45:55,App,Delivered
ORD000004135,4815,4815,2024-05-28 22:50:29,App,Cancelled
ORD000004136,3781,3781,2022-03-06 20:59:46,Web,Delivered
ORD000004137,283,283,2023-11-20 12:37:13,Web,Shipped
ORD000004138,3601,3601,2021-07-03 08:22:46,App,Delivered
ORD000004139,1210,1210,2024-01-14 20:25:57,App,Delivered
ORD000004140,441,441,2022-04-20 11:45:10,Web,Cancelled
ORD000004141,3808,3808,2021-10-23 08:34:07,App,Returned
ORD000004142,4735,4735,2021-03-29 19:10:57,Web,Delivered
ORD000004143,474,474,2025-02-13 14:27:25,Store,Delivered
ORD000004144,1858,1858,2022-10-03 05:15:59,App,Delivered
ORD000004145,2780,2780,2024-05-26 16:20:19,App,Delivered
ORD000004146,5037,5037,2025-01-12 16:31:55,App,Delivered
ORD000004147,4756,4756,2022-07-18 01:00:20,App,Placed
ORD000004148,4388,4388,2022-04-20 07:52:08,Web,Delivered
ORD000004149,4343,4343,2022-07-30 17:04:04,App,Delivered
ORD000004150,1942,1942,2024-04-11 21:45:13,App,Placed
ORD000004151,4284,4284,2025-08-01 14:00:39,Web,Delivered
ORD000004152,1547,1547,2022-09-05 21:26:49,App,Delivered
ORD000004153,3356,3356,2023-08-24 14:42:41,App,Delivered
ORD000004154,557,557,2024-06-11 02:57:56,App,Delivered
ORD000004155,5244,5244,2021-03-07 06:12:35,Web,Delivered
ORD000004156,4343,4343,2025-06-27 06:51:43,Web,Delivered
ORD000004157,3478,3478,2025-06-30 08:11:08,Web,Delivered
ORD000004158,5457,5457,2025-08-02 07:41:01,App,Returned
ORD000004159,5055,5055,2025-10-03 21:07:16,Web,Delivered
ORD000004160,3231,3231,2021-11-18 17:33:35,App,Placed
ORD000004161,3339,3339,2021-11-26 16:45:14,App,Delivered
ORD000004162,1827,1827,2024-10-26 01:01:48,App,Returned
ORD000004163,2199,2199,2021-06-10 18:49:01,Store,Shipped
ORD000004164,3357,3357,2024-03-26 15:46:43,App,Returned
ORD000004165,4076,4076,2024-01-18 03:39:52,Web,Delivered
ORD000004166,4220,4220,2025-12-11 14:08:02,App,Cancelled
ORD000004167,3812,3812,2025-02-25 05:02:15,Web,Delivered
ORD000004168,1895,1895,2022-09-01 00:04:21,App,Delivered
ORD000004169,5460,5460,2021-10-09 15:52:44,Store,Cancelled
ORD000004170,1753,1753,2025-01-05 11:05:50,App,Returned
ORD000004171,4755,4755,2021-05-01 12:59:55,Store,Shipped
ORD000004172,3802,3802,2024-02-01 22:03:19,Web,Returned
ORD000004173,2656,2656,2024-05-11 04:04:14,Web,Delivered
ORD000004174,3519,3519,2024-04-08 14:50:23,Web,Returned
ORD000004175,5682,5682,2022-06-04 01:14:10,App,Delivered
ORD000004176,5077,5077,2022-03-15 15:25:15,Web,Delivered
ORD000004177,1481,1481,2024-06-23 05:54:03,App,Delivered
ORD000004178,2579,2579,2023-11-05 20:35:18,Web,Cancelled
ORD000004179,4821,4821,2022-09-01 23:36:53,App,Delivered
ORD000004180,1554,1554,2023-01-12 11:16:06,Web,Returned
ORD000004181,646,646,2024-07-02 17:23:56,App,Delivered
ORD000004182,1827,1827,2021-11-11 03:08:24,Store,Delivered
ORD000004183,1550,1550,2022-10-19 02:04:33,App,Delivered
ORD000004184,5513,5513,2025-07-30 21:10:26,Web,Delivered
ORD000004185,1699,1699,2025-01-14 18:32:19,App,Shipped
ORD000004186,3571,3571,2021-07-28 22:55:17,Web,Delivered
ORD000004187,4614,4614,2024-02-17 17:15:10,App,Delivered
ORD000004188,3427,3427,2025-01-11 01:51:17,App,Delivered
ORD000004189,3705,3705,2024-12-23 20:24:58,App,Shipped
ORD000004190,3225,3225,2023-09-29 15:34:15,App,Returned
ORD000004191,4425,4425,2024-01-30 06:58:29,App,Delivered
ORD000004192,4786,4786,2024-08-27 07:53:28,Web,Cancelled
ORD000004193,4575,4575,2024-03-01 11:10:44,App,Delivered
ORD000004194,391,391,2023-01-29 17:12:48,Web,Cancelled
ORD000004195,4508,4508,2024-12-27 11:07:27,App,Delivered
ORD000004196,1282,1282,2023-06-30 17:14:36,Web,Placed
ORD000004197,4965,4965,2023-07-23 15:41:43,Store,Shipped
ORD000004198,507,507,2023-08-04 01:01:07,App,Delivered
ORD000004199,1723,1723,2025-08-19 20:30:15,App,Delivered
ORD000004200,958,958,2023-12-01 02:42:50,App,Delivered
ORD000004201,5859,5859,2023-03-10 05:10:31,App,Cancelled
ORD000004202,1735,1735,2024-07-03 18:29:12,Web,Cancelled
ORD000004203,763,763,2022-10-06 18:43:00,App,Delivered
ORD000004204,5597,5597,2021-12-12 16:25:40,App,Delivered
ORD000004205,5950,5950,2026-01-23 01:48:40,App,Delivered
ORD000004206,5825,5825,2022-12-13 04:16:03,App,Cancelled
ORD000004207,2556,2556,2025-04-15 16:05:54,Web,Cancelled
ORD000004208,5811,5811,2022-10-15 06:30:57,Web,Placed
ORD000004209,2612,2612,2023-05-07 00:11:46,Web,Delivered
ORD000004210,3694,3694,2022-05-12 15:10:39,Web,Delivered
ORD000004211,1760,1760,2025-05-30 01:33:07,App,Delivered
ORD000004212,2890,2890,2024-02-07 22:23:04,Web,Shipped
ORD000004213,1343,1343,2025-07-18 01:21:09,Web,Delivered
ORD000004214,5515,5515,2025-04-24 13:59:21,App,Delivered
ORD000004215,4081,4081,2024-05-31 19:00:12,Web,Placed
ORD000004216,1637,1637,2022-07-31 14:25:44,App,Delivered
ORD000004217,3510,3510,2021-07-21 15:42:29,App,Returned
ORD000004218,550,550,2022-10-06 06:41:38,App,Delivered
ORD000004219,2006,2006,2022-08-31 04:00:30,Store,Cancelled
ORD000004220,2184,2184,2024-07-04 23:53:48,Web,Delivered
ORD000004221,2566,2566,2025-06-12 03:40:09,Web,Delivered
ORD000004222,759,759,2024-09-02 13:41:30,Store,Delivered
ORD000004223,324,324,2021-09-22 06:42:05,Web,Returned
ORD000004224,1926,1926,2024-02-28 14:27:27,App,Delivered
ORD000004225,111,111,2024-10-19 15:00:11,App,Placed
ORD000004226,1824,1824,2023-01-07 14:35:49,Web,Placed
ORD000004227,3622,3622,2025-11-14 20:12:58,App,Delivered
ORD000004228,1139,1139,2024-06-14 01:03:47,App,Placed
ORD000004229,1721,1721,2024-02-07 12:22:35,App,Delivered
ORD000004230,724,724,2023-01-07 20:49:42,App,Placed
ORD000004231,2413,2413,2025-05-14 14:29:46,App,Returned
ORD000004232,5604,5604,2024-06-17 17:34:06,Web,Cancelled
ORD000004233,767,767,2022-09-13 13:16:53,Web,Delivered
ORD000004234,4928,4928,2023-07-10 22:36:02,App,Delivered
ORD000004235,3382,3382,2022-03-09 20:54:11,App,Delivered
ORD000004236,2161,2161,2023-01-31 13:21:01,Web,Delivered
ORD000004237,1294,1294,2022-08-28 06:19:15,App,Delivered
ORD000004238,2368,2368,2024-08-27 18:30:09,Web,Delivered
ORD000004239,4018,4018,2023-03-03 23:33:32,Web,Cancelled
ORD000004240,4271,4271,2023-03-05 08:47:49,App,Delivered
ORD000004241,5942,5942,2024-05-24 21:18:45,App,Delivered
ORD000004242,5323,5323,2022-08-05 21:17:20,App,Delivered
ORD000004243,1959,1959,2023-08-27 19:35:55,Store,Delivered
ORD000004244,4222,4222,2023-08-20 09:21:54,Web,Returned
ORD000004245,995,995,2022-03-05 07:56:16,Web,Delivered
ORD000004246,5587,5587,2022-10-22 07:28:00,Web,Delivered
ORD000004247,1852,1852,2022-05-16 23:47:12,Web,Delivered
ORD000004248,2977,2977,2025-02-08 19:20:20,Web,Delivered
ORD000004249,3872,3872,2024-06-13 07:52:22,App,Delivered
ORD000004250,3224,3224,2025-07-27 10:54:12,Web,Returned
ORD000004251,4011,4011,2022-02-11 22:18:20,Web,Shipped
ORD000004252,4295,4295,2023-04-24 12:04:24,App,Delivered
ORD000004253,1223,1223,2023-04-17 16:43:59,Web,Placed
ORD000004254,4783,4783,2022-02-24 23:08:11,App,Placed
ORD000004255,1477,1477,2023-08-09 00:24:07,App,Placed
ORD000004256,4878,4878,2022-12-27 10:56:45,App,Delivered
ORD000004257,941,941,2025-08-03 02:26:56,Web,Delivered
ORD000004258,3252,3252,2024-09-14 13:45:10,App,Cancelled
ORD000004259,818,818,2021-05-21 11:54:24,App,Delivered
ORD000004260,3917,3917,2023-02-01 02:25:27,Web,Delivered
ORD000004261,2071,2071,2024-04-24 22:32:45,App,Shipped
ORD000004262,637,637,2025-10-01 16:51:06,Store,Delivered
ORD000004263,4807,4807,2024-11-16 21:36:33,Web,Cancelled
ORD000004264,2377,2377,2021-11-12 21:06:31,Web,Delivered
ORD000004265,3676,3676,2025-04-21 04:26:22,Web,Shipped
ORD000004266,3402,3402,2023-02-20 13:09:00,Web,Placed
ORD000004267,2521,2521,2021-03-16 23:04:03,Web,Delivered
ORD000004268,2526,2526,2023-04-21 22:08:55,App,Delivered
ORD000004269,5355,5355,2022-07-21 14:28:16,App,Returned
ORD000004270,5018,5018,2024-11-11 07:45:50,App,Placed
ORD000004271,2636,2636,2026-02-09 10:37:54,App,Shipped
ORD000004272,5773,5773,2022-03-23 17:19:11,App,Shipped
ORD000004273,4215,4215,2023-01-28 23:00:06,Store,Delivered
ORD000004274,5160,5160,2025-12-21 18:22:37,App,Delivered
ORD000004275,260,260,2022-04-24 21:48:37,App,Shipped
ORD000004276,2997,2997,2025-06-28 14:07:08,Web,Delivered
ORD000004277,756,756,2021-11-06 06:16:28,App,Placed
ORD000004278,4102,4102,2022-12-09 22:22:11,App,Returned
ORD000004279,66,66,2023-03-27 13:21:22,App,Cancelled
ORD000004280,4078,4078,2024-10-14 17:10:25,App,Delivered
ORD000004281,2779,2779,2025-10-05 04:10:35,App,Delivered
ORD000004282,1170,1170,2022-03-04 10:39:20,Web,Delivered
ORD000004283,4125,4125,2024-09-02 08:10:58,App,Returned
ORD000004284,1667,1667,2021-08-18 16:16:16,Web,Delivered
ORD000004285,660,660,2024-10-20 20:53:15,App,Delivered
ORD000004286,4996,4996,2025-04-05 02:13:04,App,Delivered
ORD000004287,5000,5000,2021-08-10 09:01:55,App,Shipped
ORD000004288,3542,3542,2025-05-10 21:06:09,App,Returned
ORD000004289,361,361,2023-01-18 18:20:32,Web,Returned
ORD000004290,5715,5715,2023-06-12 06:12:17,App,Returned
ORD000004291,3798,3798,2024-09-25 15:03:17,App,Delivered
ORD000004292,2074,2074,2023-12-10 00:40:33,Web,Delivered
ORD000004293,3362,3362,2025-04-02 20:20:30,App,Delivered
ORD000004294,2119,2119,2024-03-02 22:41:00,App,Delivered
ORD000004295,3934,3934,2022-12-05 23:04:27,App,Placed
ORD000004296,3761,3761,2021-10-02 03:51:06,Web,Delivered
ORD000004297,5209,5209,2023-07-22 16:54:57,App,Delivered
ORD000004298,177,177,2021-03-24 14:45:59,Web,Delivered
ORD000004299,4041,4041,2023-05-15 04:11:00,App,Delivered
ORD000004300,1313,1313,2026-01-22 05:10:22,App,Delivered
ORD000004301,4671,4671,2023-09-15 19:48:15,Store,Shipped
ORD000004302,4000,4000,2023-02-09 04:56:59,App,Returned
ORD000004303,3048,3048,2023-12-06 17:46:19,App,Shipped
ORD000004304,531,531,2022-11-20 06:40:54,Web,Placed
ORD000004305,3556,3556,2023-08-10 16:56:56,App,Delivered
ORD000004306,3506,3506,2023-10-28 16:47:07,App,Delivered
ORD000004307,4589,4589,2026-01-25 08:37:16,Web,Delivered
ORD000004308,3418,3418,2025-02-06 22:40:40,App,Shipped
ORD000004309,3651,3651,2025-03-15 08:13:48,Web,Delivered
ORD000004310,1262,1262,2023-12-30 02:21:07,App,Delivered
ORD000004311,5257,5257,2022-05-08 03:44:41,App,Delivered
ORD000004312,5283,5283,2021-11-26 15:32:22,App,Delivered
ORD000004313,2887,2887,2021-03-19 15:20:35,App,Placed
ORD000004314,4943,4943,2024-07-02 18:28:38,App,Delivered
ORD000004315,4389,4389,2021-11-03 02:30:29,App,Delivered
ORD000004316,5148,5148,2021-03-24 15:16:43,App,Cancelled
ORD000004317,256,256,2021-06-20 07:24:30,Web,Delivered
ORD000004318,5001,5001,2022-07-06 14:32:55,Web,Delivered
ORD000004319,5872,5872,2022-04-23 17:09:15,App,Delivered
ORD000004320,1779,1779,2023-11-29 21:11:51,Web,Placed
ORD000004321,4761,4761,2024-09-27 12:46:55,Web,Delivered
ORD000004322,4361,4361,2022-04-29 22:17:34,App,Delivered
ORD000004323,1981,1981,2023-05-21 20:14:11,Web,Placed
ORD000004324,1588,1588,2023-05-05 07:42:25,Web,Delivered
ORD000004325,3553,3553,2025-08-26 20:32:46,App,Delivered
ORD000004326,401,401,2024-03-01 21:18:18,App,Placed
ORD000004327,4873,4873,2021-05-17 12:34:01,App,Delivered
ORD000004328,3638,3638,2023-12-24 23:43:39,Web,Shipped
ORD000004329,1215,1215,2021-06-07 02:54:46,App,Delivered
ORD000004330,1148,1148,2023-08-02 03:38:21,Web,Returned
ORD000004331,5551,5551,2025-08-10 17:20:35,App,Delivered
ORD000004332,3949,3949,2023-06-10 03:39:35,App,Delivered
ORD000004333,2451,2451,2023-01-06 16:51:50,App,Shipped
ORD000004334,3394,3394,2024-01-06 05:58:04,Web,Delivered
ORD000004335,3143,3143,2024-02-26 06:51:25,Web,Cancelled
ORD000004336,874,874,2024-10-24 02:46:30,App,Delivered
ORD000004337,5665,5665,2021-11-25 19:16:58,App,Delivered
ORD000004338,374,374,2023-01-20 16:57:55,Store,Delivered
ORD000004339,1195,1195,2021-08-11 07:54:59,Web,Delivered
ORD000004340,3528,3528,2025-07-01 18:12:58,App,Shipped
ORD000004341,4958,4958,2025-11-01 12:40:52,Web,Delivered
ORD000004342,3482,3482,2023-04-08 01:31:07,Store,Delivered
ORD000004343,4397,4397,2023-07-31 02:07:52,Web,Delivered
ORD000004344,5616,5616,2025-10-29 08:37:38,App,Delivered
ORD000004345,2150,2150,2025-12-15 02:31:48,App,Delivered
ORD000004346,2058,2058,2025-05-19 08:49:53,App,Shipped
ORD000004347,3113,3113,2022-05-23 22:13:45,Web,Delivered
ORD000004348,2418,2418,2023-07-03 09:25:48,Web,Delivered
ORD000004349,126,126,2023-09-21 04:06:57,Web,Delivered
ORD000004350,2833,2833,2026-01-20 20:21:46,App,Returned
ORD000004351,4479,4479,2023-05-28 20:58:54,App,Delivered
ORD000004352,450,450,2025-02-19 08:19:28,App,Delivered
ORD000004353,4619,4619,2021-10-14 13:09:51,App,Delivered
ORD000004354,5951,5951,2022-09-26 23:22:34,Web,Placed
ORD000004355,1010,1010,2022-01-22 07:30:39,App,Delivered
ORD000004356,3779,3779,2022-07-24 07:31:58,App,Cancelled
ORD000004357,942,942,2025-03-16 09:11:47,App,Placed
ORD000004358,3604,3604,2023-01-28 18:24:18,Web,Delivered
ORD000004359,3981,3981,2025-12-04 22:51:25,App,Delivered
ORD000004360,4369,4369,2023-09-04 01:54:34,Web,Placed
ORD000004361,502,502,2024-08-07 11:49:14,Store,Returned
ORD000004362,3819,3819,2024-10-25 04:39:57,App,Cancelled
ORD000004363,1251,1251,2023-07-22 15:59:11,App,Shipped
ORD000004364,2389,2389,2024-08-12 02:46:49,App,Delivered
ORD000004365,2320,2320,2023-06-13 06:21:53,Web,Delivered
ORD000004366,5911,5911,2023-03-31 05:33:21,Web,Delivered
ORD000004367,3196,3196,2021-09-28 00:29:09,App,Returned
ORD000004368,2958,2958,2021-03-07 20:44:14,App,Returned
ORD000004369,5703,5703,2023-08-10 11:47:10,Web,Delivered
ORD000004370,1197,1197,2021-11-26 05:16:44,Web,Placed
ORD000004371,3275,3275,2022-08-30 05:27:48,App,Delivered
ORD000004372,1057,1057,2023-08-25 14:26:47,App,Returned
ORD000004373,2259,2259,2025-02-27 23:11:18,App,Shipped
ORD000004374,4909,4909,2021-10-08 05:52:25,App,Returned
ORD000004375,3049,3049,2024-06-14 05:29:50,App,Shipped
ORD000004376,3123,3123,2021-06-01 22:55:17,Web,Placed
ORD000004377,1907,1907,2023-09-20 23:59:38,App,Delivered
ORD000004378,2940,2940,2021-08-23 04:02:14,App,Delivered
ORD000004379,5975,5975,2023-07-17 23:42:31,Web,Delivered
ORD000004380,3479,3479,2021-04-12 11:29:45,App,Delivered
ORD000004381,541,541,2024-12-23 23:00:50,App,Shipped
ORD000004382,518,518,2023-03-14 08:17:58,Web,Returned
ORD000004383,5031,5031,2025-04-28 02:06:40,App,Delivered
ORD000004384,4229,4229,2023-01-04 07:35:40,App,Delivered
ORD000004385,424,424,2024-06-28 03:34:54,Store,Shipped
ORD000004386,858,858,2021-03-23 03:47:06,App,Delivered
ORD000004387,4178,4178,2021-08-22 08:05:38,App,Delivered
ORD000004388,2837,2837,2024-12-10 09:09:48,App,Returned
ORD000004389,1753,1753,2025-10-31 11:37:12,Web,Shipped
ORD000004390,5012,5012,2025-09-28 23:05:32,App,Placed
ORD000004391,1667,1667,2024-12-26 23:15:41,App,Returned
ORD000004392,1864,1864,2023-04-21 05:29:40,App,Delivered
ORD000004393,4462,4462,2023-02-28 05:28:08,App,Delivered
ORD000004394,5945,5945,2022-05-10 09:14:16,App,Returned
ORD000004395,2414,2414,2025-01-29 05:09:25,Web,Delivered
ORD000004396,5213,5213,2025-02-07 20:58:17,Web,Delivered
ORD000004397,2119,2119,2024-07-26 17:18:41,Web,Delivered
ORD000004398,4422,4422,2023-12-04 03:26:19,App,Delivered
ORD000004399,5627,5627,2021-04-28 20:30:30,App,Delivered
ORD000004400,1350,1350,2025-02-19 04:39:09,App,Delivered
ORD000004401,2892,2892,2022-07-29 20:26:15,Web,Delivered
ORD000004402,1071,1071,2023-11-09 23:28:50,Web,Cancelled
ORD000004403,1754,1754,2021-06-22 08:30:41,App,Delivered
ORD000004404,2137,2137,2023-10-18 17:23:14,App,Delivered
ORD000004405,3859,3859,2026-01-15 06:17:35,App,Delivered
ORD000004406,5347,5347,2022-05-19 07:27:23,App,Placed
ORD000004407,1421,1421,2025-02-06 04:31:26,App,Delivered
ORD000004408,5872,5872,2022-05-28 00:35:53,App,Delivered
ORD000004409,3488,3488,2022-01-09 16:59:28,App,Shipped
ORD000004410,5022,5022,2024-07-17 09:31:51,App,Shipped
ORD000004411,2942,2942,2021-08-12 09:45:46,Web,Returned
ORD000004412,4266,4266,2022-01-27 14:49:56,Web,Delivered
ORD000004413,1389,1389,2025-11-24 10:56:05,App,Delivered
ORD000004414,5352,5352,2023-08-12 16:03:59,App,Delivered
ORD000004415,620,620,2025-10-14 15:38:36,App,Delivered
ORD000004416,3400,3400,2021-04-24 10:50:26,Web,Delivered
ORD000004417,1257,1257,2025-10-17 12:04:09,App,Shipped
ORD000004418,4778,4778,2022-02-12 02:14:51,App,Returned
ORD000004419,3719,3719,2026-01-19 16:39:44,Web,Delivered
ORD000004420,5522,5522,2021-02-15 23:30:53,App,Shipped
ORD000004421,1011,1011,2023-02-02 10:02:19,Store,Shipped
ORD000004422,2684,2684,2024-11-16 18:24:24,App,Delivered
ORD000004423,426,426,2025-05-26 23:14:37,Web,Delivered
ORD000004424,4025,4025,2021-09-19 23:34:11,Web,Delivered
ORD000004425,217,217,2022-04-03 06:45:44,Web,Delivered
ORD000004426,610,610,2022-02-26 16:27:16,App,Delivered
ORD000004427,4454,4454,2022-01-09 10:14:13,App,Delivered
ORD000004428,186,186,2024-05-03 10:00:13,App,Delivered
ORD000004429,725,725,2022-04-09 15:44:26,Web,Delivered
ORD000004430,4966,4966,2022-09-26 22:12:41,Web,Returned
ORD000004431,824,824,2023-11-05 07:03:26,App,Delivered
ORD000004432,1768,1768,2025-11-18 05:25:32,Web,Delivered
ORD000004433,1978,1978,2025-10-06 20:06:47,App,Placed
ORD000004434,4775,4775,2023-08-25 03:48:27,App,Returned
ORD000004435,3890,3890,2021-08-31 23:54:53,Web,Delivered
ORD000004436,1185,1185,2025-07-26 21:54:38,App,Delivered
ORD000004437,4380,4380,2025-03-26 01:31:47,App,Delivered
ORD000004438,184,184,2025-01-30 08:30:45,Web,Delivered
ORD000004439,3609,3609,2022-05-20 07:31:12,App,Delivered
ORD000004440,3767,3767,2025-06-20 22:13:25,App,Delivered
ORD000004441,1620,1620,2025-11-05 11:06:40,Web,Delivered
ORD000004442,4327,4327,2022-09-04 05:23:38,Web,Delivered
ORD000004443,2436,2436,2025-03-25 11:44:21,App,Delivered
ORD000004444,735,735,2021-06-24 08:17:20,Web,Delivered
ORD000004445,158,158,2023-11-27 10:34:34,Store,Shipped
ORD000004446,1342,1342,2025-02-24 20:52:44,Web,Delivered
ORD000004447,5305,5305,2021-05-06 11:45:06,App,Returned
ORD000004448,3493,3493,2023-06-22 08:06:25,Web,Delivered
ORD000004449,3255,3255,2022-07-01 10:53:19,App,Delivered
ORD000004450,1076,1076,2026-01-14 01:41:58,Web,Cancelled
ORD000004451,5123,5123,2025-06-11 12:09:04,App,Returned
ORD000004452,5767,5767,2023-06-26 07:05:29,Web,Shipped
ORD000004453,1862,1862,2025-03-31 09:39:00,App,Placed
ORD000004454,2630,2630,2024-03-27 01:26:45,Web,Delivered
ORD000004455,5136,5136,2023-08-07 02:19:26,App,Delivered
ORD000004456,5000,5000,2024-01-05 09:14:43,App,Delivered
ORD000004457,2965,2965,2024-04-09 13:59:01,App,Delivered
ORD000004458,889,889,2022-09-18 15:51:16,App,Delivered
ORD000004459,5387,5387,2022-11-06 05:35:08,App,Delivered
ORD000004460,5426,5426,2024-07-23 12:38:20,App,Delivered
ORD000004461,5126,5126,2024-12-26 20:39:22,Web,Placed
ORD000004462,1134,1134,2025-06-22 09:11:50,App,Delivered
ORD000004463,4239,4239,2021-02-18 22:12:28,App,Delivered
ORD000004464,5787,5787,2025-03-10 12:06:43,App,Delivered
ORD000004465,4303,4303,2023-02-18 14:23:29,Web,Delivered
ORD000004466,166,166,2022-09-13 11:46:45,App,Delivered
ORD000004467,3757,3757,2021-08-17 08:04:13,App,Delivered
ORD000004468,4490,4490,2025-05-27 04:37:48,Web,Placed
ORD000004469,121,121,2022-11-27 14:28:09,App,Placed
ORD000004470,2998,2998,2025-05-20 11:10:52,Web,Shipped
ORD000004471,4509,4509,2022-02-16 14:24:31,Web,Shipped
ORD000004472,3212,3212,2024-08-30 23:58:02,App,Delivered
ORD000004473,1976,1976,2025-09-13 10:40:44,Web,Cancelled
ORD000004474,3156,3156,2023-03-05 04:00:51,Web,Delivered
ORD000004475,421,421,2025-03-10 00:16:38,Web,Delivered
ORD000004476,1730,1730,2023-08-23 16:16:55,Web,Placed
ORD000004477,2836,2836,2021-05-25 13:25:26,Store,Cancelled
ORD000004478,4364,4364,2022-12-16 11:44:28,Web,Placed
ORD000004479,2086,2086,2025-08-17 10:34:07,Web,Delivered
ORD000004480,2386,2386,2025-01-06 22:31:08,App,Delivered
ORD000004481,1778,1778,2023-05-05 15:52:43,App,Delivered
ORD000004482,2378,2378,2021-02-28 10:17:48,App,Delivered
ORD000004483,4295,4295,2023-06-06 08:40:11,Web,Delivered
ORD000004484,2858,2858,2021-05-15 07:31:06,App,Returned
ORD000004485,4101,4101,2021-07-27 02:24:39,App,Shipped
ORD000004486,1456,1456,2024-10-23 05:44:06,App,Delivered
ORD000004487,989,989,2025-03-25 01:26:10,Web,Delivered
ORD000004488,5491,5491,2021-04-30 09:51:01,Web,Delivered
ORD000004489,4991,4991,2023-11-15 08:42:23,App,Returned
ORD000004490,1891,1891,2025-12-06 17:02:32,App,Shipped
ORD000004491,2483,2483,2021-08-29 03:39:37,App,Delivered
ORD000004492,650,650,2025-06-19 07:02:16,App,Shipped
ORD000004493,1829,1829,2024-03-20 17:12:20,App,Delivered
ORD000004494,2429,2429,2023-01-15 22:27:26,Store,Delivered
ORD000004495,4675,4675,2025-04-07 13:04:50,App,Delivered
ORD000004496,2318,2318,2022-09-24 12:54:06,Web,Placed
ORD000004497,47,47,2023-02-22 06:08:11,Web,Delivered
ORD000004498,4461,4461,2024-02-10 08:54:00,Store,Returned
ORD000004499,2116,2116,2021-11-27 17:50:23,App,Placed
ORD000004500,2255,2255,2025-09-23 03:17:25,App,Delivered
ORD000004501,73,73,2024-06-23 03:56:35,Web,Placed
ORD000004502,5379,5379,2025-11-20 12:12:10,App,Returned
ORD000004503,3458,3458,2023-05-28 04:06:06,App,Delivered
ORD000004504,2023,2023,2023-05-19 07:41:10,Web,Delivered
ORD000004505,4086,4086,2026-01-26 14:27:21,App,Delivered
ORD000004506,2078,2078,2022-09-23 07:26:05,App,Returned
ORD000004507,1027,1027,2022-08-02 15:09:48,App,Placed
ORD000004508,5641,5641,2025-12-16 13:29:38,App,Shipped
ORD000004509,1544,1544,2024-03-18 19:18:21,App,Delivered
ORD000004510,4617,4617,2023-06-19 21:44:43,Web,Delivered
ORD000004511,4497,4497,2025-05-11 04:46:16,App,Cancelled
ORD000004512,5784,5784,2024-04-10 18:58:39,Web,Delivered
ORD000004513,2037,2037,2023-04-20 17:55:35,App,Delivered
ORD000004514,4750,4750,2024-03-18 11:32:57,App,Delivered
ORD000004515,5046,5046,2023-08-10 02:09:12,Web,Returned
ORD000004516,848,848,2024-09-14 06:48:17,Web,Delivered
ORD000004517,4081,4081,2021-07-24 22:23:37,App,Delivered
ORD000004518,1496,1496,2023-03-22 00:51:50,App,Delivered
ORD000004519,935,935,2024-03-24 02:41:13,App,Delivered
ORD000004520,1396,1396,2025-07-04 22:39:39,Web,Returned
ORD000004521,539,539,2025-09-02 17:16:13,App,Delivered
ORD000004522,3420,3420,2024-04-10 02:42:02,Web,Cancelled
ORD000004523,71,71,2023-08-05 23:02:11,App,Delivered
ORD000004524,5602,5602,2025-03-03 14:19:39,App,Placed
ORD000004525,5851,5851,2022-04-20 13:06:52,App,Delivered
ORD000004526,5922,5922,2021-05-28 08:01:11,App,Delivered
ORD000004527,256,256,2024-05-09 12:47:44,App,Returned
ORD000004528,2195,2195,2023-04-16 12:51:26,App,Delivered
ORD000004529,902,902,2023-12-08 02:37:11,App,Delivered
ORD000004530,670,670,2025-06-14 07:19:42,App,Returned
ORD000004531,1884,1884,2022-02-07 17:49:37,Web,Delivered
ORD000004532,140,140,2023-02-20 04:41:41,Web,Cancelled
ORD000004533,2703,2703,2021-04-12 19:16:54,App,Delivered
ORD000004534,2669,2669,2024-11-07 10:48:06,Web,Placed
ORD000004535,1447,1447,2026-01-05 12:58:07,Web,Returned
ORD000004536,2919,2919,2023-04-09 07:43:24,Web,Delivered
ORD000004537,3904,3904,2021-09-24 23:53:00,Web,Shipped
ORD000004538,4160,4160,2022-10-06 01:09:43,App,Returned
ORD000004539,1295,1295,2025-11-12 20:25:17,App,Delivered
ORD000004540,5818,5818,2023-11-09 19:18:17,App,Placed
ORD000004541,868,868,2021-12-12 15:00:39,App,Shipped
ORD000004542,2883,2883,2022-01-22 14:19:34,App,Cancelled
ORD000004543,4609,4609,2021-11-26 16:00:14,App,Returned
ORD000004544,5127,5127,2022-09-24 19:17:31,Web,Delivered
ORD000004545,1417,1417,2022-01-03 11:52:51,App,Delivered
ORD000004546,3073,3073,2024-09-22 03:31:15,App,Delivered
ORD000004547,3333,3333,2024-05-13 01:41:13,Web,Delivered
ORD000004548,4964,4964,2024-04-17 20:23:24,App,Delivered
ORD000004549,4874,4874,2025-03-07 21:22:06,App,Delivered
ORD000004550,5122,5122,2021-09-01 00:59:23,App,Delivered
ORD000004551,2583,2583,2021-05-03 01:57:29,Web,Delivered
ORD000004552,359,359,2024-12-22 00:49:56,Web,Delivered
ORD000004553,1501,1501,2023-08-04 13:04:22,Web,Delivered
ORD000004554,1939,1939,2026-01-07 19:49:26,Web,Delivered
ORD000004555,5542,5542,2022-12-29 09:22:19,Web,Placed
ORD000004556,815,815,2021-07-26 06:54:39,App,Returned
ORD000004557,596,596,2022-01-11 23:40:54,App,Placed
ORD000004558,5067,5067,2024-07-02 13:53:11,App,Delivered
ORD000004559,227,227,2025-04-01 00:39:34,Web,Delivered
ORD000004560,2996,2996,2022-11-18 22:31:06,Web,Placed
ORD000004561,3836,3836,2024-03-18 16:55:31,Web,Delivered
ORD000004562,4913,4913,2022-05-28 15:53:31,App,Delivered
ORD000004563,3319,3319,2025-11-24 02:50:25,App,Delivered
ORD000004564,5938,5938,2021-05-29 15:58:42,Web,Delivered
ORD000004565,2065,2065,2021-12-11 06:55:02,Web,Delivered
ORD000004566,2352,2352,2023-03-13 12:29:46,Web,Delivered
ORD000004567,1538,1538,2022-04-27 08:40:12,App,Cancelled
ORD000004568,5566,5566,2025-04-21 23:10:50,App,Placed
ORD000004569,1365,1365,2024-07-17 08:43:09,App,Shipped
ORD000004570,2829,2829,2024-08-14 08:36:22,App,Delivered
ORD000004571,1085,1085,2024-01-08 07:01:03,App,Delivered
ORD000004572,267,267,2024-09-27 13:58:46,Web,Delivered
ORD000004573,5217,5217,2023-05-25 12:03:07,App,Delivered
ORD000004574,5403,5403,2021-10-07 16:51:48,Web,Returned
ORD000004575,1271,1271,2021-12-31 12:49:10,Web,Delivered
ORD000004576,35,35,2024-02-04 19:52:05,App,Delivered
ORD000004577,4882,4882,2021-07-16 15:25:16,App,Shipped
ORD000004578,68,68,2024-08-30 19:53:24,Web,Delivered
ORD000004579,189,189,2023-04-03 20:20:12,App,Delivered
ORD000004580,4137,4137,2023-11-18 16:43:28,App,Returned
ORD000004581,4704,4704,2024-11-25 13:19:42,Web,Placed
ORD000004582,683,683,2023-12-01 06:23:51,App,Delivered
ORD000004583,5041,5041,2025-02-24 21:40:58,App,Placed
ORD000004584,2955,2955,2021-11-11 03:35:52,Web,Delivered
ORD000004585,3139,3139,2023-06-14 05:43:39,Web,Delivered
ORD000004586,5043,5043,2025-07-18 01:23:28,App,Delivered
ORD000004587,1332,1332,2023-08-28 11:04:11,Web,Delivered
ORD000004588,3191,3191,2024-03-27 10:39:56,App,Delivered
ORD000004589,853,853,2025-12-31 11:05:59,App,Delivered
ORD000004590,5070,5070,2022-05-06 14:44:44,App,Delivered
ORD000004591,3059,3059,2023-01-09 07:28:59,Web,Cancelled
ORD000004592,757,757,2024-05-24 06:31:16,Web,Placed
ORD000004593,3997,3997,2024-02-02 09:28:54,App,Returned
ORD000004594,1695,1695,2025-11-08 11:32:25,App,Delivered
ORD000004595,1308,1308,2024-05-26 15:30:23,Web,Placed
ORD000004596,5739,5739,2024-01-25 06:05:53,App,Shipped
ORD000004597,2596,2596,2022-07-22 09:47:29,App,Returned
ORD000004598,5468,5468,2022-11-23 08:22:28,Web,Returned
ORD000004599,1219,1219,2024-08-25 11:17:50,App,Delivered
ORD000004600,5900,5900,2022-02-11 15:53:41,App,Delivered
ORD000004601,484,484,2025-06-27 21:58:51,App,Delivered
ORD000004602,4684,4684,2021-04-03 07:15:20,Web,Returned
ORD000004603,5468,5468,2022-04-29 11:33:25,Web,Delivered
ORD000004604,3989,3989,2024-01-14 11:26:44,App,Returned
ORD000004605,3550,3550,2024-03-21 02:38:36,App,Returned
ORD000004606,1122,1122,2024-11-16 01:30:21,App,Delivered
ORD000004607,282,282,2022-07-09 13:42:18,Web,Delivered
ORD000004608,630,630,2024-12-24 08:46:06,Web,Shipped
ORD000004609,2467,2467,2022-03-26 15:25:48,App,Delivered
ORD000004610,4319,4319,2025-06-12 22:06:13,Web,Delivered
ORD000004611,4176,4176,2021-12-31 22:01:53,Web,Placed
ORD000004612,4922,4922,2024-01-19 14:40:00,Web,Delivered
ORD000004613,2730,2730,2024-07-06 05:33:07,Web,Delivered
ORD000004614,3465,3465,2023-10-08 16:56:15,Web,Delivered
ORD000004615,2382,2382,2021-03-18 07:48:51,App,Delivered
ORD000004616,2937,2937,2023-06-29 12:21:57,App,Cancelled
ORD000004617,1352,1352,2024-11-19 05:26:39,App,Shipped
ORD000004618,5122,5122,2025-02-03 12:51:49,App,Returned
ORD000004619,5323,5323,2024-02-10 20:44:30,App,Delivered
ORD000004620,2306,2306,2024-08-16 22:08:32,App,Shipped
ORD000004621,3439,3439,2024-03-22 18:41:14,App,Delivered
ORD000004622,837,837,2022-05-06 10:25:36,Web,Delivered
ORD000004623,3450,3450,2021-03-30 11:31:16,App,Shipped
ORD000004624,5561,5561,2023-02-27 19:22:38,App,Shipped
ORD000004625,4551,4551,2025-11-15 16:03:58,Web,Delivered
ORD000004626,5907,5907,2022-01-14 18:51:20,App,Cancelled
ORD000004627,2067,2067,2024-01-30 19:22:47,App,Returned
ORD000004628,3002,3002,2025-07-12 06:17:22,Web,Delivered
ORD000004629,6000,6000,2022-07-06 10:20:45,Web,Delivered
ORD000004630,5075,5075,2024-09-21 04:25:21,App,Delivered
ORD000004631,433,433,2021-07-03 03:00:42,App,Delivered
ORD000004632,5549,5549,2021-12-31 03:38:06,Store,Placed
ORD000004633,4348,4348,2025-08-14 05:49:55,Web,Delivered
ORD000004634,4892,4892,2024-02-10 11:45:05,App,Returned
ORD000004635,3915,3915,2023-03-04 11:27:49,App,Returned
ORD000004636,3634,3634,2021-12-19 10:11:43,App,Returned
ORD000004637,5943,5943,2022-11-14 19:17:48,App,Delivered
ORD000004638,2958,2958,2024-08-04 15:36:32,Web,Placed
ORD000004639,2786,2786,2024-07-03 23:21:32,App,Cancelled
ORD000004640,221,221,2025-08-07 11:19:39,App,Delivered
ORD000004641,2161,2161,2023-12-22 16:05:38,Web,Delivered
ORD000004642,4656,4656,2023-05-11 15:31:20,App,Delivered
ORD000004643,5178,5178,2024-09-13 22:55:43,Store,Shipped
ORD000004644,2245,2245,2022-11-03 10:30:20,App,Delivered
ORD000004645,3809,3809,2026-01-28 14:13:16,App,Returned
ORD000004646,5838,5838,2025-04-10 00:05:25,App,Returned
ORD000004647,780,780,2024-03-05 07:03:10,App,Delivered
ORD000004648,2263,2263,2022-05-28 19:11:30,App,Delivered
ORD000004649,4732,4732,2023-09-06 02:29:21,Store,Placed
ORD000004650,1040,1040,2024-05-06 20:09:43,Web,Delivered
ORD000004651,2281,2281,2022-09-27 04:08:18,App,Delivered
ORD000004652,5521,5521,2023-01-09 00:23:16,Web,Delivered
ORD000004653,1804,1804,2022-03-11 00:14:39,Web,Delivered
ORD000004654,1389,1389,2024-01-15 12:37:38,Web,Delivered
ORD000004655,3509,3509,2021-09-18 12:41:01,App,Delivered
ORD000004656,2119,2119,2022-06-16 14:53:42,App,Returned
ORD000004657,3784,3784,2025-01-07 23:13:34,App,Delivered
ORD000004658,4056,4056,2023-11-18 23:05:51,App,Returned
ORD000004659,1583,1583,2023-03-31 00:33:41,App,Shipped
ORD000004660,4018,4018,2022-01-28 11:35:49,App,Cancelled
ORD000004661,3446,3446,2022-02-04 16:53:52,App,Delivered
ORD000004662,458,458,2025-04-06 03:32:37,Web,Delivered
ORD000004663,4307,4307,2025-05-08 05:34:41,App,Delivered
ORD000004664,2819,2819,2023-05-09 01:24:20,App,Delivered
ORD000004665,5159,5159,2025-03-19 10:53:51,App,Delivered
ORD000004666,3332,3332,2022-08-11 20:29:12,App,Shipped
ORD000004667,677,677,2021-11-14 20:16:53,App,Delivered
ORD000004668,2143,2143,2024-02-12 02:06:04,App,Shipped
ORD000004669,1414,1414,2022-03-20 07:34:49,App,Delivered
ORD000004670,906,906,2022-01-19 23:30:29,App,Delivered
ORD000004671,5388,5388,2024-10-01 23:40:12,Web,Delivered
ORD000004672,5614,5614,2021-07-16 01:46:23,Web,Placed
ORD000004673,5750,5750,2021-04-13 11:54:21,Web,Delivered
ORD000004674,5186,5186,2022-04-16 09:46:30,App,Placed
ORD000004675,5507,5507,2023-09-29 07:51:37,Web,Returned
ORD000004676,3392,3392,2022-10-18 18:34:17,App,Cancelled
ORD000004677,3992,3992,2024-07-22 02:56:25,App,Delivered
ORD000004678,2223,2223,2022-01-21 00:19:00,App,Delivered
ORD000004679,112,112,2024-06-11 01:35:31,App,Delivered
ORD000004680,3380,3380,2021-07-30 20:57:30,Web,Placed
ORD000004681,3874,3874,2025-12-09 18:51:19,Web,Placed
ORD000004682,3152,3152,2023-01-21 19:37:41,Web,Delivered
ORD000004683,5607,5607,2025-04-11 07:31:38,Web,Delivered
ORD000004684,1945,1945,2021-03-09 04:06:14,App,Delivered
ORD000004685,2501,2501,2021-03-16 01:16:07,Web,Delivered
ORD000004686,413,413,2022-06-24 06:42:12,App,Delivered
ORD000004687,4069,4069,2021-08-18 20:13:37,App,Placed
ORD000004688,2652,2652,2022-12-16 16:12:54,Web,Delivered
ORD000004689,5056,5056,2022-02-03 12:23:51,Web,Delivered
ORD000004690,186,186,2023-09-07 03:45:25,App,Returned
ORD000004691,1577,1577,2022-05-19 20:28:59,App,Delivered
ORD000004692,3159,3159,2024-10-17 06:36:18,App,Returned
ORD000004693,4078,4078,2021-02-28 23:09:54,Web,Delivered
ORD000004694,51,51,2025-10-09 01:05:14,Web,Delivered
ORD000004695,1170,1170,2024-10-13 06:08:05,Web,Delivered
ORD000004696,4451,4451,2023-01-02 15:12:42,Web,Delivered
ORD000004697,5404,5404,2023-02-04 06:53:52,App,Delivered
ORD000004698,36,36,2025-12-18 01:12:11,App,Returned
ORD000004699,277,277,2025-04-25 22:03:59,Web,Delivered
ORD000004700,5816,5816,2024-12-01 00:57:06,Web,Placed
ORD000004701,5445,5445,2026-02-03 14:41:52,App,Shipped
ORD000004702,5932,5932,2022-01-21 16:07:34,App,Delivered
ORD000004703,2465,2465,2022-08-08 18:39:51,App,Delivered
ORD000004704,889,889,2022-08-16 07:35:06,App,Returned
ORD000004705,404,404,2022-09-15 10:29:03,Web,Delivered
ORD000004706,4610,4610,2022-06-25 01:12:55,App,Placed
ORD000004707,2614,2614,2022-05-16 07:40:02,App,Delivered
ORD000004708,2489,2489,2021-07-15 19:36:04,App,Cancelled
ORD000004709,3986,3986,2025-01-02 13:21:04,Web,Delivered
ORD000004710,5366,5366,2023-03-23 22:38:16,App,Placed
ORD000004711,3040,3040,2025-09-11 16:22:15,Web,Delivered
ORD000004712,5166,5166,2022-09-11 10:04:57,App,Delivered
ORD000004713,2123,2123,2023-12-11 05:50:09,Web,Delivered
ORD000004714,1173,1173,2023-04-28 19:38:40,App,Cancelled
ORD000004715,5129,5129,2021-12-27 00:02:36,Web,Cancelled
ORD000004716,4610,4610,2022-05-03 12:25:48,App,Delivered
ORD000004717,2588,2588,2024-07-23 05:56:19,App,Returned
ORD000004718,290,290,2022-06-28 09:35:52,Web,Delivered
ORD000004719,2229,2229,2022-08-02 18:44:27,App,Delivered
ORD000004720,2314,2314,2024-09-16 10:24:15,Web,Delivered
ORD000004721,4179,4179,2023-05-07 12:39:07,Web,Delivered
ORD000004722,1885,1885,2023-08-29 13:56:09,App,Delivered
ORD000004723,3837,3837,2021-03-21 06:59:03,App,Delivered
ORD000004724,1584,1584,2023-01-15 15:24:57,Web,Delivered
ORD000004725,1670,1670,2025-08-23 13:45:08,Web,Delivered
ORD000004726,5932,5932,2025-01-13 15:23:07,App,Returned
ORD000004727,5046,5046,2024-05-05 04:30:16,App,Placed
ORD000004728,2247,2247,2024-05-24 05:08:02,Web,Cancelled
ORD000004729,5412,5412,2023-11-16 08:36:27,Web,Delivered
ORD000004730,648,648,2025-05-15 23:34:31,App,Placed
ORD000004731,3155,3155,2025-01-01 15:25:45,App,Delivered
ORD000004732,266,266,2021-03-25 04:28:22,Web,Placed
ORD000004733,3489,3489,2024-11-24 21:44:04,Web,Shipped
ORD000004734,2918,2918,2022-09-17 23:23:07,Web,Returned
ORD000004735,2779,2779,2025-11-28 01:36:52,App,Delivered
ORD000004736,4957,4957,2025-06-21 00:10:41,Web,Placed
ORD000004737,19,19,2025-06-19 06:23:46,Web,Delivered
ORD000004738,3602,3602,2025-03-17 10:14:52,Web,Shipped
ORD000004739,4467,4467,2025-01-18 20:05:53,App,Delivered
ORD000004740,3095,3095,2022-07-30 07:50:56,App,Placed
ORD000004741,5947,5947,2022-08-11 21:51:42,App,Placed
ORD000004742,3828,3828,2022-04-06 22:21:16,App,Delivered
ORD000004743,4715,4715,2023-09-29 15:36:30,App,Delivered
ORD000004744,643,643,2025-10-13 09:23:13,App,Shipped
ORD000004745,1546,1546,2025-01-14 06:47:23,App,Delivered
ORD000004746,2427,2427,2021-03-05 23:19:12,Web,Placed
ORD000004747,5831,5831,2025-07-04 09:53:02,App,Delivered
ORD000004748,817,817,2021-08-10 15:35:17,App,Placed
ORD000004749,2872,2872,2021-03-26 23:50:33,App,Returned
ORD000004750,2138,2138,2022-10-27 15:50:35,Web,Delivered
ORD000004751,2192,2192,2023-11-19 12:34:29,App,Returned
ORD000004752,5927,5927,2021-07-06 10:42:38,Web,Delivered
ORD000004753,2669,2669,2025-03-15 10:24:44,Web,Placed
ORD000004754,864,864,2022-08-03 05:46:10,App,Delivered
ORD000004755,4300,4300,2023-09-22 17:35:00,App,Returned
ORD000004756,3628,3628,2024-07-05 20:09:31,App,Delivered
ORD000004757,3592,3592,2021-04-05 08:43:55,App,Delivered
ORD000004758,3373,3373,2025-07-20 11:46:40,Web,Delivered
ORD000004759,1931,1931,2022-07-20 14:16:20,App,Delivered
ORD000004760,5625,5625,2022-10-13 03:18:17,Web,Delivered
ORD000004761,2201,2201,2023-08-05 07:15:27,App,Delivered
ORD000004762,529,529,2023-08-21 01:53:29,App,Delivered
ORD000004763,4063,4063,2021-02-13 12:08:54,App,Delivered
ORD000004764,4435,4435,2025-06-05 21:33:18,Web,Delivered
ORD000004765,3584,3584,2025-04-02 19:52:03,App,Delivered
ORD000004766,1533,1533,2023-11-03 01:40:42,App,Placed
ORD000004767,5176,5176,2022-07-30 07:39:15,App,Shipped
ORD000004768,556,556,2024-04-02 09:04:58,Web,Delivered
ORD000004769,3893,3893,2026-01-14 20:05:02,App,Delivered
ORD000004770,2801,2801,2021-05-31 01:25:22,App,Shipped
ORD000004771,931,931,2022-03-08 03:05:01,Web,Cancelled
ORD000004772,2599,2599,2025-11-14 09:09:21,Store,Delivered
ORD000004773,5250,5250,2022-02-01 05:57:45,Web,Delivered
ORD000004774,4194,4194,2026-01-13 15:16:14,App,Delivered
ORD000004775,793,793,2024-05-28 21:13:36,App,Delivered
ORD000004776,2470,2470,2023-11-07 20:08:57,App,Delivered
ORD000004777,4036,4036,2024-02-27 21:23:46,Web,Delivered
ORD000004778,4176,4176,2024-01-16 17:48:35,Web,Delivered
ORD000004779,4384,4384,2023-06-19 20:42:03,Web,Delivered
ORD000004780,2895,2895,2024-05-21 03:41:06,App,Placed
ORD000004781,1770,1770,2025-06-15 20:29:56,Web,Delivered
ORD000004782,3918,3918,2023-03-01 04:38:46,App,Delivered
ORD000004783,3151,3151,2024-05-26 03:39:23,App,Returned
ORD000004784,4167,4167,2025-11-08 12:57:15,App,Delivered
ORD000004785,4359,4359,2025-10-18 16:34:23,App,Delivered
ORD000004786,712,712,2021-05-02 19:21:42,App,Delivered
ORD000004787,2578,2578,2023-05-24 04:59:57,App,Shipped
ORD000004788,4881,4881,2021-11-16 08:49:25,App,Delivered
ORD000004789,4306,4306,2024-10-23 03:38:48,App,Shipped
ORD000004790,4051,4051,2021-02-15 11:50:06,Web,Delivered
ORD000004791,2165,2165,2025-10-29 15:11:18,App,Placed
ORD000004792,3149,3149,2024-12-15 04:52:58,Store,Delivered
ORD000004793,4411,4411,2021-02-22 14:27:15,Web,Delivered
ORD000004794,5171,5171,2022-06-15 05:52:42,Web,Delivered
ORD000004795,5127,5127,2021-11-10 00:28:24,App,Delivered
ORD000004796,1947,1947,2025-08-06 00:21:50,App,Delivered
ORD000004797,5051,5051,2026-01-29 09:23:28,Web,Delivered
ORD000004798,1573,1573,2021-05-09 17:02:00,Web,Cancelled
ORD000004799,4357,4357,2025-06-14 09:16:10,App,Delivered
ORD000004800,3646,3646,2022-09-19 03:16:21,App,Delivered
ORD000004801,5632,5632,2021-04-03 17:20:05,Web,Returned
ORD000004802,200,200,2022-06-08 04:51:11,App,Delivered
ORD000004803,2378,2378,2025-01-19 02:03:47,App,Delivered
ORD000004804,4069,4069,2025-01-04 00:01:46,App,Delivered
ORD000004805,90,90,2022-10-03 00:18:31,Web,Returned
ORD000004806,591,591,2025-08-20 22:27:03,App,Delivered
ORD000004807,5341,5341,2022-01-12 14:43:29,Web,Delivered
ORD000004808,92,92,2023-01-29 20:10:07,App,Delivered
ORD000004809,3658,3658,2021-05-12 23:39:27,Web,Delivered
ORD000004810,2104,2104,2022-01-29 11:55:08,App,Delivered
ORD000004811,3816,3816,2025-10-29 14:01:47,App,Delivered
ORD000004812,1966,1966,2022-06-25 14:30:05,Web,Shipped
ORD000004813,4157,4157,2024-06-10 20:12:46,Web,Delivered
ORD000004814,5992,5992,2022-04-21 11:07:57,Web,Delivered
ORD000004815,2165,2165,2024-05-01 03:03:37,App,Delivered
ORD000004816,590,590,2022-08-16 20:43:54,App,Delivered
ORD000004817,4332,4332,2024-09-27 15:56:22,App,Delivered
ORD000004818,2081,2081,2024-10-15 01:17:06,App,Delivered
ORD000004819,3639,3639,2021-10-10 05:14:36,Web,Delivered
ORD000004820,3315,3315,2024-04-19 11:49:27,App,Delivered
ORD000004821,786,786,2021-08-08 05:45:11,App,Delivered
ORD000004822,5194,5194,2025-06-27 06:27:48,Web,Placed
ORD000004823,4117,4117,2022-06-08 12:55:23,Web,Returned
ORD000004824,1889,1889,2022-09-26 15:33:18,App,Delivered
ORD000004825,4046,4046,2022-04-21 06:06:57,Web,Cancelled
ORD000004826,3785,3785,2022-08-31 05:44:03,App,Delivered
ORD000004827,1178,1178,2023-01-30 04:22:22,App,Placed
ORD000004828,1278,1278,2022-09-13 02:26:00,App,Shipped
ORD000004829,5327,5327,2025-04-04 14:01:50,App,Returned
ORD000004830,2966,2966,2024-04-30 22:30:43,Web,Delivered
ORD000004831,302,302,2023-10-28 00:30:33,App,Delivered
ORD000004832,2345,2345,2022-01-11 18:14:44,App,Delivered
ORD000004833,4869,4869,2022-03-03 09:01:43,Web,Delivered
ORD000004834,5164,5164,2022-12-22 17:07:35,App,Delivered
ORD000004835,3216,3216,2022-07-06 17:39:13,App,Delivered
ORD000004836,3316,3316,2023-02-27 16:00:37,App,Returned
ORD000004837,4515,4515,2021-04-07 06:53:09,Web,Delivered
ORD000004838,5637,5637,2023-04-16 02:50:04,Store,Delivered
ORD000004839,62,62,2024-05-30 14:41:02,Store,Delivered
ORD000004840,858,858,2023-01-20 03:15:25,Web,Cancelled
ORD000004841,538,538,2025-04-11 12:36:20,Web,Delivered
ORD000004842,1341,1341,2025-10-13 21:33:11,Web,Placed
ORD000004843,5555,5555,2024-09-26 17:04:25,Web,Delivered
ORD000004844,5957,5957,2021-11-03 11:12:01,App,Returned
ORD000004845,4792,4792,2024-03-17 20:21:01,App,Delivered
ORD000004846,818,818,2024-01-13 09:42:57,Web,Delivered
ORD000004847,5501,5501,2022-01-27 17:30:37,App,Delivered
ORD000004848,3108,3108,2023-06-07 12:17:38,App,Delivered
ORD000004849,5016,5016,2025-04-07 14:56:14,App,Delivered
ORD000004850,975,975,2025-10-18 10:22:03,Web,Delivered
ORD000004851,4638,4638,2024-04-04 16:43:17,Web,Delivered
ORD000004852,3653,3653,2026-01-10 19:38:26,App,Delivered
ORD000004853,3304,3304,2022-12-25 17:05:41,App,Cancelled
ORD000004854,1712,1712,2022-07-16 20:38:50,App,Delivered
ORD000004855,790,790,2023-12-15 01:54:26,Web,Delivered
ORD000004856,2081,2081,2022-11-15 21:21:51,App,Shipped
ORD000004857,581,581,2023-04-10 05:25:59,App,Delivered
ORD000004858,2042,2042,2024-08-24 23:25:06,App,Delivered
ORD000004859,352,352,2025-12-11 04:43:10,App,Delivered
ORD000004860,2303,2303,2024-11-11 00:13:27,App,Delivered
ORD000004861,1074,1074,2024-09-22 09:55:31,App,Placed
ORD000004862,2032,2032,2026-01-28 21:57:59,App,Delivered
ORD000004863,5374,5374,2023-05-12 20:33:38,Store,Delivered
ORD000004864,5796,5796,2025-03-04 13:14:23,Web,Delivered
ORD000004865,4369,4369,2024-04-09 05:36:34,Web,Delivered
ORD000004866,1883,1883,2021-06-29 19:11:35,Web,Delivered
ORD000004867,4346,4346,2024-12-29 04:10:31,Web,Delivered
ORD000004868,1261,1261,2024-02-28 17:13:53,App,Placed
ORD000004869,232,232,2023-08-18 04:32:16,App,Delivered
ORD000004870,957,957,2023-08-06 14:57:11,App,Delivered
ORD000004871,4730,4730,2021-11-23 11:18:17,App,Placed
ORD000004872,4338,4338,2021-07-04 14:51:43,App,Delivered
ORD000004873,2182,2182,2024-09-28 13:06:27,Web,Delivered
ORD000004874,1095,1095,2025-10-31 16:02:18,App,Delivered
ORD000004875,3930,3930,2022-02-05 12:47:34,App,Delivered
ORD000004876,3537,3537,2024-10-25 05:11:41,Web,Delivered
ORD000004877,3493,3493,2021-10-12 08:51:53,App,Delivered
ORD000004878,3382,3382,2023-09-19 13:40:30,App,Delivered
ORD000004879,5120,5120,2021-12-18 18:14:35,Web,Delivered
ORD000004880,1303,1303,2021-11-20 00:49:20,Web,Cancelled
ORD000004881,4315,4315,2024-07-20 10:53:13,Web,Shipped
ORD000004882,697,697,2024-09-22 23:13:50,App,Delivered
ORD000004883,307,307,2024-02-01 16:49:28,Web,Delivered
ORD000004884,2024,2024,2024-05-05 12:51:36,App,Delivered
ORD000004885,314,314,2022-06-22 12:29:47,Web,Delivered
ORD000004886,3475,3475,2024-08-29 05:16:10,App,Cancelled
ORD000004887,5849,5849,2023-12-05 21:10:02,Web,Delivered
ORD000004888,5913,5913,2023-01-01 09:50:03,App,Delivered
ORD000004889,5525,5525,2025-10-16 14:24:19,Web,Cancelled
ORD000004890,1403,1403,2024-10-09 06:29:18,App,Shipped
ORD000004891,4377,4377,2025-04-19 15:26:16,App,Delivered
ORD000004892,5757,5757,2022-06-02 22:36:01,App,Returned
ORD000004893,3399,3399,2024-11-16 17:40:25,App,Placed
ORD000004894,35,35,2022-08-07 03:48:02,App,Shipped
ORD000004895,2118,2118,2026-01-11 22:52:33,Web,Delivered
ORD000004896,360,360,2022-08-31 04:39:28,Web,Returned
ORD000004897,5810,5810,2024-10-07 17:57:49,App,Delivered
ORD000004898,408,408,2022-07-16 03:36:57,App,Delivered
ORD000004899,5681,5681,2021-05-09 14:53:47,Web,Delivered
ORD000004900,4676,4676,2022-03-17 10:12:40,Web,Shipped
ORD000004901,4702,4702,2024-05-02 23:09:27,App,Returned
ORD000004902,5504,5504,2024-05-08 09:12:48,App,Delivered
ORD000004903,3110,3110,2021-10-22 14:33:32,App,Returned
ORD000004904,3934,3934,2025-09-28 13:45:43,App,Shipped
ORD000004905,2093,2093,2022-12-03 04:23:32,App,Delivered
ORD000004906,137,137,2025-03-22 11:20:32,App,Delivered
ORD000004907,2871,2871,2023-02-19 14:27:47,App,Placed
ORD000004908,979,979,2021-05-02 02:11:18,App,Placed
ORD000004909,4916,4916,2024-02-15 11:51:54,Web,Returned
ORD000004910,1485,1485,2025-10-14 18:42:03,App,Placed
ORD000004911,2415,2415,2024-05-06 19:51:54,Web,Delivered
ORD000004912,3377,3377,2022-06-05 14:54:11,App,Delivered
ORD000004913,467,467,2021-09-16 04:03:07,App,Placed
ORD000004914,4934,4934,2025-09-21 01:24:12,App,Shipped
ORD000004915,975,975,2023-07-08 00:51:06,Web,Delivered
ORD000004916,4719,4719,2023-05-02 06:52:54,Web,Delivered
ORD000004917,1923,1923,2023-10-05 12:38:36,App,Returned
ORD000004918,5188,5188,2022-05-13 19:02:56,App,Delivered
ORD000004919,2598,2598,2022-04-09 23:42:31,App,Returned
ORD000004920,5830,5830,2023-05-01 05:24:08,Web,Shipped
ORD000004921,2652,2652,2025-03-07 15:05:01,Web,Delivered
ORD000004922,1800,1800,2024-10-28 07:05:58,App,Cancelled
ORD000004923,1016,1016,2023-08-10 12:18:52,App,Delivered
ORD000004924,1749,1749,2024-09-14 12:51:31,App,Delivered
ORD000004925,3318,3318,2023-11-03 04:11:07,Web,Delivered
ORD000004926,685,685,2024-02-10 13:53:22,Web,Returned
ORD000004927,3151,3151,2021-08-01 12:23:24,App,Placed
ORD000004928,1457,1457,2024-06-20 09:25:16,Web,Delivered
ORD000004929,369,369,2021-06-15 04:39:42,App,Delivered
ORD000004930,4447,4447,2023-09-18 23:19:38,App,Delivered
ORD000004931,5346,5346,2023-12-12 18:46:35,App,Delivered
ORD000004932,4614,4614,2025-01-31 03:19:52,Web,Delivered
ORD000004933,1345,1345,2025-12-06 02:38:15,App,Delivered
ORD000004934,4118,4118,2024-08-13 06:54:37,App,Delivered
ORD000004935,179,179,2021-03-27 21:45:01,Web,Delivered
ORD000004936,2756,2756,2022-12-14 14:44:22,Web,Delivered
ORD000004937,1133,1133,2025-02-18 19:54:50,Store,Delivered
ORD000004938,1480,1480,2024-03-14 08:19:14,App,Returned
ORD000004939,5687,5687,2021-04-24 08:47:14,App,Delivered
ORD000004940,5349,5349,2021-03-01 02:50:56,App,Delivered
ORD000004941,5034,5034,2023-04-16 23:37:24,App,Delivered
ORD000004942,3067,3067,2022-04-20 15:40:32,Web,Placed
ORD000004943,4029,4029,2023-12-07 05:09:29,Web,Placed
ORD000004944,4627,4627,2023-04-10 23:26:34,Store,Delivered
ORD000004945,2412,2412,2022-05-30 02:54:17,App,Delivered
ORD000004946,1921,1921,2022-07-02 05:53:38,App,Shipped
ORD000004947,2473,2473,2023-06-22 07:40:56,App,Delivered
ORD000004948,959,959,2023-07-08 04:39:37,Web,Returned
ORD000004949,3288,3288,2024-01-12 19:51:45,App,Returned
ORD000004950,1072,1072,2021-10-16 07:31:56,App,Delivered
ORD000004951,1489,1489,2025-01-11 01:43:36,App,Shipped
ORD000004952,4768,4768,2026-01-17 07:08:38,App,Shipped
ORD000004953,1934,1934,2021-03-02 11:32:24,Web,Cancelled
ORD000004954,5393,5393,2025-04-15 10:34:23,App,Returned
ORD000004955,5728,5728,2024-09-10 21:10:08,App,Delivered
ORD000004956,2017,2017,2021-11-17 11:19:47,App,Returned
ORD000004957,5150,5150,2021-03-07 08:59:50,App,Delivered
ORD000004958,5753,5753,2024-07-05 06:59:15,Web,Shipped
ORD000004959,4975,4975,2024-10-01 19:48:08,App,Delivered
ORD000004960,3938,3938,2023-10-09 06:49:33,App,Placed
ORD000004961,3036,3036,2022-09-02 20:12:04,App,Delivered
ORD000004962,3262,3262,2024-08-18 21:12:45,App,Delivered
ORD000004963,2200,2200,2025-09-16 16:21:44,Web,Delivered
ORD000004964,1400,1400,2023-07-04 00:11:40,Web,Placed
ORD000004965,2303,2303,2022-03-30 11:44:27,Web,Delivered
ORD000004966,4854,4854,2023-12-12 04:13:01,App,Shipped
ORD000004967,4283,4283,2022-06-04 01:40:49,App,Delivered
ORD000004968,879,879,2021-07-17 08:44:46,Web,Delivered
ORD000004969,5569,5569,2021-03-25 02:41:44,Web,Placed
ORD000004970,4769,4769,2024-07-10 17:36:03,Web,Delivered
ORD000004971,4972,4972,2024-03-20 06:03:23,Web,Returned
ORD000004972,4214,4214,2022-09-28 23:59:58,App,Returned
ORD000004973,3695,3695,2025-05-23 05:07:26,App,Placed
ORD000004974,5178,5178,2023-06-29 18:26:27,Web,Placed
ORD000004975,871,871,2023-04-19 17:46:47,App,Delivered
ORD000004976,706,706,2023-02-08 11:44:04,App,Shipped
ORD000004977,2690,2690,2021-08-10 07:22:48,Store,Returned
ORD000004978,2260,2260,2022-02-06 05:46:40,Web,Delivered
ORD000004979,4582,4582,2025-07-22 10:54:33,Web,Delivered
ORD000004980,3868,3868,2025-11-11 18:52:21,App,Returned
ORD000004981,1578,1578,2024-10-14 05:14:01,App,Delivered
ORD000004982,5123,5123,2025-04-28 04:29:38,Web,Delivered
ORD000004983,1968,1968,2022-09-21 13:05:44,Web,Shipped
ORD000004984,1253,1253,2024-11-03 18:23:14,Web,Delivered
ORD000004985,1253,1253,2024-11-22 01:45:44,App,Delivered
ORD000004986,3050,3050,2024-02-14 19:37:38,Web,Delivered
ORD000004987,5081,5081,2024-12-31 09:28:05,App,Delivered
ORD000004988,4439,4439,2025-01-14 09:52:05,App,Delivered
ORD000004989,3129,3129,2025-09-28 21:26:08,Web,Delivered
ORD000004990,5336,5336,2025-04-21 17:00:28,App,Delivered
ORD000004991,1667,1667,2023-01-03 14:42:52,Web,Delivered
ORD000004992,5234,5234,2024-09-23 21:22:07,App,Delivered
ORD000004993,5823,5823,2023-09-15 12:25:12,App,Placed
ORD000004994,5875,5875,2021-08-18 15:18:48,App,Returned
ORD000004995,4390,4390,2024-05-23 21:46:29,Web,Placed
ORD000004996,28,28,2021-03-24 17:56:37,Web,Returned
ORD000004997,3610,3610,2024-05-27 04:54:36,App,Delivered
ORD000004998,1620,1620,2025-02-23 07:28:39,App,Returned
ORD000004999,2907,2907,2022-11-30 23:02:44,App,Delivered
ORD000005000,1345,1345,2023-03-25 04:16:32,Web,Delivered
ORD000005001,3914,3914,2025-04-06 06:11:40,App,Placed
ORD000005002,3786,3786,2023-03-15 19:01:07,App,Delivered
ORD000005003,4669,4669,2024-01-16 11:23:11,App,Delivered
ORD000005004,3769,3769,2023-06-08 00:28:35,Web,Delivered
ORD000005005,3830,3830,2022-09-10 07:22:11,App,Delivered
ORD000005006,928,928,2021-11-14 08:53:03,App,Shipped
ORD000005007,1779,1779,2022-02-06 14:05:18,App,Delivered
ORD000005008,3104,3104,2025-05-17 05:55:10,Web,Delivered
ORD000005009,5867,5867,2023-02-10 04:01:55,App,Delivered
ORD000005010,5531,5531,2025-12-21 02:08:53,Store,Shipped
ORD000005011,2445,2445,2022-03-03 15:27:48,App,Delivered
ORD000005012,3089,3089,2024-03-23 13:16:33,App,Delivered
ORD000005013,5172,5172,2024-07-05 18:59:06,Web,Delivered
ORD000005014,4466,4466,2024-01-03 00:39:17,App,Delivered
ORD000005015,164,164,2024-08-17 09:32:56,App,Delivered
ORD000005016,5423,5423,2023-06-04 16:31:28,App,Delivered
ORD000005017,4000,4000,2023-06-11 12:53:54,App,Delivered
ORD000005018,2758,2758,2021-05-23 23:05:55,App,Returned
ORD000005019,3574,3574,2022-11-10 15:44:45,Web,Returned
ORD000005020,351,351,2024-07-03 14:18:05,App,Delivered
ORD000005021,5559,5559,2021-10-31 19:49:10,Web,Delivered
ORD000005022,201,201,2022-02-23 22:06:13,Web,Delivered
ORD000005023,2553,2553,2021-09-25 23:53:16,App,Returned
ORD000005024,3929,3929,2022-11-23 23:32:40,App,Delivered
ORD000005025,1052,1052,2024-12-26 22:22:11,App,Returned
ORD000005026,4433,4433,2023-04-28 11:40:54,Web,Placed
ORD000005027,287,287,2025-06-23 20:29:39,Web,Delivered
ORD000005028,2679,2679,2021-05-24 09:56:38,Web,Delivered
ORD000005029,5151,5151,2021-03-31 19:00:36,Web,Delivered
ORD000005030,1796,1796,2021-07-15 12:22:06,App,Shipped
ORD000005031,3559,3559,2021-04-22 18:24:19,App,Returned
ORD000005032,5739,5739,2023-11-28 05:01:57,Store,Shipped
ORD000005033,5483,5483,2025-02-24 09:59:01,Web,Delivered
ORD000005034,107,107,2024-01-20 05:02:23,Web,Delivered
ORD000005035,2554,2554,2025-11-20 18:01:36,App,Delivered
ORD000005036,3514,3514,2024-02-12 13:08:45,App,Delivered
ORD000005037,117,117,2022-06-13 13:24:42,Web,Returned
ORD000005038,1269,1269,2026-01-31 01:00:27,App,Placed
ORD000005039,741,741,2021-08-08 07:24:57,App,Delivered
ORD000005040,23,23,2024-12-29 20:33:17,App,Returned
ORD000005041,361,361,2022-08-31 01:28:19,App,Cancelled
ORD000005042,4094,4094,2023-03-12 12:58:04,Web,Returned
ORD000005043,4796,4796,2023-01-18 03:09:14,App,Delivered
ORD000005044,1451,1451,2024-04-23 01:48:39,App,Delivered
ORD000005045,217,217,2022-07-12 02:03:46,App,Delivered
ORD000005046,5786,5786,2022-02-09 23:22:37,App,Delivered
ORD000005047,2755,2755,2026-02-03 18:10:40,App,Placed
ORD000005048,628,628,2023-09-20 22:02:40,App,Delivered
ORD000005049,3268,3268,2022-03-10 13:53:09,App,Returned
ORD000005050,567,567,2023-03-04 23:38:26,Web,Placed
ORD000005051,3759,3759,2024-05-04 15:01:11,App,Delivered
ORD000005052,2491,2491,2021-05-28 16:34:29,App,Delivered
ORD000005053,2021,2021,2021-03-28 11:17:32,Web,Delivered
ORD000005054,3531,3531,2023-06-17 00:03:04,App,Delivered
ORD000005055,2507,2507,2024-12-17 03:01:59,App,Placed
ORD000005056,3556,3556,2025-06-01 22:50:31,Web,Cancelled
ORD000005057,2192,2192,2025-07-22 03:53:34,App,Placed
ORD000005058,4410,4410,2023-12-03 16:27:32,App,Shipped
ORD000005059,2923,2923,2025-08-27 23:32:54,App,Returned
ORD000005060,729,729,2022-02-27 05:24:22,Web,Delivered
ORD000005061,3329,3329,2025-02-05 05:56:12,App,Cancelled
ORD000005062,474,474,2022-03-08 02:54:17,App,Returned
ORD000005063,4781,4781,2022-05-15 17:12:49,App,Returned
ORD000005064,606,606,2023-06-14 19:34:14,App,Placed
ORD000005065,3571,3571,2022-01-29 07:54:32,App,Placed
ORD000005066,1243,1243,2025-11-26 18:18:27,App,Shipped
ORD000005067,5684,5684,2022-07-13 19:56:33,App,Delivered
ORD000005068,3603,3603,2024-12-28 15:46:39,App,Delivered
ORD000005069,5478,5478,2022-01-11 15:18:29,App,Delivered
ORD000005070,3755,3755,2025-09-20 22:27:27,Web,Delivered
ORD000005071,4371,4371,2023-12-01 07:28:02,Web,Shipped
ORD000005072,3879,3879,2026-01-30 00:51:43,Web,Delivered
ORD000005073,1900,1900,2021-04-16 23:57:53,Web,Delivered
ORD000005074,3744,3744,2022-11-27 19:17:30,App,Placed
ORD000005075,4848,4848,2026-01-15 06:34:57,App,Delivered
ORD000005076,2265,2265,2022-01-19 03:55:33,Web,Delivered
ORD000005077,5679,5679,2023-08-02 14:38:02,App,Shipped
ORD000005078,3146,3146,2021-10-02 06:19:14,App,Delivered
ORD000005079,676,676,2025-08-07 22:53:25,App,Placed
ORD000005080,4054,4054,2021-07-21 21:19:07,App,Delivered
ORD000005081,710,710,2021-10-30 17:43:24,Web,Delivered
ORD000005082,923,923,2022-04-27 04:17:34,App,Delivered
ORD000005083,3400,3400,2021-06-11 02:57:39,Web,Placed
ORD000005084,408,408,2024-02-17 15:03:07,App,Delivered
ORD000005085,4244,4244,2024-11-05 02:34:43,Web,Returned
ORD000005086,1110,1110,2025-06-12 05:33:53,App,Placed
ORD000005087,3593,3593,2022-10-18 01:24:28,App,Returned
ORD000005088,4599,4599,2023-04-04 10:00:57,App,Cancelled
ORD000005089,1789,1789,2025-04-04 10:34:23,App,Shipped
ORD000005090,3960,3960,2021-06-14 19:14:43,App,Delivered
ORD000005091,1491,1491,2025-06-03 06:53:15,App,Placed
ORD000005092,5490,5490,2024-07-25 09:01:19,App,Shipped
ORD000005093,3585,3585,2023-01-03 14:34:05,Web,Delivered
ORD000005094,3851,3851,2026-01-23 14:25:17,Store,Delivered
ORD000005095,4201,4201,2023-12-21 03:31:54,App,Delivered
ORD000005096,1482,1482,2024-03-11 17:25:29,App,Returned
ORD000005097,1281,1281,2023-11-30 22:17:45,App,Returned
ORD000005098,5713,5713,2021-03-27 01:14:31,App,Shipped
ORD000005099,5292,5292,2022-05-27 21:24:21,Web,Delivered
ORD000005100,5393,5393,2022-01-19 23:51:43,Web,Delivered
ORD000005101,3943,3943,2023-10-18 03:29:29,Web,Delivered
ORD000005102,4855,4855,2021-04-14 23:26:12,Web,Returned
ORD000005103,875,875,2023-07-04 08:22:00,Web,Delivered
ORD000005104,112,112,2021-12-15 05:11:57,App,Delivered
ORD000005105,202,202,2022-03-15 11:56:31,App,Delivered
ORD000005106,4714,4714,2023-12-08 18:59:22,App,Placed
ORD000005107,2654,2654,2024-12-29 11:56:21,App,Shipped
ORD000005108,995,995,2023-05-02 15:52:30,App,Delivered
ORD000005109,4121,4121,2021-12-26 01:47:38,App,Delivered
ORD000005110,4753,4753,2025-08-20 04:22:35,App,Delivered
ORD000005111,1532,1532,2022-04-03 00:04:10,Web,Placed
ORD000005112,1390,1390,2022-10-29 00:04:56,App,Returned
ORD000005113,531,531,2024-03-08 17:02:51,App,Delivered
ORD000005114,1618,1618,2021-10-22 01:23:06,App,Shipped
ORD000005115,4142,4142,2025-02-20 13:42:39,App,Shipped
ORD000005116,5155,5155,2023-01-13 04:32:52,Web,Placed
ORD000005117,5655,5655,2025-01-28 23:42:28,Web,Delivered
ORD000005118,365,365,2025-10-31 22:41:35,Web,Delivered
ORD000005119,3372,3372,2023-10-28 14:00:52,App,Delivered
ORD000005120,2825,2825,2024-05-13 18:58:52,Web,Delivered
ORD000005121,5466,5466,2025-11-02 02:42:25,Web,Delivered
ORD000005122,1373,1373,2022-07-04 23:39:32,Web,Returned
ORD000005123,2858,2858,2021-09-10 04:17:51,Web,Delivered
ORD000005124,2238,2238,2021-08-18 13:30:32,Web,Returned
ORD000005125,3475,3475,2022-09-09 20:57:21,App,Delivered
ORD000005126,4445,4445,2024-06-28 05:14:26,Web,Returned
ORD000005127,4469,4469,2023-01-15 19:06:41,App,Shipped
ORD000005128,5759,5759,2023-10-20 11:02:00,App,Placed
ORD000005129,3577,3577,2025-01-08 11:08:05,App,Delivered
ORD000005130,3363,3363,2021-10-29 21:11:26,Web,Shipped
ORD000005131,4044,4044,2023-10-26 16:19:20,App,Delivered
ORD000005132,3976,3976,2024-11-15 15:25:02,Web,Delivered
ORD000005133,985,985,2025-08-17 00:23:24,App,Shipped
ORD000005134,5083,5083,2024-04-12 00:38:36,App,Cancelled
ORD000005135,2159,2159,2023-08-04 23:45:59,Web,Delivered
ORD000005136,5675,5675,2021-11-25 11:28:24,Web,Placed
ORD000005137,1527,1527,2021-10-12 05:33:51,App,Placed
ORD000005138,3373,3373,2022-07-27 21:03:32,App,Delivered
ORD000005139,1037,1037,2024-03-25 10:49:04,App,Returned
ORD000005140,4619,4619,2025-06-06 21:56:40,App,Delivered
ORD000005141,3174,3174,2024-12-08 10:44:01,App,Shipped
ORD000005142,1990,1990,2024-04-02 05:49:59,Web,Delivered
ORD000005143,2245,2245,2025-02-14 08:33:58,App,Placed
ORD000005144,5511,5511,2021-08-09 11:34:16,App,Delivered
ORD000005145,2103,2103,2022-03-02 08:22:34,App,Returned
ORD000005146,2231,2231,2025-02-23 01:03:25,Web,Placed
ORD000005147,1043,1043,2026-02-02 10:18:50,App,Shipped
ORD000005148,4459,4459,2022-03-02 18:00:34,Web,Shipped
ORD000005149,2521,2521,2023-08-03 04:44:23,App,Delivered
ORD000005150,4105,4105,2025-10-15 22:48:07,Web,Delivered
ORD000005151,2708,2708,2022-07-25 21:33:40,App,Delivered
ORD000005152,1330,1330,2022-05-17 16:59:00,App,Returned
ORD000005153,3656,3656,2025-12-27 11:28:34,App,Delivered
ORD000005154,5554,5554,2021-04-19 16:34:35,App,Delivered
ORD000005155,5542,5542,2022-12-09 00:33:25,Web,Returned
ORD000005156,3906,3906,2024-01-21 15:22:17,Web,Delivered
ORD000005157,1081,1081,2021-06-21 11:30:58,App,Delivered
ORD000005158,3606,3606,2025-11-25 05:18:37,Store,Placed
ORD000005159,824,824,2022-06-17 05:58:41,App,Returned
ORD000005160,3620,3620,2025-12-17 01:27:50,App,Delivered
ORD000005161,3251,3251,2024-01-28 14:20:09,Store,Delivered
ORD000005162,2116,2116,2025-06-05 19:26:37,App,Delivered
ORD000005163,3568,3568,2025-04-26 10:22:02,Web,Delivered
ORD000005164,5121,5121,2023-03-04 11:20:09,App,Delivered
ORD000005165,48,48,2025-12-13 02:53:33,App,Delivered
ORD000005166,1441,1441,2024-05-31 10:31:52,Web,Delivered
ORD000005167,3736,3736,2026-01-22 22:31:25,Web,Delivered
ORD000005168,945,945,2023-03-19 14:27:49,App,Delivered
ORD000005169,3269,3269,2021-07-07 20:27:59,App,Placed
ORD000005170,3642,3642,2022-06-04 00:22:42,Web,Delivered
ORD000005171,3120,3120,2026-02-11 23:19:43,App,Delivered
ORD000005172,1984,1984,2021-10-21 12:06:28,App,Delivered
ORD000005173,355,355,2022-05-02 10:11:38,Web,Delivered
ORD000005174,3306,3306,2024-03-24 01:07:55,App,Delivered
ORD000005175,4533,4533,2024-05-05 20:05:12,App,Delivered
ORD000005176,4796,4796,2022-08-04 20:53:35,App,Delivered
ORD000005177,1918,1918,2022-06-07 19:00:04,App,Delivered
ORD000005178,4186,4186,2023-11-05 09:29:58,Web,Delivered
ORD000005179,369,369,2026-01-31 23:39:22,Web,Delivered
ORD000005180,2987,2987,2024-10-31 21:56:59,App,Delivered
ORD000005181,1193,1193,2021-06-11 02:53:19,Web,Delivered
ORD000005182,1387,1387,2022-04-04 16:55:06,App,Delivered
ORD000005183,3994,3994,2021-07-24 14:22:14,App,Delivered
ORD000005184,3003,3003,2023-12-27 22:41:22,App,Cancelled
ORD000005185,1897,1897,2022-11-22 03:54:04,App,Returned
ORD000005186,2548,2548,2025-10-23 21:06:15,App,Delivered
ORD000005187,4800,4800,2025-08-06 14:07:13,Web,Delivered
ORD000005188,1554,1554,2021-08-07 12:05:29,Web,Placed
ORD000005189,2811,2811,2021-04-04 12:37:56,Web,Returned
ORD000005190,3033,3033,2024-03-05 05:36:31,Store,Delivered
ORD000005191,112,112,2021-04-21 13:07:15,App,Delivered
ORD000005192,4073,4073,2023-06-24 10:07:59,Web,Delivered
ORD000005193,1064,1064,2024-04-21 23:44:25,App,Delivered
ORD000005194,4198,4198,2024-01-18 09:23:19,App,Delivered
ORD000005195,1393,1393,2021-06-16 18:29:51,App,Delivered
ORD000005196,1198,1198,2024-02-12 03:56:03,App,Delivered
ORD000005197,3898,3898,2025-07-09 17:47:28,App,Delivered
ORD000005198,341,341,2024-11-02 12:02:20,App,Shipped
ORD000005199,5016,5016,2022-02-05 14:42:10,Web,Shipped
ORD000005200,2862,2862,2023-07-14 13:45:06,Web,Shipped
ORD000005201,4292,4292,2025-03-17 05:14:14,App,Placed
ORD000005202,5704,5704,2023-05-27 13:55:32,Web,Shipped
ORD000005203,1206,1206,2025-02-23 11:08:54,App,Placed
ORD000005204,5921,5921,2023-10-05 03:11:27,App,Delivered
ORD000005205,5233,5233,2022-06-16 23:39:42,App,Shipped
ORD000005206,5795,5795,2021-12-07 23:01:21,Web,Delivered
ORD000005207,1575,1575,2023-06-20 03:27:34,App,Returned
ORD000005208,3307,3307,2022-03-24 07:05:37,App,Delivered
ORD000005209,4601,4601,2022-04-30 17:31:18,Web,Returned
ORD000005210,1541,1541,2021-06-24 18:34:21,App,Delivered
ORD000005211,5873,5873,2023-06-16 17:06:22,App,Returned
ORD000005212,3585,3585,2023-08-14 01:57:35,App,Delivered
ORD000005213,4054,4054,2023-05-22 01:15:18,App,Delivered
ORD000005214,5304,5304,2025-07-18 04:35:47,App,Delivered
ORD000005215,1927,1927,2021-04-01 00:51:29,App,Delivered
ORD000005216,3520,3520,2025-10-31 08:51:34,App,Returned
ORD000005217,1406,1406,2024-08-15 04:50:56,App,Delivered
ORD000005218,2014,2014,2023-02-23 02:52:27,App,Delivered
ORD000005219,448,448,2023-12-28 09:42:09,Web,Delivered
ORD000005220,1721,1721,2023-10-17 23:10:30,Web,Delivered
ORD000005221,3868,3868,2024-12-12 02:35:23,App,Placed
ORD000005222,5274,5274,2023-05-15 20:50:51,Web,Delivered
ORD000005223,4094,4094,2024-11-30 03:39:37,App,Delivered
ORD000005224,34,34,2022-05-25 23:02:24,App,Delivered
ORD000005225,497,497,2025-07-26 00:53:26,App,Delivered
ORD000005226,2912,2912,2022-09-11 23:04:15,App,Placed
ORD000005227,1404,1404,2023-01-25 15:19:43,App,Cancelled
ORD000005228,3220,3220,2022-05-30 07:05:14,App,Delivered
ORD000005229,2711,2711,2023-04-06 11:42:42,App,Returned
ORD000005230,1603,1603,2023-03-10 21:33:26,App,Delivered
ORD000005231,4686,4686,2022-03-07 13:27:04,Web,Delivered
ORD000005232,5671,5671,2025-04-20 21:29:29,App,Delivered
ORD000005233,4773,4773,2023-08-20 21:57:43,App,Returned
ORD000005234,5219,5219,2026-01-09 22:17:04,Web,Delivered
ORD000005235,3713,3713,2024-08-18 19:56:39,App,Delivered
ORD000005236,3603,3603,2022-04-01 01:37:37,Web,Delivered
ORD000005237,4097,4097,2024-08-14 07:37:55,App,Delivered
ORD000005238,2335,2335,2022-04-11 10:19:07,App,Delivered
ORD000005239,5035,5035,2023-06-09 06:28:19,Web,Delivered
ORD000005240,1280,1280,2021-07-01 06:45:23,Web,Delivered
ORD000005241,3246,3246,2024-05-04 18:01:26,App,Delivered
ORD000005242,4950,4950,2022-11-11 00:50:13,Web,Placed
ORD000005243,50,50,2024-06-19 12:27:37,App,Cancelled
ORD000005244,5652,5652,2021-08-22 01:03:17,App,Delivered
ORD000005245,2665,2665,2021-09-27 10:25:53,Web,Shipped
ORD000005246,1775,1775,2021-05-25 06:07:00,Web,Placed
ORD000005247,3589,3589,2024-05-01 23:29:14,App,Delivered
ORD000005248,4047,4047,2025-05-23 13:16:28,App,Shipped
ORD000005249,66,66,2024-02-21 00:58:10,App,Returned
ORD000005250,5371,5371,2022-03-13 12:47:47,Web,Delivered
ORD000005251,4224,4224,2021-12-14 07:54:50,Web,Delivered
ORD000005252,2745,2745,2024-12-08 16:05:30,Web,Delivered
ORD000005253,188,188,2024-08-30 09:10:12,App,Delivered
ORD000005254,5303,5303,2022-09-14 03:48:42,App,Delivered
ORD000005255,5703,5703,2025-05-19 05:42:13,Web,Delivered
ORD000005256,4674,4674,2023-01-24 04:32:53,Web,Delivered
ORD000005257,4040,4040,2025-07-25 21:01:59,Store,Delivered
ORD000005258,2889,2889,2021-05-21 16:51:10,Store,Cancelled
ORD000005259,4858,4858,2024-10-21 13:19:51,Web,Delivered
ORD000005260,667,667,2025-02-13 08:18:27,Web,Delivered
ORD000005261,933,933,2021-09-29 04:00:14,App,Delivered
ORD000005262,5139,5139,2025-06-02 09:58:36,App,Delivered
ORD000005263,1971,1971,2024-09-26 01:18:37,App,Delivered
ORD000005264,3853,3853,2025-10-07 15:13:00,App,Delivered
ORD000005265,4141,4141,2022-08-25 04:40:45,App,Delivered
ORD000005266,5342,5342,2021-05-04 21:03:28,Web,Returned
ORD000005267,2177,2177,2025-08-01 07:35:19,App,Cancelled
ORD000005268,618,618,2023-11-16 04:24:46,App,Delivered
ORD000005269,4859,4859,2023-05-28 10:45:56,Web,Delivered
ORD000005270,5753,5753,2023-06-11 18:10:11,App,Delivered
ORD000005271,793,793,2022-02-07 18:05:07,Web,Shipped
ORD000005272,1251,1251,2022-07-18 17:05:42,App,Delivered
ORD000005273,3994,3994,2023-08-10 14:07:17,App,Cancelled
ORD000005274,2445,2445,2024-10-04 04:13:57,App,Delivered
ORD000005275,2323,2323,2023-03-31 00:34:17,App,Placed
ORD000005276,4234,4234,2025-08-14 03:52:13,Store,Placed
ORD000005277,1351,1351,2023-11-29 12:36:05,App,Cancelled
ORD000005278,2831,2831,2023-12-18 21:25:52,App,Returned
ORD000005279,2276,2276,2024-12-06 10:51:39,Web,Delivered
ORD000005280,2207,2207,2024-07-22 11:33:19,Web,Delivered
ORD000005281,1918,1918,2022-03-03 16:32:50,Web,Delivered
ORD000005282,5256,5256,2026-01-15 01:19:31,App,Shipped
ORD000005283,3835,3835,2024-04-03 06:49:11,Web,Delivered
ORD000005284,2078,2078,2025-08-03 04:42:11,App,Delivered
ORD000005285,1122,1122,2021-12-14 09:13:48,App,Delivered
ORD000005286,609,609,2023-08-14 09:58:19,App,Cancelled
ORD000005287,769,769,2022-09-28 17:24:16,App,Returned
ORD000005288,784,784,2023-02-02 05:40:24,App,Delivered
ORD000005289,2930,2930,2021-11-05 15:59:23,App,Delivered
ORD000005290,2390,2390,2023-05-15 16:38:05,App,Delivered
ORD000005291,168,168,2022-11-03 19:06:48,Web,Placed
ORD000005292,4780,4780,2023-04-16 05:01:17,App,Placed
ORD000005293,3257,3257,2021-08-20 03:22:10,Web,Delivered
ORD000005294,2480,2480,2021-08-08 18:27:58,Web,Delivered
ORD000005295,4135,4135,2022-11-07 13:04:26,App,Delivered
ORD000005296,980,980,2022-01-03 08:47:24,App,Delivered
ORD000005297,2435,2435,2026-01-16 16:44:46,Web,Placed
ORD000005298,4023,4023,2025-10-15 21:17:38,App,Delivered
ORD000005299,2817,2817,2025-09-08 13:14:44,App,Delivered
ORD000005300,791,791,2023-06-01 06:18:38,App,Cancelled
ORD000005301,4838,4838,2024-04-06 02:48:21,Web,Shipped
ORD000005302,1475,1475,2025-10-05 17:18:20,App,Placed
ORD000005303,3187,3187,2023-04-11 04:05:18,Web,Delivered
ORD000005304,4002,4002,2024-05-01 08:45:24,App,Placed
ORD000005305,2449,2449,2025-02-08 16:21:07,App,Delivered
ORD000005306,3675,3675,2022-02-07 18:35:40,App,Delivered
ORD000005307,3381,3381,2021-12-26 01:38:16,Web,Shipped
ORD000005308,1127,1127,2021-03-21 01:14:34,App,Placed
ORD000005309,1751,1751,2024-06-09 07:18:12,Web,Returned
ORD000005310,4198,4198,2021-03-27 05:20:12,Web,Placed
ORD000005311,4751,4751,2025-02-08 02:22:02,App,Placed
ORD000005312,3162,3162,2026-01-21 19:45:36,Web,Delivered
ORD000005313,3190,3190,2023-08-16 17:11:12,Web,Placed
ORD000005314,5423,5423,2025-05-31 22:40:57,App,Delivered
ORD000005315,752,752,2025-03-02 16:17:38,App,Shipped
ORD000005316,5637,5637,2022-07-16 19:22:19,Web,Delivered
ORD000005317,1233,1233,2022-08-06 11:50:16,App,Cancelled
ORD000005318,859,859,2023-10-13 04:53:42,Web,Delivered
ORD000005319,4415,4415,2023-03-11 00:38:25,Store,Shipped
ORD000005320,3861,3861,2024-02-01 06:54:10,App,Placed
ORD000005321,5063,5063,2022-08-02 11:28:39,Web,Delivered
ORD000005322,4729,4729,2021-05-02 14:50:20,Web,Shipped
ORD000005323,3942,3942,2022-03-30 03:57:34,Web,Delivered
ORD000005324,5210,5210,2023-11-20 16:43:28,Web,Delivered
ORD000005325,2700,2700,2021-06-30 13:36:14,App,Shipped
ORD000005326,5046,5046,2024-10-22 01:32:52,App,Returned
ORD000005327,2001,2001,2023-10-26 10:15:49,App,Placed
ORD000005328,5514,5514,2025-11-25 00:16:46,App,Shipped
ORD000005329,240,240,2024-03-03 07:42:26,Web,Delivered
ORD000005330,2191,2191,2022-02-26 03:18:42,Web,Delivered
ORD000005331,5839,5839,2021-10-15 18:10:07,Web,Returned
ORD000005332,4215,4215,2025-08-24 08:45:26,Web,Placed
ORD000005333,4692,4692,2023-06-06 09:19:34,Web,Shipped
ORD000005334,2016,2016,2025-12-15 10:48:01,App,Placed
ORD000005335,5371,5371,2023-03-16 23:41:21,App,Shipped
ORD000005336,163,163,2021-02-13 06:25:30,Web,Delivered
ORD000005337,4750,4750,2025-06-26 10:19:23,Web,Delivered
ORD000005338,350,350,2022-03-05 10:53:55,Web,Delivered
ORD000005339,31,31,2023-06-10 19:49:18,Web,Delivered
ORD000005340,2139,2139,2022-06-07 18:21:35,App,Delivered
ORD000005341,2176,2176,2022-04-03 16:06:26,Web,Shipped
ORD000005342,2827,2827,2023-08-27 23:44:20,App,Delivered
ORD000005343,3620,3620,2022-03-19 13:50:25,Web,Delivered
ORD000005344,5066,5066,2024-09-06 01:31:28,App,Delivered
ORD000005345,848,848,2024-10-30 14:07:04,App,Shipped
ORD000005346,792,792,2023-02-20 22:29:16,App,Delivered
ORD000005347,509,509,2023-04-09 18:37:33,App,Cancelled
ORD000005348,4841,4841,2025-12-31 04:33:51,Store,Delivered
ORD000005349,4836,4836,2021-03-13 16:10:08,Web,Delivered
ORD000005350,4333,4333,2023-10-02 19:49:29,App,Returned
ORD000005351,5653,5653,2021-08-03 01:26:34,Web,Delivered
ORD000005352,1013,1013,2024-09-20 19:14:14,Store,Placed
ORD000005353,3025,3025,2022-08-26 11:24:01,App,Delivered
ORD000005354,3071,3071,2021-08-28 03:37:49,Web,Delivered
ORD000005355,1075,1075,2025-02-22 17:39:34,Store,Delivered
ORD000005356,5969,5969,2022-12-22 23:52:27,App,Delivered
ORD000005357,5943,5943,2025-12-18 23:31:56,Store,Returned
ORD000005358,469,469,2021-02-27 19:22:30,App,Shipped
ORD000005359,1916,1916,2022-06-18 15:23:42,Web,Delivered
ORD000005360,4484,4484,2022-02-28 14:54:58,App,Returned
ORD000005361,5463,5463,2023-12-26 20:15:20,App,Delivered
ORD000005362,736,736,2021-12-29 06:22:32,Web,Placed
ORD000005363,4750,4750,2021-07-31 04:02:21,App,Delivered
ORD000005364,5606,5606,2025-09-05 05:36:36,App,Delivered
ORD000005365,5049,5049,2022-07-06 05:33:39,Store,Returned
ORD000005366,5822,5822,2023-09-22 13:15:11,App,Delivered
ORD000005367,2857,2857,2021-08-20 16:05:52,App,Placed
ORD000005368,5677,5677,2024-09-06 07:22:27,App,Shipped
ORD000005369,4478,4478,2021-06-18 04:29:58,App,Delivered
ORD000005370,96,96,2025-09-23 07:22:32,Web,Shipped
ORD000005371,912,912,2022-10-21 13:01:06,Web,Placed
ORD000005372,4883,4883,2025-05-21 23:16:35,App,Shipped
ORD000005373,4389,4389,2023-04-27 08:04:52,Web,Placed
ORD000005374,3307,3307,2024-12-21 05:41:17,App,Shipped
ORD000005375,4437,4437,2022-10-12 02:40:19,Store,Returned
ORD000005376,719,719,2022-11-20 12:15:01,Web,Delivered
ORD000005377,3005,3005,2025-01-22 12:53:55,Web,Delivered
ORD000005378,1374,1374,2022-11-05 07:54:24,App,Shipped
ORD000005379,5056,5056,2024-02-05 04:22:38,Web,Cancelled
ORD000005380,2429,2429,2023-07-19 22:52:01,App,Delivered
ORD000005381,3682,3682,2021-12-20 09:21:41,App,Returned
ORD000005382,2810,2810,2025-01-26 11:24:08,App,Delivered
ORD000005383,3220,3220,2025-11-06 09:28:51,Store,Returned
ORD000005384,2614,2614,2023-09-10 06:57:54,App,Delivered
ORD000005385,5065,5065,2022-02-27 23:31:52,App,Delivered
ORD000005386,5671,5671,2026-01-14 21:23:51,Web,Cancelled
ORD000005387,505,505,2021-04-15 20:58:39,App,Delivered
ORD000005388,5966,5966,2021-09-16 13:20:59,Web,Delivered
ORD000005389,2266,2266,2022-11-13 04:32:46,App,Delivered
ORD000005390,5979,5979,2023-10-03 03:52:00,Web,Delivered
ORD000005391,4061,4061,2021-11-19 05:27:56,Web,Delivered
ORD000005392,2985,2985,2022-04-22 12:17:05,App,Delivered
ORD000005393,2797,2797,2024-05-14 20:27:05,Web,Placed
ORD000005394,5445,5445,2023-10-30 07:20:31,App,Delivered
ORD000005395,4932,4932,2022-07-15 01:25:12,Web,Delivered
ORD000005396,3927,3927,2021-03-29 11:54:07,App,Placed
ORD000005397,3809,3809,2023-06-02 00:30:49,Web,Delivered
ORD000005398,489,489,2022-10-28 09:59:46,App,Delivered
ORD000005399,5528,5528,2022-09-24 21:22:17,App,Delivered
ORD000005400,2259,2259,2021-11-23 22:55:20,Web,Delivered
ORD000005401,2714,2714,2025-07-05 18:06:10,Web,Delivered
ORD000005402,4355,4355,2025-03-14 18:04:41,Web,Delivered
ORD000005403,1251,1251,2022-12-05 05:02:34,App,Delivered
ORD000005404,5714,5714,2023-06-04 16:00:50,Web,Returned
ORD000005405,3961,3961,2023-11-18 10:48:45,Web,Shipped
ORD000005406,1415,1415,2023-12-07 12:13:53,App,Delivered
ORD000005407,992,992,2022-07-10 19:22:57,App,Delivered
ORD000005408,400,400,2025-12-22 01:16:40,Web,Shipped
ORD000005409,4405,4405,2021-12-22 08:41:57,Web,Placed
ORD000005410,4056,4056,2023-03-26 21:57:49,Web,Placed
ORD000005411,4100,4100,2024-12-22 14:02:11,App,Placed
ORD000005412,5293,5293,2025-10-08 14:42:35,App,Delivered
ORD000005413,1568,1568,2023-07-20 08:18:09,App,Delivered
ORD000005414,3818,3818,2022-03-12 23:01:11,Web,Delivered
ORD000005415,2274,2274,2023-10-20 04:58:11,App,Shipped
ORD000005416,5326,5326,2024-03-08 09:52:17,App,Delivered
ORD000005417,1126,1126,2021-08-02 10:56:07,App,Delivered
ORD000005418,5901,5901,2022-10-25 02:12:23,App,Returned
ORD000005419,5270,5270,2025-05-02 06:15:32,Web,Shipped
ORD000005420,3324,3324,2024-05-31 16:29:58,App,Delivered
ORD000005421,2604,2604,2022-07-25 10:22:20,App,Delivered
ORD000005422,3500,3500,2021-05-09 01:13:08,Web,Delivered
ORD000005423,1566,1566,2022-06-09 17:11:08,App,Placed
ORD000005424,919,919,2022-11-26 09:14:36,App,Delivered
ORD000005425,4620,4620,2022-04-21 08:09:33,App,Delivered
ORD000005426,4622,4622,2025-09-18 20:11:34,App,Delivered
ORD000005427,1316,1316,2025-04-16 19:09:43,App,Delivered
ORD000005428,4120,4120,2022-11-18 20:43:01,Web,Returned
ORD000005429,1655,1655,2024-01-08 23:32:49,App,Delivered
ORD000005430,3459,3459,2024-08-08 13:01:03,App,Delivered
ORD000005431,1614,1614,2023-06-22 03:27:04,Store,Delivered
ORD000005432,242,242,2024-03-24 06:18:55,App,Shipped
ORD000005433,4299,4299,2024-09-05 04:30:30,App,Delivered
ORD000005434,4333,4333,2023-01-06 16:59:10,Web,Returned
ORD000005435,951,951,2024-07-21 15:17:50,App,Returned
ORD000005436,3070,3070,2025-02-01 10:25:03,App,Delivered
ORD000005437,294,294,2022-04-15 21:56:20,App,Delivered
ORD000005438,5207,5207,2025-07-24 06:53:46,App,Delivered
ORD000005439,4306,4306,2025-01-31 02:25:50,App,Delivered
ORD000005440,788,788,2023-02-27 01:04:38,App,Delivered
ORD000005441,1633,1633,2024-06-01 03:26:50,Web,Placed
ORD000005442,3074,3074,2022-11-03 12:55:03,App,Cancelled
ORD000005443,4071,4071,2025-09-19 21:43:57,App,Delivered
ORD000005444,2277,2277,2026-01-07 18:47:27,Web,Delivered
ORD000005445,4506,4506,2024-02-29 01:17:29,Web,Shipped
ORD000005446,3315,3315,2025-09-12 19:59:48,App,Placed
ORD000005447,5059,5059,2021-03-17 05:22:47,Web,Returned
ORD000005448,1492,1492,2021-03-05 13:56:12,Web,Returned
ORD000005449,4554,4554,2022-03-05 03:13:00,Web,Delivered
ORD000005450,2602,2602,2022-04-17 08:14:41,Web,Delivered
ORD000005451,2261,2261,2026-01-18 07:51:12,Web,Delivered
ORD000005452,1832,1832,2023-01-04 02:53:31,Web,Shipped
ORD000005453,386,386,2021-11-20 08:53:34,App,Placed
ORD000005454,5532,5532,2023-02-14 22:08:30,Store,Delivered
ORD000005455,528,528,2021-12-15 05:46:36,App,Delivered
ORD000005456,1412,1412,2024-01-30 09:12:27,App,Delivered
ORD000005457,3351,3351,2024-05-19 10:57:33,App,Delivered
ORD000005458,5086,5086,2021-08-06 14:35:15,App,Placed
ORD000005459,4198,4198,2024-01-28 04:11:42,App,Cancelled
ORD000005460,5709,5709,2021-07-31 16:38:08,App,Delivered
ORD000005461,390,390,2025-03-04 02:45:45,App,Placed
ORD000005462,1226,1226,2022-04-20 11:24:58,App,Delivered
ORD000005463,3639,3639,2021-07-12 23:14:13,App,Delivered
ORD000005464,3793,3793,2022-03-20 08:48:41,App,Delivered
ORD000005465,5512,5512,2021-08-12 12:22:52,Web,Cancelled
ORD000005466,841,841,2023-03-10 12:34:22,App,Delivered
ORD000005467,1378,1378,2023-03-02 09:18:03,App,Shipped
ORD000005468,5713,5713,2023-11-12 23:30:58,Store,Placed
ORD000005469,5876,5876,2022-07-05 15:44:15,Web,Delivered
ORD000005470,235,235,2022-05-17 14:28:53,Web,Delivered
ORD000005471,114,114,2021-07-20 11:52:25,Web,Returned
ORD000005472,3139,3139,2025-10-12 22:42:16,App,Returned
ORD000005473,809,809,2022-06-21 16:34:29,App,Returned
ORD000005474,5160,5160,2022-12-27 07:50:56,App,Placed
ORD000005475,2151,2151,2026-01-16 12:17:29,App,Delivered
ORD000005476,411,411,2024-01-11 16:26:29,App,Delivered
ORD000005477,1319,1319,2025-03-27 20:05:26,Web,Placed
ORD000005478,4087,4087,2021-04-06 20:50:47,Web,Returned
ORD000005479,5685,5685,2025-03-05 19:59:19,Web,Returned
ORD000005480,4904,4904,2022-08-09 03:46:46,Web,Delivered
ORD000005481,1588,1588,2025-01-08 00:44:21,App,Returned
ORD000005482,1061,1061,2023-07-16 15:02:09,Web,Delivered
ORD000005483,67,67,2025-08-09 23:25:24,App,Delivered
ORD000005484,5794,5794,2023-07-21 14:18:58,Web,Delivered
ORD000005485,2254,2254,2022-06-18 09:40:58,App,Delivered
ORD000005486,341,341,2025-04-22 04:29:56,Web,Delivered
ORD000005487,5954,5954,2022-08-28 18:06:50,App,Shipped
ORD000005488,3978,3978,2025-04-02 03:06:00,App,Delivered
ORD000005489,5172,5172,2022-01-29 22:31:57,Store,Delivered
ORD000005490,2474,2474,2025-04-23 14:50:00,Web,Delivered
ORD000005491,956,956,2024-12-07 11:30:34,App,Delivered
ORD000005492,4305,4305,2024-10-23 01:08:39,Web,Delivered
ORD000005493,5634,5634,2023-11-18 09:27:03,Web,Returned
ORD000005494,2011,2011,2021-05-11 06:46:02,Web,Delivered
ORD000005495,1889,1889,2024-09-02 01:43:22,App,Placed
ORD000005496,369,369,2021-03-01 23:43:49,Web,Delivered
ORD000005497,1763,1763,2021-09-15 16:27:17,Web,Cancelled
ORD000005498,994,994,2023-12-07 09:06:05,Web,Delivered
ORD000005499,82,82,2025-11-06 23:59:10,Store,Delivered
ORD000005500,1188,1188,2023-01-29 02:54:29,App,Delivered
ORD000005501,377,377,2023-08-24 14:18:01,App,Shipped
ORD000005502,3,3,2023-02-02 23:20:21,App,Delivered
ORD000005503,684,684,2021-08-14 17:22:37,Web,Delivered
ORD000005504,3190,3190,2025-10-20 10:26:36,Web,Shipped
ORD000005505,3728,3728,2024-03-03 07:37:50,App,Delivered
ORD000005506,764,764,2022-07-19 21:35:39,Web,Shipped
ORD000005507,266,266,2023-03-12 11:24:56,Web,Delivered
ORD000005508,2483,2483,2025-05-19 09:17:29,App,Delivered
ORD000005509,2730,2730,2021-07-05 03:50:52,Web,Delivered
ORD000005510,725,725,2022-07-16 08:56:48,App,Returned
ORD000005511,2841,2841,2023-07-08 00:46:07,Web,Delivered
ORD000005512,5347,5347,2021-10-29 15:50:17,App,Cancelled
ORD000005513,2424,2424,2025-09-24 09:32:46,App,Delivered
ORD000005514,5382,5382,2023-12-26 06:07:44,App,Delivered
ORD000005515,2414,2414,2022-07-19 01:55:10,Web,Delivered
ORD000005516,4863,4863,2023-11-12 01:08:26,Web,Delivered
ORD000005517,2476,2476,2021-03-01 22:57:41,App,Delivered
ORD000005518,5128,5128,2025-02-26 03:47:36,Web,Returned
ORD000005519,1065,1065,2023-02-17 13:08:05,Web,Delivered
ORD000005520,5998,5998,2024-05-13 19:45:05,Web,Delivered
ORD000005521,5222,5222,2024-02-19 02:26:08,Web,Delivered
ORD000005522,5339,5339,2024-02-11 09:31:31,App,Delivered
ORD000005523,2292,2292,2023-11-01 04:03:02,App,Placed
ORD000005524,2893,2893,2024-10-09 05:07:01,Web,Placed
ORD000005525,5035,5035,2023-04-12 12:06:13,App,Placed
ORD000005526,4399,4399,2024-08-04 09:09:28,App,Shipped
ORD000005527,4466,4466,2024-08-11 06:59:16,App,Placed
ORD000005528,4947,4947,2024-09-07 01:45:34,Web,Delivered
ORD000005529,2323,2323,2024-10-14 20:53:46,Web,Delivered
ORD000005530,47,47,2022-06-14 13:30:05,App,Placed
ORD000005531,2165,2165,2023-02-24 10:51:30,App,Delivered
ORD000005532,3662,3662,2025-12-06 04:07:42,App,Delivered
ORD000005533,2565,2565,2024-07-16 03:46:05,Web,Delivered
ORD000005534,3326,3326,2024-02-08 22:16:13,Web,Delivered
ORD000005535,4928,4928,2024-05-08 21:25:56,Web,Delivered
ORD000005536,2667,2667,2023-01-02 14:12:30,App,Delivered
ORD000005537,756,756,2024-09-14 16:18:00,Web,Delivered
ORD000005538,3245,3245,2023-12-23 14:58:56,App,Placed
ORD000005539,1453,1453,2025-09-26 19:57:43,Store,Delivered
ORD000005540,905,905,2021-03-16 18:53:12,App,Delivered
ORD000005541,2455,2455,2025-10-30 23:51:49,App,Delivered
ORD000005542,3488,3488,2022-10-20 00:24:44,Web,Delivered
ORD000005543,4061,4061,2022-06-13 23:30:44,App,Returned
ORD000005544,5805,5805,2022-10-16 13:30:35,App,Cancelled
ORD000005545,3764,3764,2021-10-31 13:50:19,Web,Shipped
ORD000005546,779,779,2023-08-11 10:12:54,Web,Delivered
ORD000005547,1791,1791,2021-09-16 16:45:22,App,Delivered
ORD000005548,4928,4928,2024-10-13 21:37:44,App,Delivered
ORD000005549,5193,5193,2021-04-27 02:34:38,Web,Delivered
ORD000005550,1602,1602,2021-08-28 12:23:05,Web,Placed
ORD000005551,4740,4740,2023-10-06 17:41:20,Web,Returned
ORD000005552,4509,4509,2025-12-06 06:01:14,Store,Delivered
ORD000005553,3844,3844,2023-04-18 05:20:19,App,Returned
ORD000005554,3676,3676,2021-07-21 15:18:51,App,Placed
ORD000005555,3858,3858,2025-03-05 04:06:34,Web,Shipped
ORD000005556,1006,1006,2021-05-20 17:47:51,App,Delivered
ORD000005557,2701,2701,2025-06-15 12:08:02,App,Delivered
ORD000005558,232,232,2021-03-25 21:01:28,Web,Cancelled
ORD000005559,3654,3654,2022-05-19 05:02:49,App,Delivered
ORD000005560,4587,4587,2022-02-28 12:16:15,Web,Placed
ORD000005561,5807,5807,2024-01-25 13:17:29,App,Delivered
ORD000005562,2134,2134,2022-06-16 01:14:45,App,Delivered
ORD000005563,3837,3837,2024-02-04 16:43:35,Web,Delivered
ORD000005564,1691,1691,2025-03-09 22:45:07,App,Delivered
ORD000005565,1224,1224,2024-02-15 11:48:03,App,Delivered
ORD000005566,4971,4971,2021-08-18 10:15:55,App,Returned
ORD000005567,2204,2204,2022-08-09 19:27:09,Web,Delivered
ORD000005568,898,898,2024-08-07 00:20:58,App,Delivered
ORD000005569,1870,1870,2021-10-06 11:02:44,App,Delivered
ORD000005570,152,152,2023-01-03 07:09:57,App,Delivered
ORD000005571,1352,1352,2021-11-05 11:12:49,Web,Delivered
ORD000005572,172,172,2024-09-09 01:10:31,App,Delivered
ORD000005573,5525,5525,2021-11-02 11:53:24,Web,Delivered
ORD000005574,1430,1430,2024-03-25 06:26:58,Web,Delivered
ORD000005575,4858,4858,2023-05-12 20:07:55,App,Delivered
ORD000005576,5818,5818,2021-07-12 22:06:47,App,Delivered
ORD000005577,3434,3434,2024-09-30 10:02:44,Web,Delivered
ORD000005578,3200,3200,2023-10-15 21:42:42,App,Delivered
ORD000005579,1899,1899,2024-06-25 22:29:28,Store,Shipped
ORD000005580,1360,1360,2024-04-24 19:44:43,Web,Delivered
ORD000005581,5874,5874,2025-12-19 00:09:18,App,Delivered
ORD000005582,693,693,2023-12-02 18:24:44,App,Placed
ORD000005583,5878,5878,2023-01-26 00:39:16,Web,Delivered
ORD000005584,100,100,2025-10-08 22:20:46,App,Shipped
ORD000005585,5684,5684,2021-07-09 19:21:37,App,Shipped
ORD000005586,3443,3443,2025-10-30 05:41:06,App,Delivered
ORD000005587,3050,3050,2023-08-22 02:19:19,App,Delivered
ORD000005588,5005,5005,2025-04-05 00:11:57,App,Returned
ORD000005589,1921,1921,2024-09-18 13:53:34,App,Returned
ORD000005590,428,428,2022-10-12 22:35:04,Web,Delivered
ORD000005591,587,587,2023-10-30 14:14:05,App,Delivered
ORD000005592,2968,2968,2024-03-22 07:33:46,Web,Shipped
ORD000005593,3205,3205,2025-12-24 09:24:45,App,Delivered
ORD000005594,256,256,2021-04-01 06:12:19,Web,Delivered
ORD000005595,1474,1474,2023-06-15 21:24:51,App,Placed
ORD000005596,721,721,2022-10-18 20:44:49,App,Delivered
ORD000005597,2001,2001,2025-04-12 08:07:18,Web,Placed
ORD000005598,3008,3008,2025-02-12 07:02:27,App,Delivered
ORD000005599,5775,5775,2023-11-29 18:38:12,App,Returned
ORD000005600,2628,2628,2023-04-08 22:56:00,Web,Delivered
ORD000005601,4503,4503,2023-08-10 02:12:53,Store,Delivered
ORD000005602,5505,5505,2022-08-06 13:14:51,App,Placed
ORD000005603,2290,2290,2021-04-25 20:21:46,App,Delivered
ORD000005604,4211,4211,2025-05-20 19:05:49,App,Delivered
ORD000005605,5113,5113,2023-11-03 21:19:10,Web,Placed
ORD000005606,1732,1732,2025-07-21 01:18:15,App,Delivered
ORD000005607,4902,4902,2023-03-18 13:23:29,Web,Returned
ORD000005608,2178,2178,2026-01-17 20:34:16,App,Shipped
ORD000005609,1581,1581,2025-02-26 05:03:42,Web,Delivered
ORD000005610,3227,3227,2022-02-08 21:05:56,App,Delivered
ORD000005611,994,994,2023-12-06 15:13:03,App,Delivered
ORD000005612,1997,1997,2022-04-21 06:56:47,Web,Delivered
ORD000005613,4591,4591,2024-02-07 13:50:00,Web,Placed
ORD000005614,1853,1853,2021-06-10 09:51:30,App,Returned
ORD000005615,82,82,2025-01-01 13:45:15,App,Delivered
ORD000005616,3851,3851,2022-07-03 12:13:43,App,Returned
ORD000005617,3013,3013,2023-11-23 01:04:00,App,Returned
ORD000005618,2717,2717,2024-07-26 11:48:56,Web,Delivered
ORD000005619,5302,5302,2026-01-30 11:17:28,App,Delivered
ORD000005620,1456,1456,2025-10-10 05:20:31,App,Delivered
ORD000005621,1198,1198,2023-06-02 19:41:07,App,Cancelled
ORD000005622,3113,3113,2022-05-18 21:24:55,App,Returned
ORD000005623,2917,2917,2021-08-29 00:23:38,Web,Returned
ORD000005624,1312,1312,2023-11-08 20:42:37,Web,Delivered
ORD000005625,561,561,2026-01-31 20:57:17,Web,Delivered
ORD000005626,5382,5382,2022-11-18 22:24:47,Store,Shipped
ORD000005627,5876,5876,2024-05-01 22:33:14,App,Delivered
ORD000005628,2105,2105,2024-09-19 19:31:53,Web,Shipped
ORD000005629,2054,2054,2024-10-03 15:25:27,App,Returned
ORD000005630,1599,1599,2023-01-03 14:09:14,App,Returned
ORD000005631,945,945,2024-04-18 00:24:07,Web,Placed
ORD000005632,579,579,2025-05-20 15:27:15,Web,Delivered
ORD000005633,915,915,2021-08-29 20:43:34,Web,Delivered
ORD000005634,5815,5815,2022-08-25 06:23:39,Store,Delivered
ORD000005635,162,162,2022-09-03 05:27:15,Web,Delivered
ORD000005636,5737,5737,2024-11-18 07:10:40,App,Placed
ORD000005637,775,775,2022-08-02 21:56:18,App,Delivered
ORD000005638,57,57,2024-12-29 17:51:34,App,Shipped
ORD000005639,1190,1190,2022-01-19 04:33:38,App,Delivered
ORD000005640,4045,4045,2024-12-24 01:35:44,Web,Delivered
ORD000005641,546,546,2021-09-06 09:31:34,App,Delivered
ORD000005642,2981,2981,2022-10-18 05:17:08,Web,Shipped
ORD000005643,4907,4907,2024-05-30 17:23:33,App,Shipped
ORD000005644,4143,4143,2021-06-13 23:04:50,App,Placed
ORD000005645,1414,1414,2021-08-26 16:10:12,App,Delivered
ORD000005646,2416,2416,2024-11-17 20:02:58,Web,Delivered
ORD000005647,5499,5499,2025-03-02 07:23:24,App,Returned
ORD000005648,4084,4084,2022-10-13 11:26:17,Web,Delivered
ORD000005649,3389,3389,2023-10-08 07:09:27,Store,Delivered
ORD000005650,3204,3204,2022-02-09 17:46:25,App,Shipped
ORD000005651,1413,1413,2025-11-03 14:18:09,App,Delivered
ORD000005652,2630,2630,2021-05-27 18:26:51,Web,Cancelled
ORD000005653,572,572,2025-04-23 02:02:58,App,Delivered
ORD000005654,1741,1741,2023-04-18 14:52:54,Web,Placed
ORD000005655,3928,3928,2021-04-18 05:20:06,App,Delivered
ORD000005656,348,348,2021-04-29 10:43:12,App,Returned
ORD000005657,845,845,2024-12-29 14:36:55,Web,Placed
ORD000005658,2666,2666,2025-03-11 06:59:36,App,Delivered
ORD000005659,4593,4593,2023-08-08 18:30:46,App,Delivered
ORD000005660,4792,4792,2023-07-24 11:19:56,App,Delivered
ORD000005661,5970,5970,2024-06-25 10:08:00,Web,Delivered
ORD000005662,3591,3591,2025-10-03 05:42:38,App,Shipped
ORD000005663,2500,2500,2024-10-04 19:23:07,Web,Delivered
ORD000005664,543,543,2022-06-10 11:57:23,App,Delivered
ORD000005665,216,216,2024-11-20 12:26:17,App,Placed
ORD000005666,2901,2901,2022-11-18 03:49:51,Web,Cancelled
ORD000005667,4394,4394,2021-08-20 18:51:28,Web,Shipped
ORD000005668,1370,1370,2025-10-21 07:52:06,App,Delivered
ORD000005669,286,286,2021-04-30 10:21:25,App,Shipped
ORD000005670,3060,3060,2022-11-10 08:02:27,App,Delivered
ORD000005671,4222,4222,2024-04-13 03:24:55,Store,Delivered
ORD000005672,51,51,2022-02-09 10:15:25,App,Returned
ORD000005673,5539,5539,2022-03-20 23:33:39,Store,Delivered
ORD000005674,1726,1726,2023-04-11 02:04:38,Store,Delivered
ORD000005675,4567,4567,2025-03-13 03:38:20,App,Delivered
ORD000005676,1400,1400,2025-11-27 20:46:12,App,Placed
ORD000005677,3437,3437,2023-06-11 04:40:53,Web,Delivered
ORD000005678,3304,3304,2023-10-14 11:17:10,App,Placed
ORD000005679,2718,2718,2022-05-29 01:32:27,App,Delivered
ORD000005680,5600,5600,2022-03-04 10:52:10,App,Shipped
ORD000005681,1330,1330,2022-11-12 00:41:39,Web,Delivered
ORD000005682,4534,4534,2023-06-13 23:25:55,App,Returned
ORD000005683,3323,3323,2024-11-18 17:55:04,Web,Delivered
ORD000005684,2899,2899,2022-09-22 08:56:30,App,Delivered
ORD000005685,2390,2390,2023-08-22 15:44:54,Web,Placed
ORD000005686,749,749,2024-05-13 23:52:58,App,Delivered
ORD000005687,524,524,2022-11-20 07:43:49,App,Placed
ORD000005688,655,655,2022-12-19 05:17:26,Web,Delivered
ORD000005689,4602,4602,2024-08-14 05:01:25,Web,Delivered
ORD000005690,4495,4495,2024-04-27 07:22:35,Web,Delivered
ORD000005691,2954,2954,2022-11-21 11:42:43,App,Delivered
ORD000005692,3190,3190,2023-08-11 12:48:07,Web,Cancelled
ORD000005693,2109,2109,2024-03-09 08:27:20,Web,Cancelled
ORD000005694,1939,1939,2023-02-04 21:06:25,App,Shipped
ORD000005695,1205,1205,2022-09-13 23:42:42,Web,Delivered
ORD000005696,4040,4040,2024-02-06 16:38:18,App,Delivered
ORD000005697,4083,4083,2021-10-25 06:08:42,App,Cancelled
ORD000005698,4063,4063,2022-12-20 01:04:17,Web,Delivered
ORD000005699,265,265,2022-06-10 06:17:09,App,Returned
ORD000005700,5149,5149,2025-08-02 00:46:16,App,Delivered
ORD000005701,3335,3335,2023-04-16 06:26:41,Web,Delivered
ORD000005702,712,712,2022-04-08 13:37:07,Web,Placed
ORD000005703,913,913,2022-08-15 04:29:56,Web,Delivered
ORD000005704,5711,5711,2021-05-12 07:25:40,App,Placed
ORD000005705,5776,5776,2023-01-21 11:46:06,Web,Placed
ORD000005706,1735,1735,2022-04-07 09:28:45,Web,Delivered
ORD000005707,1446,1446,2021-04-28 16:01:04,App,Placed
ORD000005708,2137,2137,2024-08-19 12:53:16,App,Cancelled
ORD000005709,332,332,2023-07-02 08:45:33,App,Delivered
ORD000005710,3850,3850,2021-02-15 16:50:20,App,Delivered
ORD000005711,3835,3835,2024-05-11 00:38:07,Web,Returned
ORD000005712,152,152,2024-03-23 20:22:21,App,Cancelled
ORD000005713,708,708,2023-03-12 16:37:48,App,Placed
ORD000005714,421,421,2022-07-04 14:20:56,Web,Cancelled
ORD000005715,5805,5805,2021-12-02 19:00:48,Web,Delivered
ORD000005716,253,253,2024-09-21 21:30:38,App,Delivered
ORD000005717,999,999,2023-07-31 17:51:55,App,Cancelled
ORD000005718,5931,5931,2023-12-11 13:34:14,App,Placed
ORD000005719,5828,5828,2022-01-06 08:43:15,App,Delivered
ORD000005720,3556,3556,2025-02-09 04:09:41,App,Delivered
ORD000005721,293,293,2021-12-19 05:32:31,Web,Delivered
ORD000005722,1241,1241,2022-02-03 04:22:52,App,Placed
ORD000005723,169,169,2023-12-01 01:10:50,Web,Delivered
ORD000005724,2782,2782,2024-08-21 15:24:46,App,Delivered
ORD000005725,37,37,2025-12-24 18:36:02,Web,Cancelled
ORD000005726,1445,1445,2022-12-19 11:05:04,App,Delivered
ORD000005727,4392,4392,2024-05-29 15:49:14,App,Delivered
ORD000005728,2368,2368,2021-11-28 08:19:51,App,Shipped
ORD000005729,923,923,2022-04-05 08:12:35,App,Delivered
ORD000005730,1821,1821,2024-05-08 11:50:14,App,Delivered
ORD000005731,5077,5077,2024-07-27 03:09:49,Web,Placed
ORD000005732,2443,2443,2025-04-27 00:12:32,App,Delivered
ORD000005733,4745,4745,2023-10-09 02:03:00,Web,Delivered
ORD000005734,4379,4379,2023-05-23 13:33:18,Web,Delivered
ORD000005735,1663,1663,2021-03-27 12:04:10,Web,Shipped
ORD000005736,999,999,2025-12-18 13:05:29,App,Delivered
ORD000005737,4182,4182,2022-09-25 19:57:21,App,Delivered
ORD000005738,4303,4303,2025-05-05 17:57:18,App,Returned
ORD000005739,3947,3947,2024-12-12 22:12:47,Store,Returned
ORD000005740,2525,2525,2021-10-11 15:24:38,App,Placed
ORD000005741,5863,5863,2025-05-14 09:33:59,App,Returned
ORD000005742,131,131,2025-11-14 02:46:20,Web,Delivered
ORD000005743,4232,4232,2024-12-01 03:07:20,App,Delivered
ORD000005744,3418,3418,2025-05-28 16:40:52,App,Delivered
ORD000005745,2218,2218,2021-11-28 11:10:40,Web,Delivered
ORD000005746,3017,3017,2024-05-07 17:48:13,App,Returned
ORD000005747,1187,1187,2025-07-30 14:39:01,Web,Delivered
ORD000005748,4295,4295,2025-04-23 16:48:19,App,Delivered
ORD000005749,4835,4835,2023-01-25 04:43:41,App,Shipped
ORD000005750,2813,2813,2024-10-12 22:01:11,App,Cancelled
ORD000005751,1518,1518,2024-02-19 23:15:25,Web,Delivered
ORD000005752,4199,4199,2023-04-13 17:43:37,App,Delivered
ORD000005753,4644,4644,2025-07-24 07:39:31,Web,Delivered
ORD000005754,6,6,2024-05-17 12:41:13,Web,Delivered
ORD000005755,711,711,2024-09-26 00:34:47,App,Delivered
ORD000005756,12,12,2023-09-10 03:16:58,App,Delivered
ORD000005757,2151,2151,2022-05-21 12:51:59,Web,Delivered
ORD000005758,5953,5953,2025-01-04 15:58:49,Web,Delivered
ORD000005759,1714,1714,2023-02-14 09:57:22,App,Shipped
ORD000005760,4523,4523,2024-09-14 17:31:58,App,Returned
ORD000005761,4267,4267,2024-12-12 06:08:45,App,Placed
ORD000005762,5809,5809,2025-06-21 12:18:26,Web,Returned
ORD000005763,4185,4185,2021-12-31 21:27:49,Web,Delivered
ORD000005764,3419,3419,2025-07-19 17:24:22,App,Delivered
ORD000005765,4951,4951,2021-10-12 04:43:33,App,Delivered
ORD000005766,3283,3283,2021-10-05 15:19:36,Web,Shipped
ORD000005767,5554,5554,2023-07-01 12:28:22,App,Shipped
ORD000005768,3605,3605,2022-11-19 07:28:24,App,Delivered
ORD000005769,2648,2648,2024-04-22 07:15:58,Web,Placed
ORD000005770,3597,3597,2025-05-14 04:32:36,Web,Delivered
ORD000005771,3983,3983,2023-10-20 22:52:10,App,Delivered
ORD000005772,178,178,2024-01-26 14:13:47,App,Delivered
ORD000005773,2611,2611,2021-09-29 02:26:31,Web,Shipped
ORD000005774,4514,4514,2022-04-17 07:59:28,Web,Returned
ORD000005775,554,554,2024-01-06 19:45:01,App,Delivered
ORD000005776,3390,3390,2024-07-31 06:34:55,App,Delivered
ORD000005777,242,242,2024-11-15 11:53:58,App,Delivered
ORD000005778,4000,4000,2023-06-04 01:02:37,App,Delivered
ORD000005779,1380,1380,2022-08-19 15:10:02,Web,Delivered
ORD000005780,1597,1597,2021-11-03 15:01:38,App,Shipped
ORD000005781,5558,5558,2023-05-01 21:03:29,App,Delivered
ORD000005782,3530,3530,2025-05-22 22:40:36,App,Delivered
ORD000005783,5562,5562,2022-10-22 21:56:16,App,Delivered
ORD000005784,2005,2005,2024-07-02 03:21:37,App,Delivered
ORD000005785,1947,1947,2024-02-28 08:51:09,App,Cancelled
ORD000005786,1301,1301,2021-08-13 22:54:15,App,Shipped
ORD000005787,3090,3090,2023-06-29 12:40:52,App,Shipped
ORD000005788,3396,3396,2025-01-16 10:58:47,Web,Cancelled
ORD000005789,1071,1071,2023-01-22 14:20:12,App,Delivered
ORD000005790,4918,4918,2022-10-23 21:28:20,App,Delivered
ORD000005791,3785,3785,2025-02-21 19:19:41,App,Returned
ORD000005792,1789,1789,2025-12-14 01:13:43,App,Delivered
ORD000005793,4288,4288,2023-10-04 20:32:29,Web,Delivered
ORD000005794,5027,5027,2022-04-26 19:04:53,App,Delivered
ORD000005795,1773,1773,2023-01-31 06:06:14,Web,Returned
ORD000005796,3806,3806,2024-07-25 09:27:03,Web,Delivered
ORD000005797,2215,2215,2023-06-02 17:46:26,Web,Delivered
ORD000005798,57,57,2026-01-18 06:11:24,App,Delivered
ORD000005799,238,238,2025-05-29 06:37:51,Store,Placed
ORD000005800,733,733,2022-06-29 14:03:07,App,Delivered
ORD000005801,3890,3890,2025-09-05 00:07:57,Web,Delivered
ORD000005802,2825,2825,2025-09-20 03:06:49,App,Delivered
ORD000005803,1228,1228,2024-05-29 02:50:14,Web,Placed
ORD000005804,4238,4238,2024-03-31 19:54:53,App,Placed
ORD000005805,2455,2455,2023-03-18 10:29:29,App,Delivered
ORD000005806,4912,4912,2024-06-25 19:38:08,App,Delivered
ORD000005807,4306,4306,2025-11-07 21:06:18,Web,Shipped
ORD000005808,768,768,2023-01-12 07:02:29,App,Delivered
ORD000005809,3384,3384,2021-09-28 02:29:36,App,Delivered
ORD000005810,2425,2425,2025-07-15 16:32:35,Web,Delivered
ORD000005811,3425,3425,2024-02-25 13:23:58,Web,Delivered
ORD000005812,4549,4549,2023-11-13 21:36:09,App,Delivered
ORD000005813,714,714,2023-11-18 13:36:41,Store,Cancelled
ORD000005814,86,86,2021-05-13 17:38:58,App,Delivered
ORD000005815,1579,1579,2024-10-14 16:36:57,Web,Delivered
ORD000005816,2017,2017,2022-05-06 21:05:22,App,Delivered
ORD000005817,3487,3487,2025-08-07 15:07:46,Web,Delivered
ORD000005818,5702,5702,2024-09-05 12:39:33,Web,Delivered
ORD000005819,3428,3428,2021-05-16 19:20:14,Web,Delivered
ORD000005820,3715,3715,2021-10-14 03:32:50,App,Delivered
ORD000005821,4740,4740,2024-02-03 20:14:13,Web,Returned
ORD000005822,1272,1272,2025-12-22 10:44:26,Web,Delivered
ORD000005823,3814,3814,2022-03-16 15:16:23,App,Shipped
ORD000005824,1625,1625,2024-12-07 15:14:34,Web,Delivered
ORD000005825,5659,5659,2021-09-01 21:26:52,App,Shipped
ORD000005826,2409,2409,2022-07-10 23:49:10,Web,Delivered
ORD000005827,4846,4846,2021-02-18 07:28:07,Web,Delivered
ORD000005828,2852,2852,2023-09-15 19:00:38,App,Placed
ORD000005829,1398,1398,2022-08-27 01:14:04,App,Delivered
ORD000005830,1966,1966,2022-06-03 02:09:19,App,Cancelled
ORD000005831,4157,4157,2021-08-01 09:20:07,App,Shipped
ORD000005832,3242,3242,2021-09-17 17:09:00,App,Returned
ORD000005833,1531,1531,2021-05-27 22:32:36,App,Shipped
ORD000005834,775,775,2021-04-21 03:48:52,Store,Delivered
ORD000005835,2462,2462,2025-01-25 19:18:45,App,Returned
ORD000005836,116,116,2022-06-17 05:57:57,App,Placed
ORD000005837,5853,5853,2025-01-25 22:37:19,Web,Shipped
ORD000005838,5544,5544,2025-10-16 05:24:35,App,Delivered
ORD000005839,5248,5248,2025-03-03 01:53:25,App,Delivered
ORD000005840,1350,1350,2025-09-12 00:45:17,App,Returned
ORD000005841,2746,2746,2021-10-11 01:09:09,Web,Delivered
ORD000005842,3244,3244,2022-10-06 23:58:24,App,Delivered
ORD000005843,5319,5319,2023-09-27 20:39:45,Web,Delivered
ORD000005844,2848,2848,2025-02-23 02:40:45,App,Delivered
ORD000005845,627,627,2022-09-04 02:46:30,Web,Delivered
ORD000005846,5453,5453,2025-04-24 16:59:41,App,Delivered
ORD000005847,5586,5586,2021-08-23 06:13:03,App,Delivered
ORD000005848,5962,5962,2025-12-20 13:19:54,App,Delivered
ORD000005849,5433,5433,2022-11-13 21:12:38,Web,Shipped
ORD000005850,4619,4619,2024-05-12 08:40:16,App,Delivered
ORD000005851,1640,1640,2022-07-25 08:54:18,Web,Placed
ORD000005852,2223,2223,2023-09-05 11:43:41,App,Delivered
ORD000005853,2946,2946,2025-02-21 23:19:27,App,Delivered
ORD000005854,2422,2422,2022-10-01 07:20:31,Web,Delivered
ORD000005855,4728,4728,2021-08-11 23:27:35,App,Returned
ORD000005856,237,237,2024-12-08 06:59:38,App,Returned
ORD000005857,3058,3058,2024-12-20 01:57:20,App,Delivered
ORD000005858,5868,5868,2022-07-27 07:53:29,Store,Delivered
ORD000005859,968,968,2023-03-20 02:29:50,Web,Placed
ORD000005860,5937,5937,2025-02-23 22:08:00,Web,Delivered
ORD000005861,4539,4539,2021-09-25 04:54:12,App,Cancelled
ORD000005862,2832,2832,2024-10-19 16:56:36,App,Shipped
ORD000005863,3928,3928,2022-10-29 13:26:42,App,Delivered
ORD000005864,1020,1020,2025-08-23 08:11:48,Web,Delivered
ORD000005865,2007,2007,2023-01-27 10:38:40,App,Delivered
ORD000005866,2894,2894,2023-09-30 05:29:02,App,Delivered
ORD000005867,1563,1563,2024-04-26 04:25:31,Web,Delivered
ORD000005868,842,842,2023-02-16 11:47:55,App,Placed
ORD000005869,4731,4731,2021-03-18 13:25:26,Web,Delivered
ORD000005870,2204,2204,2021-12-14 03:22:26,Web,Delivered
ORD000005871,813,813,2023-10-07 03:44:54,App,Cancelled
ORD000005872,3900,3900,2023-04-05 20:15:48,App,Shipped
ORD000005873,3762,3762,2024-08-27 16:58:52,Web,Delivered
ORD000005874,3198,3198,2021-02-17 19:13:15,Web,Shipped
ORD000005875,1710,1710,2022-02-14 18:07:58,App,Delivered
ORD000005876,5667,5667,2021-12-30 04:04:34,Web,Delivered
ORD000005877,1065,1065,2022-11-27 10:05:00,Store,Delivered
ORD000005878,4282,4282,2024-01-31 07:24:21,App,Delivered
ORD000005879,2509,2509,2024-10-16 02:29:25,Web,Delivered
ORD000005880,1719,1719,2025-05-26 19:15:24,App,Delivered
ORD000005881,5509,5509,2024-07-26 11:22:59,App,Returned
ORD000005882,3333,3333,2022-11-05 19:38:12,App,Placed
ORD000005883,2594,2594,2024-02-27 05:03:40,Web,Delivered
ORD000005884,1473,1473,2022-11-23 10:32:40,Web,Placed
ORD000005885,699,699,2023-02-23 13:04:16,App,Delivered
ORD000005886,945,945,2025-06-20 06:55:30,App,Delivered
ORD000005887,137,137,2021-07-29 07:47:10,App,Delivered
ORD000005888,1226,1226,2022-05-15 23:30:59,Web,Delivered
ORD000005889,4989,4989,2024-11-16 01:56:30,Web,Delivered
ORD000005890,2703,2703,2023-12-04 09:07:34,App,Delivered
ORD000005891,4717,4717,2022-10-21 18:51:20,App,Cancelled
ORD000005892,2205,2205,2022-05-20 22:00:05,App,Delivered
ORD000005893,3327,3327,2025-05-18 19:03:27,Web,Returned
ORD000005894,2229,2229,2024-09-24 13:35:13,Web,Delivered
ORD000005895,2457,2457,2021-06-15 11:11:49,App,Returned
ORD000005896,4949,4949,2022-02-22 16:47:34,App,Delivered
ORD000005897,3803,3803,2024-05-25 01:07:21,App,Returned
ORD000005898,3100,3100,2024-08-20 20:37:50,App,Delivered
ORD000005899,3735,3735,2021-05-06 07:48:53,App,Delivered
ORD000005900,4967,4967,2026-01-25 03:33:27,App,Delivered
ORD000005901,4708,4708,2021-10-27 02:21:21,Web,Delivered
ORD000005902,1539,1539,2023-01-03 06:54:18,App,Placed
ORD000005903,1569,1569,2021-02-27 19:57:19,App,Delivered
ORD000005904,3271,3271,2022-08-21 17:50:39,App,Delivered
ORD000005905,4165,4165,2023-07-05 08:06:39,Store,Returned
ORD000005906,602,602,2023-06-05 05:54:09,App,Delivered
ORD000005907,2065,2065,2024-09-21 08:48:15,App,Placed
ORD000005908,4975,4975,2021-10-28 10:34:22,App,Shipped
ORD000005909,3907,3907,2024-04-15 16:17:36,App,Delivered
ORD000005910,546,546,2022-01-20 20:02:28,Web,Delivered
ORD000005911,5896,5896,2022-03-09 06:56:16,App,Shipped
ORD000005912,5933,5933,2024-07-30 17:14:10,Web,Delivered
ORD000005913,184,184,2022-01-08 02:03:43,Web,Placed
ORD000005914,838,838,2023-07-13 01:17:38,Web,Delivered
ORD000005915,1893,1893,2024-12-02 14:01:23,App,Delivered
ORD000005916,1389,1389,2025-09-21 19:49:09,Web,Cancelled
ORD000005917,1942,1942,2022-09-20 05:08:44,Store,Placed
ORD000005918,1458,1458,2022-02-14 17:16:58,App,Delivered
ORD000005919,3271,3271,2024-03-22 00:07:25,Web,Delivered
ORD000005920,2801,2801,2024-09-16 00:35:04,Web,Delivered
ORD000005921,3304,3304,2023-12-20 03:38:21,App,Placed
ORD000005922,2771,2771,2025-09-14 11:49:35,Web,Placed
ORD000005923,5488,5488,2025-06-14 05:19:01,App,Shipped
ORD000005924,1454,1454,2023-12-01 03:42:57,Web,Delivered
ORD000005925,3636,3636,2022-08-07 14:42:50,Web,Delivered
ORD000005926,3287,3287,2025-08-09 15:31:05,Web,Delivered
ORD000005927,1173,1173,2025-02-14 01:02:01,App,Placed
ORD000005928,1712,1712,2024-11-03 14:06:59,App,Shipped
ORD000005929,5497,5497,2023-09-06 20:28:32,Web,Delivered
ORD000005930,781,781,2023-11-28 06:27:21,App,Delivered
ORD000005931,1029,1029,2022-10-09 20:51:09,Web,Placed
ORD000005932,4724,4724,2023-07-04 01:14:20,Web,Shipped
ORD000005933,2251,2251,2023-02-27 16:17:46,App,Delivered
ORD000005934,4150,4150,2024-04-06 17:57:43,App,Delivered
ORD000005935,4384,4384,2022-03-31 20:07:32,App,Shipped
ORD000005936,3670,3670,2022-07-24 09:01:22,Store,Delivered
ORD000005937,1069,1069,2023-02-02 19:45:45,App,Delivered
ORD000005938,284,284,2023-05-15 20:56:23,Web,Returned
ORD000005939,833,833,2022-03-03 19:43:08,App,Delivered
ORD000005940,4678,4678,2023-10-10 21:17:24,App,Placed
ORD000005941,3489,3489,2023-06-17 19:42:50,App,Shipped
ORD000005942,4368,4368,2021-11-22 22:14:24,Web,Cancelled
ORD000005943,3213,3213,2022-01-15 09:57:12,App,Cancelled
ORD000005944,917,917,2022-12-06 12:30:02,App,Delivered
ORD000005945,571,571,2024-05-22 04:15:21,Store,Delivered
ORD000005946,2800,2800,2026-01-01 16:41:38,App,Delivered
ORD000005947,2095,2095,2024-10-19 04:37:06,App,Delivered
ORD000005948,3239,3239,2021-09-18 14:48:44,Web,Delivered
ORD000005949,5742,5742,2025-06-21 01:01:35,App,Delivered
ORD000005950,4568,4568,2021-09-04 21:10:09,App,Delivered
ORD000005951,4907,4907,2021-04-25 23:14:30,App,Delivered
ORD000005952,621,621,2023-05-11 17:04:22,App,Returned
ORD000005953,4773,4773,2022-07-03 05:49:38,App,Delivered
ORD000005954,771,771,2022-03-01 00:13:57,App,Cancelled
ORD000005955,4794,4794,2023-10-07 05:14:46,Web,Delivered
ORD000005956,3348,3348,2021-04-18 07:10:38,App,Placed
ORD000005957,1615,1615,2021-12-04 15:20:04,App,Delivered
ORD000005958,65,65,2026-01-18 12:03:59,App,Returned
ORD000005959,3699,3699,2024-05-08 04:23:33,App,Delivered
ORD000005960,202,202,2021-10-17 00:06:58,Web,Delivered
ORD000005961,4238,4238,2022-10-21 06:39:27,App,Delivered
ORD000005962,3170,3170,2024-07-14 02:31:17,App,Delivered
ORD000005963,2865,2865,2021-11-16 18:04:18,Web,Delivered
ORD000005964,5413,5413,2022-04-03 19:35:26,Store,Delivered
ORD000005965,1158,1158,2021-05-29 08:33:58,App,Delivered
ORD000005966,2310,2310,2024-03-12 18:24:14,App,Delivered
ORD000005967,102,102,2023-07-12 06:04:24,App,Delivered
ORD000005968,377,377,2021-10-21 21:59:15,App,Delivered
ORD000005969,206,206,2022-05-13 13:24:21,App,Shipped
ORD000005970,3725,3725,2024-05-06 02:01:49,App,Placed
ORD000005971,4857,4857,2025-02-24 07:38:16,App,Shipped
ORD000005972,5243,5243,2025-02-28 22:24:28,App,Delivered
ORD000005973,2058,2058,2022-05-10 21:22:33,Web,Shipped
ORD000005974,3664,3664,2021-09-26 07:28:17,App,Delivered
ORD000005975,5287,5287,2022-07-20 02:39:32,Web,Cancelled
ORD000005976,1635,1635,2024-11-08 05:48:40,App,Shipped
ORD000005977,5839,5839,2024-09-04 09:59:18,App,Delivered
ORD000005978,1061,1061,2021-07-08 19:04:20,Web,Delivered
ORD000005979,2824,2824,2023-11-08 10:22:29,Web,Placed
ORD000005980,5594,5594,2022-12-16 08:40:56,App,Placed
ORD000005981,5564,5564,2023-11-07 17:19:47,Web,Returned
ORD000005982,5125,5125,2021-12-07 03:54:04,App,Returned
ORD000005983,890,890,2022-06-02 20:03:45,Web,Cancelled
ORD000005984,5346,5346,2022-03-30 14:34:55,Web,Delivered
ORD000005985,1563,1563,2021-05-01 17:16:20,Web,Delivered
ORD000005986,3196,3196,2021-09-15 11:49:42,Web,Delivered
ORD000005987,4499,4499,2023-07-28 10:37:50,Store,Delivered
ORD000005988,811,811,2021-02-15 15:55:39,Web,Returned
ORD000005989,1059,1059,2025-06-10 14:33:07,App,Delivered
ORD000005990,1261,1261,2024-10-08 22:01:36,App,Delivered
ORD000005991,5588,5588,2025-09-27 22:33:43,Web,Delivered
ORD000005992,2547,2547,2024-11-07 01:11:05,App,Returned
ORD000005993,512,512,2021-03-03 15:50:38,Web,Cancelled
ORD000005994,1847,1847,2022-11-25 18:11:45,App,Shipped
ORD000005995,4413,4413,2024-10-23 01:55:30,App,Placed
ORD000005996,4399,4399,2022-06-10 11:42:35,App,Delivered
ORD000005997,1126,1126,2023-04-10 16:27:37,App,Delivered
ORD000005998,3661,3661,2024-11-05 02:05:07,App,Delivered
ORD000005999,5432,5432,2024-10-24 23:42:00,App,Shipped
ORD000006000,4178,4178,2023-03-30 07:28:33,App,Returned
ORD000006001,658,658,2025-06-28 00:29:50,Web,Delivered
ORD000006002,53,53,2024-11-08 23:57:08,Web,Cancelled
ORD000006003,5111,5111,2021-10-04 03:05:59,App,Delivered
ORD000006004,4441,4441,2022-03-18 13:20:06,App,Returned
ORD000006005,1109,1109,2025-07-30 10:24:03,Web,Delivered
ORD000006006,987,987,2025-10-06 19:36:18,Web,Delivered
ORD000006007,4737,4737,2025-04-11 07:33:11,App,Delivered
ORD000006008,211,211,2021-09-03 23:21:43,App,Delivered
ORD000006009,4960,4960,2024-06-01 14:52:25,Web,Delivered
ORD000006010,776,776,2025-12-15 10:47:17,App,Returned
ORD000006011,915,915,2024-02-24 01:55:27,Web,Placed
ORD000006012,4279,4279,2021-05-03 19:16:28,Web,Returned
ORD000006013,506,506,2024-04-16 12:03:48,App,Delivered
ORD000006014,3299,3299,2024-02-22 01:34:40,App,Delivered
ORD000006015,1858,1858,2023-10-21 11:07:28,Web,Delivered
ORD000006016,4189,4189,2021-07-12 05:38:18,Store,Delivered
ORD000006017,4426,4426,2022-06-10 11:54:58,App,Placed
ORD000006018,2238,2238,2024-01-12 09:29:53,App,Delivered
ORD000006019,2914,2914,2022-03-26 02:04:00,Web,Returned
ORD000006020,3002,3002,2024-02-18 15:43:06,App,Returned
ORD000006021,261,261,2023-07-30 15:45:18,App,Delivered
ORD000006022,710,710,2025-03-12 17:35:24,App,Delivered
ORD000006023,1952,1952,2021-02-15 11:51:53,Web,Delivered
ORD000006024,2371,2371,2026-01-29 01:25:17,Web,Placed
ORD000006025,88,88,2025-07-22 15:29:59,Web,Returned
ORD000006026,3390,3390,2023-06-15 11:24:52,App,Delivered
ORD000006027,5669,5669,2025-11-18 08:56:28,App,Shipped
ORD000006028,3295,3295,2024-07-12 19:08:39,App,Delivered
ORD000006029,2735,2735,2022-10-15 13:22:06,App,Placed
ORD000006030,2257,2257,2024-09-04 23:44:23,App,Shipped
ORD000006031,1073,1073,2021-08-16 12:39:03,Web,Shipped
ORD000006032,3608,3608,2023-04-17 22:46:07,Web,Shipped
ORD000006033,3922,3922,2025-08-25 01:27:19,Web,Delivered
ORD000006034,2970,2970,2022-07-13 01:57:00,Web,Returned
ORD000006035,5943,5943,2023-03-04 16:01:39,Web,Shipped
ORD000006036,2311,2311,2023-02-10 01:35:33,App,Cancelled
ORD000006037,3278,3278,2021-06-24 16:37:19,Store,Placed
ORD000006038,3753,3753,2021-05-12 23:50:28,App,Placed
ORD000006039,3569,3569,2023-01-20 23:39:53,App,Delivered
ORD000006040,3970,3970,2024-03-12 03:01:51,App,Delivered
ORD000006041,2718,2718,2026-02-06 00:36:33,App,Delivered
ORD000006042,1489,1489,2025-07-19 20:42:33,App,Delivered
ORD000006043,1659,1659,2022-06-12 10:22:25,App,Delivered
ORD000006044,2068,2068,2025-01-20 01:42:07,Web,Delivered
ORD000006045,2616,2616,2022-12-03 10:49:44,App,Placed
ORD000006046,3018,3018,2021-12-05 08:30:46,App,Placed
ORD000006047,1132,1132,2022-10-07 08:04:20,Web,Placed
ORD000006048,2188,2188,2025-06-08 19:30:48,App,Placed
ORD000006049,5211,5211,2023-07-26 16:22:57,Web,Delivered
ORD000006050,271,271,2021-08-20 08:40:32,App,Placed
ORD000006051,1597,1597,2022-09-01 07:21:05,App,Delivered
ORD000006052,3527,3527,2025-11-23 03:48:41,App,Returned
ORD000006053,4380,4380,2024-04-25 02:39:52,App,Delivered
ORD000006054,366,366,2021-03-27 16:44:15,App,Placed
ORD000006055,2532,2532,2023-01-03 14:06:11,App,Returned
ORD000006056,3,3,2022-04-16 18:29:38,Web,Returned
ORD000006057,3052,3052,2023-11-10 06:59:27,App,Delivered
ORD000006058,784,784,2024-09-17 22:41:07,App,Delivered
ORD000006059,2212,2212,2021-12-08 02:52:01,App,Delivered
ORD000006060,4484,4484,2021-09-28 03:06:32,App,Delivered
ORD000006061,1033,1033,2024-11-06 06:52:47,App,Delivered
ORD000006062,5486,5486,2023-02-07 07:34:12,App,Delivered
ORD000006063,2060,2060,2022-04-25 21:32:57,Web,Returned
ORD000006064,4170,4170,2023-12-12 14:58:30,Web,Placed
ORD000006065,238,238,2025-05-20 10:54:47,Web,Delivered
ORD000006066,3884,3884,2023-03-13 13:11:20,Web,Delivered
ORD000006067,3180,3180,2025-02-27 17:41:23,Web,Delivered
ORD000006068,1986,1986,2021-05-25 12:12:35,App,Delivered
ORD000006069,1463,1463,2022-08-05 03:19:59,Web,Shipped
ORD000006070,5877,5877,2024-06-02 21:36:05,App,Shipped
ORD000006071,5601,5601,2023-09-02 15:31:46,Store,Placed
ORD000006072,5212,5212,2025-06-25 15:50:02,App,Returned
ORD000006073,872,872,2022-05-22 18:53:56,App,Delivered
ORD000006074,1222,1222,2023-03-30 07:36:21,Web,Placed
ORD000006075,5236,5236,2021-08-21 21:43:03,Store,Delivered
ORD000006076,1667,1667,2025-03-01 07:05:34,Web,Delivered
ORD000006077,3437,3437,2021-06-28 11:08:30,App,Shipped
ORD000006078,1657,1657,2025-09-18 22:28:51,Store,Delivered
ORD000006079,1132,1132,2024-01-27 00:47:45,App,Delivered
ORD000006080,1972,1972,2024-07-04 16:51:30,Store,Delivered
ORD000006081,811,811,2021-02-16 19:35:04,Web,Delivered
ORD000006082,56,56,2024-07-12 23:39:41,Web,Delivered
ORD000006083,3524,3524,2025-08-27 14:35:47,Web,Delivered
ORD000006084,2663,2663,2025-04-25 21:04:36,App,Delivered
ORD000006085,3280,3280,2023-12-23 10:42:46,Web,Cancelled
ORD000006086,1534,1534,2024-05-02 08:49:10,Web,Delivered
ORD000006087,4012,4012,2022-03-08 15:39:50,App,Shipped
ORD000006088,934,934,2021-05-01 01:59:34,App,Delivered
ORD000006089,663,663,2024-01-30 16:58:22,Web,Delivered
ORD000006090,3846,3846,2024-05-06 11:48:03,App,Delivered
ORD000006091,5675,5675,2021-11-10 22:33:16,App,Shipped
ORD000006092,3024,3024,2021-09-13 23:48:59,Web,Shipped
ORD000006093,2678,2678,2022-01-15 19:29:22,Web,Placed
ORD000006094,5968,5968,2025-11-06 05:42:06,App,Delivered
ORD000006095,5399,5399,2022-10-29 03:03:12,App,Delivered
ORD000006096,144,144,2025-03-08 03:32:04,Web,Delivered
ORD000006097,3276,3276,2024-01-05 11:20:05,App,Delivered
ORD000006098,4325,4325,2021-11-11 10:38:18,App,Returned
ORD000006099,240,240,2021-03-04 01:48:52,App,Returned
ORD000006100,2005,2005,2023-04-23 02:29:08,Web,Delivered
ORD000006101,3770,3770,2024-01-18 03:42:51,Web,Delivered
ORD000006102,5435,5435,2023-06-07 23:51:21,Web,Cancelled
ORD000006103,4247,4247,2025-04-06 17:26:36,Web,Delivered
ORD000006104,3397,3397,2025-01-19 22:31:25,Web,Delivered
ORD000006105,803,803,2024-01-03 04:31:54,App,Returned
ORD000006106,353,353,2024-04-09 05:35:56,Web,Delivered
ORD000006107,1975,1975,2025-11-10 14:23:09,App,Delivered
ORD000006108,1134,1134,2025-10-16 03:04:15,App,Returned
ORD000006109,4562,4562,2025-02-03 13:07:21,App,Cancelled
ORD000006110,1064,1064,2021-10-05 07:45:35,App,Returned
ORD000006111,1396,1396,2022-08-31 14:32:55,App,Returned
ORD000006112,1549,1549,2022-03-01 04:36:58,App,Delivered
ORD000006113,1531,1531,2023-01-28 06:53:18,App,Cancelled
ORD000006114,53,53,2025-08-03 02:25:20,App,Cancelled
ORD000006115,3152,3152,2025-12-11 11:25:12,App,Delivered
ORD000006116,5865,5865,2021-10-06 01:57:54,Web,Delivered
ORD000006117,5671,5671,2022-10-24 03:03:19,Web,Delivered
ORD000006118,2787,2787,2022-02-22 02:13:39,App,Placed
ORD000006119,1145,1145,2025-03-26 13:16:33,App,Delivered
ORD000006120,2113,2113,2022-01-26 20:28:13,App,Placed
ORD000006121,5560,5560,2023-09-22 19:56:47,Web,Delivered
ORD000006122,296,296,2024-12-09 16:45:52,Web,Placed
ORD000006123,2990,2990,2026-01-15 02:59:36,App,Delivered
ORD000006124,4743,4743,2022-05-31 02:38:25,Web,Delivered
ORD000006125,1581,1581,2023-01-17 01:21:59,App,Delivered
ORD000006126,2426,2426,2022-10-14 20:10:59,App,Delivered
ORD000006127,2628,2628,2024-12-25 15:58:21,Web,Delivered
ORD000006128,4806,4806,2024-03-11 20:43:53,App,Returned
ORD000006129,4163,4163,2022-07-06 06:01:58,Web,Delivered
ORD000006130,1594,1594,2024-12-21 21:12:00,Web,Shipped
ORD000006131,510,510,2023-01-07 18:07:06,App,Placed
ORD000006132,1892,1892,2023-02-23 16:12:24,App,Delivered
ORD000006133,1462,1462,2022-02-14 15:50:42,Web,Delivered
ORD000006134,2000,2000,2024-02-02 21:34:02,Web,Delivered
ORD000006135,1971,1971,2022-08-26 12:17:08,App,Delivered
ORD000006136,1552,1552,2021-11-30 17:15:32,App,Placed
ORD000006137,3852,3852,2023-11-17 13:54:12,App,Shipped
ORD000006138,102,102,2022-09-27 12:15:38,Web,Delivered
ORD000006139,1461,1461,2025-08-26 12:28:32,App,Placed
ORD000006140,2847,2847,2021-07-05 06:54:47,Web,Shipped
ORD000006141,734,734,2022-10-26 09:06:47,App,Returned
ORD000006142,3093,3093,2022-02-02 22:55:18,Web,Delivered
ORD000006143,2435,2435,2023-08-19 02:39:34,Web,Delivered
ORD000006144,533,533,2021-09-26 09:43:15,App,Delivered
ORD000006145,92,92,2024-04-07 06:56:37,Web,Delivered
ORD000006146,1820,1820,2025-03-09 22:56:19,Web,Cancelled
ORD000006147,1157,1157,2023-10-18 23:45:53,Web,Delivered
ORD000006148,4935,4935,2021-08-26 17:13:10,Store,Delivered
ORD000006149,505,505,2021-12-23 11:23:39,App,Delivered
ORD000006150,5573,5573,2023-10-23 13:09:05,App,Delivered
ORD000006151,4937,4937,2025-09-08 03:15:55,App,Returned
ORD000006152,4783,4783,2023-10-24 12:27:18,Web,Returned
ORD000006153,2196,2196,2024-02-19 10:27:44,App,Delivered
ORD000006154,934,934,2025-07-21 12:59:08,App,Delivered
ORD000006155,1256,1256,2021-11-25 16:31:05,App,Placed
ORD000006156,884,884,2022-01-12 07:31:23,Web,Delivered
ORD000006157,3237,3237,2024-10-12 15:54:42,Web,Delivered
ORD000006158,4410,4410,2023-10-26 10:42:10,Web,Placed
ORD000006159,2705,2705,2025-07-25 20:45:00,Web,Delivered
ORD000006160,4060,4060,2024-03-14 17:19:26,Web,Placed
ORD000006161,4319,4319,2024-09-19 19:48:42,App,Delivered
ORD000006162,4512,4512,2025-05-10 16:54:29,Web,Returned
ORD000006163,2110,2110,2023-01-21 23:54:02,App,Delivered
ORD000006164,4720,4720,2021-06-02 19:05:18,Web,Delivered
ORD000006165,2424,2424,2026-01-18 20:01:12,App,Delivered
ORD000006166,2647,2647,2021-02-19 20:28:53,Web,Shipped
ORD000006167,4501,4501,2021-03-01 21:30:15,Web,Delivered
ORD000006168,1279,1279,2022-09-15 01:59:53,Web,Shipped
ORD000006169,390,390,2024-03-13 13:33:06,Web,Placed
ORD000006170,1649,1649,2022-09-03 23:49:42,Web,Delivered
ORD000006171,766,766,2021-07-23 15:27:11,App,Delivered
ORD000006172,348,348,2024-07-23 00:39:01,Web,Delivered
ORD000006173,3574,3574,2021-11-25 09:36:58,App,Delivered
ORD000006174,1346,1346,2023-06-01 04:05:04,Web,Delivered
ORD000006175,3006,3006,2022-12-12 09:42:43,Web,Placed
ORD000006176,2565,2565,2023-10-27 13:58:44,App,Delivered
ORD000006177,330,330,2022-04-21 09:57:47,Store,Delivered
ORD000006178,3535,3535,2023-12-20 04:46:41,App,Returned
ORD000006179,3794,3794,2025-04-24 10:19:12,App,Delivered
ORD000006180,974,974,2025-08-21 03:47:01,Web,Delivered
ORD000006181,1246,1246,2025-05-23 01:28:42,Web,Shipped
ORD000006182,2238,2238,2021-10-29 17:08:02,App,Delivered
ORD000006183,2620,2620,2024-05-28 16:48:37,App,Delivered
ORD000006184,205,205,2022-07-04 18:30:10,App,Delivered
ORD000006185,2260,2260,2022-05-31 13:49:13,Web,Placed
ORD000006186,4185,4185,2021-05-27 09:31:11,Web,Delivered
ORD000006187,3003,3003,2024-07-08 05:14:06,Web,Delivered
ORD000006188,363,363,2025-01-25 08:59:30,App,Delivered
ORD000006189,3443,3443,2023-08-22 06:24:31,App,Shipped
ORD000006190,332,332,2025-08-20 06:33:16,App,Cancelled
ORD000006191,2969,2969,2025-12-04 15:16:27,App,Delivered
ORD000006192,4804,4804,2025-06-05 02:46:16,Web,Shipped
ORD000006193,5575,5575,2025-11-19 18:53:09,App,Delivered
ORD000006194,422,422,2024-05-12 21:22:15,App,Delivered
ORD000006195,763,763,2023-11-22 08:08:31,App,Delivered
ORD000006196,2784,2784,2021-12-26 09:58:27,App,Returned
ORD000006197,5291,5291,2022-12-22 16:32:07,App,Returned
ORD000006198,2758,2758,2023-06-20 09:33:10,App,Returned
ORD000006199,249,249,2025-06-08 11:22:28,App,Delivered
ORD000006200,3547,3547,2023-08-03 17:29:51,App,Delivered
ORD000006201,483,483,2022-06-04 02:17:05,Web,Delivered
ORD000006202,5504,5504,2021-09-06 03:43:44,Web,Delivered
ORD000006203,3476,3476,2021-12-08 05:59:50,Web,Placed
ORD000006204,3859,3859,2021-12-14 13:42:16,App,Delivered
ORD000006205,3233,3233,2024-10-29 18:59:16,App,Delivered
ORD000006206,2296,2296,2025-08-02 07:06:01,App,Delivered
ORD000006207,4415,4415,2025-03-02 11:18:19,Store,Shipped
ORD000006208,3012,3012,2024-02-24 13:11:27,Web,Placed
ORD000006209,700,700,2023-03-07 20:44:51,App,Delivered
ORD000006210,4627,4627,2023-05-14 11:30:56,App,Delivered
ORD000006211,4092,4092,2021-03-22 05:35:33,App,Delivered
ORD000006212,3828,3828,2024-04-18 17:28:13,App,Shipped
ORD000006213,5233,5233,2025-06-08 15:44:19,App,Returned
ORD000006214,1948,1948,2024-01-30 20:57:24,App,Delivered
ORD000006215,3862,3862,2024-11-07 09:42:07,App,Delivered
ORD000006216,1368,1368,2021-12-12 23:24:21,App,Delivered
ORD000006217,123,123,2024-10-25 23:36:46,Web,Delivered
ORD000006218,750,750,2024-11-17 15:47:20,App,Delivered
ORD000006219,4415,4415,2023-05-28 01:44:00,App,Shipped
ORD000006220,1598,1598,2025-06-27 22:03:54,Web,Delivered
ORD000006221,586,586,2023-07-01 21:35:17,App,Delivered
ORD000006222,544,544,2022-08-16 05:59:00,App,Delivered
ORD000006223,5577,5577,2025-08-01 00:58:32,App,Delivered
ORD000006224,2201,2201,2023-02-03 11:03:20,Web,Returned
ORD000006225,2704,2704,2021-06-02 18:23:55,App,Placed
ORD000006226,15,15,2025-07-05 09:06:48,Web,Delivered
ORD000006227,1467,1467,2022-04-25 18:08:24,App,Returned
ORD000006228,3376,3376,2023-09-27 04:08:29,App,Delivered
ORD000006229,245,245,2022-10-07 11:13:43,App,Placed
ORD000006230,2615,2615,2022-05-13 00:50:49,Web,Delivered
ORD000006231,899,899,2025-03-21 17:36:01,App,Shipped
ORD000006232,1479,1479,2022-01-31 07:58:33,App,Cancelled
ORD000006233,1383,1383,2023-03-12 10:16:48,App,Delivered
ORD000006234,52,52,2025-12-24 10:03:37,App,Shipped
ORD000006235,2059,2059,2022-06-13 13:33:50,App,Delivered
ORD000006236,4919,4919,2024-09-12 23:43:17,App,Placed
ORD000006237,5720,5720,2022-04-28 21:41:20,Web,Cancelled
ORD000006238,2275,2275,2022-01-25 13:15:16,App,Shipped
ORD000006239,2162,2162,2025-10-11 23:14:13,App,Delivered
ORD000006240,3609,3609,2025-02-22 05:21:44,App,Placed
ORD000006241,604,604,2024-04-08 15:40:16,App,Delivered
ORD000006242,4044,4044,2021-09-04 00:31:33,App,Returned
ORD000006243,4689,4689,2025-11-16 10:01:41,Web,Placed
ORD000006244,5370,5370,2024-11-22 03:07:05,App,Delivered
ORD000006245,5370,5370,2022-01-31 07:52:31,Web,Delivered
ORD000006246,3493,3493,2023-03-28 17:51:28,App,Delivered
ORD000006247,2999,2999,2024-12-26 14:33:43,Web,Delivered
ORD000006248,3593,3593,2025-04-21 17:06:51,Web,Delivered
ORD000006249,1005,1005,2025-01-15 05:56:12,App,Delivered
ORD000006250,5668,5668,2023-08-17 22:21:30,App,Delivered
ORD000006251,3129,3129,2025-05-01 05:30:41,App,Delivered
ORD000006252,3135,3135,2022-08-11 19:55:04,Web,Delivered
ORD000006253,1812,1812,2024-04-27 21:15:09,Web,Shipped
ORD000006254,4821,4821,2023-01-11 19:38:07,App,Cancelled
ORD000006255,815,815,2021-05-21 23:59:25,Web,Placed
ORD000006256,532,532,2024-10-14 05:07:04,App,Shipped
ORD000006257,759,759,2021-12-05 13:22:14,App,Returned
ORD000006258,6,6,2021-06-04 18:27:59,App,Delivered
ORD000006259,585,585,2023-06-21 21:27:51,App,Delivered
ORD000006260,4715,4715,2021-10-08 15:28:53,Web,Delivered
ORD000006261,3677,3677,2023-01-15 02:02:48,Web,Delivered
ORD000006262,1535,1535,2023-06-17 00:18:23,App,Delivered
ORD000006263,4893,4893,2021-08-30 12:26:41,App,Cancelled
ORD000006264,1485,1485,2023-12-24 12:46:26,App,Shipped
ORD000006265,4452,4452,2026-01-16 11:26:25,App,Placed
ORD000006266,2267,2267,2024-01-17 14:15:26,App,Placed
ORD000006267,2415,2415,2023-07-21 20:19:06,App,Delivered
ORD000006268,4985,4985,2025-10-11 11:00:00,App,Shipped
ORD000006269,561,561,2023-03-17 10:13:07,App,Delivered
ORD000006270,4460,4460,2025-09-27 16:02:28,App,Returned
ORD000006271,1414,1414,2022-06-20 05:03:49,Web,Cancelled
ORD000006272,1319,1319,2022-07-22 16:52:34,Web,Returned
ORD000006273,2553,2553,2021-08-28 08:48:57,Web,Delivered
ORD000006274,5408,5408,2021-03-13 03:09:29,Web,Delivered
ORD000006275,5419,5419,2024-02-17 01:16:30,App,Delivered
ORD000006276,5740,5740,2022-02-04 15:51:01,Web,Delivered
ORD000006277,5404,5404,2025-03-13 18:47:40,App,Delivered
ORD000006278,2861,2861,2023-08-29 20:45:43,App,Shipped
ORD000006279,1078,1078,2021-10-20 12:55:51,Web,Returned
ORD000006280,2867,2867,2025-09-21 08:09:19,App,Delivered
ORD000006281,1835,1835,2023-06-22 00:48:00,App,Delivered
ORD000006282,5440,5440,2025-01-03 02:49:17,App,Placed
ORD000006283,2527,2527,2025-08-05 22:36:46,Web,Placed
ORD000006284,722,722,2023-10-07 11:13:13,App,Delivered
ORD000006285,1245,1245,2025-03-05 00:29:15,App,Placed
ORD000006286,5802,5802,2022-05-05 14:27:01,App,Returned
ORD000006287,5463,5463,2024-02-05 11:09:51,Store,Delivered
ORD000006288,1346,1346,2024-06-23 21:42:23,Web,Delivered
ORD000006289,4677,4677,2024-08-16 19:23:26,Web,Returned
ORD000006290,746,746,2022-07-01 06:26:44,Web,Delivered
ORD000006291,5135,5135,2025-06-17 05:58:23,Web,Delivered
ORD000006292,5600,5600,2023-05-31 23:30:48,App,Placed
ORD000006293,878,878,2025-11-07 20:20:57,App,Delivered
ORD000006294,134,134,2021-05-21 20:36:27,Web,Placed
ORD000006295,4814,4814,2024-04-29 13:49:09,App,Delivered
ORD000006296,1048,1048,2023-07-31 22:58:36,App,Delivered
ORD000006297,2425,2425,2022-07-03 00:06:59,App,Delivered
ORD000006298,2700,2700,2023-02-09 01:49:44,Web,Delivered
ORD000006299,1463,1463,2022-06-18 22:46:37,Web,Delivered
ORD000006300,1348,1348,2023-10-28 10:03:55,App,Shipped
ORD000006301,5242,5242,2021-10-17 23:11:15,App,Delivered
ORD000006302,1365,1365,2023-11-19 03:34:04,App,Delivered
ORD000006303,1232,1232,2025-01-06 11:01:42,Store,Delivered
ORD000006304,4262,4262,2022-07-16 18:51:30,Store,Shipped
ORD000006305,3706,3706,2024-08-24 07:53:44,App,Delivered
ORD000006306,4083,4083,2025-08-15 06:23:44,Web,Returned
ORD000006307,1580,1580,2024-08-27 12:48:09,Web,Delivered
ORD000006308,5195,5195,2025-05-04 19:46:59,App,Delivered
ORD000006309,5600,5600,2021-03-22 10:53:32,App,Delivered
ORD000006310,3420,3420,2024-09-12 07:05:23,Web,Returned
ORD000006311,2018,2018,2021-06-06 03:24:40,App,Returned
ORD000006312,4018,4018,2021-06-06 02:32:16,App,Returned
ORD000006313,3038,3038,2021-06-11 12:13:19,Web,Delivered
ORD000006314,762,762,2023-07-30 18:08:16,Web,Delivered
ORD000006315,5206,5206,2023-03-28 02:59:56,App,Delivered
ORD000006316,3973,3973,2022-05-02 19:42:08,Web,Delivered
ORD000006317,4745,4745,2025-04-02 01:24:10,App,Placed
ORD000006318,4647,4647,2025-10-15 06:42:59,Web,Placed
ORD000006319,599,599,2025-02-25 13:08:49,Web,Delivered
ORD000006320,2203,2203,2025-05-16 11:43:09,Web,Delivered
ORD000006321,3744,3744,2023-09-12 14:48:48,App,Delivered
ORD000006322,5696,5696,2022-08-28 13:04:36,App,Shipped
ORD000006323,417,417,2024-01-27 02:01:53,App,Returned
ORD000006324,3434,3434,2025-08-28 09:49:22,App,Delivered
ORD000006325,3418,3418,2023-09-12 18:51:37,App,Shipped
ORD000006326,5836,5836,2023-11-26 07:09:05,App,Delivered
ORD000006327,2565,2565,2024-02-16 23:28:51,Web,Delivered
ORD000006328,1083,1083,2022-04-30 01:55:48,Web,Placed
ORD000006329,5103,5103,2021-07-20 01:43:03,App,Delivered
ORD000006330,588,588,2021-06-15 16:06:29,App,Returned
ORD000006331,4868,4868,2023-08-30 08:32:34,App,Placed
ORD000006332,2808,2808,2024-04-18 06:32:08,App,Delivered
ORD000006333,3659,3659,2021-05-02 19:58:18,App,Delivered
ORD000006334,2224,2224,2024-10-30 17:49:17,Web,Returned
ORD000006335,4418,4418,2022-02-20 04:58:27,App,Cancelled
ORD000006336,5581,5581,2022-07-27 01:10:47,App,Delivered
ORD000006337,2184,2184,2022-04-16 19:58:14,Store,Delivered
ORD000006338,5914,5914,2021-12-27 06:12:57,App,Returned
ORD000006339,2022,2022,2022-03-04 11:13:01,App,Shipped
ORD000006340,5027,5027,2026-01-15 14:49:18,App,Delivered
ORD000006341,4776,4776,2024-02-10 07:55:32,Web,Delivered
ORD000006342,3614,3614,2024-02-21 06:28:34,App,Returned
ORD000006343,2370,2370,2024-08-28 10:05:40,Web,Delivered
ORD000006344,1360,1360,2024-09-10 18:56:17,Web,Delivered
ORD000006345,781,781,2021-08-27 22:43:49,App,Delivered
ORD000006346,1537,1537,2023-01-15 13:05:16,Web,Returned
ORD000006347,171,171,2024-02-22 15:48:00,App,Delivered
ORD000006348,5020,5020,2023-11-08 17:47:32,Web,Delivered
ORD000006349,4225,4225,2023-02-04 09:23:23,App,Returned
ORD000006350,2728,2728,2025-04-18 00:49:27,App,Delivered
ORD000006351,5538,5538,2026-02-02 20:09:36,App,Delivered
ORD000006352,4493,4493,2022-04-29 09:48:54,App,Placed
ORD000006353,2109,2109,2022-03-25 15:40:35,Store,Delivered
ORD000006354,5954,5954,2023-06-15 05:25:56,Web,Shipped
ORD000006355,1659,1659,2021-10-18 10:31:18,App,Delivered
ORD000006356,1796,1796,2023-02-20 17:20:04,App,Delivered
ORD000006357,2786,2786,2025-06-30 19:59:44,Web,Delivered
ORD000006358,397,397,2022-10-22 19:07:23,Web,Delivered
ORD000006359,804,804,2021-08-25 22:16:46,App,Placed
ORD000006360,3005,3005,2025-03-06 19:05:38,App,Delivered
ORD000006361,3770,3770,2022-07-24 20:38:06,Web,Shipped
ORD000006362,3290,3290,2022-06-12 23:05:22,Web,Delivered
ORD000006363,655,655,2022-09-29 00:23:06,Web,Delivered
ORD000006364,1877,1877,2023-10-11 12:23:45,App,Shipped
ORD000006365,268,268,2022-11-27 19:13:24,App,Placed
ORD000006366,1093,1093,2024-08-02 11:40:57,App,Placed
ORD000006367,1469,1469,2024-05-17 04:59:00,App,Delivered
ORD000006368,1322,1322,2022-12-04 17:44:23,App,Delivered
ORD000006369,1498,1498,2022-01-04 13:30:42,App,Delivered
ORD000006370,4994,4994,2025-11-09 18:54:26,App,Delivered
ORD000006371,3080,3080,2023-11-17 13:33:08,Store,Delivered
ORD000006372,1755,1755,2022-07-30 18:50:16,App,Delivered
ORD000006373,1509,1509,2025-01-15 09:42:21,Web,Returned
ORD000006374,822,822,2022-02-09 23:42:22,App,Delivered
ORD000006375,3976,3976,2025-12-25 16:09:20,Web,Delivered
ORD000006376,2136,2136,2023-04-08 16:32:40,App,Delivered
ORD000006377,1165,1165,2025-12-31 03:17:51,Web,Delivered
ORD000006378,5661,5661,2025-05-02 05:08:18,App,Delivered
ORD000006379,2573,2573,2023-12-10 18:07:55,Web,Delivered
ORD000006380,4922,4922,2025-03-24 13:28:30,App,Delivered
ORD000006381,4671,4671,2023-06-28 15:08:15,Web,Placed
ORD000006382,5463,5463,2025-11-20 17:49:44,App,Returned
ORD000006383,687,687,2023-07-01 08:44:59,Web,Cancelled
ORD000006384,975,975,2022-11-29 03:09:01,Web,Returned
ORD000006385,3288,3288,2022-07-13 22:42:51,App,Shipped
ORD000006386,506,506,2022-12-25 11:00:24,App,Delivered
ORD000006387,1771,1771,2024-10-08 12:00:06,App,Delivered
ORD000006388,74,74,2023-04-25 00:26:55,Web,Delivered
ORD000006389,4902,4902,2023-07-27 08:57:31,Web,Delivered
ORD000006390,581,581,2022-05-11 01:44:45,Web,Returned
ORD000006391,3141,3141,2025-04-16 16:28:15,Web,Delivered
ORD000006392,223,223,2025-07-15 12:05:27,App,Delivered
ORD000006393,4008,4008,2022-11-27 19:40:10,App,Delivered
ORD000006394,897,897,2026-01-15 00:47:45,App,Delivered
ORD000006395,2434,2434,2025-09-17 04:48:58,Web,Delivered
ORD000006396,3953,3953,2023-05-23 05:38:00,Web,Shipped
ORD000006397,2170,2170,2021-08-25 03:57:14,Web,Delivered
ORD000006398,5895,5895,2024-11-20 03:34:53,Web,Placed
ORD000006399,733,733,2025-07-13 14:04:20,App,Cancelled
ORD000006400,1465,1465,2021-05-20 17:13:11,App,Delivered
ORD000006401,823,823,2021-05-25 07:59:46,Web,Returned
ORD000006402,457,457,2026-01-04 01:13:12,App,Delivered
ORD000006403,2212,2212,2023-10-13 15:04:14,App,Delivered
ORD000006404,3335,3335,2025-03-01 03:15:19,Web,Delivered
ORD000006405,2140,2140,2022-12-12 18:08:18,App,Delivered
ORD000006406,3850,3850,2023-02-08 05:58:56,App,Delivered
ORD000006407,2384,2384,2023-11-23 08:27:33,Web,Delivered
ORD000006408,4682,4682,2024-06-06 14:38:19,Web,Delivered
ORD000006409,314,314,2021-06-01 05:01:02,App,Cancelled
ORD000006410,2650,2650,2025-04-16 12:48:20,Web,Delivered
ORD000006411,1890,1890,2023-07-24 14:56:58,Store,Delivered
ORD000006412,5090,5090,2021-04-03 07:33:59,Web,Shipped
ORD000006413,3880,3880,2024-11-11 17:48:01,App,Delivered
ORD000006414,1490,1490,2023-01-03 12:54:08,App,Cancelled
ORD000006415,1665,1665,2021-03-22 00:51:31,Web,Shipped
ORD000006416,2609,2609,2022-05-28 07:23:44,App,Returned
ORD000006417,2533,2533,2023-05-07 13:46:13,Web,Delivered
ORD000006418,656,656,2022-02-24 18:52:22,App,Delivered
ORD000006419,3719,3719,2022-08-19 15:45:18,App,Placed
ORD000006420,3983,3983,2022-01-30 07:10:29,App,Shipped
ORD000006421,2675,2675,2025-12-23 20:04:45,App,Delivered
ORD000006422,4016,4016,2022-04-02 14:07:42,Web,Delivered
ORD000006423,5977,5977,2025-05-05 22:28:06,App,Placed
ORD000006424,201,201,2022-09-04 07:29:09,App,Delivered
ORD000006425,4530,4530,2021-05-02 06:54:30,Store,Returned
ORD000006426,138,138,2023-11-29 00:47:12,App,Delivered
ORD000006427,3064,3064,2025-02-23 06:17:35,App,Placed
ORD000006428,1076,1076,2022-01-15 14:23:22,Store,Returned
ORD000006429,1749,1749,2025-04-25 04:56:02,App,Shipped
ORD000006430,1476,1476,2022-05-15 07:43:41,App,Placed
ORD000006431,5278,5278,2024-12-16 17:21:09,App,Delivered
ORD000006432,4958,4958,2024-08-02 15:53:51,Web,Placed
ORD000006433,5326,5326,2023-05-29 05:53:26,App,Delivered
ORD000006434,3414,3414,2024-10-29 19:03:11,App,Placed
ORD000006435,3905,3905,2025-11-19 21:36:22,Web,Delivered
ORD000006436,5436,5436,2025-11-10 16:23:56,App,Delivered
ORD000006437,4232,4232,2024-08-22 21:31:41,Web,Delivered
ORD000006438,3147,3147,2022-07-26 20:28:23,App,Delivered
ORD000006439,449,449,2024-05-29 19:57:27,App,Shipped
ORD000006440,69,69,2023-05-15 00:11:41,Web,Delivered
ORD000006441,4909,4909,2021-11-21 03:35:41,App,Returned
ORD000006442,3633,3633,2021-06-20 10:18:25,Web,Delivered
ORD000006443,5111,5111,2021-09-01 20:12:28,App,Delivered
ORD000006444,1191,1191,2022-01-09 16:37:54,Web,Cancelled
ORD000006445,1741,1741,2024-03-15 19:09:57,App,Delivered
ORD000006446,3733,3733,2024-12-28 20:40:29,App,Delivered
ORD000006447,2020,2020,2021-09-27 00:35:31,Web,Delivered
ORD000006448,3193,3193,2023-10-15 18:37:07,App,Placed
ORD000006449,3893,3893,2021-10-08 13:45:19,App,Delivered
ORD000006450,97,97,2021-05-31 09:03:35,App,Cancelled
ORD000006451,4473,4473,2023-11-29 21:54:35,App,Cancelled
ORD000006452,1515,1515,2024-11-07 06:56:28,App,Shipped
ORD000006453,1077,1077,2025-04-21 10:16:29,App,Delivered
ORD000006454,9,9,2024-02-09 07:18:04,App,Delivered
ORD000006455,3053,3053,2022-09-20 02:10:27,App,Delivered
ORD000006456,251,251,2023-11-12 22:42:01,Web,Placed
ORD000006457,360,360,2025-12-10 00:20:32,Web,Returned
ORD000006458,2397,2397,2023-10-30 00:06:12,Web,Delivered
ORD000006459,124,124,2024-07-30 14:39:49,Web,Placed
ORD000006460,4730,4730,2024-05-28 17:33:32,App,Delivered
ORD000006461,4295,4295,2022-12-31 21:31:43,Web,Placed
ORD000006462,829,829,2021-06-15 13:59:15,App,Placed
ORD000006463,1435,1435,2025-09-28 16:54:02,Web,Shipped
ORD000006464,5014,5014,2022-08-15 23:35:47,App,Delivered
ORD000006465,5215,5215,2024-08-20 00:24:21,App,Delivered
ORD000006466,2078,2078,2021-08-07 04:12:43,App,Delivered
ORD000006467,1116,1116,2022-03-25 09:08:10,App,Delivered
ORD000006468,596,596,2024-06-08 10:35:15,Store,Delivered
ORD000006469,3087,3087,2025-12-10 21:58:01,App,Delivered
ORD000006470,2703,2703,2023-12-13 07:29:52,App,Delivered
ORD000006471,2508,2508,2023-06-05 14:33:08,App,Delivered
ORD000006472,1745,1745,2023-08-27 06:50:24,Web,Delivered
ORD000006473,23,23,2025-10-23 13:31:14,App,Returned
ORD000006474,326,326,2022-05-12 10:49:06,App,Delivered
ORD000006475,4973,4973,2022-05-05 18:09:32,App,Delivered
ORD000006476,263,263,2023-08-14 04:37:56,Web,Delivered
ORD000006477,3501,3501,2021-05-20 12:46:47,Web,Delivered
ORD000006478,5480,5480,2023-02-27 04:45:29,Web,Shipped
ORD000006479,1586,1586,2023-01-27 17:52:46,App,Delivered
ORD000006480,433,433,2024-07-19 02:40:11,App,Delivered
ORD000006481,560,560,2023-10-05 23:18:30,App,Returned
ORD000006482,2556,2556,2023-03-24 07:37:42,App,Placed
ORD000006483,4145,4145,2023-08-08 21:19:50,App,Delivered
ORD000006484,1703,1703,2025-03-05 16:14:59,Web,Delivered
ORD000006485,2489,2489,2021-04-02 04:49:34,App,Delivered
ORD000006486,4690,4690,2021-04-16 22:27:50,App,Placed
ORD000006487,5695,5695,2021-03-03 21:55:21,App,Delivered
ORD000006488,4324,4324,2023-07-01 00:53:42,App,Delivered
ORD000006489,214,214,2022-01-15 06:16:54,App,Delivered
ORD000006490,1666,1666,2024-01-09 21:57:48,App,Delivered
ORD000006491,2656,2656,2021-07-08 02:33:43,App,Shipped
ORD000006492,3479,3479,2022-11-07 23:12:18,App,Delivered
ORD000006493,3816,3816,2025-11-14 16:00:28,App,Delivered
ORD000006494,2798,2798,2023-09-22 06:26:50,App,Delivered
ORD000006495,1042,1042,2021-04-10 07:32:21,App,Delivered
ORD000006496,4563,4563,2024-07-22 14:39:19,App,Delivered
ORD000006497,2392,2392,2024-12-01 03:22:31,App,Delivered
ORD000006498,2372,2372,2023-11-27 15:20:41,App,Delivered
ORD000006499,5366,5366,2022-10-02 15:34:19,App,Returned
ORD000006500,1084,1084,2022-08-06 20:38:11,Web,Delivered
ORD000006501,5762,5762,2023-06-27 14:25:09,Web,Delivered
ORD000006502,4958,4958,2022-12-12 02:12:19,App,Placed
ORD000006503,2726,2726,2024-06-25 05:58:11,Web,Delivered
ORD000006504,1951,1951,2025-04-18 22:35:58,Web,Delivered
ORD000006505,5373,5373,2023-07-05 12:13:45,Store,Delivered
ORD000006506,848,848,2024-01-17 22:13:58,Web,Delivered
ORD000006507,5503,5503,2021-06-12 21:25:47,Web,Delivered
ORD000006508,4672,4672,2023-05-29 00:34:20,Web,Shipped
ORD000006509,545,545,2022-11-13 06:50:41,App,Delivered
ORD000006510,4154,4154,2023-05-10 22:18:35,App,Delivered
ORD000006511,3890,3890,2021-07-22 00:40:29,App,Delivered
ORD000006512,2112,2112,2021-06-28 18:59:43,Web,Delivered
ORD000006513,4995,4995,2024-03-17 05:08:03,App,Shipped
ORD000006514,2173,2173,2026-02-08 03:31:16,App,Placed
ORD000006515,2109,2109,2025-01-30 05:53:06,Web,Delivered
ORD000006516,380,380,2025-02-28 07:31:13,App,Delivered
ORD000006517,5074,5074,2025-11-29 17:54:21,App,Delivered
ORD000006518,5881,5881,2021-11-06 21:04:57,App,Delivered
ORD000006519,1162,1162,2024-08-19 19:24:23,App,Placed
ORD000006520,66,66,2023-12-23 16:07:15,Web,Delivered
ORD000006521,5299,5299,2024-11-23 01:42:07,App,Delivered
ORD000006522,798,798,2022-02-19 05:44:05,Web,Delivered
ORD000006523,1817,1817,2021-12-20 04:10:45,Web,Delivered
ORD000006524,5291,5291,2022-01-29 12:02:57,App,Cancelled
ORD000006525,632,632,2024-04-02 05:55:06,Web,Delivered
ORD000006526,1368,1368,2025-01-13 10:52:29,App,Returned
ORD000006527,3776,3776,2025-08-01 20:09:37,Web,Shipped
ORD000006528,3259,3259,2025-12-29 07:15:37,App,Cancelled
ORD000006529,227,227,2025-08-12 20:29:50,App,Delivered
ORD000006530,192,192,2024-06-28 06:11:27,Web,Cancelled
ORD000006531,2800,2800,2025-07-07 22:52:47,App,Delivered
ORD000006532,5726,5726,2021-11-14 16:02:57,App,Placed
ORD000006533,1150,1150,2021-11-10 04:17:24,Web,Delivered
ORD000006534,3004,3004,2022-12-13 21:07:37,Web,Delivered
ORD000006535,3546,3546,2025-03-18 12:17:53,App,Delivered
ORD000006536,4195,4195,2023-09-28 13:49:29,Web,Placed
ORD000006537,4440,4440,2024-04-23 03:18:22,Web,Delivered
ORD000006538,20,20,2026-01-02 00:18:11,Store,Delivered
ORD000006539,3701,3701,2025-06-07 05:12:17,App,Returned
ORD000006540,2407,2407,2025-04-04 00:58:18,App,Delivered
ORD000006541,433,433,2025-01-24 16:19:01,App,Delivered
ORD000006542,1000,1000,2024-09-25 22:31:31,Web,Delivered
ORD000006543,2659,2659,2022-08-06 23:15:06,App,Delivered
ORD000006544,2535,2535,2022-03-30 08:02:26,App,Delivered
ORD000006545,3963,3963,2024-12-26 15:53:09,App,Delivered
ORD000006546,4426,4426,2024-09-08 14:11:36,App,Returned
ORD000006547,1691,1691,2025-11-10 22:00:49,App,Delivered
ORD000006548,335,335,2025-10-05 22:34:23,App,Delivered
ORD000006549,2554,2554,2024-06-17 20:59:37,Web,Delivered
ORD000006550,2511,2511,2025-08-08 21:38:07,App,Placed
ORD000006551,2051,2051,2023-06-12 08:22:30,App,Delivered
ORD000006552,2717,2717,2025-05-31 02:34:32,Web,Delivered
ORD000006553,2223,2223,2022-10-04 00:07:22,App,Delivered
ORD000006554,1872,1872,2023-07-18 22:01:38,Web,Delivered
ORD000006555,1605,1605,2021-05-25 11:51:49,App,Delivered
ORD000006556,1557,1557,2024-06-28 12:51:42,Web,Delivered
ORD000006557,2346,2346,2021-07-05 23:34:37,App,Placed
ORD000006558,2166,2166,2023-05-18 02:17:52,App,Delivered
ORD000006559,789,789,2025-04-01 06:00:38,Web,Delivered
ORD000006560,642,642,2023-07-17 16:04:27,App,Placed
ORD000006561,4302,4302,2021-10-04 02:01:52,App,Delivered
ORD000006562,3107,3107,2025-10-27 21:27:05,Web,Delivered
ORD000006563,1452,1452,2024-12-16 10:02:51,Web,Delivered
ORD000006564,2990,2990,2025-07-02 09:46:40,App,Delivered
ORD000006565,4919,4919,2023-04-05 00:30:00,App,Delivered
ORD000006566,2305,2305,2021-12-07 04:33:27,App,Cancelled
ORD000006567,2230,2230,2023-08-12 07:14:30,App,Delivered
ORD000006568,4304,4304,2023-01-29 22:17:51,Store,Delivered
ORD000006569,879,879,2021-02-16 15:40:10,Web,Delivered
ORD000006570,3713,3713,2023-10-10 05:46:00,App,Returned
ORD000006571,2390,2390,2025-05-13 08:57:25,Web,Delivered
ORD000006572,1613,1613,2021-06-04 21:50:15,Web,Delivered
ORD000006573,4474,4474,2025-05-01 19:00:36,Web,Cancelled
ORD000006574,4507,4507,2022-09-27 12:31:01,App,Delivered
ORD000006575,4479,4479,2024-02-10 04:02:15,App,Delivered
ORD000006576,3465,3465,2025-09-11 21:35:28,App,Delivered
ORD000006577,571,571,2023-01-03 21:40:18,App,Delivered
ORD000006578,1175,1175,2023-01-08 05:44:07,App,Shipped
ORD000006579,5740,5740,2025-12-26 08:20:07,App,Delivered
ORD000006580,5227,5227,2023-09-16 03:22:14,Store,Delivered
ORD000006581,5259,5259,2024-08-25 09:29:10,Web,Delivered
ORD000006582,280,280,2021-11-02 14:40:23,App,Cancelled
ORD000006583,2671,2671,2023-11-24 23:36:18,App,Delivered
ORD000006584,2553,2553,2021-08-03 19:49:37,App,Delivered
ORD000006585,5858,5858,2025-10-06 06:48:02,Store,Delivered
ORD000006586,2154,2154,2025-05-18 16:37:30,Web,Delivered
ORD000006587,5270,5270,2025-11-25 19:49:22,App,Delivered
ORD000006588,4110,4110,2023-06-29 03:38:40,App,Delivered
ORD000006589,2053,2053,2022-01-22 12:51:10,App,Delivered
ORD000006590,3067,3067,2023-10-30 00:53:42,Web,Cancelled
ORD000006591,3711,3711,2023-11-23 18:11:33,App,Returned
ORD000006592,5393,5393,2025-10-04 00:38:18,App,Shipped
ORD000006593,858,858,2021-09-13 15:32:57,App,Delivered
ORD000006594,3801,3801,2026-01-05 05:23:41,Web,Shipped
ORD000006595,4562,4562,2024-02-07 04:02:07,App,Shipped
ORD000006596,5870,5870,2024-09-12 04:45:45,App,Delivered
ORD000006597,4842,4842,2024-09-18 18:09:20,App,Shipped
ORD000006598,5887,5887,2022-04-27 05:31:20,App,Delivered
ORD000006599,1857,1857,2021-03-16 01:08:35,Web,Delivered
ORD000006600,4228,4228,2024-02-15 19:38:32,Web,Delivered
ORD000006601,777,777,2024-06-10 22:17:31,App,Delivered
ORD000006602,3763,3763,2022-10-02 04:21:30,App,Delivered
ORD000006603,2464,2464,2023-02-24 09:02:09,Web,Delivered
ORD000006604,4440,4440,2025-07-09 01:37:47,App,Shipped
ORD000006605,3449,3449,2022-01-16 02:32:39,App,Shipped
ORD000006606,1556,1556,2023-07-25 23:53:00,App,Returned
ORD000006607,5690,5690,2022-11-03 00:18:15,App,Delivered
ORD000006608,3368,3368,2024-09-25 21:35:21,Web,Delivered
ORD000006609,578,578,2022-08-08 09:09:47,App,Delivered
ORD000006610,4441,4441,2025-06-20 11:23:51,App,Delivered
ORD000006611,5517,5517,2025-08-17 03:47:19,Web,Cancelled
ORD000006612,2523,2523,2024-04-30 08:44:38,App,Delivered
ORD000006613,4621,4621,2021-12-01 03:05:52,App,Placed
ORD000006614,5694,5694,2024-08-25 05:16:09,App,Shipped
ORD000006615,46,46,2025-10-29 16:19:17,Web,Cancelled
ORD000006616,1935,1935,2023-09-23 16:46:08,App,Delivered
ORD000006617,5725,5725,2024-10-15 08:49:07,Web,Delivered
ORD000006618,981,981,2026-01-29 11:22:46,Web,Placed
ORD000006619,5548,5548,2024-01-20 10:31:23,Web,Delivered
ORD000006620,3295,3295,2021-08-11 17:43:49,Web,Delivered
ORD000006621,2071,2071,2024-01-31 20:15:49,App,Delivered
ORD000006622,5989,5989,2021-03-05 12:12:33,App,Delivered
ORD000006623,2115,2115,2024-01-20 15:53:35,App,Delivered
ORD000006624,626,626,2024-10-25 20:52:21,App,Delivered
ORD000006625,3555,3555,2025-04-22 09:00:13,Web,Delivered
ORD000006626,3650,3650,2025-08-28 05:25:09,App,Delivered
ORD000006627,3725,3725,2022-11-24 16:03:57,Web,Delivered
ORD000006628,258,258,2022-10-07 03:37:13,Store,Delivered
ORD000006629,4044,4044,2023-08-11 06:11:33,Web,Delivered
ORD000006630,2011,2011,2024-08-20 11:32:08,Web,Delivered
ORD000006631,2594,2594,2025-06-08 02:10:48,App,Delivered
ORD000006632,253,253,2022-07-17 22:08:25,App,Cancelled
ORD000006633,5701,5701,2021-04-29 23:40:57,Web,Delivered
ORD000006634,1213,1213,2024-03-18 12:05:21,App,Delivered
ORD000006635,5835,5835,2023-02-27 08:04:57,Store,Returned
ORD000006636,2125,2125,2021-07-27 00:10:30,App,Delivered
ORD000006637,725,725,2025-07-24 22:02:50,App,Delivered
ORD000006638,2417,2417,2023-10-23 10:24:09,Store,Delivered
ORD000006639,4664,4664,2026-01-31 16:34:04,App,Cancelled
ORD000006640,2672,2672,2023-03-27 09:30:05,Web,Delivered
ORD000006641,5875,5875,2022-10-30 16:10:16,Web,Delivered
ORD000006642,1178,1178,2022-07-21 05:55:07,App,Delivered
ORD000006643,2203,2203,2024-06-04 08:56:44,Web,Delivered
ORD000006644,2842,2842,2024-05-07 05:59:01,App,Returned
ORD000006645,271,271,2022-07-30 23:48:26,App,Returned
ORD000006646,562,562,2024-11-01 00:46:18,App,Placed
ORD000006647,5629,5629,2022-11-07 21:33:34,Web,Delivered
ORD000006648,5510,5510,2021-12-05 07:24:22,App,Delivered
ORD000006649,3140,3140,2024-11-30 00:31:38,App,Returned
ORD000006650,2180,2180,2023-12-12 17:21:52,Web,Placed
ORD000006651,1694,1694,2023-09-04 05:45:08,App,Delivered
ORD000006652,845,845,2021-03-23 06:22:49,App,Delivered
ORD000006653,3754,3754,2024-04-07 04:26:18,Web,Delivered
ORD000006654,3854,3854,2023-01-19 19:41:13,App,Delivered
ORD000006655,4316,4316,2025-12-27 19:11:20,App,Delivered
ORD000006656,3624,3624,2025-02-02 13:56:21,App,Delivered
ORD000006657,4995,4995,2021-05-30 00:08:46,Web,Delivered
ORD000006658,1103,1103,2023-03-21 18:44:12,App,Delivered
ORD000006659,751,751,2025-12-24 02:26:38,Web,Delivered
ORD000006660,2368,2368,2022-11-26 17:46:37,Web,Delivered
ORD000006661,4414,4414,2023-11-18 19:12:43,Web,Delivered
ORD000006662,5511,5511,2024-12-13 11:13:54,Web,Delivered
ORD000006663,1773,1773,2021-12-17 02:48:49,Web,Placed
ORD000006664,4684,4684,2022-02-08 12:32:47,App,Placed
ORD000006665,5938,5938,2023-04-29 23:35:46,App,Delivered
ORD000006666,2087,2087,2021-10-24 14:16:36,App,Placed
ORD000006667,3271,3271,2023-07-09 14:46:22,Web,Placed
ORD000006668,4201,4201,2022-10-31 23:47:58,App,Shipped
ORD000006669,5702,5702,2025-11-15 08:02:24,App,Delivered
ORD000006670,3866,3866,2021-08-01 11:12:38,App,Delivered
ORD000006671,507,507,2022-05-29 07:11:54,App,Delivered
ORD000006672,4666,4666,2024-02-24 01:45:34,App,Delivered
ORD000006673,329,329,2024-03-25 07:08:47,Web,Delivered
ORD000006674,1715,1715,2021-04-12 16:31:06,Web,Cancelled
ORD000006675,5080,5080,2021-10-03 12:27:13,Web,Delivered
ORD000006676,222,222,2026-02-03 19:27:48,App,Delivered
ORD000006677,2704,2704,2021-03-04 06:05:53,Web,Delivered
ORD000006678,3888,3888,2023-11-14 09:22:25,App,Delivered
ORD000006679,4247,4247,2023-06-03 19:12:47,App,Delivered
ORD000006680,2771,2771,2023-02-27 03:12:59,App,Delivered
ORD000006681,3940,3940,2023-08-21 00:09:14,Web,Delivered
ORD000006682,979,979,2024-03-05 11:50:27,Web,Delivered
ORD000006683,3094,3094,2024-04-03 04:32:47,App,Delivered
ORD000006684,2925,2925,2025-11-04 03:58:05,App,Delivered
ORD000006685,5665,5665,2022-12-04 03:55:54,Web,Delivered
ORD000006686,621,621,2025-09-16 07:55:19,Web,Cancelled
ORD000006687,3466,3466,2023-01-20 06:44:58,Web,Delivered
ORD000006688,1632,1632,2024-04-23 02:35:06,Web,Delivered
ORD000006689,5245,5245,2025-06-25 17:14:04,App,Shipped
ORD000006690,3407,3407,2024-09-19 21:03:27,Web,Cancelled
ORD000006691,5415,5415,2024-03-31 21:19:44,Web,Delivered
ORD000006692,1838,1838,2021-04-14 06:55:25,App,Delivered
ORD000006693,4936,4936,2022-02-06 17:54:37,App,Cancelled
ORD000006694,5939,5939,2021-08-18 00:38:33,App,Delivered
ORD000006695,1561,1561,2023-10-02 14:00:00,Web,Returned
ORD000006696,5714,5714,2024-05-10 06:38:25,Web,Delivered
ORD000006697,5417,5417,2023-03-31 02:43:27,App,Shipped
ORD000006698,44,44,2023-06-15 13:48:51,App,Delivered
ORD000006699,4693,4693,2023-09-14 01:27:37,App,Shipped
ORD000006700,4118,4118,2022-10-08 23:31:39,App,Delivered
ORD000006701,4322,4322,2021-05-23 08:38:00,App,Delivered
ORD000006702,4645,4645,2022-06-13 05:06:29,App,Delivered
ORD000006703,4470,4470,2023-05-27 16:40:07,App,Returned
ORD000006704,1028,1028,2021-05-31 04:11:22,App,Placed
ORD000006705,1986,1986,2024-03-24 14:08:23,App,Placed
ORD000006706,1727,1727,2021-10-20 06:43:24,App,Returned
ORD000006707,833,833,2024-07-14 01:07:58,App,Delivered
ORD000006708,3394,3394,2021-06-01 19:19:56,Web,Placed
ORD000006709,5901,5901,2023-07-17 00:33:03,App,Delivered
ORD000006710,2587,2587,2026-01-12 11:51:03,App,Shipped
ORD000006711,4468,4468,2024-11-01 15:23:49,Web,Placed
ORD000006712,5713,5713,2023-02-27 06:28:07,App,Delivered
ORD000006713,1389,1389,2025-03-01 10:07:03,App,Shipped
ORD000006714,913,913,2021-11-26 16:29:21,Web,Delivered
ORD000006715,1093,1093,2023-11-27 08:09:14,App,Delivered
ORD000006716,5433,5433,2023-08-13 15:47:43,Web,Delivered
ORD000006717,5192,5192,2022-12-03 13:25:29,Web,Delivered
ORD000006718,1270,1270,2025-11-10 10:09:37,App,Cancelled
ORD000006719,758,758,2022-09-05 17:03:18,Web,Placed
ORD000006720,1789,1789,2025-07-20 18:03:38,Web,Shipped
ORD000006721,5193,5193,2022-07-05 04:44:02,App,Delivered
ORD000006722,2834,2834,2025-12-17 20:28:03,App,Delivered
ORD000006723,3763,3763,2025-10-23 20:59:31,App,Placed
ORD000006724,5984,5984,2022-12-07 18:04:35,Web,Delivered
ORD000006725,3062,3062,2024-06-03 07:50:18,App,Returned
ORD000006726,2088,2088,2024-05-23 02:16:05,App,Cancelled
ORD000006727,3111,3111,2022-11-23 09:39:28,App,Delivered
ORD000006728,2793,2793,2022-03-18 19:45:47,App,Delivered
ORD000006729,4662,4662,2025-07-16 17:34:45,App,Delivered
ORD000006730,3244,3244,2021-12-07 11:48:35,App,Placed
ORD000006731,4398,4398,2024-04-10 21:21:49,App,Delivered
ORD000006732,1725,1725,2021-03-08 08:51:29,Web,Shipped
ORD000006733,934,934,2023-05-08 20:18:51,Web,Shipped
ORD000006734,555,555,2023-10-08 01:47:18,App,Shipped
ORD000006735,4,4,2024-04-14 23:59:14,App,Delivered
ORD000006736,1285,1285,2022-12-03 22:41:00,App,Delivered
ORD000006737,4069,4069,2025-12-14 02:36:01,Web,Cancelled
ORD000006738,4977,4977,2023-05-26 16:44:22,App,Delivered
ORD000006739,3621,3621,2022-10-30 11:04:50,App,Delivered
ORD000006740,4506,4506,2021-07-06 18:17:26,App,Delivered
ORD000006741,5867,5867,2024-03-27 08:49:37,Web,Delivered
ORD000006742,88,88,2021-10-23 10:37:11,App,Placed
ORD000006743,4195,4195,2021-02-20 08:42:11,App,Delivered
ORD000006744,5104,5104,2022-08-17 14:35:51,App,Placed
ORD000006745,1641,1641,2022-02-21 14:28:58,App,Delivered
ORD000006746,217,217,2023-10-14 01:25:15,Web,Returned
ORD000006747,191,191,2025-05-19 21:03:33,Web,Delivered
ORD000006748,5335,5335,2024-10-13 23:32:28,App,Placed
ORD000006749,1734,1734,2025-12-09 06:19:52,Web,Delivered
ORD000006750,4713,4713,2024-10-29 23:16:42,Web,Delivered
ORD000006751,1206,1206,2025-02-02 19:58:37,App,Delivered
ORD000006752,2643,2643,2023-08-15 23:34:03,App,Placed
ORD000006753,3231,3231,2022-01-23 05:01:55,App,Shipped
ORD000006754,3307,3307,2023-02-20 21:43:03,App,Delivered
ORD000006755,2848,2848,2022-02-09 21:30:56,App,Placed
ORD000006756,3458,3458,2021-08-12 04:56:21,Web,Returned
ORD000006757,4626,4626,2023-08-28 23:54:42,Web,Delivered
ORD000006758,3356,3356,2023-12-05 02:14:27,App,Delivered
ORD000006759,4167,4167,2022-10-19 07:04:47,Web,Returned
ORD000006760,5335,5335,2024-04-29 05:27:54,App,Delivered
ORD000006761,2165,2165,2024-02-02 03:44:25,App,Delivered
ORD000006762,100,100,2022-07-30 22:34:34,Web,Delivered
ORD000006763,600,600,2023-07-28 07:23:41,App,Delivered
ORD000006764,860,860,2021-09-04 11:11:29,App,Delivered
ORD000006765,5785,5785,2023-04-12 16:09:43,Web,Delivered
ORD000006766,5101,5101,2024-09-01 05:45:10,Web,Delivered
ORD000006767,3892,3892,2025-05-17 00:55:24,App,Shipped
ORD000006768,2682,2682,2025-11-12 22:24:01,App,Delivered
ORD000006769,5843,5843,2022-08-23 11:03:18,App,Delivered
ORD000006770,2105,2105,2021-07-17 04:23:54,App,Shipped
ORD000006771,2241,2241,2021-03-05 19:40:28,Store,Shipped
ORD000006772,994,994,2022-05-12 01:53:46,App,Delivered
ORD000006773,3911,3911,2023-01-21 21:11:30,App,Delivered
ORD000006774,3582,3582,2023-12-16 19:55:13,Web,Delivered
ORD000006775,1177,1177,2023-03-17 04:35:33,App,Delivered
ORD000006776,5143,5143,2022-10-09 08:42:31,App,Placed
ORD000006777,4126,4126,2024-08-04 06:37:33,App,Delivered
ORD000006778,3441,3441,2022-07-24 09:36:54,App,Delivered
ORD000006779,5821,5821,2024-12-09 19:02:34,Store,Placed
ORD000006780,3463,3463,2024-05-09 09:18:22,Web,Returned
ORD000006781,5741,5741,2021-09-14 08:55:17,Web,Placed
ORD000006782,1377,1377,2021-12-15 02:43:32,App,Delivered
ORD000006783,572,572,2023-06-03 14:35:36,Web,Delivered
ORD000006784,4162,4162,2024-02-26 12:28:34,App,Cancelled
ORD000006785,2214,2214,2023-11-16 07:08:05,Web,Delivered
ORD000006786,1516,1516,2024-07-31 02:46:16,App,Delivered
ORD000006787,3725,3725,2022-03-14 01:15:42,App,Delivered
ORD000006788,4660,4660,2021-12-06 08:40:32,Web,Cancelled
ORD000006789,180,180,2024-12-04 05:41:40,Web,Delivered
ORD000006790,726,726,2022-07-19 05:27:54,App,Delivered
ORD000006791,4873,4873,2025-06-23 04:11:12,App,Returned
ORD000006792,1041,1041,2023-06-16 14:30:11,Web,Delivered
ORD000006793,82,82,2021-12-21 11:48:35,Web,Placed
ORD000006794,3112,3112,2023-06-15 11:37:14,Web,Shipped
ORD000006795,5736,5736,2024-12-26 22:09:48,App,Cancelled
ORD000006796,3019,3019,2025-06-23 08:07:09,App,Delivered
ORD000006797,1206,1206,2021-12-30 23:31:07,App,Delivered
ORD000006798,3968,3968,2022-09-25 08:37:51,Web,Shipped
ORD000006799,5064,5064,2021-05-23 08:36:28,App,Shipped
ORD000006800,5810,5810,2023-04-23 01:48:43,App,Delivered
ORD000006801,5773,5773,2025-04-29 17:02:59,Web,Returned
ORD000006802,5281,5281,2022-09-12 07:01:17,Web,Delivered
ORD000006803,3798,3798,2023-06-10 17:19:44,Web,Delivered
ORD000006804,2982,2982,2021-11-23 22:08:41,App,Placed
ORD000006805,2782,2782,2025-12-04 07:21:53,App,Delivered
ORD000006806,3846,3846,2022-02-22 10:30:10,Web,Delivered
ORD000006807,4653,4653,2022-11-28 18:02:16,App,Shipped
ORD000006808,5307,5307,2021-08-23 09:37:40,Web,Delivered
ORD000006809,3447,3447,2021-10-15 21:55:44,App,Delivered
ORD000006810,1491,1491,2024-09-17 17:46:12,Web,Delivered
ORD000006811,2289,2289,2026-01-13 04:53:22,App,Delivered
ORD000006812,5857,5857,2024-09-26 07:18:24,App,Delivered
ORD000006813,2382,2382,2023-08-11 14:02:45,App,Placed
ORD000006814,48,48,2025-09-05 15:33:29,App,Delivered
ORD000006815,4009,4009,2021-07-15 03:35:07,App,Delivered
ORD000006816,463,463,2025-02-21 02:30:40,App,Delivered
ORD000006817,5194,5194,2021-08-23 13:13:37,Web,Returned
ORD000006818,2365,2365,2021-11-11 11:44:52,App,Delivered
ORD000006819,2420,2420,2022-10-05 16:28:08,App,Delivered
ORD000006820,1794,1794,2024-05-01 12:00:45,Web,Delivered
ORD000006821,3541,3541,2024-11-29 15:43:32,App,Delivered
ORD000006822,5964,5964,2023-01-04 03:52:04,Web,Placed
ORD000006823,1034,1034,2025-02-25 10:29:36,App,Placed
ORD000006824,588,588,2025-01-13 10:09:08,App,Delivered
ORD000006825,4519,4519,2024-01-16 17:13:27,App,Shipped
ORD000006826,5753,5753,2023-11-03 00:40:24,App,Delivered
ORD000006827,3010,3010,2022-09-11 02:55:53,Web,Delivered
ORD000006828,2775,2775,2025-05-17 03:12:54,App,Delivered
ORD000006829,476,476,2024-01-17 04:31:44,Web,Delivered
ORD000006830,4341,4341,2025-08-16 18:03:22,Store,Returned
ORD000006831,2740,2740,2024-05-10 07:57:31,Web,Delivered
ORD000006832,4584,4584,2024-11-24 03:14:44,Web,Delivered
ORD000006833,2901,2901,2024-11-16 16:43:35,App,Cancelled
ORD000006834,5932,5932,2025-11-27 15:31:52,Web,Delivered
ORD000006835,1826,1826,2026-02-03 13:45:29,App,Shipped
ORD000006836,5193,5193,2021-05-13 17:34:49,App,Delivered
ORD000006837,4849,4849,2022-09-13 01:46:56,Web,Placed
ORD000006838,1898,1898,2022-02-25 10:42:37,App,Delivered
ORD000006839,3757,3757,2022-06-27 22:15:00,Web,Delivered
ORD000006840,5024,5024,2025-08-27 03:39:27,App,Returned
ORD000006841,5125,5125,2022-03-21 08:06:53,App,Delivered
ORD000006842,5582,5582,2022-09-19 09:32:58,Web,Delivered
ORD000006843,5486,5486,2025-01-17 11:58:59,Web,Delivered
ORD000006844,3567,3567,2024-08-14 01:46:38,App,Returned
ORD000006845,5334,5334,2023-11-20 17:59:04,App,Shipped
ORD000006846,5055,5055,2025-10-07 13:50:06,Web,Returned
ORD000006847,1349,1349,2025-10-06 02:09:51,App,Delivered
ORD000006848,2358,2358,2024-03-27 02:12:50,App,Delivered
ORD000006849,2086,2086,2021-11-14 09:17:53,App,Delivered
ORD000006850,5001,5001,2024-01-16 04:02:58,App,Placed
ORD000006851,5181,5181,2022-02-23 15:09:26,Web,Delivered
ORD000006852,5215,5215,2025-09-20 17:30:03,Web,Shipped
ORD000006853,5909,5909,2022-01-02 18:40:49,Web,Shipped
ORD000006854,5668,5668,2026-02-03 04:34:03,App,Cancelled
ORD000006855,4609,4609,2021-11-14 01:45:43,App,Returned
ORD000006856,3543,3543,2025-06-13 14:04:43,App,Returned
ORD000006857,2447,2447,2023-03-28 11:22:25,Web,Delivered
ORD000006858,5678,5678,2024-09-13 08:00:27,App,Returned
ORD000006859,1601,1601,2022-11-25 04:07:54,App,Returned
ORD000006860,3078,3078,2022-10-17 10:50:30,App,Shipped
ORD000006861,2237,2237,2023-10-09 00:14:19,Web,Placed
ORD000006862,1687,1687,2025-01-21 08:42:47,Web,Shipped
ORD000006863,4756,4756,2024-08-26 11:56:40,App,Shipped
ORD000006864,4124,4124,2024-12-22 02:31:51,App,Delivered
ORD000006865,2002,2002,2021-02-15 08:31:46,Web,Returned
ORD000006866,135,135,2021-11-25 18:10:47,Web,Delivered
ORD000006867,1790,1790,2022-12-22 19:57:38,Web,Placed
ORD000006868,4401,4401,2024-08-18 05:43:17,App,Delivered
ORD000006869,2543,2543,2022-02-28 12:24:03,Web,Delivered
ORD000006870,4820,4820,2021-05-13 17:31:34,App,Returned
ORD000006871,3352,3352,2024-05-04 08:47:19,Web,Delivered
ORD000006872,2908,2908,2025-08-14 08:40:53,Web,Delivered
ORD000006873,4988,4988,2024-05-04 07:12:09,Web,Delivered
ORD000006874,2271,2271,2024-05-14 01:58:27,App,Shipped
ORD000006875,3675,3675,2023-12-11 06:10:46,App,Delivered
ORD000006876,2028,2028,2023-10-14 23:16:09,App,Delivered
ORD000006877,828,828,2022-03-08 01:04:41,Web,Returned
ORD000006878,1344,1344,2021-09-18 21:44:08,Web,Returned
ORD000006879,4295,4295,2023-08-20 23:35:11,App,Delivered
ORD000006880,3128,3128,2021-08-19 01:58:37,App,Delivered
ORD000006881,407,407,2022-10-05 00:44:15,Web,Shipped
ORD000006882,1462,1462,2022-12-28 19:08:54,App,Delivered
ORD000006883,1775,1775,2021-09-21 03:53:15,App,Cancelled
ORD000006884,5577,5577,2025-08-09 03:54:08,App,Delivered
ORD000006885,5597,5597,2021-03-29 22:35:06,Web,Delivered
ORD000006886,1371,1371,2021-08-15 16:37:20,Web,Delivered
ORD000006887,486,486,2023-07-07 03:49:25,App,Delivered
ORD000006888,363,363,2025-03-25 22:53:48,App,Cancelled
ORD000006889,3802,3802,2022-05-22 04:51:13,Web,Placed
ORD000006890,212,212,2022-01-21 06:27:18,Web,Delivered
ORD000006891,4797,4797,2021-12-16 19:43:03,App,Placed
ORD000006892,2662,2662,2022-11-18 18:36:46,App,Delivered
ORD000006893,916,916,2025-02-24 14:14:52,Web,Delivered
ORD000006894,1461,1461,2025-04-10 14:57:19,Store,Delivered
ORD000006895,4239,4239,2023-02-09 01:32:14,App,Delivered
ORD000006896,3357,3357,2024-02-20 05:08:04,App,Returned
ORD000006897,1094,1094,2024-08-30 22:10:11,App,Delivered
ORD000006898,5968,5968,2021-03-29 22:13:44,Web,Delivered
ORD000006899,5054,5054,2022-04-15 21:30:31,App,Delivered
ORD000006900,1734,1734,2023-11-09 11:28:52,App,Returned
ORD000006901,1552,1552,2021-05-18 23:32:28,App,Delivered
ORD000006902,1334,1334,2025-03-22 18:49:52,App,Delivered
ORD000006903,865,865,2024-11-30 13:18:31,App,Delivered
ORD000006904,1287,1287,2025-04-20 03:23:51,Web,Delivered
ORD000006905,4156,4156,2023-05-07 12:57:58,Web,Delivered
ORD000006906,4618,4618,2024-03-14 06:26:14,App,Placed
ORD000006907,309,309,2025-06-29 02:51:03,App,Delivered
ORD000006908,1544,1544,2024-12-02 18:10:08,Store,Returned
ORD000006909,1406,1406,2023-09-26 23:10:51,Web,Placed
ORD000006910,5722,5722,2023-04-20 03:04:18,Web,Delivered
ORD000006911,1573,1573,2025-10-26 21:14:11,Web,Returned
ORD000006912,2002,2002,2025-08-08 19:31:38,Web,Shipped
ORD000006913,900,900,2024-04-18 17:00:53,Web,Delivered
ORD000006914,1108,1108,2022-03-27 00:43:47,App,Delivered
ORD000006915,3306,3306,2023-08-17 13:49:33,Web,Placed
ORD000006916,4858,4858,2025-09-20 22:28:13,Store,Delivered
ORD000006917,4336,4336,2024-07-23 11:39:56,Store,Delivered
ORD000006918,3795,3795,2022-10-08 12:00:30,Web,Shipped
ORD000006919,4321,4321,2026-02-06 15:04:20,App,Placed
ORD000006920,4375,4375,2021-05-05 03:38:20,Web,Delivered
ORD000006921,5513,5513,2026-01-25 22:26:33,Web,Shipped
ORD000006922,5798,5798,2025-01-07 13:00:30,Web,Shipped
ORD000006923,3885,3885,2024-03-01 01:56:32,Web,Delivered
ORD000006924,2477,2477,2025-02-16 18:18:13,App,Delivered
ORD000006925,402,402,2025-09-19 07:43:45,Web,Returned
ORD000006926,2094,2094,2025-08-30 04:20:09,App,Delivered
ORD000006927,3248,3248,2024-01-07 23:07:20,App,Shipped
ORD000006928,3072,3072,2025-11-04 21:21:11,Web,Delivered
ORD000006929,3857,3857,2022-12-30 08:08:19,Web,Returned
ORD000006930,3702,3702,2021-06-26 15:17:30,Web,Delivered
ORD000006931,1808,1808,2024-01-30 14:04:43,App,Delivered
ORD000006932,1390,1390,2022-05-25 14:08:23,Web,Returned
ORD000006933,5293,5293,2025-04-25 07:29:46,Web,Delivered
ORD000006934,4400,4400,2024-06-02 14:36:55,App,Shipped
ORD000006935,2399,2399,2026-02-03 08:12:45,App,Returned
ORD000006936,4801,4801,2025-08-15 01:18:21,Web,Delivered
ORD000006937,92,92,2022-04-14 13:45:36,App,Returned
ORD000006938,3233,3233,2024-02-15 01:07:45,Web,Delivered
ORD000006939,5223,5223,2022-11-20 15:22:09,App,Delivered
ORD000006940,2180,2180,2023-09-13 16:22:57,App,Delivered
ORD000006941,2817,2817,2023-09-11 10:27:24,App,Placed
ORD000006942,1313,1313,2024-05-27 10:38:45,App,Delivered
ORD000006943,4554,4554,2024-10-11 04:32:26,App,Delivered
ORD000006944,4030,4030,2022-04-17 11:19:21,App,Delivered
ORD000006945,899,899,2026-02-08 22:49:38,Web,Placed
ORD000006946,3173,3173,2023-08-12 23:56:11,App,Delivered
ORD000006947,5933,5933,2025-11-23 15:38:33,App,Delivered
ORD000006948,3093,3093,2022-03-24 08:45:55,App,Placed
ORD000006949,249,249,2022-03-05 23:52:05,Web,Delivered
ORD000006950,2240,2240,2024-11-29 21:43:10,App,Placed
ORD000006951,2633,2633,2022-08-30 00:47:00,App,Returned
ORD000006952,3385,3385,2024-04-11 05:26:23,Web,Delivered
ORD000006953,4264,4264,2022-07-18 06:12:11,App,Delivered
ORD000006954,5694,5694,2024-09-12 16:18:31,App,Delivered
ORD000006955,3705,3705,2026-02-01 09:35:46,Web,Delivered
ORD000006956,5336,5336,2023-11-01 20:17:41,Web,Returned
ORD000006957,5629,5629,2021-05-26 00:52:08,App,Cancelled
ORD000006958,1198,1198,2025-06-28 23:48:43,Web,Delivered
ORD000006959,1992,1992,2024-02-22 23:02:56,App,Delivered
ORD000006960,4504,4504,2024-02-25 05:13:11,App,Delivered
ORD000006961,501,501,2023-08-30 04:50:11,App,Delivered
ORD000006962,1162,1162,2023-10-12 11:36:49,Store,Returned
ORD000006963,99,99,2021-04-04 10:27:43,App,Delivered
ORD000006964,3129,3129,2023-10-18 01:13:18,App,Delivered
ORD000006965,2295,2295,2025-06-05 04:31:16,App,Delivered
ORD000006966,713,713,2025-07-06 04:40:34,Web,Shipped
ORD000006967,3915,3915,2023-04-20 11:22:08,App,Delivered
ORD000006968,107,107,2024-03-21 04:16:30,App,Shipped
ORD000006969,5168,5168,2022-03-12 02:46:15,Web,Delivered
ORD000006970,46,46,2021-09-11 01:29:49,Web,Placed
ORD000006971,2444,2444,2021-04-25 19:48:21,App,Delivered
ORD000006972,3132,3132,2024-05-26 08:45:16,App,Delivered
ORD000006973,5267,5267,2026-01-18 17:15:16,App,Placed
ORD000006974,2664,2664,2022-03-02 00:13:23,App,Delivered
ORD000006975,5700,5700,2022-03-08 01:00:59,App,Delivered
ORD000006976,950,950,2025-10-12 05:49:33,App,Delivered
ORD000006977,3569,3569,2024-12-04 01:17:46,App,Delivered
ORD000006978,2722,2722,2025-07-22 16:16:13,App,Delivered
ORD000006979,3799,3799,2022-05-05 13:10:02,App,Placed
ORD000006980,5238,5238,2023-10-03 06:53:41,App,Returned
ORD000006981,3290,3290,2025-06-19 06:43:08,App,Delivered
ORD000006982,4725,4725,2022-07-05 16:09:31,App,Delivered
ORD000006983,3335,3335,2024-09-03 07:20:29,App,Shipped
ORD000006984,5828,5828,2023-06-24 07:44:26,App,Delivered
ORD000006985,3222,3222,2022-11-07 22:12:56,App,Returned
ORD000006986,3318,3318,2024-11-17 12:52:17,App,Delivered
ORD000006987,4597,4597,2026-01-03 23:29:17,Web,Delivered
ORD000006988,1818,1818,2021-07-13 06:57:10,App,Delivered
ORD000006989,4045,4045,2021-03-05 08:41:52,Web,Cancelled
ORD000006990,2222,2222,2022-05-18 00:48:55,App,Delivered
ORD000006991,4689,4689,2023-10-23 08:55:27,Web,Delivered
ORD000006992,4268,4268,2021-02-21 05:54:43,Web,Cancelled
ORD000006993,958,958,2024-04-14 06:30:36,Web,Delivered
ORD000006994,4905,4905,2024-02-22 19:01:58,Web,Delivered
ORD000006995,4719,4719,2022-03-02 04:06:40,Web,Placed
ORD000006996,4815,4815,2021-03-05 05:22:13,App,Shipped
ORD000006997,2386,2386,2024-06-07 06:34:58,App,Delivered
ORD000006998,1435,1435,2023-08-31 11:25:12,App,Delivered
ORD000006999,3170,3170,2024-11-27 13:15:20,Web,Delivered
ORD000007000,2985,2985,2023-05-24 17:41:08,App,Delivered
ORD000007001,5637,5637,2026-01-29 17:04:27,App,Shipped
ORD000007002,3257,3257,2024-05-12 04:10:22,Web,Returned
ORD000007003,1437,1437,2023-06-05 04:20:23,App,Delivered
ORD000007004,4474,4474,2023-05-28 20:57:28,App,Delivered
ORD000007005,1433,1433,2022-12-09 11:25:42,App,Placed
ORD000007006,1775,1775,2025-10-16 12:47:10,App,Delivered
ORD000007007,418,418,2021-02-15 02:48:54,Store,Placed
ORD000007008,983,983,2025-09-13 11:47:47,Web,Delivered
ORD000007009,1139,1139,2022-02-12 17:45:13,App,Delivered
ORD000007010,2929,2929,2023-11-17 23:40:51,App,Delivered
ORD000007011,1234,1234,2022-02-09 07:40:55,Store,Returned
ORD000007012,4543,4543,2022-02-27 09:08:51,App,Delivered
ORD000007013,831,831,2024-06-06 14:17:45,App,Returned
ORD000007014,5514,5514,2024-07-29 11:56:35,App,Placed
ORD000007015,4094,4094,2023-12-19 10:51:09,App,Delivered
ORD000007016,5301,5301,2022-09-24 13:04:35,App,Delivered
ORD000007017,4289,4289,2022-09-08 09:45:01,App,Placed
ORD000007018,2861,2861,2024-10-17 23:31:11,Web,Delivered
ORD000007019,5376,5376,2024-09-29 20:11:23,Web,Shipped
ORD000007020,1969,1969,2025-06-29 06:14:33,Web,Delivered
ORD000007021,2472,2472,2023-09-14 11:24:58,Web,Placed
ORD000007022,4802,4802,2024-05-22 23:46:23,App,Delivered
ORD000007023,5756,5756,2023-08-16 14:50:58,App,Delivered
ORD000007024,4744,4744,2025-11-05 06:21:31,App,Delivered
ORD000007025,4891,4891,2024-04-11 01:16:51,App,Delivered
ORD000007026,4837,4837,2021-07-14 20:12:27,Store,Delivered
ORD000007027,4338,4338,2021-09-18 22:01:02,Web,Delivered
ORD000007028,1510,1510,2022-12-26 05:47:13,Web,Delivered
ORD000007029,5151,5151,2025-05-10 20:12:09,Web,Returned
ORD000007030,773,773,2023-10-21 15:21:10,Web,Returned
ORD000007031,5180,5180,2021-08-31 17:14:08,App,Delivered
ORD000007032,3673,3673,2025-05-13 11:33:02,App,Delivered
ORD000007033,3987,3987,2025-09-10 15:18:50,App,Delivered
ORD000007034,4197,4197,2022-11-21 23:51:39,App,Cancelled
ORD000007035,2858,2858,2022-12-02 22:41:48,App,Placed
ORD000007036,2681,2681,2022-02-11 22:36:56,App,Delivered
ORD000007037,1779,1779,2024-01-22 11:06:46,Web,Shipped
ORD000007038,2020,2020,2021-03-11 08:40:07,App,Delivered
ORD000007039,2925,2925,2025-01-09 21:20:23,App,Delivered
ORD000007040,589,589,2021-12-27 14:32:57,App,Returned
ORD000007041,273,273,2022-03-22 10:29:29,App,Delivered
ORD000007042,2930,2930,2026-02-10 08:47:56,Store,Delivered
ORD000007043,2035,2035,2025-10-12 00:32:39,Web,Placed
ORD000007044,1502,1502,2021-12-30 16:40:21,App,Delivered
ORD000007045,2106,2106,2021-07-23 02:54:09,App,Placed
ORD000007046,5079,5079,2023-05-31 08:08:56,App,Delivered
ORD000007047,3577,3577,2021-02-27 19:44:51,App,Delivered
ORD000007048,4483,4483,2022-07-16 11:36:52,App,Delivered
ORD000007049,5728,5728,2021-11-03 01:48:31,App,Delivered
ORD000007050,4141,4141,2021-07-23 20:27:17,App,Returned
ORD000007051,1282,1282,2025-04-04 13:53:17,App,Delivered
ORD000007052,815,815,2022-11-08 00:34:27,App,Delivered
ORD000007053,1270,1270,2023-03-22 12:46:47,App,Delivered
ORD000007054,4336,4336,2022-07-26 18:54:28,Web,Placed
ORD000007055,3485,3485,2022-04-28 08:50:53,App,Shipped
ORD000007056,1152,1152,2021-06-10 02:38:21,Web,Delivered
ORD000007057,1738,1738,2023-07-03 13:30:18,Web,Delivered
ORD000007058,4372,4372,2022-11-22 18:46:12,App,Delivered
ORD000007059,2466,2466,2022-06-27 23:41:58,App,Delivered
ORD000007060,2255,2255,2024-12-18 05:45:02,App,Delivered
ORD000007061,1576,1576,2024-10-06 09:10:52,Store,Placed
ORD000007062,833,833,2024-01-29 09:33:12,Web,Delivered
ORD000007063,1370,1370,2025-04-11 14:33:48,App,Returned
ORD000007064,3903,3903,2023-09-27 22:24:43,Web,Delivered
ORD000007065,568,568,2024-08-30 03:56:07,App,Delivered
ORD000007066,4256,4256,2021-09-19 04:32:14,Web,Delivered
ORD000007067,5954,5954,2024-07-13 14:19:03,App,Delivered
ORD000007068,4192,4192,2025-09-10 00:44:41,Store,Shipped
ORD000007069,3997,3997,2023-11-13 05:38:26,Web,Delivered
ORD000007070,3188,3188,2023-11-30 06:35:36,App,Delivered
ORD000007071,3284,3284,2021-04-28 23:53:54,App,Delivered
ORD000007072,599,599,2025-02-03 12:34:49,Web,Delivered
ORD000007073,5427,5427,2022-01-12 06:45:36,Web,Delivered
ORD000007074,44,44,2022-07-18 05:03:56,App,Placed
ORD000007075,5108,5108,2023-05-26 07:45:07,Web,Delivered
ORD000007076,3530,3530,2024-06-30 23:44:55,Web,Returned
ORD000007077,5843,5843,2021-12-27 03:49:29,App,Delivered
ORD000007078,1882,1882,2025-08-26 06:02:00,App,Placed
ORD000007079,3544,3544,2021-12-25 20:34:36,App,Delivered
ORD000007080,1884,1884,2025-05-30 01:35:06,App,Placed
ORD000007081,381,381,2025-10-13 14:26:02,Web,Delivered
ORD000007082,5952,5952,2023-11-12 17:59:54,Web,Placed
ORD000007083,5763,5763,2021-03-01 13:29:57,Web,Delivered
ORD000007084,2163,2163,2024-07-30 22:59:39,Store,Delivered
ORD000007085,1659,1659,2024-12-25 22:16:26,Web,Delivered
ORD000007086,4484,4484,2022-12-13 20:54:19,App,Delivered
ORD000007087,5006,5006,2025-03-09 23:05:39,App,Returned
ORD000007088,2893,2893,2023-08-11 08:31:32,Web,Delivered
ORD000007089,5439,5439,2024-11-06 15:13:57,App,Delivered
ORD000007090,2983,2983,2023-04-21 15:59:52,Web,Delivered
ORD000007091,876,876,2021-06-20 17:40:32,App,Delivered
ORD000007092,3516,3516,2025-09-13 17:32:23,Web,Delivered
ORD000007093,28,28,2024-11-17 01:05:39,App,Delivered
ORD000007094,636,636,2023-02-15 14:38:14,Store,Delivered
ORD000007095,2016,2016,2022-05-10 08:21:05,Web,Returned
ORD000007096,5518,5518,2024-11-16 18:12:09,App,Shipped
ORD000007097,2125,2125,2023-04-10 15:49:13,App,Returned
ORD000007098,587,587,2024-02-28 19:29:47,Web,Delivered
ORD000007099,5306,5306,2022-04-17 10:24:40,App,Delivered
ORD000007100,3623,3623,2021-06-27 12:51:10,Web,Delivered
ORD000007101,4330,4330,2021-06-04 03:13:42,Web,Delivered
ORD000007102,3471,3471,2021-04-11 00:23:05,App,Shipped
ORD000007103,4425,4425,2025-06-25 11:18:40,App,Returned
ORD000007104,3715,3715,2025-07-12 11:04:17,Web,Shipped
ORD000007105,3077,3077,2025-11-26 14:43:04,App,Delivered
ORD000007106,2396,2396,2022-06-08 23:36:38,App,Delivered
ORD000007107,4010,4010,2025-08-23 14:38:50,App,Shipped
ORD000007108,3471,3471,2021-03-08 08:52:50,App,Delivered
ORD000007109,1283,1283,2021-09-03 01:09:40,App,Cancelled
ORD000007110,391,391,2021-03-27 23:43:12,Web,Placed
ORD000007111,5982,5982,2023-12-14 17:52:44,App,Returned
ORD000007112,1944,1944,2024-11-12 16:29:13,App,Delivered
ORD000007113,1951,1951,2024-01-04 03:56:03,Web,Placed
ORD000007114,2638,2638,2021-04-25 20:30:11,App,Delivered
ORD000007115,5968,5968,2025-12-31 13:14:44,App,Placed
ORD000007116,4,4,2022-08-09 10:33:44,App,Delivered
ORD000007117,2691,2691,2022-03-30 01:39:34,App,Delivered
ORD000007118,5248,5248,2023-04-01 05:03:13,App,Delivered
ORD000007119,4105,4105,2025-11-18 00:29:16,App,Delivered
ORD000007120,3539,3539,2025-09-01 06:59:22,Web,Shipped
ORD000007121,2748,2748,2025-04-11 13:06:50,Web,Delivered
ORD000007122,1675,1675,2021-10-08 23:41:10,App,Returned
ORD000007123,3535,3535,2025-12-28 16:27:53,App,Placed
ORD000007124,932,932,2022-07-21 06:00:31,Web,Delivered
ORD000007125,125,125,2022-08-26 19:56:04,App,Delivered
ORD000007126,5113,5113,2024-05-23 23:40:20,App,Returned
ORD000007127,2866,2866,2024-02-21 12:52:27,App,Delivered
ORD000007128,259,259,2024-01-25 10:18:23,App,Placed
ORD000007129,3669,3669,2022-02-01 03:56:35,App,Shipped
ORD000007130,3134,3134,2022-02-08 04:59:32,App,Delivered
ORD000007131,972,972,2022-11-03 09:54:53,App,Shipped
ORD000007132,5646,5646,2022-06-16 07:01:07,App,Shipped
ORD000007133,4375,4375,2024-05-17 10:37:34,App,Delivered
ORD000007134,1147,1147,2024-02-01 17:07:19,App,Delivered
ORD000007135,4685,4685,2023-08-29 04:11:06,Store,Delivered
ORD000007136,2320,2320,2022-01-31 18:18:12,App,Delivered
ORD000007137,4049,4049,2025-07-08 01:38:48,Web,Returned
ORD000007138,4598,4598,2021-02-14 09:21:51,App,Returned
ORD000007139,3341,3341,2024-09-02 05:50:26,Web,Placed
ORD000007140,893,893,2025-09-22 01:36:38,App,Delivered
ORD000007141,2616,2616,2022-07-07 08:21:34,App,Delivered
ORD000007142,4314,4314,2021-04-06 06:40:52,Web,Placed
ORD000007143,3624,3624,2021-05-15 06:02:09,Web,Returned
ORD000007144,2207,2207,2025-09-17 20:07:35,Web,Returned
ORD000007145,360,360,2025-12-17 18:41:40,Web,Shipped
ORD000007146,1489,1489,2024-10-11 15:12:02,Web,Delivered
ORD000007147,5761,5761,2026-02-08 16:05:49,App,Delivered
ORD000007148,291,291,2023-01-29 16:05:35,Web,Placed
ORD000007149,3027,3027,2022-11-11 00:07:05,Web,Delivered
ORD000007150,4956,4956,2021-08-01 05:11:58,Web,Delivered
ORD000007151,2114,2114,2022-06-26 11:43:53,Web,Cancelled
ORD000007152,2205,2205,2023-07-02 04:05:18,App,Returned
ORD000007153,5675,5675,2025-02-26 02:43:06,App,Placed
ORD000007154,3859,3859,2022-10-30 10:33:46,Web,Delivered
ORD000007155,3548,3548,2023-01-14 07:50:02,App,Placed
ORD000007156,5474,5474,2025-12-02 18:30:36,App,Delivered
ORD000007157,1567,1567,2022-05-11 20:07:22,App,Cancelled
ORD000007158,2405,2405,2025-03-15 18:56:08,Web,Placed
ORD000007159,4627,4627,2021-04-30 03:04:49,Web,Delivered
ORD000007160,480,480,2024-09-11 16:40:49,Web,Delivered
ORD000007161,4893,4893,2023-09-05 03:41:17,App,Returned
ORD000007162,5193,5193,2022-04-06 16:12:27,App,Delivered
ORD000007163,1100,1100,2021-05-05 16:12:04,App,Delivered
ORD000007164,2236,2236,2021-09-19 15:03:04,App,Delivered
ORD000007165,3763,3763,2023-03-15 17:47:21,App,Shipped
ORD000007166,5458,5458,2021-03-07 00:28:16,App,Delivered
ORD000007167,476,476,2025-06-29 20:16:42,App,Delivered
ORD000007168,3378,3378,2025-01-09 05:43:41,Web,Delivered
ORD000007169,917,917,2024-01-05 11:38:33,Web,Delivered
ORD000007170,4745,4745,2022-06-12 19:12:09,Web,Shipped
ORD000007171,2210,2210,2025-02-22 14:20:11,Web,Returned
ORD000007172,4898,4898,2022-11-02 06:14:42,Web,Delivered
ORD000007173,2072,2072,2025-04-23 03:20:57,Store,Delivered
ORD000007174,1360,1360,2023-05-07 23:28:13,App,Delivered
ORD000007175,1308,1308,2025-03-19 11:12:25,App,Cancelled
ORD000007176,2222,2222,2021-06-24 01:25:05,App,Delivered
ORD000007177,4975,4975,2022-07-26 22:28:49,App,Delivered
ORD000007178,2822,2822,2024-03-02 12:52:03,Web,Placed
ORD000007179,4326,4326,2025-09-30 18:57:27,Web,Placed
ORD000007180,703,703,2023-11-28 12:04:21,Web,Cancelled
ORD000007181,118,118,2025-02-13 11:35:47,App,Delivered
ORD000007182,2101,2101,2024-05-13 23:47:50,App,Delivered
ORD000007183,3264,3264,2024-03-06 15:37:16,Web,Delivered
ORD000007184,5044,5044,2023-06-24 16:09:05,App,Delivered
ORD000007185,4668,4668,2023-04-27 16:39:34,Web,Shipped
ORD000007186,1961,1961,2025-07-01 14:56:32,App,Returned
ORD000007187,4619,4619,2026-02-01 21:05:19,App,Cancelled
ORD000007188,772,772,2024-04-27 19:35:08,Web,Delivered
ORD000007189,2830,2830,2022-05-12 23:24:06,App,Delivered
ORD000007190,4209,4209,2024-01-12 21:48:01,App,Returned
ORD000007191,1288,1288,2024-06-19 14:02:53,App,Delivered
ORD000007192,1368,1368,2025-07-25 19:25:37,App,Delivered
ORD000007193,3595,3595,2023-03-12 13:31:40,App,Returned
ORD000007194,99,99,2023-03-02 18:08:14,App,Shipped
ORD000007195,1047,1047,2021-05-11 07:48:30,Web,Delivered
ORD000007196,4335,4335,2024-05-30 23:08:58,App,Returned
ORD000007197,5383,5383,2021-03-28 09:44:55,App,Placed
ORD000007198,5445,5445,2021-02-14 19:41:49,Web,Placed
ORD000007199,3804,3804,2025-07-08 13:57:37,App,Delivered
ORD000007200,3756,3756,2021-04-19 02:00:46,App,Delivered
ORD000007201,4483,4483,2025-10-15 22:19:38,App,Returned
ORD000007202,606,606,2023-01-20 14:25:06,Web,Delivered
ORD000007203,2170,2170,2025-08-24 15:17:55,App,Delivered
ORD000007204,5420,5420,2024-04-07 11:29:24,Web,Returned
ORD000007205,563,563,2024-05-14 09:35:43,App,Delivered
ORD000007206,5939,5939,2024-08-27 14:59:17,App,Delivered
ORD000007207,4001,4001,2021-07-21 02:13:21,App,Returned
ORD000007208,20,20,2022-08-06 01:20:53,App,Delivered
ORD000007209,4638,4638,2022-06-28 02:59:20,Web,Delivered
ORD000007210,3961,3961,2022-05-16 11:47:23,App,Delivered
ORD000007211,1324,1324,2024-09-16 00:34:51,App,Delivered
ORD000007212,3542,3542,2024-02-03 17:23:35,Web,Shipped
ORD000007213,3158,3158,2025-06-22 03:10:54,App,Placed
ORD000007214,5862,5862,2021-03-16 06:18:53,App,Delivered
ORD000007215,3741,3741,2024-07-06 12:48:40,App,Placed
ORD000007216,2160,2160,2025-07-07 01:15:53,App,Delivered
ORD000007217,1315,1315,2024-06-07 03:11:38,Web,Delivered
ORD000007218,2427,2427,2022-01-10 02:22:57,App,Shipped
ORD000007219,3954,3954,2021-09-02 18:25:31,Web,Returned
ORD000007220,940,940,2023-09-22 05:17:52,App,Delivered
ORD000007221,238,238,2023-12-16 05:34:52,Web,Delivered
ORD000007222,644,644,2024-07-28 16:17:04,App,Delivered
ORD000007223,185,185,2021-04-03 14:46:18,App,Delivered
ORD000007224,1831,1831,2024-06-14 04:26:27,App,Placed
ORD000007225,1786,1786,2025-09-08 02:09:53,App,Shipped
ORD000007226,1449,1449,2025-03-06 01:57:46,App,Delivered
ORD000007227,4578,4578,2023-06-24 21:29:58,App,Delivered
ORD000007228,1382,1382,2025-02-11 08:29:47,Store,Placed
ORD000007229,362,362,2024-01-30 15:34:18,Web,Delivered
ORD000007230,1060,1060,2025-02-28 10:48:10,App,Delivered
ORD000007231,516,516,2025-12-29 13:39:13,App,Delivered
ORD000007232,5866,5866,2023-11-14 08:50:51,App,Placed
ORD000007233,330,330,2023-08-09 11:32:46,App,Cancelled
ORD000007234,3142,3142,2021-08-15 13:31:45,Web,Delivered
ORD000007235,5639,5639,2022-08-31 05:17:12,App,Delivered
ORD000007236,3740,3740,2023-04-17 03:54:13,App,Delivered
ORD000007237,5051,5051,2022-11-09 01:57:03,App,Delivered
ORD000007238,293,293,2021-09-11 15:26:30,App,Shipped
ORD000007239,5406,5406,2023-04-23 20:26:38,App,Placed
ORD000007240,360,360,2024-01-23 21:15:31,App,Delivered
ORD000007241,1610,1610,2024-08-17 23:11:59,App,Delivered
ORD000007242,2572,2572,2022-05-15 16:41:29,App,Shipped
ORD000007243,1361,1361,2024-11-01 04:32:05,App,Cancelled
ORD000007244,624,624,2022-09-02 06:23:10,Web,Delivered
ORD000007245,1566,1566,2023-10-09 01:01:09,App,Returned
ORD000007246,1921,1921,2022-12-12 21:24:20,App,Delivered
ORD000007247,1512,1512,2025-09-20 05:21:56,App,Returned
ORD000007248,5350,5350,2021-02-19 10:49:40,App,Placed
ORD000007249,4714,4714,2022-03-04 14:43:09,Web,Delivered
ORD000007250,5920,5920,2022-11-30 07:36:41,App,Placed
ORD000007251,575,575,2026-01-18 04:11:42,Web,Placed
ORD000007252,2002,2002,2022-04-25 13:26:09,App,Cancelled
ORD000007253,397,397,2025-01-14 22:42:12,App,Delivered
ORD000007254,5676,5676,2025-10-25 05:58:36,App,Delivered
ORD000007255,2709,2709,2024-12-29 13:58:41,Web,Shipped
ORD000007256,4498,4498,2024-02-24 03:51:58,Web,Delivered
ORD000007257,1512,1512,2025-06-29 22:57:46,App,Shipped
ORD000007258,2094,2094,2023-07-12 19:18:27,Web,Delivered
ORD000007259,4783,4783,2022-12-28 15:52:11,App,Delivered
ORD000007260,4250,4250,2021-02-12 21:24:09,App,Delivered
ORD000007261,4357,4357,2025-07-14 10:15:05,Web,Delivered
ORD000007262,2693,2693,2023-12-04 02:46:00,Web,Delivered
ORD000007263,2033,2033,2024-04-27 13:08:24,App,Delivered
ORD000007264,5873,5873,2022-03-25 07:45:04,App,Delivered
ORD000007265,1355,1355,2023-01-14 04:12:37,App,Placed
ORD000007266,4735,4735,2025-03-10 01:12:47,Web,Returned
ORD000007267,2753,2753,2024-06-14 07:53:29,App,Delivered
ORD000007268,1293,1293,2023-11-02 04:31:41,App,Delivered
ORD000007269,3736,3736,2024-04-05 02:53:00,App,Delivered
ORD000007270,4253,4253,2023-09-14 00:20:53,Web,Cancelled
ORD000007271,3740,3740,2024-12-19 14:35:57,Web,Delivered
ORD000007272,4710,4710,2022-06-12 22:40:22,App,Placed
ORD000007273,2477,2477,2023-11-03 09:47:34,App,Delivered
ORD000007274,1909,1909,2021-10-02 12:07:45,Web,Placed
ORD000007275,5078,5078,2025-04-30 10:15:24,Web,Shipped
ORD000007276,2900,2900,2022-05-29 10:05:15,App,Placed
ORD000007277,1276,1276,2022-05-08 19:08:47,Web,Delivered
ORD000007278,4363,4363,2025-10-27 10:24:11,Web,Placed
ORD000007279,59,59,2021-10-15 13:44:58,Web,Returned
ORD000007280,3924,3924,2026-01-10 20:32:42,Web,Delivered
ORD000007281,617,617,2021-11-16 21:03:08,Web,Delivered
ORD000007282,5901,5901,2023-05-21 08:40:21,Store,Delivered
ORD000007283,5679,5679,2025-05-18 18:21:44,Web,Delivered
ORD000007284,3672,3672,2025-01-28 06:29:41,Web,Delivered
ORD000007285,2219,2219,2022-10-08 20:29:41,App,Delivered
ORD000007286,5784,5784,2022-11-30 11:01:08,App,Delivered
ORD000007287,1712,1712,2022-11-04 10:41:06,App,Placed
ORD000007288,1343,1343,2022-06-12 11:22:32,App,Placed
ORD000007289,4753,4753,2022-09-28 14:09:01,Web,Delivered
ORD000007290,4933,4933,2022-08-15 06:03:58,App,Shipped
ORD000007291,1024,1024,2025-04-18 12:31:06,App,Returned
ORD000007292,734,734,2025-02-10 04:19:45,App,Placed
ORD000007293,398,398,2022-09-06 09:27:54,Web,Delivered
ORD000007294,3087,3087,2025-12-12 20:30:14,Web,Placed
ORD000007295,969,969,2022-09-09 12:28:41,Web,Delivered
ORD000007296,462,462,2023-11-08 07:23:13,App,Delivered
ORD000007297,138,138,2023-11-27 17:50:12,Web,Delivered
ORD000007298,762,762,2025-01-22 02:18:44,App,Delivered
ORD000007299,2198,2198,2024-07-24 07:51:22,App,Placed
ORD000007300,863,863,2025-08-28 19:17:20,App,Delivered
ORD000007301,4877,4877,2024-06-18 20:43:40,Web,Returned
ORD000007302,593,593,2022-06-19 09:05:06,Web,Shipped
ORD000007303,5697,5697,2023-02-16 13:15:05,App,Placed
ORD000007304,2348,2348,2025-11-09 03:34:39,Web,Delivered
ORD000007305,1447,1447,2022-02-06 22:22:35,Web,Delivered
ORD000007306,1443,1443,2022-02-11 05:23:52,Web,Delivered
ORD000007307,2807,2807,2022-03-14 00:42:32,App,Delivered
ORD000007308,3326,3326,2023-04-17 23:26:05,App,Delivered
ORD000007309,3757,3757,2024-09-10 04:54:03,App,Delivered
ORD000007310,1337,1337,2023-02-18 20:53:45,App,Delivered
ORD000007311,5398,5398,2025-10-01 11:57:44,App,Placed
ORD000007312,802,802,2024-12-27 09:06:55,App,Delivered
ORD000007313,2358,2358,2022-11-20 11:29:20,App,Delivered
ORD000007314,3258,3258,2025-02-22 14:11:55,App,Placed
ORD000007315,3940,3940,2025-10-31 07:04:35,Web,Returned
ORD000007316,4080,4080,2025-12-11 12:43:12,Web,Delivered
ORD000007317,3296,3296,2024-12-04 15:17:12,App,Returned
ORD000007318,4670,4670,2023-05-27 08:41:56,Web,Delivered
ORD000007319,596,596,2022-04-19 05:25:10,App,Returned
ORD000007320,2048,2048,2024-04-09 10:17:01,Web,Delivered
ORD000007321,27,27,2022-09-16 16:37:39,Web,Delivered
ORD000007322,2429,2429,2025-02-16 20:34:48,Web,Delivered
ORD000007323,5440,5440,2021-07-09 10:30:51,Web,Returned
ORD000007324,131,131,2023-04-19 20:37:50,Web,Delivered
ORD000007325,3068,3068,2025-10-18 12:26:20,App,Delivered
ORD000007326,5643,5643,2021-05-24 10:21:03,App,Delivered
ORD000007327,3352,3352,2023-01-05 05:00:14,Web,Shipped
ORD000007328,2333,2333,2025-08-28 19:07:08,App,Delivered
ORD000007329,5317,5317,2022-06-14 00:25:49,Web,Delivered
ORD000007330,737,737,2024-04-06 23:36:43,Web,Placed
ORD000007331,3848,3848,2021-07-16 03:10:49,Web,Delivered
ORD000007332,1299,1299,2025-03-26 12:05:19,Web,Delivered
ORD000007333,1092,1092,2023-12-05 10:47:19,App,Returned
ORD000007334,233,233,2025-10-12 06:47:12,App,Delivered
ORD000007335,222,222,2022-01-26 12:44:07,App,Delivered
ORD000007336,453,453,2021-09-05 12:46:28,App,Delivered
ORD000007337,5756,5756,2025-04-04 01:17:16,App,Delivered
ORD000007338,4400,4400,2022-01-13 01:48:35,Web,Delivered
ORD000007339,936,936,2021-11-05 15:39:21,App,Placed
ORD000007340,5734,5734,2024-04-28 23:36:34,App,Delivered
ORD000007341,1344,1344,2025-10-15 14:27:53,App,Cancelled
ORD000007342,2312,2312,2025-12-14 10:38:20,Web,Delivered
ORD000007343,365,365,2024-12-19 00:28:49,App,Delivered
ORD000007344,5509,5509,2021-12-06 08:26:26,App,Returned
ORD000007345,2790,2790,2024-11-13 20:52:20,App,Delivered
ORD000007346,1251,1251,2025-09-30 15:47:50,App,Placed
ORD000007347,456,456,2024-12-26 07:43:00,App,Placed
ORD000007348,1764,1764,2025-01-05 12:15:29,Web,Delivered
ORD000007349,3893,3893,2022-05-22 15:41:43,App,Placed
ORD000007350,5425,5425,2025-09-07 23:12:26,App,Returned
ORD000007351,4424,4424,2023-04-10 20:57:23,App,Shipped
ORD000007352,3733,3733,2022-02-06 15:35:59,Web,Delivered
ORD000007353,819,819,2023-11-16 10:34:22,App,Cancelled
ORD000007354,4093,4093,2022-05-25 08:35:13,Web,Delivered
ORD000007355,1966,1966,2022-09-21 05:45:17,App,Delivered
ORD000007356,3392,3392,2021-10-22 21:01:29,Web,Returned
ORD000007357,736,736,2022-06-28 13:11:21,App,Returned
ORD000007358,3607,3607,2025-04-24 18:02:38,Web,Returned
ORD000007359,1468,1468,2024-03-02 01:29:31,App,Delivered
ORD000007360,3515,3515,2023-02-28 17:32:21,App,Placed
ORD000007361,3776,3776,2022-02-03 18:41:34,App,Placed
ORD000007362,4662,4662,2024-06-06 09:34:45,App,Shipped
ORD000007363,5724,5724,2022-09-27 03:36:11,App,Delivered
ORD000007364,820,820,2022-03-18 14:17:59,App,Delivered
ORD000007365,1715,1715,2025-06-23 04:55:26,App,Placed
ORD000007366,516,516,2026-01-23 22:40:59,App,Returned
ORD000007367,5221,5221,2021-06-10 19:36:30,Web,Delivered
ORD000007368,1429,1429,2024-05-21 07:23:52,App,Delivered
ORD000007369,5250,5250,2025-09-12 06:21:39,App,Returned
ORD000007370,3591,3591,2023-08-26 13:25:34,App,Delivered
ORD000007371,844,844,2022-01-04 21:12:54,App,Shipped
ORD000007372,4131,4131,2024-08-11 04:41:15,Web,Delivered
ORD000007373,5864,5864,2022-06-19 07:20:41,App,Delivered
ORD000007374,3474,3474,2021-06-22 04:05:47,App,Delivered
ORD000007375,3136,3136,2025-03-05 17:43:19,Web,Delivered
ORD000007376,5879,5879,2025-11-09 06:26:11,Web,Returned
ORD000007377,2616,2616,2025-03-25 06:01:22,App,Returned
ORD000007378,4325,4325,2025-09-12 12:33:18,App,Delivered
ORD000007379,5072,5072,2021-12-09 07:40:13,App,Delivered
ORD000007380,5943,5943,2022-12-03 04:42:35,App,Delivered
ORD000007381,3980,3980,2022-01-21 19:45:42,App,Shipped
ORD000007382,1277,1277,2023-06-24 02:29:48,App,Delivered
ORD000007383,1512,1512,2024-02-26 20:28:05,App,Returned
ORD000007384,4901,4901,2024-08-19 20:55:20,Web,Delivered
ORD000007385,4660,4660,2023-10-17 21:48:45,App,Delivered
ORD000007386,2963,2963,2024-02-22 12:40:26,Store,Delivered
ORD000007387,895,895,2026-01-17 18:47:11,Web,Delivered
ORD000007388,854,854,2023-07-02 02:01:18,App,Delivered
ORD000007389,4436,4436,2025-01-14 15:47:46,App,Delivered
ORD000007390,2411,2411,2025-01-17 02:40:45,Web,Returned
ORD000007391,180,180,2023-05-02 15:58:24,App,Delivered
ORD000007392,589,589,2022-12-12 08:52:39,Web,Delivered
ORD000007393,2046,2046,2025-02-21 19:45:28,Web,Delivered
ORD000007394,5855,5855,2024-09-30 15:20:15,App,Delivered
ORD000007395,3226,3226,2025-01-30 18:32:58,Web,Delivered
ORD000007396,2400,2400,2021-11-18 12:22:21,App,Delivered
ORD000007397,5713,5713,2023-11-10 09:31:29,App,Delivered
ORD000007398,3037,3037,2022-06-09 05:27:33,App,Delivered
ORD000007399,565,565,2025-02-23 01:31:38,App,Delivered
ORD000007400,4765,4765,2022-12-28 17:00:46,App,Shipped
ORD000007401,4054,4054,2021-05-23 04:08:52,Web,Shipped
ORD000007402,4465,4465,2022-03-18 10:04:24,App,Delivered
ORD000007403,2707,2707,2024-08-27 03:13:37,Store,Delivered
ORD000007404,4790,4790,2025-10-23 08:45:26,Web,Shipped
ORD000007405,5198,5198,2023-08-23 09:08:38,App,Delivered
ORD000007406,3967,3967,2022-02-06 16:06:36,App,Delivered
ORD000007407,5239,5239,2023-06-29 05:28:09,App,Shipped
ORD000007408,4455,4455,2022-12-14 22:06:19,Web,Delivered
ORD000007409,3927,3927,2025-11-29 14:12:27,Web,Delivered
ORD000007410,1641,1641,2021-10-24 13:50:39,Web,Delivered
ORD000007411,5634,5634,2021-03-30 01:29:12,Web,Shipped
ORD000007412,1651,1651,2023-12-02 20:56:09,Web,Returned
ORD000007413,503,503,2021-04-10 10:15:08,App,Placed
ORD000007414,2406,2406,2025-11-25 09:14:47,App,Shipped
ORD000007415,62,62,2024-07-29 11:40:09,App,Delivered
ORD000007416,5217,5217,2022-07-27 16:39:01,App,Delivered
ORD000007417,3450,3450,2024-07-15 16:12:11,App,Delivered
ORD000007418,5767,5767,2025-06-27 16:05:54,App,Delivered
ORD000007419,5616,5616,2025-06-30 20:49:47,App,Placed
ORD000007420,5730,5730,2024-11-09 06:08:42,App,Delivered
ORD000007421,4548,4548,2022-03-01 09:24:53,App,Delivered
ORD000007422,3287,3287,2021-02-19 12:39:29,Web,Delivered
ORD000007423,1693,1693,2023-03-05 23:19:04,Store,Delivered
ORD000007424,357,357,2022-12-14 04:23:59,App,Placed
ORD000007425,5142,5142,2023-03-09 20:44:47,App,Returned
ORD000007426,596,596,2021-10-24 19:56:59,App,Delivered
ORD000007427,1625,1625,2024-12-10 21:14:50,App,Placed
ORD000007428,1130,1130,2024-03-04 01:02:52,App,Cancelled
ORD000007429,2442,2442,2025-01-12 04:14:46,App,Placed
ORD000007430,4967,4967,2025-07-11 19:34:27,App,Delivered
ORD000007431,2031,2031,2023-03-29 07:51:55,App,Delivered
ORD000007432,3173,3173,2022-03-13 07:55:22,App,Returned
ORD000007433,1832,1832,2022-02-01 01:30:53,Web,Shipped
ORD000007434,3954,3954,2024-04-09 16:58:33,Web,Delivered
ORD000007435,3302,3302,2024-12-31 02:59:08,App,Delivered
ORD000007436,2571,2571,2023-12-21 23:44:43,Web,Placed
ORD000007437,93,93,2021-08-07 23:09:07,Web,Delivered
ORD000007438,4900,4900,2024-06-19 00:21:09,App,Delivered
ORD000007439,2201,2201,2024-12-21 15:17:45,Web,Delivered
ORD000007440,4450,4450,2025-11-25 11:19:28,Web,Delivered
ORD000007441,879,879,2023-02-24 03:02:48,Web,Placed
ORD000007442,4704,4704,2025-08-13 06:06:24,App,Shipped
ORD000007443,1897,1897,2021-07-01 10:05:10,Web,Shipped
ORD000007444,983,983,2023-04-26 01:27:23,App,Delivered
ORD000007445,2965,2965,2021-10-24 15:57:31,App,Shipped
ORD000007446,2963,2963,2025-04-12 01:34:06,Web,Returned
ORD000007447,1111,1111,2022-08-24 20:30:56,Web,Delivered
ORD000007448,383,383,2023-12-24 02:14:56,App,Delivered
ORD000007449,5715,5715,2022-08-15 20:19:03,Web,Shipped
ORD000007450,3811,3811,2021-07-15 17:41:09,App,Delivered
ORD000007451,1548,1548,2021-09-04 20:09:38,Web,Placed
ORD000007452,2919,2919,2022-08-31 08:29:47,Web,Delivered
ORD000007453,5125,5125,2023-10-21 16:36:06,Web,Delivered
ORD000007454,5196,5196,2021-06-11 11:05:41,App,Delivered
ORD000007455,2459,2459,2025-04-06 04:11:19,App,Delivered
ORD000007456,3444,3444,2022-04-09 19:43:42,App,Delivered
ORD000007457,1107,1107,2023-02-03 23:04:48,App,Placed
ORD000007458,5037,5037,2023-06-28 07:26:23,App,Placed
ORD000007459,431,431,2024-08-11 01:56:44,App,Delivered
ORD000007460,3544,3544,2022-07-11 20:11:20,Web,Shipped
ORD000007461,3434,3434,2022-02-10 18:25:19,Web,Delivered
ORD000007462,2460,2460,2022-01-11 06:03:05,App,Delivered
ORD000007463,2083,2083,2022-04-23 02:57:01,App,Delivered
ORD000007464,5362,5362,2022-03-15 01:32:16,App,Delivered
ORD000007465,3728,3728,2024-05-30 23:58:32,App,Delivered
ORD000007466,5004,5004,2021-03-24 19:27:12,Web,Delivered
ORD000007467,2123,2123,2023-03-10 12:23:22,Web,Returned
ORD000007468,2859,2859,2025-11-07 11:24:01,Web,Delivered
ORD000007469,284,284,2025-11-07 00:13:08,Web,Delivered
ORD000007470,727,727,2024-10-30 06:12:06,Web,Delivered
ORD000007471,1782,1782,2024-09-01 10:26:05,Web,Placed
ORD000007472,337,337,2023-01-06 10:02:14,App,Returned
ORD000007473,3603,3603,2024-08-16 10:43:50,Web,Returned
ORD000007474,586,586,2024-05-22 13:03:23,App,Placed
ORD000007475,1915,1915,2021-07-01 08:04:11,Web,Cancelled
ORD000007476,567,567,2022-07-25 23:20:26,Web,Shipped
ORD000007477,5796,5796,2021-12-11 03:38:45,App,Delivered
ORD000007478,2366,2366,2022-11-30 14:45:58,Web,Delivered
ORD000007479,4971,4971,2023-03-01 14:48:24,App,Delivered
ORD000007480,1652,1652,2023-03-20 09:09:09,App,Delivered
ORD000007481,1321,1321,2023-05-03 07:37:31,App,Returned
ORD000007482,1791,1791,2022-12-17 07:11:12,App,Delivered
ORD000007483,5462,5462,2021-05-07 01:35:55,App,Delivered
ORD000007484,2882,2882,2022-09-30 09:41:40,Web,Placed
ORD000007485,955,955,2023-08-10 05:29:25,App,Cancelled
ORD000007486,5985,5985,2022-01-24 08:37:26,App,Delivered
ORD000007487,5544,5544,2023-02-10 22:37:31,Web,Delivered
ORD000007488,2067,2067,2022-06-09 05:42:43,Web,Delivered
ORD000007489,5943,5943,2026-01-01 12:34:10,Web,Placed
ORD000007490,3952,3952,2024-06-29 21:14:32,App,Delivered
ORD000007491,2862,2862,2024-04-04 15:51:20,App,Delivered
ORD000007492,2238,2238,2021-11-25 04:23:06,App,Cancelled
ORD000007493,5401,5401,2024-04-27 01:51:39,Web,Delivered
ORD000007494,63,63,2022-12-08 07:11:57,Web,Delivered
ORD000007495,1014,1014,2024-12-18 01:16:34,Web,Placed
ORD000007496,1990,1990,2025-12-27 19:49:16,Web,Delivered
ORD000007497,1903,1903,2025-11-21 05:49:17,Web,Returned
ORD000007498,1805,1805,2021-10-08 14:23:08,App,Returned
ORD000007499,3326,3326,2024-02-22 10:27:44,App,Returned
ORD000007500,3699,3699,2022-01-16 06:12:53,Web,Delivered
ORD000007501,5974,5974,2023-11-30 20:58:31,App,Delivered
ORD000007502,5892,5892,2024-01-30 01:17:10,Web,Delivered
ORD000007503,1026,1026,2022-10-30 10:20:33,App,Returned
ORD000007504,878,878,2022-12-29 04:42:24,Web,Returned
ORD000007505,3358,3358,2022-03-23 02:18:59,App,Cancelled
ORD000007506,132,132,2022-10-22 19:01:05,Web,Delivered
ORD000007507,5168,5168,2022-09-24 21:42:53,App,Returned
ORD000007508,2653,2653,2023-04-26 09:34:06,App,Returned
ORD000007509,993,993,2025-07-12 17:57:49,App,Delivered
ORD000007510,5773,5773,2024-03-11 13:36:24,Web,Delivered
ORD000007511,1071,1071,2022-08-28 07:10:59,App,Shipped
ORD000007512,1760,1760,2022-06-09 11:49:19,App,Delivered
ORD000007513,2597,2597,2024-04-26 11:00:03,Web,Placed
ORD000007514,3100,3100,2025-09-27 07:37:29,App,Delivered
ORD000007515,5531,5531,2022-06-25 21:03:06,Web,Placed
ORD000007516,2950,2950,2023-10-03 00:53:43,Web,Delivered
ORD000007517,5342,5342,2022-10-11 17:13:17,App,Delivered
ORD000007518,5496,5496,2022-10-02 13:07:39,App,Placed
ORD000007519,5129,5129,2023-07-20 04:29:29,App,Placed
ORD000007520,902,902,2022-11-09 02:45:58,Store,Delivered
ORD000007521,3485,3485,2023-05-03 00:22:59,Store,Cancelled
ORD000007522,5591,5591,2024-05-08 12:48:11,App,Delivered
ORD000007523,4438,4438,2022-06-11 01:48:46,App,Shipped
ORD000007524,66,66,2025-11-04 19:47:27,Web,Delivered
ORD000007525,4703,4703,2022-10-26 04:40:55,Web,Delivered
ORD000007526,3765,3765,2025-02-07 05:20:02,App,Placed
ORD000007527,3142,3142,2022-05-08 00:00:00,App,Placed
ORD000007528,2794,2794,2021-10-12 11:38:39,Store,Delivered
ORD000007529,3333,3333,2023-09-07 20:16:43,App,Delivered
ORD000007530,2580,2580,2024-05-09 23:09:50,Web,Delivered
ORD000007531,1420,1420,2025-11-21 15:08:34,App,Delivered
ORD000007532,5478,5478,2021-09-23 00:14:08,Web,Shipped
ORD000007533,4454,4454,2022-06-18 13:12:08,Web,Delivered
ORD000007534,1416,1416,2022-06-07 21:52:20,App,Delivered
ORD000007535,376,376,2021-11-13 15:42:38,Web,Placed
ORD000007536,5306,5306,2022-09-26 14:22:57,App,Shipped
ORD000007537,5425,5425,2024-05-17 20:59:45,Web,Delivered
ORD000007538,178,178,2024-01-26 03:49:17,App,Returned
ORD000007539,235,235,2025-03-31 20:13:12,App,Placed
ORD000007540,2913,2913,2021-03-08 00:07:55,App,Delivered
ORD000007541,762,762,2025-01-10 10:51:27,App,Delivered
ORD000007542,3879,3879,2024-08-08 09:14:24,Web,Delivered
ORD000007543,5407,5407,2025-05-23 02:44:41,App,Delivered
ORD000007544,1283,1283,2021-04-03 19:26:26,Web,Delivered
ORD000007545,1264,1264,2022-03-03 03:22:36,App,Placed
ORD000007546,3575,3575,2025-10-15 00:51:05,App,Delivered
ORD000007547,5704,5704,2023-10-11 14:45:14,App,Delivered
ORD000007548,3614,3614,2022-08-28 00:22:41,Web,Delivered
ORD000007549,4447,4447,2021-03-05 01:43:04,Web,Shipped
ORD000007550,4637,4637,2023-01-31 12:55:23,App,Delivered
ORD000007551,3384,3384,2025-02-13 19:16:59,Web,Returned
ORD000007552,3010,3010,2026-01-27 00:52:48,App,Delivered
ORD000007553,1623,1623,2025-06-21 05:21:30,App,Delivered
ORD000007554,2879,2879,2022-01-08 02:43:20,Web,Delivered
ORD000007555,30,30,2024-11-15 08:17:16,App,Delivered
ORD000007556,309,309,2021-10-15 17:30:05,App,Placed
ORD000007557,1510,1510,2022-05-22 22:07:48,App,Delivered
ORD000007558,2094,2094,2021-04-12 23:47:07,Web,Delivered
ORD000007559,3431,3431,2022-08-14 14:33:22,App,Delivered
ORD000007560,137,137,2025-02-25 11:42:17,Web,Delivered
ORD000007561,775,775,2023-09-28 20:19:06,App,Delivered
ORD000007562,1599,1599,2022-07-17 10:33:17,App,Delivered
ORD000007563,1455,1455,2024-05-16 07:29:30,App,Delivered
ORD000007564,2604,2604,2023-06-15 18:22:06,App,Delivered
ORD000007565,2481,2481,2024-03-23 00:49:06,App,Shipped
ORD000007566,847,847,2022-03-05 17:51:36,Web,Delivered
ORD000007567,207,207,2023-12-02 02:10:08,Web,Shipped
ORD000007568,2494,2494,2023-09-02 15:50:24,Web,Delivered
ORD000007569,3131,3131,2022-06-26 20:54:10,App,Shipped
ORD000007570,1230,1230,2022-10-31 03:47:17,Store,Delivered
ORD000007571,4692,4692,2025-01-22 09:02:41,App,Delivered
ORD000007572,2797,2797,2023-03-21 02:48:13,Web,Delivered
ORD000007573,3230,3230,2024-05-30 09:18:07,Web,Returned
ORD000007574,1128,1128,2025-05-14 02:18:08,App,Delivered
ORD000007575,4948,4948,2025-10-03 02:24:23,Store,Shipped
ORD000007576,4651,4651,2022-03-25 16:22:18,Web,Delivered
ORD000007577,1203,1203,2025-09-27 16:50:39,App,Returned
ORD000007578,2406,2406,2025-04-10 19:30:17,Web,Delivered
ORD000007579,1288,1288,2021-12-28 11:16:40,App,Returned
ORD000007580,4851,4851,2023-01-24 08:19:21,App,Shipped
ORD000007581,549,549,2021-03-07 05:07:12,App,Placed
ORD000007582,3946,3946,2023-02-22 12:32:34,App,Delivered
ORD000007583,5473,5473,2023-11-14 01:35:43,Web,Delivered
ORD000007584,3930,3930,2025-11-19 17:06:45,App,Delivered
ORD000007585,1388,1388,2024-08-27 16:18:27,App,Delivered
ORD000007586,1274,1274,2024-01-11 07:40:52,App,Delivered
ORD000007587,5240,5240,2021-09-21 11:15:51,App,Delivered
ORD000007588,3264,3264,2022-03-17 05:36:31,App,Delivered
ORD000007589,807,807,2022-05-25 17:52:44,App,Delivered
ORD000007590,1928,1928,2024-10-06 15:21:29,Web,Delivered
ORD000007591,3134,3134,2024-04-06 06:00:19,App,Delivered
ORD000007592,5330,5330,2023-03-20 03:38:32,Web,Placed
ORD000007593,3982,3982,2021-07-08 05:02:55,Web,Delivered
ORD000007594,2100,2100,2025-12-27 19:10:36,App,Delivered
ORD000007595,1746,1746,2021-12-12 08:05:15,App,Delivered
ORD000007596,4409,4409,2025-10-05 19:32:46,App,Returned
ORD000007597,3989,3989,2021-12-13 05:33:34,Store,Returned
ORD000007598,5399,5399,2021-05-22 15:42:42,Web,Returned
ORD000007599,4484,4484,2021-11-26 00:40:57,Web,Shipped
ORD000007600,1226,1226,2022-11-19 06:58:16,Web,Shipped
ORD000007601,5972,5972,2023-12-25 01:14:05,Web,Cancelled
ORD000007602,2067,2067,2022-06-13 07:49:58,Web,Delivered
ORD000007603,95,95,2023-11-23 08:24:35,Web,Delivered
ORD000007604,130,130,2024-02-06 05:50:12,App,Delivered
ORD000007605,3269,3269,2022-05-09 03:49:58,App,Delivered
ORD000007606,1954,1954,2021-06-08 13:23:22,App,Delivered
ORD000007607,2308,2308,2024-09-08 01:50:39,App,Cancelled
ORD000007608,987,987,2024-08-19 02:11:33,Web,Returned
ORD000007609,3111,3111,2021-03-27 13:04:48,Web,Delivered
ORD000007610,3573,3573,2021-04-16 17:32:39,Web,Placed
ORD000007611,817,817,2022-09-09 12:19:04,App,Placed
ORD000007612,2601,2601,2024-08-02 08:28:42,Web,Delivered
ORD000007613,2170,2170,2025-11-14 22:43:11,Web,Delivered
ORD000007614,1780,1780,2022-02-02 17:03:32,Store,Delivered
ORD000007615,757,757,2022-01-17 09:14:46,App,Placed
ORD000007616,1168,1168,2025-02-10 08:28:25,Web,Returned
ORD000007617,2595,2595,2024-12-14 20:50:20,App,Delivered
ORD000007618,5331,5331,2023-06-17 10:39:15,Web,Delivered
ORD000007619,3105,3105,2023-10-20 00:03:49,Web,Shipped
ORD000007620,406,406,2023-10-03 19:33:53,Web,Returned
ORD000007621,1853,1853,2021-06-24 12:53:55,Web,Delivered
ORD000007622,2412,2412,2022-08-12 02:02:32,App,Placed
ORD000007623,3028,3028,2023-06-05 04:23:24,App,Delivered
ORD000007624,4088,4088,2021-03-01 19:00:40,Web,Delivered
ORD000007625,163,163,2022-08-10 06:26:21,App,Delivered
ORD000007626,2812,2812,2024-02-17 08:13:55,Web,Delivered
ORD000007627,4647,4647,2024-01-09 11:00:53,App,Placed
ORD000007628,131,131,2021-07-21 04:06:30,Web,Delivered
ORD000007629,3168,3168,2021-09-25 08:17:16,Web,Delivered
ORD000007630,2701,2701,2024-07-09 23:52:48,Web,Delivered
ORD000007631,3056,3056,2024-01-30 20:42:58,Web,Delivered
ORD000007632,2318,2318,2023-12-23 16:07:53,App,Placed
ORD000007633,5801,5801,2022-09-30 09:01:39,Web,Returned
ORD000007634,2952,2952,2024-11-22 02:09:48,App,Delivered
ORD000007635,4883,4883,2021-06-26 16:27:40,App,Shipped
ORD000007636,2413,2413,2021-07-18 12:59:52,Web,Placed
ORD000007637,1934,1934,2024-09-26 11:09:53,Web,Delivered
ORD000007638,3506,3506,2026-01-11 02:47:25,App,Delivered
ORD000007639,2659,2659,2025-12-22 14:43:31,Web,Placed
ORD000007640,3133,3133,2023-11-14 09:41:42,App,Delivered
ORD000007641,2980,2980,2024-11-16 16:26:57,App,Delivered
ORD000007642,1347,1347,2021-06-23 19:25:12,App,Delivered
ORD000007643,3801,3801,2025-08-01 19:45:01,App,Shipped
ORD000007644,2637,2637,2021-09-19 09:16:42,App,Shipped
ORD000007645,45,45,2025-09-23 18:32:26,App,Shipped
ORD000007646,347,347,2023-07-14 02:12:43,App,Cancelled
ORD000007647,4810,4810,2023-11-05 21:19:07,Web,Delivered
ORD000007648,3794,3794,2021-10-13 18:45:16,App,Delivered
ORD000007649,4743,4743,2021-04-09 18:47:21,Web,Delivered
ORD000007650,2417,2417,2025-11-10 17:51:39,App,Delivered
ORD000007651,4454,4454,2024-09-11 02:37:06,App,Delivered
ORD000007652,2543,2543,2022-12-02 07:32:11,App,Shipped
ORD000007653,5001,5001,2023-02-02 21:26:46,Web,Delivered
ORD000007654,60,60,2021-03-14 14:59:25,Web,Placed
ORD000007655,2346,2346,2025-12-27 04:01:03,App,Shipped
ORD000007656,4327,4327,2022-01-06 06:55:56,Store,Returned
ORD000007657,2845,2845,2024-01-03 08:57:52,App,Placed
ORD000007658,3767,3767,2021-05-16 14:38:12,App,Delivered
ORD000007659,448,448,2022-04-23 17:59:46,App,Placed
ORD000007660,2416,2416,2024-09-25 19:01:51,Web,Delivered
ORD000007661,4079,4079,2023-06-26 23:57:09,App,Delivered
ORD000007662,4650,4650,2023-07-27 02:03:17,Web,Delivered
ORD000007663,5149,5149,2025-12-27 10:55:59,Web,Placed
ORD000007664,3036,3036,2022-09-12 15:41:23,App,Delivered
ORD000007665,2325,2325,2022-11-23 23:33:38,App,Delivered
ORD000007666,5499,5499,2021-12-24 15:56:26,Web,Delivered
ORD000007667,4927,4927,2021-12-08 22:52:09,Web,Delivered
ORD000007668,4058,4058,2024-12-27 00:51:18,App,Returned
ORD000007669,38,38,2022-12-31 22:28:51,App,Delivered
ORD000007670,1231,1231,2023-01-31 00:19:48,Web,Delivered
ORD000007671,5826,5826,2025-03-16 10:51:41,App,Delivered
ORD000007672,289,289,2023-06-10 09:07:33,App,Delivered
ORD000007673,5613,5613,2021-03-03 15:29:12,App,Delivered
ORD000007674,5345,5345,2024-07-20 18:16:10,App,Shipped
ORD000007675,4798,4798,2025-08-13 08:37:48,App,Returned
ORD000007676,2382,2382,2023-01-20 02:02:39,App,Delivered
ORD000007677,5493,5493,2022-04-26 22:52:00,App,Delivered
ORD000007678,5947,5947,2023-02-28 09:28:44,App,Delivered
ORD000007679,204,204,2024-12-17 20:56:22,App,Delivered
ORD000007680,5235,5235,2024-02-17 08:35:28,App,Delivered
ORD000007681,1044,1044,2025-10-05 11:42:45,App,Delivered
ORD000007682,5104,5104,2025-08-08 07:27:53,Web,Delivered
ORD000007683,1621,1621,2021-08-09 12:46:01,App,Shipped
ORD000007684,2960,2960,2025-05-16 19:10:16,Web,Delivered
ORD000007685,2444,2444,2023-06-23 10:17:35,Web,Delivered
ORD000007686,3837,3837,2023-09-29 21:04:43,App,Delivered
ORD000007687,3124,3124,2024-05-14 21:19:10,App,Delivered
ORD000007688,3732,3732,2023-10-10 01:13:30,App,Placed
ORD000007689,3258,3258,2025-05-02 14:45:46,App,Placed
ORD000007690,3757,3757,2022-05-07 16:37:13,App,Delivered
ORD000007691,4449,4449,2025-03-26 03:15:08,Web,Delivered
ORD000007692,1138,1138,2023-06-12 23:35:06,App,Delivered
ORD000007693,2562,2562,2023-03-17 06:50:55,App,Placed
ORD000007694,546,546,2021-05-19 20:47:18,Web,Returned
ORD000007695,4378,4378,2022-08-14 10:33:40,Web,Delivered
ORD000007696,673,673,2023-10-21 05:44:06,Web,Delivered
ORD000007697,760,760,2024-07-06 05:10:07,Web,Delivered
ORD000007698,1345,1345,2025-01-18 03:24:13,App,Placed
ORD000007699,520,520,2024-09-21 18:07:11,App,Delivered
ORD000007700,4206,4206,2025-07-24 05:30:59,App,Delivered
ORD000007701,3616,3616,2025-08-07 10:54:20,Web,Delivered
ORD000007702,5049,5049,2024-12-01 15:17:38,Web,Placed
ORD000007703,4776,4776,2024-10-16 19:27:55,App,Delivered
ORD000007704,1602,1602,2022-08-08 01:06:33,App,Delivered
ORD000007705,3615,3615,2021-07-22 12:04:30,App,Delivered
ORD000007706,5055,5055,2025-04-20 02:57:28,App,Placed
ORD000007707,1823,1823,2024-11-13 13:13:30,App,Delivered
ORD000007708,2025,2025,2024-04-16 17:30:59,Web,Delivered
ORD000007709,1185,1185,2022-07-12 12:05:40,Web,Delivered
ORD000007710,3774,3774,2025-10-10 12:05:54,App,Delivered
ORD000007711,380,380,2024-04-20 12:48:43,App,Delivered
ORD000007712,2128,2128,2023-05-17 13:32:53,App,Shipped
ORD000007713,1295,1295,2023-11-06 01:03:47,App,Placed
ORD000007714,616,616,2024-05-28 19:46:30,App,Delivered
ORD000007715,436,436,2026-01-25 19:05:53,Web,Cancelled
ORD000007716,5018,5018,2024-08-19 14:42:53,App,Placed
ORD000007717,3150,3150,2024-10-27 18:35:15,App,Returned
ORD000007718,1548,1548,2024-02-10 10:33:19,App,Returned
ORD000007719,4891,4891,2024-10-28 13:48:19,App,Delivered
ORD000007720,1135,1135,2021-10-11 10:10:35,Store,Returned
ORD000007721,452,452,2023-05-26 17:30:39,Web,Delivered
ORD000007722,4356,4356,2025-02-19 20:44:41,App,Delivered
ORD000007723,5304,5304,2021-12-08 11:41:02,App,Delivered
ORD000007724,2706,2706,2024-11-16 20:38:03,App,Cancelled
ORD000007725,712,712,2023-09-17 09:50:53,App,Returned
ORD000007726,5820,5820,2022-08-25 16:06:25,App,Delivered
ORD000007727,3690,3690,2025-01-20 03:47:20,App,Shipped
ORD000007728,1979,1979,2026-01-15 03:21:06,App,Delivered
ORD000007729,5506,5506,2021-08-03 22:09:49,Web,Delivered
ORD000007730,3961,3961,2024-05-11 19:15:07,Web,Delivered
ORD000007731,3798,3798,2023-03-21 10:43:10,Store,Delivered
ORD000007732,2700,2700,2024-01-01 08:54:51,App,Placed
ORD000007733,167,167,2025-03-18 09:23:08,App,Cancelled
ORD000007734,4589,4589,2022-02-22 13:48:40,App,Returned
ORD000007735,2120,2120,2025-11-24 05:55:57,Web,Shipped
ORD000007736,2547,2547,2022-10-30 04:28:53,Web,Delivered
ORD000007737,5458,5458,2021-06-11 12:31:16,App,Delivered
ORD000007738,1109,1109,2022-07-30 07:23:53,App,Returned
ORD000007739,1841,1841,2023-09-30 08:53:51,App,Delivered
ORD000007740,2939,2939,2022-06-14 16:51:17,App,Delivered
ORD000007741,2855,2855,2024-07-25 21:52:38,App,Returned
ORD000007742,3215,3215,2022-09-22 10:17:20,App,Delivered
ORD000007743,891,891,2025-01-13 19:40:39,Web,Delivered
ORD000007744,1335,1335,2024-12-10 11:33:33,Store,Placed
ORD000007745,3441,3441,2023-04-10 04:54:46,Store,Returned
ORD000007746,5827,5827,2021-06-07 03:54:29,Web,Delivered
ORD000007747,1720,1720,2023-11-06 05:49:45,App,Delivered
ORD000007748,2861,2861,2025-03-03 12:21:40,App,Delivered
ORD000007749,971,971,2021-03-31 06:36:24,Web,Delivered
ORD000007750,3513,3513,2025-02-18 07:38:05,Web,Delivered
ORD000007751,67,67,2024-10-28 09:36:52,Web,Placed
ORD000007752,3846,3846,2022-08-22 18:03:03,Web,Delivered
ORD000007753,838,838,2021-07-05 01:26:14,App,Shipped
ORD000007754,927,927,2024-05-15 05:48:51,App,Delivered
ORD000007755,3606,3606,2024-09-25 04:59:56,Store,Placed
ORD000007756,341,341,2022-07-05 08:23:55,Web,Delivered
ORD000007757,3750,3750,2024-02-13 14:44:06,App,Shipped
ORD000007758,102,102,2022-10-04 03:07:42,App,Delivered
ORD000007759,3386,3386,2025-04-24 11:22:38,Web,Delivered
ORD000007760,5048,5048,2023-12-24 08:47:05,App,Delivered
ORD000007761,1134,1134,2024-10-02 05:01:10,App,Cancelled
ORD000007762,5003,5003,2021-06-11 08:32:20,App,Delivered
ORD000007763,5552,5552,2023-03-27 12:19:37,App,Delivered
ORD000007764,2390,2390,2021-04-12 02:07:57,App,Delivered
ORD000007765,828,828,2021-08-23 05:07:14,Web,Shipped
ORD000007766,5299,5299,2023-02-09 09:15:38,Store,Delivered
ORD000007767,2727,2727,2025-06-07 04:28:54,Web,Delivered
ORD000007768,2182,2182,2024-10-14 04:14:18,App,Delivered
ORD000007769,5150,5150,2021-03-24 05:44:29,App,Delivered
ORD000007770,5092,5092,2024-01-23 08:13:29,Web,Delivered
ORD000007771,385,385,2022-03-11 22:27:09,App,Shipped
ORD000007772,598,598,2023-11-20 07:15:19,App,Delivered
ORD000007773,9,9,2022-12-12 02:39:15,App,Delivered
ORD000007774,4232,4232,2021-04-28 18:55:12,App,Delivered
ORD000007775,1314,1314,2021-07-07 19:39:48,Web,Delivered
ORD000007776,5072,5072,2026-02-07 23:37:34,Web,Delivered
ORD000007777,979,979,2025-01-14 00:15:04,Web,Delivered
ORD000007778,5768,5768,2023-12-29 14:36:55,App,Placed
ORD000007779,3724,3724,2025-08-27 11:41:49,Web,Delivered
ORD000007780,2091,2091,2022-10-12 03:56:54,App,Delivered
ORD000007781,3177,3177,2023-08-18 09:08:52,Web,Delivered
ORD000007782,1848,1848,2022-01-17 20:09:07,App,Delivered
ORD000007783,3103,3103,2023-03-11 16:11:34,App,Delivered
ORD000007784,3754,3754,2022-04-04 20:38:26,App,Delivered
ORD000007785,3745,3745,2024-11-22 11:01:27,App,Returned
ORD000007786,1789,1789,2025-03-07 12:02:12,Store,Delivered
ORD000007787,1243,1243,2021-10-17 21:05:20,Web,Delivered
ORD000007788,2008,2008,2025-03-29 05:09:02,Web,Delivered
ORD000007789,113,113,2024-06-13 16:39:26,App,Delivered
ORD000007790,3767,3767,2024-02-05 10:51:06,App,Delivered
ORD000007791,3332,3332,2025-03-30 10:26:47,App,Delivered
ORD000007792,3543,3543,2024-08-08 05:10:51,Web,Shipped
ORD000007793,1364,1364,2025-06-28 20:09:23,App,Delivered
ORD000007794,2920,2920,2025-07-31 08:40:59,App,Placed
ORD000007795,3996,3996,2024-11-24 16:39:21,App,Placed
ORD000007796,2294,2294,2023-11-04 02:01:07,App,Delivered
ORD000007797,3376,3376,2022-07-18 07:14:49,App,Delivered
ORD000007798,3960,3960,2021-09-28 01:43:30,App,Delivered
ORD000007799,5633,5633,2022-08-15 12:18:01,App,Delivered
ORD000007800,3433,3433,2022-09-24 14:21:24,Web,Delivered
ORD000007801,5439,5439,2022-12-19 18:14:35,Web,Shipped
ORD000007802,5609,5609,2024-08-10 07:46:44,Web,Delivered
ORD000007803,5894,5894,2022-09-28 06:26:11,App,Cancelled
ORD000007804,1350,1350,2022-04-05 00:52:45,App,Delivered
ORD000007805,5373,5373,2022-10-10 14:10:45,App,Placed
ORD000007806,308,308,2023-05-30 21:25:46,App,Delivered
ORD000007807,1347,1347,2023-12-19 13:16:37,App,Delivered
ORD000007808,5728,5728,2023-08-28 22:39:17,Web,Delivered
ORD000007809,867,867,2021-10-26 14:51:44,Web,Delivered
ORD000007810,5737,5737,2023-04-09 11:31:59,Web,Shipped
ORD000007811,4807,4807,2024-02-16 23:31:49,App,Delivered
ORD000007812,5411,5411,2021-10-01 14:52:03,App,Delivered
ORD000007813,5725,5725,2021-09-04 02:33:53,Web,Shipped
ORD000007814,1513,1513,2022-11-10 03:45:09,App,Returned
ORD000007815,2284,2284,2023-01-23 15:45:52,App,Delivered
ORD000007816,4025,4025,2021-02-14 14:10:19,App,Delivered
ORD000007817,3779,3779,2025-06-17 00:15:48,App,Delivered
ORD000007818,5376,5376,2022-12-01 17:17:09,App,Delivered
ORD000007819,868,868,2022-06-04 00:29:05,Web,Delivered
ORD000007820,1383,1383,2021-12-30 10:25:13,Web,Shipped
ORD000007821,3615,3615,2026-01-07 23:45:27,App,Delivered
ORD000007822,2073,2073,2021-03-10 17:02:03,Web,Returned
ORD000007823,2863,2863,2022-12-01 05:56:19,Web,Delivered
ORD000007824,984,984,2024-03-09 18:29:17,Store,Delivered
ORD000007825,1025,1025,2026-01-16 06:28:20,Store,Delivered
ORD000007826,2406,2406,2021-10-19 15:31:06,Web,Placed
ORD000007827,118,118,2023-10-04 14:04:52,App,Delivered
ORD000007828,2527,2527,2024-02-18 15:56:09,Web,Delivered
ORD000007829,2161,2161,2023-03-05 02:24:18,App,Delivered
ORD000007830,1219,1219,2023-12-24 05:26:29,App,Delivered
ORD000007831,1044,1044,2022-08-18 16:49:27,App,Delivered
ORD000007832,2506,2506,2024-04-09 05:40:46,App,Delivered
ORD000007833,3815,3815,2022-08-03 13:45:02,Store,Delivered
ORD000007834,3520,3520,2023-06-12 18:29:26,Web,Delivered
ORD000007835,2688,2688,2023-09-10 15:43:05,App,Shipped
ORD000007836,3157,3157,2025-04-14 11:50:51,App,Delivered
ORD000007837,576,576,2025-04-19 11:38:17,App,Shipped
ORD000007838,3346,3346,2021-02-24 07:54:32,Web,Delivered
ORD000007839,2848,2848,2025-01-31 20:37:33,App,Shipped
ORD000007840,403,403,2023-05-06 14:07:26,App,Shipped
ORD000007841,253,253,2023-11-15 13:17:55,App,Shipped
ORD000007842,1630,1630,2023-02-10 03:09:32,Web,Delivered
ORD000007843,2710,2710,2022-08-29 07:19:17,Web,Delivered
ORD000007844,4765,4765,2023-04-18 04:15:30,Web,Returned
ORD000007845,4824,4824,2022-08-30 03:36:31,App,Returned
ORD000007846,3332,3332,2025-12-13 02:24:12,Web,Placed
ORD000007847,5554,5554,2026-02-08 06:48:46,Web,Delivered
ORD000007848,4044,4044,2023-06-13 14:04:34,Web,Delivered
ORD000007849,2660,2660,2022-01-04 03:53:55,Web,Returned
ORD000007850,5242,5242,2024-03-17 02:59:17,App,Returned
ORD000007851,5637,5637,2025-04-06 15:47:08,App,Returned
ORD000007852,979,979,2025-11-04 02:05:02,App,Placed
ORD000007853,3817,3817,2024-11-12 09:55:17,App,Shipped
ORD000007854,2727,2727,2023-02-13 23:56:49,App,Delivered
ORD000007855,569,569,2022-03-30 03:29:39,App,Shipped
ORD000007856,4639,4639,2021-07-11 01:01:37,Web,Cancelled
ORD000007857,4615,4615,2023-05-20 06:45:34,App,Delivered
ORD000007858,4106,4106,2025-08-03 17:03:07,Web,Shipped
ORD000007859,4253,4253,2023-04-18 20:14:31,Web,Delivered
ORD000007860,2773,2773,2021-09-20 03:59:17,App,Delivered
ORD000007861,4237,4237,2025-02-09 08:55:38,App,Delivered
ORD000007862,4055,4055,2021-06-09 05:18:21,Web,Shipped
ORD000007863,2687,2687,2021-06-30 11:32:19,Web,Delivered
ORD000007864,3999,3999,2022-02-01 07:26:44,App,Delivered
ORD000007865,137,137,2023-12-14 14:39:20,Web,Delivered
ORD000007866,4787,4787,2025-11-04 10:48:13,App,Shipped
ORD000007867,5720,5720,2022-01-23 10:07:23,App,Delivered
ORD000007868,1424,1424,2025-03-02 01:20:20,App,Delivered
ORD000007869,1466,1466,2023-06-11 16:45:36,App,Shipped
ORD000007870,3339,3339,2023-07-28 04:32:33,Web,Placed
ORD000007871,4772,4772,2021-08-26 19:08:10,Web,Shipped
ORD000007872,3833,3833,2023-09-10 16:25:37,App,Delivered
ORD000007873,1537,1537,2025-11-09 23:18:05,App,Placed
ORD000007874,2325,2325,2024-02-08 09:06:49,Store,Returned
ORD000007875,3756,3756,2022-05-12 06:01:03,Web,Delivered
ORD000007876,1380,1380,2022-08-08 10:38:13,App,Delivered
ORD000007877,933,933,2025-07-05 13:34:05,Web,Delivered
ORD000007878,3846,3846,2023-06-16 18:30:36,App,Delivered
ORD000007879,1068,1068,2024-10-31 04:14:25,App,Delivered
ORD000007880,2939,2939,2024-08-31 07:51:37,App,Delivered
ORD000007881,211,211,2023-06-24 17:34:56,App,Delivered
ORD000007882,2391,2391,2023-02-18 20:21:20,App,Shipped
ORD000007883,2807,2807,2024-10-27 22:23:19,App,Delivered
ORD000007884,4604,4604,2023-07-29 06:34:06,App,Delivered
ORD000007885,232,232,2023-12-22 02:49:14,App,Delivered
ORD000007886,804,804,2021-12-06 10:10:20,App,Shipped
ORD000007887,1194,1194,2025-10-15 10:07:49,App,Delivered
ORD000007888,3476,3476,2024-05-01 13:43:15,App,Shipped
ORD000007889,234,234,2022-08-16 07:24:53,Web,Shipped
ORD000007890,2568,2568,2024-10-21 11:12:40,App,Delivered
ORD000007891,2148,2148,2024-02-04 14:17:53,App,Delivered
ORD000007892,2356,2356,2023-10-02 13:41:11,Web,Placed
ORD000007893,2851,2851,2023-11-03 20:08:57,App,Delivered
ORD000007894,1724,1724,2023-09-13 07:25:51,App,Delivered
ORD000007895,4483,4483,2023-06-14 23:09:20,App,Shipped
ORD000007896,1147,1147,2024-07-04 14:24:24,Web,Delivered
ORD000007897,132,132,2025-01-30 01:30:27,App,Placed
ORD000007898,2110,2110,2021-07-07 19:25:04,App,Delivered
ORD000007899,832,832,2025-07-24 02:28:02,App,Delivered
ORD000007900,3762,3762,2022-03-31 08:55:30,Web,Delivered
ORD000007901,732,732,2025-10-20 17:30:31,App,Delivered
ORD000007902,403,403,2025-05-05 22:39:30,App,Delivered
ORD000007903,5596,5596,2023-11-13 01:24:10,Web,Returned
ORD000007904,1618,1618,2022-05-20 18:07:56,Web,Shipped
ORD000007905,4110,4110,2022-06-05 14:14:21,Web,Placed
ORD000007906,270,270,2021-05-29 16:11:26,App,Delivered
ORD000007907,5174,5174,2024-02-09 07:40:50,Web,Delivered
ORD000007908,1155,1155,2022-04-08 19:03:48,Web,Returned
ORD000007909,5893,5893,2023-07-22 02:36:54,App,Returned
ORD000007910,5637,5637,2021-10-30 13:59:44,Web,Delivered
ORD000007911,2349,2349,2021-10-24 12:11:08,App,Delivered
ORD000007912,2752,2752,2024-04-28 05:48:28,Web,Returned
ORD000007913,1984,1984,2022-01-15 08:35:09,App,Cancelled
ORD000007914,4523,4523,2022-06-20 03:39:57,App,Delivered
ORD000007915,2164,2164,2023-01-08 09:02:44,Web,Placed
ORD000007916,2284,2284,2025-05-21 15:18:31,App,Delivered
ORD000007917,5683,5683,2023-06-22 23:02:29,App,Delivered
ORD000007918,5449,5449,2026-02-07 23:27:50,Web,Returned
ORD000007919,4164,4164,2021-02-19 07:38:58,App,Delivered
ORD000007920,2791,2791,2023-10-14 18:50:51,App,Returned
ORD000007921,4063,4063,2022-03-06 09:44:20,Web,Placed
ORD000007922,4487,4487,2025-11-02 05:44:31,App,Cancelled
ORD000007923,5212,5212,2023-03-22 07:38:25,App,Delivered
ORD000007924,2152,2152,2022-07-19 09:23:05,App,Shipped
ORD000007925,5546,5546,2021-11-27 22:40:51,App,Delivered
ORD000007926,2662,2662,2023-11-21 00:05:37,Web,Delivered
ORD000007927,773,773,2021-07-03 10:23:50,App,Delivered
ORD000007928,1967,1967,2025-05-30 18:54:50,Web,Delivered
ORD000007929,2352,2352,2023-09-14 07:23:19,App,Shipped
ORD000007930,2427,2427,2026-01-16 10:52:12,App,Returned
ORD000007931,3247,3247,2022-09-21 16:18:42,Web,Cancelled
ORD000007932,5512,5512,2025-12-31 09:13:01,App,Delivered
ORD000007933,3477,3477,2025-12-31 17:15:14,App,Delivered
ORD000007934,4184,4184,2021-09-11 21:44:30,Web,Delivered
ORD000007935,2678,2678,2025-06-27 17:03:34,App,Returned
ORD000007936,5912,5912,2025-03-04 06:49:57,App,Cancelled
ORD000007937,5773,5773,2024-06-29 06:09:31,App,Delivered
ORD000007938,4721,4721,2022-12-01 20:27:11,Web,Delivered
ORD000007939,5369,5369,2023-03-26 19:04:36,App,Delivered
ORD000007940,5209,5209,2024-04-07 14:41:57,Web,Delivered
ORD000007941,2925,2925,2021-05-04 01:06:03,App,Delivered
ORD000007942,3893,3893,2021-04-14 17:08:49,Web,Cancelled
ORD000007943,2780,2780,2022-07-14 20:12:14,Web,Delivered
ORD000007944,5095,5095,2026-01-29 06:21:20,App,Delivered
ORD000007945,2463,2463,2023-08-15 15:49:33,App,Placed
ORD000007946,455,455,2025-03-05 08:57:50,App,Placed
ORD000007947,3635,3635,2025-04-15 02:17:31,App,Placed
ORD000007948,3247,3247,2023-07-16 15:00:35,App,Shipped
ORD000007949,5031,5031,2023-12-04 08:37:04,App,Delivered
ORD000007950,4305,4305,2024-01-26 23:19:18,App,Shipped
ORD000007951,3385,3385,2023-05-31 04:46:09,Web,Delivered
ORD000007952,2419,2419,2022-07-18 06:32:55,App,Delivered
ORD000007953,5433,5433,2022-09-21 10:08:26,App,Returned
ORD000007954,2851,2851,2024-03-08 23:49:52,Web,Delivered
ORD000007955,5624,5624,2022-03-19 03:26:52,App,Delivered
ORD000007956,2134,2134,2026-01-16 00:26:00,Web,Delivered
ORD000007957,4743,4743,2025-02-03 06:33:16,App,Returned
ORD000007958,2869,2869,2024-09-13 02:39:50,App,Delivered
ORD000007959,3338,3338,2023-12-16 20:36:42,Web,Delivered
ORD000007960,5340,5340,2022-02-14 15:18:51,App,Delivered
ORD000007961,1722,1722,2021-07-23 13:19:49,App,Returned
ORD000007962,2027,2027,2021-06-21 19:58:12,App,Delivered
ORD000007963,1187,1187,2021-02-20 22:34:06,Web,Delivered
ORD000007964,1151,1151,2022-05-12 20:28:25,App,Placed
ORD000007965,2875,2875,2024-12-30 00:38:30,App,Delivered
ORD000007966,4213,4213,2025-08-01 18:45:47,App,Delivered
ORD000007967,1430,1430,2026-02-08 03:04:57,App,Delivered
ORD000007968,649,649,2023-03-25 19:49:04,App,Delivered
ORD000007969,356,356,2025-04-22 12:28:00,Store,Delivered
ORD000007970,2824,2824,2023-02-10 07:06:08,Web,Delivered
ORD000007971,5119,5119,2025-08-06 08:09:27,App,Delivered
ORD000007972,3386,3386,2022-01-24 12:40:01,Web,Delivered
ORD000007973,3967,3967,2022-10-03 16:46:14,App,Delivered
ORD000007974,3935,3935,2023-11-18 02:21:38,App,Delivered
ORD000007975,5270,5270,2021-07-22 04:16:19,Store,Placed
ORD000007976,3935,3935,2022-06-08 09:58:46,App,Delivered
ORD000007977,1192,1192,2021-12-07 19:18:42,Web,Delivered
ORD000007978,5615,5615,2025-10-20 16:18:52,App,Placed
ORD000007979,3484,3484,2025-06-15 02:00:35,App,Delivered
ORD000007980,4165,4165,2025-04-11 14:21:25,App,Delivered
ORD000007981,5841,5841,2022-08-13 00:25:47,App,Delivered
ORD000007982,267,267,2025-07-18 01:50:52,App,Delivered
ORD000007983,4911,4911,2021-10-02 20:30:40,Store,Cancelled
ORD000007984,1881,1881,2025-04-30 11:46:12,Web,Placed
ORD000007985,1549,1549,2023-09-03 16:25:08,Web,Delivered
ORD000007986,382,382,2024-11-17 06:23:48,App,Delivered
ORD000007987,1636,1636,2022-12-06 10:49:05,Web,Returned
ORD000007988,4470,4470,2022-05-13 14:23:59,Web,Cancelled
ORD000007989,685,685,2024-03-29 12:58:02,Web,Delivered
ORD000007990,4602,4602,2021-04-15 18:07:42,App,Delivered
ORD000007991,2285,2285,2025-01-22 05:25:23,App,Delivered
ORD000007992,3659,3659,2025-07-09 11:26:14,App,Returned
ORD000007993,2373,2373,2024-08-27 17:39:16,App,Delivered
ORD000007994,2638,2638,2021-03-12 06:15:54,App,Delivered
ORD000007995,5571,5571,2025-01-20 05:27:41,Store,Placed
ORD000007996,4850,4850,2021-09-28 10:47:34,App,Delivered
ORD000007997,1952,1952,2024-01-24 03:15:57,App,Placed
ORD000007998,1446,1446,2021-05-12 21:52:44,App,Placed
ORD000007999,5946,5946,2021-10-26 13:35:13,App,Delivered
ORD000008000,5336,5336,2023-04-09 00:16:56,Web,Delivered
ORD000008001,4828,4828,2021-07-28 12:44:03,Web,Returned
ORD000008002,21,21,2023-10-18 07:01:48,App,Delivered
ORD000008003,4401,4401,2021-04-12 14:27:37,App,Delivered
ORD000008004,3425,3425,2021-03-21 05:22:45,Web,Delivered
ORD000008005,4700,4700,2025-12-27 05:29:40,App,Cancelled
ORD000008006,1010,1010,2021-11-08 22:26:00,App,Delivered
ORD000008007,4541,4541,2021-03-21 02:25:17,App,Delivered
ORD000008008,5288,5288,2023-03-27 11:10:16,Web,Shipped
ORD000008009,1082,1082,2025-07-28 16:27:27,App,Delivered
ORD000008010,2649,2649,2025-09-27 02:10:16,App,Delivered
ORD000008011,5805,5805,2024-03-25 21:34:21,Web,Delivered
ORD000008012,4853,4853,2022-11-22 02:57:55,Web,Delivered
ORD000008013,4420,4420,2022-03-26 04:17:43,Web,Returned
ORD000008014,5386,5386,2022-08-10 17:29:51,Web,Delivered
ORD000008015,5182,5182,2025-12-06 03:59:18,App,Cancelled
ORD000008016,2464,2464,2026-01-07 03:13:12,App,Delivered
ORD000008017,5704,5704,2024-11-02 13:53:40,App,Shipped
ORD000008018,3757,3757,2021-04-11 19:11:48,App,Delivered
ORD000008019,5196,5196,2022-02-10 17:31:25,App,Delivered
ORD000008020,2453,2453,2025-08-21 01:06:25,App,Placed
ORD000008021,3995,3995,2021-09-18 20:59:23,App,Shipped
ORD000008022,3968,3968,2021-03-20 05:35:10,Web,Delivered
ORD000008023,3742,3742,2023-04-26 07:12:52,App,Delivered
ORD000008024,3914,3914,2021-10-21 11:12:14,App,Returned
ORD000008025,3797,3797,2023-06-30 04:30:54,App,Returned
ORD000008026,385,385,2025-05-28 00:51:34,Web,Delivered
ORD000008027,4105,4105,2024-05-01 06:06:14,Web,Shipped
ORD000008028,2563,2563,2024-10-17 23:55:36,Web,Delivered
ORD000008029,2218,2218,2025-04-01 05:01:58,App,Delivered
ORD000008030,147,147,2023-06-25 05:58:55,App,Delivered
ORD000008031,3590,3590,2025-04-26 13:54:50,App,Delivered
ORD000008032,1927,1927,2021-12-23 06:45:32,App,Delivered
ORD000008033,3755,3755,2023-09-16 08:42:48,App,Shipped
ORD000008034,80,80,2021-06-01 02:34:37,App,Delivered
ORD000008035,4900,4900,2021-07-28 06:48:24,App,Delivered
ORD000008036,3538,3538,2023-11-15 19:58:53,App,Delivered
ORD000008037,1760,1760,2021-05-06 23:58:39,App,Returned
ORD000008038,978,978,2023-10-06 23:52:48,App,Delivered
ORD000008039,4903,4903,2023-02-13 22:43:10,Web,Delivered
ORD000008040,5675,5675,2023-02-10 22:16:40,Web,Delivered
ORD000008041,2805,2805,2024-10-13 19:42:51,App,Delivered
ORD000008042,1586,1586,2025-02-15 05:22:08,App,Returned
ORD000008043,4391,4391,2024-07-06 12:38:16,App,Delivered
ORD000008044,1154,1154,2023-03-11 07:37:55,App,Delivered
ORD000008045,5884,5884,2021-10-14 10:11:16,App,Delivered
ORD000008046,5285,5285,2024-08-18 01:52:20,App,Delivered
ORD000008047,613,613,2022-07-14 12:47:00,App,Placed
ORD000008048,2931,2931,2025-06-15 06:44:19,App,Delivered
ORD000008049,1811,1811,2025-01-30 04:04:12,App,Delivered
ORD000008050,3579,3579,2023-12-12 04:13:59,Web,Placed
ORD000008051,4165,4165,2026-02-05 05:37:40,Web,Placed
ORD000008052,4652,4652,2025-01-17 02:25:45,App,Delivered
ORD000008053,2957,2957,2022-02-09 00:32:27,Store,Cancelled
ORD000008054,5782,5782,2022-07-23 12:30:33,App,Delivered
ORD000008055,4596,4596,2023-03-13 22:41:51,App,Returned
ORD000008056,3207,3207,2025-07-19 22:16:21,Web,Delivered
ORD000008057,830,830,2026-01-18 00:45:23,App,Delivered
ORD000008058,4598,4598,2024-10-25 17:24:17,App,Delivered
ORD000008059,974,974,2021-04-03 12:16:30,App,Cancelled
ORD000008060,3417,3417,2023-08-25 23:15:14,App,Delivered
ORD000008061,730,730,2022-10-20 06:43:06,App,Delivered
ORD000008062,901,901,2023-12-30 22:43:24,Store,Delivered
ORD000008063,660,660,2022-12-28 01:45:02,App,Shipped
ORD000008064,761,761,2023-03-07 06:52:12,App,Placed
ORD000008065,332,332,2025-07-01 21:03:52,App,Delivered
ORD000008066,959,959,2022-09-02 05:47:23,App,Returned
ORD000008067,3492,3492,2025-01-25 20:16:52,App,Shipped
ORD000008068,1759,1759,2022-06-15 06:12:24,Web,Returned
ORD000008069,5841,5841,2024-08-09 15:46:08,App,Placed
ORD000008070,4409,4409,2023-03-31 19:41:31,Web,Delivered
ORD000008071,1856,1856,2023-03-27 05:49:19,App,Placed
ORD000008072,3210,3210,2023-01-30 08:04:17,Web,Cancelled
ORD000008073,355,355,2022-04-05 20:32:45,App,Placed
ORD000008074,5622,5622,2022-10-06 05:28:26,Store,Delivered
ORD000008075,2273,2273,2021-09-30 10:09:13,App,Delivered
ORD000008076,4710,4710,2023-10-16 14:57:55,Web,Delivered
ORD000008077,4195,4195,2021-09-16 01:20:37,Web,Delivered
ORD000008078,4891,4891,2024-02-23 07:49:56,Web,Delivered
ORD000008079,2439,2439,2026-01-18 18:46:25,Web,Delivered
ORD000008080,3163,3163,2022-07-28 15:16:12,App,Delivered
ORD000008081,3881,3881,2025-07-26 03:39:21,App,Delivered
ORD000008082,204,204,2025-04-28 01:37:02,App,Delivered
ORD000008083,3966,3966,2023-01-20 05:31:04,App,Delivered
ORD000008084,1774,1774,2023-11-04 08:41:09,App,Delivered
ORD000008085,609,609,2021-07-04 16:56:04,Web,Delivered
ORD000008086,2681,2681,2024-11-22 21:51:48,Web,Placed
ORD000008087,1141,1141,2023-02-12 14:04:01,App,Delivered
ORD000008088,4162,4162,2024-08-18 16:19:38,Web,Delivered
ORD000008089,2179,2179,2025-09-06 03:42:41,App,Delivered
ORD000008090,4875,4875,2024-10-08 01:13:15,App,Placed
ORD000008091,4997,4997,2022-11-12 14:44:23,App,Delivered
ORD000008092,4924,4924,2023-09-06 02:31:31,Web,Delivered
ORD000008093,5506,5506,2023-09-12 01:46:35,App,Delivered
ORD000008094,5197,5197,2024-06-29 09:54:37,App,Returned
ORD000008095,739,739,2024-05-02 22:50:27,App,Shipped
ORD000008096,5992,5992,2021-04-13 02:21:42,Web,Placed
ORD000008097,2701,2701,2022-01-07 21:51:31,App,Delivered
ORD000008098,3724,3724,2022-10-18 04:32:08,Web,Delivered
ORD000008099,658,658,2024-10-24 01:24:56,App,Delivered
ORD000008100,2727,2727,2021-12-04 07:58:26,App,Delivered
ORD000008101,1110,1110,2021-05-13 06:54:38,Web,Delivered
ORD000008102,3213,3213,2023-02-28 05:35:18,Web,Shipped
ORD000008103,5760,5760,2024-10-30 10:54:42,Web,Delivered
ORD000008104,2165,2165,2022-06-14 00:13:52,Web,Delivered
ORD000008105,147,147,2021-07-09 20:04:09,Web,Delivered
ORD000008106,4056,4056,2025-01-18 20:29:35,App,Returned
ORD000008107,5141,5141,2023-10-01 20:39:18,Web,Shipped
ORD000008108,4632,4632,2022-11-10 02:46:32,Web,Delivered
ORD000008109,3230,3230,2023-08-21 11:34:03,App,Delivered
ORD000008110,5596,5596,2025-12-28 18:47:09,App,Delivered
ORD000008111,5168,5168,2024-08-13 07:40:37,Web,Delivered
ORD000008112,4515,4515,2021-05-01 15:20:55,Store,Placed
ORD000008113,5230,5230,2022-09-14 21:59:16,App,Returned
ORD000008114,2619,2619,2021-05-18 22:48:39,App,Shipped
ORD000008115,5094,5094,2021-12-28 11:02:51,App,Returned
ORD000008116,3601,3601,2022-03-02 06:45:19,App,Delivered
ORD000008117,3376,3376,2022-12-06 18:23:37,Web,Returned
ORD000008118,3639,3639,2022-11-26 19:57:04,Web,Placed
ORD000008119,5197,5197,2025-07-25 02:08:34,App,Delivered
ORD000008120,2318,2318,2023-03-14 10:38:22,App,Delivered
ORD000008121,922,922,2021-09-24 22:51:57,Web,Delivered
ORD000008122,4788,4788,2022-07-09 12:22:18,Web,Delivered
ORD000008123,5205,5205,2024-05-08 09:10:48,App,Delivered
ORD000008124,4908,4908,2024-05-29 18:25:51,App,Shipped
ORD000008125,3540,3540,2023-07-05 06:28:55,App,Delivered
ORD000008126,5771,5771,2023-08-20 21:20:49,App,Delivered
ORD000008127,3891,3891,2023-05-17 11:01:26,Web,Delivered
ORD000008128,4338,4338,2025-08-16 05:50:51,Web,Delivered
ORD000008129,4030,4030,2024-04-06 12:29:22,Web,Delivered
ORD000008130,2979,2979,2024-12-04 09:50:29,Store,Delivered
ORD000008131,1088,1088,2021-11-23 00:37:18,App,Placed
ORD000008132,5360,5360,2025-04-13 19:03:47,App,Placed
ORD000008133,3167,3167,2022-05-12 22:05:09,Web,Delivered
ORD000008134,5778,5778,2024-03-30 12:54:59,App,Returned
ORD000008135,2097,2097,2022-12-13 03:41:53,App,Delivered
ORD000008136,5573,5573,2023-07-13 13:33:55,App,Placed
ORD000008137,2193,2193,2023-07-31 10:30:57,App,Delivered
ORD000008138,917,917,2026-02-04 05:59:10,App,Delivered
ORD000008139,4494,4494,2023-11-01 10:34:53,App,Returned
ORD000008140,4867,4867,2022-08-13 05:27:06,App,Shipped
ORD000008141,4767,4767,2025-06-29 19:31:28,App,Returned
ORD000008142,5849,5849,2024-09-14 20:11:16,Store,Returned
ORD000008143,5423,5423,2021-12-14 23:17:33,Web,Delivered
ORD000008144,428,428,2021-04-18 04:28:00,App,Delivered
ORD000008145,3089,3089,2025-09-17 13:46:07,Web,Delivered
ORD000008146,4177,4177,2023-05-03 20:19:07,App,Delivered
ORD000008147,2232,2232,2025-01-21 21:38:03,Web,Delivered
ORD000008148,709,709,2023-03-25 10:03:32,App,Returned
ORD000008149,3664,3664,2024-04-05 09:09:21,App,Placed
ORD000008150,1982,1982,2022-09-26 21:34:30,Web,Delivered
ORD000008151,1389,1389,2022-10-29 08:27:47,App,Returned
ORD000008152,203,203,2024-06-05 07:59:35,App,Delivered
ORD000008153,3303,3303,2022-08-14 04:23:57,App,Delivered
ORD000008154,4695,4695,2022-06-05 18:50:05,App,Delivered
ORD000008155,4102,4102,2024-08-28 11:43:37,Web,Cancelled
ORD000008156,2405,2405,2021-04-24 17:38:08,App,Delivered
ORD000008157,3521,3521,2022-05-06 00:50:43,App,Delivered
ORD000008158,3218,3218,2024-11-26 09:46:24,Web,Delivered
ORD000008159,2103,2103,2022-08-20 15:18:23,Store,Shipped
ORD000008160,5187,5187,2022-06-11 03:26:55,App,Delivered
ORD000008161,5817,5817,2021-05-24 16:18:38,App,Delivered
ORD000008162,147,147,2024-11-21 19:41:01,Web,Shipped
ORD000008163,4682,4682,2022-02-15 04:39:25,Web,Shipped
ORD000008164,980,980,2024-12-30 20:19:17,App,Placed
ORD000008165,736,736,2025-10-03 18:57:10,App,Delivered
ORD000008166,695,695,2023-09-25 16:29:27,Web,Delivered
ORD000008167,5216,5216,2021-12-01 06:08:49,App,Delivered
ORD000008168,854,854,2022-01-06 05:23:15,App,Delivered
ORD000008169,248,248,2024-12-05 16:23:22,App,Delivered
ORD000008170,2180,2180,2025-02-23 12:37:42,App,Delivered
ORD000008171,5645,5645,2024-11-10 09:36:56,App,Delivered
ORD000008172,4538,4538,2025-06-24 19:04:15,App,Cancelled
ORD000008173,2304,2304,2025-04-20 09:35:17,App,Delivered
ORD000008174,1410,1410,2021-10-22 19:36:56,App,Placed
ORD000008175,2553,2553,2022-12-07 11:33:10,App,Delivered
ORD000008176,3772,3772,2023-12-08 23:03:06,App,Placed
ORD000008177,5721,5721,2022-11-10 22:51:16,App,Delivered
ORD000008178,2464,2464,2022-03-15 12:10:08,App,Returned
ORD000008179,3738,3738,2024-04-22 00:07:15,App,Delivered
ORD000008180,986,986,2021-06-25 06:17:22,Web,Delivered
ORD000008181,5094,5094,2021-10-22 19:22:12,Web,Placed
ORD000008182,5782,5782,2021-06-23 09:48:42,Store,Shipped
ORD000008183,4055,4055,2024-12-28 16:56:54,Web,Delivered
ORD000008184,5367,5367,2021-12-23 17:46:45,App,Delivered
ORD000008185,3135,3135,2021-10-24 13:33:06,Web,Cancelled
ORD000008186,4001,4001,2021-10-14 05:38:33,App,Delivered
ORD000008187,1933,1933,2024-08-03 16:40:26,App,Placed
ORD000008188,1421,1421,2025-04-13 02:56:59,Web,Returned
ORD000008189,4897,4897,2021-07-03 04:57:35,App,Delivered
ORD000008190,123,123,2021-07-21 07:52:48,Store,Delivered
ORD000008191,2318,2318,2023-10-12 15:07:00,App,Delivered
ORD000008192,686,686,2024-07-24 03:47:12,Store,Delivered
ORD000008193,1662,1662,2021-08-12 05:49:36,App,Delivered
ORD000008194,1921,1921,2025-01-01 15:02:27,Web,Returned
ORD000008195,2876,2876,2024-03-03 08:07:09,App,Delivered
ORD000008196,3633,3633,2022-02-22 01:59:35,App,Delivered
ORD000008197,4432,4432,2022-04-07 18:45:15,Web,Shipped
ORD000008198,4957,4957,2021-10-24 00:39:58,App,Shipped
ORD000008199,3901,3901,2023-03-26 13:50:19,App,Delivered
ORD000008200,2164,2164,2023-06-10 23:31:59,App,Delivered
ORD000008201,2839,2839,2021-12-25 02:51:14,Web,Delivered
ORD000008202,3461,3461,2022-04-13 00:25:05,Web,Placed
ORD000008203,1920,1920,2024-10-08 10:52:45,Store,Shipped
ORD000008204,2098,2098,2022-07-30 06:09:39,App,Delivered
ORD000008205,5284,5284,2024-12-04 13:52:56,App,Delivered
ORD000008206,1172,1172,2022-06-22 05:21:09,App,Delivered
ORD000008207,555,555,2025-11-01 22:53:55,Web,Delivered
ORD000008208,3208,3208,2022-03-31 12:36:00,App,Cancelled
ORD000008209,3290,3290,2025-06-14 21:38:37,App,Shipped
ORD000008210,4009,4009,2022-02-08 11:44:38,App,Delivered
ORD000008211,4602,4602,2024-10-07 00:25:45,App,Delivered
ORD000008212,1817,1817,2022-03-21 00:07:56,App,Delivered
ORD000008213,1878,1878,2021-07-25 14:58:30,Web,Placed
ORD000008214,189,189,2021-04-10 03:36:35,Web,Placed
ORD000008215,1441,1441,2021-06-28 15:00:28,Web,Placed
ORD000008216,1221,1221,2021-04-23 21:52:02,App,Delivered
ORD000008217,2598,2598,2023-10-25 21:00:58,App,Delivered
ORD000008218,5756,5756,2022-08-07 21:08:35,App,Placed
ORD000008219,5676,5676,2022-04-28 10:06:42,Web,Shipped
ORD000008220,2869,2869,2023-01-12 20:08:54,App,Delivered
ORD000008221,2062,2062,2023-10-05 12:48:22,App,Delivered
ORD000008222,5063,5063,2021-02-16 06:22:29,App,Returned
ORD000008223,2908,2908,2024-11-21 01:24:18,Web,Delivered
ORD000008224,5684,5684,2022-01-07 10:29:07,Web,Delivered
ORD000008225,1716,1716,2021-09-16 06:27:19,App,Delivered
ORD000008226,3536,3536,2021-11-21 01:44:05,App,Delivered
ORD000008227,612,612,2025-04-08 17:57:12,App,Delivered
ORD000008228,2510,2510,2022-07-12 15:19:03,Web,Cancelled
ORD000008229,2926,2926,2026-01-26 16:42:17,Web,Delivered
ORD000008230,284,284,2024-10-05 09:50:49,App,Delivered
ORD000008231,2671,2671,2022-11-15 16:56:09,App,Placed
ORD000008232,4095,4095,2024-09-29 03:54:30,Web,Delivered
ORD000008233,1628,1628,2024-05-27 23:52:57,App,Placed
ORD000008234,1612,1612,2022-03-14 17:19:52,App,Shipped
ORD000008235,717,717,2025-08-31 21:03:59,App,Returned
ORD000008236,4630,4630,2023-08-07 02:40:59,Web,Delivered
ORD000008237,682,682,2024-02-16 12:12:55,Web,Cancelled
ORD000008238,3440,3440,2025-03-01 18:20:32,App,Placed
ORD000008239,5992,5992,2025-05-02 08:45:55,Web,Delivered
ORD000008240,5700,5700,2023-05-26 13:25:55,App,Cancelled
ORD000008241,4257,4257,2025-12-21 18:54:09,App,Delivered
ORD000008242,4270,4270,2021-03-18 17:27:54,App,Delivered
ORD000008243,1523,1523,2023-08-23 06:07:14,App,Delivered
ORD000008244,1360,1360,2023-11-25 01:21:06,App,Delivered
ORD000008245,2074,2074,2023-03-21 08:41:44,Web,Returned
ORD000008246,1790,1790,2023-01-03 06:41:42,App,Delivered
ORD000008247,3576,3576,2023-11-28 23:05:44,App,Returned
ORD000008248,3371,3371,2023-09-11 06:58:13,Web,Returned
ORD000008249,2485,2485,2023-07-14 13:14:03,Store,Delivered
ORD000008250,1819,1819,2025-08-23 08:44:17,Web,Returned
ORD000008251,2059,2059,2024-04-13 18:10:55,Web,Delivered
ORD000008252,2667,2667,2024-03-31 00:05:22,App,Cancelled
ORD000008253,1434,1434,2022-04-17 15:01:09,App,Returned
ORD000008254,3406,3406,2025-08-15 15:32:50,Web,Placed
ORD000008255,3385,3385,2023-03-15 04:49:14,Web,Returned
ORD000008256,3073,3073,2022-02-03 00:57:14,Web,Delivered
ORD000008257,523,523,2022-04-11 11:14:37,App,Delivered
ORD000008258,1694,1694,2021-03-03 20:50:55,App,Delivered
ORD000008259,4184,4184,2023-09-01 10:51:48,App,Delivered
ORD000008260,2290,2290,2024-12-20 20:26:47,Web,Placed
ORD000008261,1156,1156,2023-07-03 14:12:58,Web,Delivered
ORD000008262,598,598,2024-08-02 23:44:49,Web,Delivered
ORD000008263,1646,1646,2025-06-01 02:10:58,App,Shipped
ORD000008264,2159,2159,2025-07-08 14:28:25,App,Delivered
ORD000008265,2337,2337,2025-08-14 12:31:55,App,Delivered
ORD000008266,1858,1858,2022-09-05 05:01:01,App,Placed
ORD000008267,1715,1715,2021-06-27 13:45:08,App,Delivered
ORD000008268,3739,3739,2023-03-18 20:48:46,App,Delivered
ORD000008269,4897,4897,2025-01-12 12:04:20,App,Delivered
ORD000008270,2785,2785,2021-09-11 21:34:46,App,Delivered
ORD000008271,3177,3177,2022-12-19 19:49:11,App,Delivered
ORD000008272,5716,5716,2021-09-02 18:14:29,App,Delivered
ORD000008273,203,203,2025-08-12 14:21:17,App,Returned
ORD000008274,2899,2899,2025-07-13 13:11:46,App,Delivered
ORD000008275,3573,3573,2024-09-06 14:16:19,Web,Delivered
ORD000008276,1265,1265,2021-05-16 12:02:05,App,Returned
ORD000008277,2460,2460,2021-03-29 09:01:51,App,Shipped
ORD000008278,1238,1238,2023-04-08 05:40:46,App,Shipped
ORD000008279,1555,1555,2025-05-30 05:50:49,Web,Returned
ORD000008280,3743,3743,2023-08-29 17:02:23,Store,Delivered
ORD000008281,53,53,2023-03-23 21:08:39,App,Delivered
ORD000008282,3583,3583,2026-01-10 02:46:10,Store,Placed
ORD000008283,3160,3160,2022-08-08 17:42:33,App,Delivered
ORD000008284,672,672,2023-12-12 20:54:36,App,Delivered
ORD000008285,4105,4105,2021-09-21 22:02:22,Web,Delivered
ORD000008286,691,691,2023-07-20 06:32:19,Web,Delivered
ORD000008287,83,83,2021-07-27 10:31:27,App,Delivered
ORD000008288,5145,5145,2024-01-03 05:33:06,Web,Returned
ORD000008289,4321,4321,2024-08-26 01:57:07,Store,Returned
ORD000008290,3569,3569,2025-12-30 10:46:13,App,Placed
ORD000008291,2478,2478,2025-09-19 09:57:09,Web,Shipped
ORD000008292,1452,1452,2024-03-21 04:03:18,App,Returned
ORD000008293,5314,5314,2022-12-28 15:21:50,App,Delivered
ORD000008294,5238,5238,2025-10-04 21:06:24,Web,Delivered
ORD000008295,2021,2021,2024-12-15 14:21:01,Web,Delivered
ORD000008296,2126,2126,2022-10-17 16:25:12,Web,Delivered
ORD000008297,1176,1176,2022-08-18 00:30:39,App,Placed
ORD000008298,1080,1080,2021-03-24 14:30:27,Web,Delivered
ORD000008299,2405,2405,2023-04-28 10:37:54,Web,Delivered
ORD000008300,1283,1283,2024-02-20 10:15:38,App,Placed
ORD000008301,535,535,2025-08-27 08:48:04,Web,Returned
ORD000008302,3849,3849,2022-02-22 10:24:47,App,Cancelled
ORD000008303,4667,4667,2024-08-30 19:06:03,App,Delivered
ORD000008304,4674,4674,2024-02-12 21:35:18,App,Placed
ORD000008305,2454,2454,2021-03-09 00:06:53,Web,Delivered
ORD000008306,2163,2163,2025-03-11 03:34:46,App,Cancelled
ORD000008307,1827,1827,2024-08-29 10:45:06,Web,Delivered
ORD000008308,3999,3999,2023-09-23 17:45:12,Web,Delivered
ORD000008309,3693,3693,2024-08-06 12:03:54,App,Delivered
ORD000008310,1840,1840,2025-05-07 05:38:19,App,Delivered
ORD000008311,4060,4060,2022-04-12 00:22:50,Web,Returned
ORD000008312,331,331,2024-03-15 16:20:10,App,Cancelled
ORD000008313,5664,5664,2024-09-21 07:00:14,App,Delivered
ORD000008314,2773,2773,2025-01-30 18:19:28,Web,Delivered
ORD000008315,5079,5079,2022-04-24 17:50:06,App,Delivered
ORD000008316,1528,1528,2023-09-16 22:00:14,App,Delivered
ORD000008317,4184,4184,2021-12-17 16:28:27,App,Cancelled
ORD000008318,574,574,2023-03-28 16:20:56,Web,Delivered
ORD000008319,5894,5894,2025-11-29 12:52:59,App,Delivered
ORD000008320,3696,3696,2024-02-21 20:27:17,App,Delivered
ORD000008321,524,524,2021-11-24 10:28:55,App,Delivered
ORD000008322,5685,5685,2022-12-01 22:17:14,Web,Placed
ORD000008323,1172,1172,2022-08-11 06:11:27,App,Returned
ORD000008324,2554,2554,2025-12-12 08:22:55,Web,Delivered
ORD000008325,4180,4180,2022-06-09 11:39:17,Web,Placed
ORD000008326,1422,1422,2023-04-05 00:38:32,App,Delivered
ORD000008327,2232,2232,2021-07-23 11:21:40,App,Delivered
ORD000008328,2217,2217,2021-04-24 17:15:14,App,Delivered
ORD000008329,2156,2156,2024-07-05 07:40:46,App,Placed
ORD000008330,852,852,2024-03-01 08:16:11,App,Delivered
ORD000008331,5480,5480,2022-05-24 18:32:52,App,Delivered
ORD000008332,5215,5215,2025-01-22 20:46:39,Web,Delivered
ORD000008333,1180,1180,2021-08-12 07:44:42,App,Delivered
ORD000008334,3596,3596,2025-09-10 05:51:56,Web,Placed
ORD000008335,4368,4368,2023-05-04 03:48:42,App,Delivered
ORD000008336,5857,5857,2021-06-26 12:21:47,App,Delivered
ORD000008337,1860,1860,2022-08-24 00:32:29,Web,Cancelled
ORD000008338,5002,5002,2024-04-02 15:41:01,App,Delivered
ORD000008339,738,738,2021-10-15 08:15:18,App,Delivered
ORD000008340,2813,2813,2023-07-29 18:40:28,Web,Delivered
ORD000008341,2793,2793,2022-09-25 02:05:38,Web,Shipped
ORD000008342,2819,2819,2025-10-30 07:03:53,Web,Delivered
ORD000008343,4895,4895,2022-01-24 08:37:22,Store,Delivered
ORD000008344,5300,5300,2025-02-02 23:06:01,Web,Returned
ORD000008345,5343,5343,2023-10-09 17:21:27,Web,Delivered
ORD000008346,2164,2164,2023-05-14 15:52:24,Web,Shipped
ORD000008347,5057,5057,2021-07-09 09:34:27,Web,Shipped
ORD000008348,3077,3077,2022-09-26 15:52:27,App,Placed
ORD000008349,4162,4162,2024-11-10 20:30:44,Web,Delivered
ORD000008350,527,527,2025-05-29 04:04:37,Web,Delivered
ORD000008351,449,449,2024-05-01 13:58:09,Store,Placed
ORD000008352,3221,3221,2025-10-21 05:28:34,App,Placed
ORD000008353,4162,4162,2023-01-11 01:06:43,Web,Delivered
ORD000008354,5470,5470,2023-02-02 19:05:04,App,Delivered
ORD000008355,1852,1852,2023-06-07 10:20:01,Web,Returned
ORD000008356,120,120,2023-12-08 03:18:59,Store,Delivered
ORD000008357,4485,4485,2024-08-08 08:35:47,App,Returned
ORD000008358,4383,4383,2026-01-27 18:45:44,Web,Delivered
ORD000008359,2848,2848,2025-02-15 01:49:36,App,Delivered
ORD000008360,1791,1791,2025-11-19 04:24:18,Web,Cancelled
ORD000008361,4514,4514,2025-01-05 23:46:34,App,Delivered
ORD000008362,3018,3018,2025-06-12 20:26:32,App,Delivered
ORD000008363,351,351,2025-06-21 11:32:30,Web,Delivered
ORD000008364,2203,2203,2025-08-19 21:12:19,App,Delivered
ORD000008365,5458,5458,2025-10-05 12:55:11,Web,Delivered
ORD000008366,3333,3333,2024-09-24 03:16:04,App,Delivered
ORD000008367,1553,1553,2022-07-10 00:42:19,Web,Shipped
ORD000008368,2251,2251,2023-02-22 08:12:38,Web,Delivered
ORD000008369,5061,5061,2024-10-25 15:52:17,App,Shipped
ORD000008370,3238,3238,2024-11-27 18:19:18,Web,Delivered
ORD000008371,3510,3510,2025-08-11 21:08:17,App,Delivered
ORD000008372,48,48,2023-12-17 11:45:44,App,Delivered
ORD000008373,2277,2277,2021-10-17 18:34:15,Web,Returned
ORD000008374,3797,3797,2026-01-07 14:03:50,Web,Delivered
ORD000008375,5848,5848,2022-12-23 21:00:10,App,Returned
ORD000008376,5086,5086,2021-10-25 05:57:17,App,Delivered
ORD000008377,5937,5937,2022-08-20 17:52:15,App,Delivered
ORD000008378,4025,4025,2025-05-14 05:35:29,App,Delivered
ORD000008379,5395,5395,2023-09-26 12:01:23,Web,Returned
ORD000008380,3185,3185,2021-11-16 07:01:15,Web,Delivered
ORD000008381,1893,1893,2025-04-16 11:00:09,App,Placed
ORD000008382,898,898,2023-08-11 12:19:22,App,Placed
ORD000008383,1739,1739,2022-02-13 05:12:34,App,Shipped
ORD000008384,5665,5665,2025-05-28 22:44:01,Web,Cancelled
ORD000008385,969,969,2025-02-23 17:36:55,Web,Delivered
ORD000008386,3003,3003,2022-10-23 00:03:40,App,Delivered
ORD000008387,3161,3161,2021-10-28 21:23:16,App,Delivered
ORD000008388,4742,4742,2025-06-29 00:10:45,Store,Delivered
ORD000008389,4107,4107,2024-07-23 19:17:58,Web,Delivered
ORD000008390,3099,3099,2022-06-09 17:46:19,Web,Delivered
ORD000008391,2504,2504,2025-03-21 02:11:50,App,Returned
ORD000008392,5151,5151,2025-03-21 07:58:07,App,Delivered
ORD000008393,1471,1471,2024-10-17 02:13:46,Web,Cancelled
ORD000008394,3500,3500,2025-01-17 09:37:43,App,Delivered
ORD000008395,3753,3753,2025-01-15 04:09:16,Web,Delivered
ORD000008396,3631,3631,2022-02-27 15:46:06,Web,Delivered
ORD000008397,5061,5061,2025-11-21 17:15:12,App,Delivered
ORD000008398,2639,2639,2025-01-28 19:22:14,Web,Delivered
ORD000008399,2562,2562,2025-05-14 03:15:01,App,Delivered
ORD000008400,4495,4495,2024-11-05 08:56:48,Web,Cancelled
ORD000008401,3604,3604,2023-10-30 06:30:19,Web,Cancelled
ORD000008402,387,387,2023-06-28 00:03:26,App,Shipped
ORD000008403,5450,5450,2024-03-10 16:55:55,App,Placed
ORD000008404,3674,3674,2023-12-07 10:33:58,App,Delivered
ORD000008405,138,138,2021-12-26 01:02:55,App,Delivered
ORD000008406,3752,3752,2025-02-17 11:26:27,App,Delivered
ORD000008407,2701,2701,2025-03-15 08:09:10,App,Delivered
ORD000008408,5845,5845,2022-11-12 06:23:43,Web,Delivered
ORD000008409,4578,4578,2022-01-07 15:07:28,App,Shipped
ORD000008410,300,300,2022-07-31 21:01:07,Store,Delivered
ORD000008411,32,32,2025-05-30 08:09:32,Web,Placed
ORD000008412,2505,2505,2021-09-10 00:53:19,App,Delivered
ORD000008413,542,542,2024-01-27 10:08:08,App,Delivered
ORD000008414,3457,3457,2024-08-09 17:16:36,App,Shipped
ORD000008415,5941,5941,2024-09-29 17:35:40,App,Delivered
ORD000008416,3404,3404,2025-09-09 17:14:46,App,Delivered
ORD000008417,2092,2092,2021-05-09 02:49:02,App,Delivered
ORD000008418,547,547,2026-02-06 12:06:19,Web,Delivered
ORD000008419,984,984,2023-06-19 20:13:38,Web,Delivered
ORD000008420,4141,4141,2025-04-14 12:40:28,App,Delivered
ORD000008421,380,380,2024-04-09 18:39:06,Store,Cancelled
ORD000008422,497,497,2023-01-05 01:24:55,App,Shipped
ORD000008423,1916,1916,2024-06-29 23:16:51,App,Delivered
ORD000008424,5055,5055,2023-03-28 08:38:49,App,Delivered
ORD000008425,2186,2186,2023-11-26 05:40:51,App,Delivered
ORD000008426,4504,4504,2021-09-22 07:50:13,App,Placed
ORD000008427,185,185,2023-07-18 08:06:54,App,Delivered
ORD000008428,489,489,2025-07-20 00:01:38,App,Delivered
ORD000008429,2066,2066,2024-06-26 22:09:44,App,Delivered
ORD000008430,1721,1721,2024-02-14 05:39:39,Store,Delivered
ORD000008431,5192,5192,2023-03-04 09:50:17,App,Delivered
ORD000008432,171,171,2021-07-20 01:27:07,App,Delivered
ORD000008433,400,400,2025-01-25 05:56:14,App,Delivered
ORD000008434,3593,3593,2022-04-22 19:07:26,Web,Delivered
ORD000008435,5875,5875,2024-07-12 22:55:24,Store,Delivered
ORD000008436,3653,3653,2021-08-15 06:49:47,Web,Placed
ORD000008437,239,239,2023-10-18 04:44:16,App,Delivered
ORD000008438,1341,1341,2021-09-07 00:31:48,Web,Shipped
ORD000008439,5643,5643,2025-06-14 18:20:54,Web,Shipped
ORD000008440,4416,4416,2021-04-04 06:34:42,App,Returned
ORD000008441,3622,3622,2024-03-22 06:43:31,Web,Shipped
ORD000008442,2570,2570,2024-12-13 18:37:56,Store,Cancelled
ORD000008443,2576,2576,2025-08-29 19:17:22,App,Delivered
ORD000008444,1349,1349,2023-12-25 04:58:22,App,Delivered
ORD000008445,5586,5586,2022-07-10 17:53:41,Store,Delivered
ORD000008446,4855,4855,2025-04-12 10:04:39,App,Delivered
ORD000008447,2090,2090,2023-05-08 12:05:42,Web,Delivered
ORD000008448,234,234,2023-11-23 16:16:32,App,Delivered
ORD000008449,556,556,2021-03-30 23:46:43,App,Delivered
ORD000008450,2485,2485,2025-08-29 18:29:40,Web,Returned
ORD000008451,1955,1955,2021-03-07 23:12:58,Web,Returned
ORD000008452,4772,4772,2023-04-29 03:50:01,App,Placed
ORD000008453,3734,3734,2023-08-25 00:40:42,App,Delivered
ORD000008454,5400,5400,2025-04-10 08:21:23,Web,Delivered
ORD000008455,3276,3276,2022-12-16 18:01:23,App,Returned
ORD000008456,5004,5004,2023-05-15 15:57:23,Web,Delivered
ORD000008457,803,803,2023-05-24 00:15:15,App,Delivered
ORD000008458,4947,4947,2024-08-09 17:19:47,App,Delivered
ORD000008459,997,997,2022-07-04 08:17:19,Web,Shipped
ORD000008460,846,846,2023-08-09 05:28:12,App,Delivered
ORD000008461,1320,1320,2025-07-03 00:52:55,App,Delivered
ORD000008462,4118,4118,2023-04-19 14:58:43,App,Cancelled
ORD000008463,1711,1711,2021-02-19 05:54:12,App,Shipped
ORD000008464,5104,5104,2025-10-27 01:28:52,Web,Delivered
ORD000008465,242,242,2025-07-16 17:56:38,App,Delivered
ORD000008466,2891,2891,2022-06-14 12:12:02,Web,Delivered
ORD000008467,2626,2626,2023-04-01 18:29:17,Web,Delivered
ORD000008468,5514,5514,2024-09-18 01:22:17,App,Delivered
ORD000008469,3499,3499,2022-03-10 15:26:18,Web,Delivered
ORD000008470,453,453,2025-02-26 15:47:24,Web,Delivered
ORD000008471,1630,1630,2021-10-17 14:51:52,App,Returned
ORD000008472,2261,2261,2021-11-09 07:12:30,App,Cancelled
ORD000008473,3313,3313,2025-09-25 07:00:59,App,Delivered
ORD000008474,4718,4718,2022-12-29 17:10:12,App,Placed
ORD000008475,559,559,2022-09-03 04:40:25,App,Shipped
ORD000008476,4968,4968,2024-02-29 17:40:00,App,Placed
ORD000008477,2716,2716,2025-09-25 12:34:01,App,Delivered
ORD000008478,1069,1069,2024-12-24 11:35:57,Web,Delivered
ORD000008479,2755,2755,2025-09-13 19:22:44,App,Delivered
ORD000008480,1261,1261,2023-08-15 21:41:27,Store,Placed
ORD000008481,2771,2771,2024-12-17 16:47:32,App,Delivered
ORD000008482,5899,5899,2025-01-06 04:08:14,Web,Delivered
ORD000008483,4603,4603,2025-12-03 01:24:51,App,Cancelled
ORD000008484,450,450,2024-05-07 08:12:08,App,Placed
ORD000008485,3640,3640,2024-11-26 03:29:08,Web,Delivered
ORD000008486,1914,1914,2024-01-22 19:15:44,App,Delivered
ORD000008487,2798,2798,2022-08-31 17:51:58,Store,Delivered
ORD000008488,4634,4634,2022-09-04 03:17:02,Web,Returned
ORD000008489,5974,5974,2022-06-23 16:43:04,Web,Delivered
ORD000008490,5329,5329,2023-07-31 04:50:05,App,Returned
ORD000008491,5410,5410,2024-01-23 17:26:52,Web,Returned
ORD000008492,2546,2546,2023-11-12 00:09:16,App,Delivered
ORD000008493,3255,3255,2023-03-10 17:52:51,Web,Delivered
ORD000008494,4812,4812,2023-02-01 20:20:07,App,Delivered
ORD000008495,4496,4496,2024-12-01 10:14:53,App,Delivered
ORD000008496,5328,5328,2024-07-07 18:32:15,App,Placed
ORD000008497,5543,5543,2022-02-06 02:42:58,Web,Delivered
ORD000008498,3462,3462,2022-06-27 10:35:23,App,Shipped
ORD000008499,1460,1460,2024-08-20 00:17:58,App,Returned
ORD000008500,921,921,2024-07-22 07:02:54,Store,Delivered
ORD000008501,3219,3219,2023-06-16 19:06:09,Web,Delivered
ORD000008502,5836,5836,2022-07-20 04:28:11,App,Delivered
ORD000008503,457,457,2023-04-18 05:48:57,Web,Returned
ORD000008504,1885,1885,2023-02-01 05:38:11,App,Delivered
ORD000008505,5531,5531,2023-05-11 13:59:21,Web,Delivered
ORD000008506,645,645,2023-03-31 21:14:32,App,Delivered
ORD000008507,2330,2330,2021-06-11 07:43:12,App,Delivered
ORD000008508,4510,4510,2024-12-01 17:14:50,App,Placed
ORD000008509,5710,5710,2025-04-07 16:13:58,App,Delivered
ORD000008510,2211,2211,2023-10-24 09:56:43,Web,Delivered
ORD000008511,4939,4939,2023-05-09 03:52:41,Web,Delivered
ORD000008512,5557,5557,2022-01-30 17:10:49,App,Delivered
ORD000008513,5748,5748,2023-01-30 13:35:01,Store,Cancelled
ORD000008514,4257,4257,2025-02-17 04:00:16,App,Delivered
ORD000008515,4351,4351,2021-07-15 05:36:25,App,Delivered
ORD000008516,1094,1094,2024-11-22 14:19:47,App,Delivered
ORD000008517,2460,2460,2023-07-28 20:49:23,Web,Delivered
ORD000008518,2762,2762,2025-01-19 08:21:11,Web,Delivered
ORD000008519,2043,2043,2022-11-20 02:06:55,App,Returned
ORD000008520,36,36,2023-11-07 22:14:34,Web,Delivered
ORD000008521,470,470,2025-01-05 14:00:54,Web,Shipped
ORD000008522,309,309,2025-09-11 17:11:49,App,Delivered
ORD000008523,3269,3269,2025-12-02 22:39:00,Web,Delivered
ORD000008524,481,481,2021-10-31 16:21:56,App,Delivered
ORD000008525,5959,5959,2021-06-08 13:08:21,Web,Delivered
ORD000008526,789,789,2021-04-11 01:38:54,Web,Delivered
ORD000008527,291,291,2024-01-17 02:51:47,Web,Shipped
ORD000008528,430,430,2023-05-07 17:01:04,App,Placed
ORD000008529,598,598,2022-06-25 14:56:30,App,Returned
ORD000008530,4528,4528,2022-07-07 21:03:23,Web,Delivered
ORD000008531,1558,1558,2025-12-13 00:34:52,Web,Delivered
ORD000008532,4601,4601,2025-04-10 15:08:26,Store,Placed
ORD000008533,673,673,2021-07-25 20:38:20,App,Delivered
ORD000008534,2855,2855,2025-03-24 13:00:02,App,Delivered
ORD000008535,1579,1579,2025-03-14 06:37:11,App,Delivered
ORD000008536,1433,1433,2024-05-25 06:43:57,App,Returned
ORD000008537,5522,5522,2022-02-20 15:49:28,App,Delivered
ORD000008538,41,41,2022-08-12 15:04:53,App,Returned
ORD000008539,4480,4480,2024-08-02 20:15:58,Web,Shipped
ORD000008540,2934,2934,2021-11-04 12:24:21,App,Returned
ORD000008541,1315,1315,2024-08-08 03:56:49,App,Delivered
ORD000008542,1816,1816,2023-04-12 17:27:32,App,Delivered
ORD000008543,4279,4279,2022-08-10 03:31:23,App,Delivered
ORD000008544,1896,1896,2025-11-24 03:40:35,App,Delivered
ORD000008545,1064,1064,2021-03-30 00:49:29,App,Delivered
ORD000008546,5719,5719,2022-12-16 07:49:34,Web,Shipped
ORD000008547,3297,3297,2024-02-12 23:26:58,App,Delivered
ORD000008548,5405,5405,2024-07-01 01:41:18,Store,Delivered
ORD000008549,138,138,2025-05-25 16:49:28,App,Delivered
ORD000008550,335,335,2025-05-01 09:12:59,Store,Returned
ORD000008551,4234,4234,2025-12-15 14:42:54,App,Shipped
ORD000008552,5594,5594,2022-11-14 17:08:36,App,Cancelled
ORD000008553,4584,4584,2023-08-16 19:39:08,App,Delivered
ORD000008554,4672,4672,2024-12-07 00:50:32,App,Shipped
ORD000008555,2677,2677,2025-07-07 21:33:48,App,Delivered
ORD000008556,1634,1634,2022-10-29 13:59:20,App,Delivered
ORD000008557,5266,5266,2021-12-31 20:51:22,App,Delivered
ORD000008558,4994,4994,2023-01-04 02:39:20,Web,Delivered
ORD000008559,1534,1534,2025-03-30 12:36:36,App,Delivered
ORD000008560,1109,1109,2024-10-16 04:00:44,App,Shipped
ORD000008561,1587,1587,2025-12-11 09:18:04,App,Delivered
ORD000008562,3862,3862,2024-10-19 06:43:28,App,Delivered
ORD000008563,5129,5129,2025-08-20 07:42:38,App,Delivered
ORD000008564,4955,4955,2026-01-07 09:10:42,App,Delivered
ORD000008565,1113,1113,2024-05-01 14:41:45,Web,Returned
ORD000008566,1113,1113,2023-06-23 05:21:12,App,Placed
ORD000008567,2267,2267,2023-01-14 00:56:42,App,Delivered
ORD000008568,2890,2890,2023-09-13 14:05:53,App,Delivered
ORD000008569,350,350,2022-02-24 06:33:59,App,Cancelled
ORD000008570,3963,3963,2022-12-28 05:17:29,Web,Shipped
ORD000008571,1924,1924,2022-02-23 06:17:33,Store,Cancelled
ORD000008572,4501,4501,2022-09-17 22:47:57,Web,Placed
ORD000008573,43,43,2021-06-16 16:14:30,App,Delivered
ORD000008574,3546,3546,2024-11-08 02:46:58,App,Placed
ORD000008575,5878,5878,2022-07-12 01:48:45,App,Shipped
ORD000008576,2306,2306,2024-11-03 11:53:30,App,Delivered
ORD000008577,5975,5975,2026-01-06 17:25:12,App,Placed
ORD000008578,852,852,2025-06-17 20:11:27,Web,Delivered
ORD000008579,5165,5165,2025-03-07 07:48:17,Web,Placed
ORD000008580,3393,3393,2025-04-22 16:28:04,App,Delivered
ORD000008581,5110,5110,2023-07-22 10:58:37,Web,Delivered
ORD000008582,5314,5314,2025-10-26 07:05:23,App,Delivered
ORD000008583,5638,5638,2025-08-28 11:37:49,Web,Delivered
ORD000008584,1287,1287,2023-06-22 04:03:27,App,Delivered
ORD000008585,2483,2483,2021-10-05 17:32:38,App,Delivered
ORD000008586,3780,3780,2023-03-15 21:21:52,App,Delivered
ORD000008587,4626,4626,2025-03-27 03:31:19,Web,Delivered
ORD000008588,3369,3369,2024-08-05 00:58:48,Web,Delivered
ORD000008589,3691,3691,2022-12-26 14:33:04,App,Placed
ORD000008590,2117,2117,2022-12-26 00:46:13,App,Placed
ORD000008591,1049,1049,2024-09-21 16:44:54,App,Delivered
ORD000008592,2616,2616,2025-12-31 01:26:41,App,Delivered
ORD000008593,513,513,2025-05-05 08:59:43,Web,Returned
ORD000008594,183,183,2022-07-06 18:51:50,Web,Delivered
ORD000008595,2102,2102,2025-12-11 03:36:48,Web,Placed
ORD000008596,1105,1105,2021-05-28 06:03:16,Web,Delivered
ORD000008597,160,160,2021-04-30 01:29:15,Web,Delivered
ORD000008598,3458,3458,2022-06-15 16:22:42,Web,Delivered
ORD000008599,5569,5569,2024-07-23 22:52:28,App,Delivered
ORD000008600,738,738,2021-05-13 00:22:39,Web,Placed
ORD000008601,2312,2312,2024-11-01 09:23:38,App,Delivered
ORD000008602,2669,2669,2022-07-02 01:45:22,Web,Returned
ORD000008603,3054,3054,2024-07-10 00:41:13,App,Shipped
ORD000008604,3381,3381,2024-10-29 10:06:49,Web,Delivered
ORD000008605,3116,3116,2021-11-10 13:59:35,Web,Delivered
ORD000008606,201,201,2025-02-21 01:03:31,Web,Shipped
ORD000008607,1308,1308,2021-12-27 18:48:29,Store,Shipped
ORD000008608,2195,2195,2022-05-01 15:10:08,App,Delivered
ORD000008609,5560,5560,2023-06-14 15:29:39,App,Cancelled
ORD000008610,3476,3476,2023-05-12 12:48:21,Store,Delivered
ORD000008611,4807,4807,2024-05-28 18:11:43,App,Shipped
ORD000008612,4090,4090,2021-08-21 06:00:42,Web,Delivered
ORD000008613,1770,1770,2021-12-02 11:47:56,App,Shipped
ORD000008614,3256,3256,2024-10-21 16:44:53,App,Delivered
ORD000008615,2595,2595,2026-01-03 21:50:13,App,Delivered
ORD000008616,1939,1939,2023-10-22 18:11:39,Web,Delivered
ORD000008617,1233,1233,2024-06-04 06:12:54,App,Cancelled
ORD000008618,4968,4968,2025-03-04 16:44:16,App,Placed
ORD000008619,575,575,2024-05-21 04:40:06,App,Delivered
ORD000008620,82,82,2024-05-09 23:51:15,App,Delivered
ORD000008621,263,263,2023-03-25 22:57:09,App,Delivered
ORD000008622,3839,3839,2021-12-16 14:27:01,App,Delivered
ORD000008623,2971,2971,2025-09-17 03:35:52,App,Placed
ORD000008624,286,286,2025-12-15 22:37:07,App,Delivered
ORD000008625,23,23,2025-12-26 16:56:19,Web,Delivered
ORD000008626,3668,3668,2025-03-07 20:30:57,App,Cancelled
ORD000008627,3991,3991,2026-01-01 23:40:31,Web,Placed
ORD000008628,3546,3546,2023-12-04 04:07:36,Web,Delivered
ORD000008629,4302,4302,2022-12-27 13:26:06,App,Delivered
ORD000008630,1456,1456,2025-11-07 00:32:47,Web,Delivered
ORD000008631,95,95,2022-04-20 16:06:00,Web,Returned
ORD000008632,2523,2523,2025-06-14 19:02:01,Web,Delivered
ORD000008633,5496,5496,2023-06-04 05:44:38,Web,Shipped
ORD000008634,137,137,2024-06-15 10:42:05,App,Delivered
ORD000008635,2038,2038,2021-05-15 06:38:21,Web,Returned
ORD000008636,2250,2250,2025-12-23 02:10:52,App,Delivered
ORD000008637,5039,5039,2024-04-07 19:14:09,App,Delivered
ORD000008638,3671,3671,2025-11-20 07:18:35,App,Returned
ORD000008639,4170,4170,2025-06-09 04:40:34,Web,Delivered
ORD000008640,1346,1346,2023-01-12 19:38:18,App,Delivered
ORD000008641,4645,4645,2024-12-29 12:43:37,App,Delivered
ORD000008642,2685,2685,2025-01-03 13:48:01,Web,Returned
ORD000008643,1000,1000,2024-09-11 15:14:51,App,Delivered
ORD000008644,3238,3238,2023-09-13 15:04:37,App,Delivered
ORD000008645,1025,1025,2022-07-01 00:21:15,App,Placed
ORD000008646,5458,5458,2023-05-10 15:09:29,App,Returned
ORD000008647,4387,4387,2025-08-22 20:01:55,App,Placed
ORD000008648,4167,4167,2023-04-21 19:41:39,Store,Shipped
ORD000008649,4204,4204,2022-02-27 06:07:14,App,Delivered
ORD000008650,2646,2646,2024-08-08 14:18:37,Web,Delivered
ORD000008651,5301,5301,2023-05-19 06:12:15,App,Placed
ORD000008652,3097,3097,2021-04-11 10:32:18,Web,Placed
ORD000008653,1834,1834,2023-05-02 03:46:54,App,Shipped
ORD000008654,5385,5385,2022-11-28 15:00:35,App,Placed
ORD000008655,2251,2251,2026-01-01 07:02:43,Web,Returned
ORD000008656,3635,3635,2025-01-06 07:31:11,Web,Delivered
ORD000008657,1499,1499,2026-02-08 10:45:56,Web,Cancelled
ORD000008658,5340,5340,2024-05-22 00:44:18,Web,Delivered
ORD000008659,569,569,2024-05-21 02:25:41,App,Delivered
ORD000008660,5202,5202,2023-11-10 20:40:32,App,Delivered
ORD000008661,4260,4260,2025-11-01 10:47:39,App,Delivered
ORD000008662,5026,5026,2022-01-12 05:00:52,App,Delivered
ORD000008663,1293,1293,2025-11-30 05:18:55,Web,Returned
ORD000008664,5303,5303,2023-05-16 16:29:46,Web,Delivered
ORD000008665,4276,4276,2023-06-07 20:48:26,App,Delivered
ORD000008666,2646,2646,2021-11-08 05:53:42,App,Placed
ORD000008667,472,472,2022-03-01 14:13:39,App,Delivered
ORD000008668,5231,5231,2024-02-15 04:38:42,App,Shipped
ORD000008669,3622,3622,2023-11-25 10:56:14,Web,Returned
ORD000008670,532,532,2024-01-30 02:36:56,App,Delivered
ORD000008671,1990,1990,2023-12-09 06:39:31,App,Shipped
ORD000008672,609,609,2021-12-25 06:13:03,Web,Delivered
ORD000008673,1083,1083,2024-08-19 06:52:57,Web,Delivered
ORD000008674,975,975,2023-01-26 15:22:40,Web,Shipped
ORD000008675,975,975,2023-06-01 10:01:46,Web,Placed
ORD000008676,4320,4320,2025-11-05 12:25:55,Web,Placed
ORD000008677,3982,3982,2025-04-15 03:33:47,Web,Delivered
ORD000008678,4285,4285,2021-06-28 21:59:47,Web,Delivered
ORD000008679,4155,4155,2021-07-18 06:54:38,App,Returned
ORD000008680,5128,5128,2023-04-18 21:11:01,Web,Delivered
ORD000008681,1508,1508,2026-01-19 08:15:20,Web,Delivered
ORD000008682,4921,4921,2023-05-27 15:18:50,App,Delivered
ORD000008683,4502,4502,2023-05-14 03:33:51,App,Delivered
ORD000008684,614,614,2022-04-15 22:52:23,App,Delivered
ORD000008685,5972,5972,2023-06-20 05:06:27,App,Cancelled
ORD000008686,3544,3544,2022-10-09 06:15:55,Web,Delivered
ORD000008687,5141,5141,2024-09-19 06:14:06,App,Delivered
ORD000008688,384,384,2025-02-24 02:31:08,Store,Returned
ORD000008689,412,412,2023-02-23 06:19:32,App,Delivered
ORD000008690,3377,3377,2021-07-17 14:47:50,App,Placed
ORD000008691,2776,2776,2023-10-18 04:38:16,App,Delivered
ORD000008692,2284,2284,2021-04-27 22:31:51,App,Delivered
ORD000008693,663,663,2021-10-19 03:23:08,Web,Returned
ORD000008694,5700,5700,2024-05-16 12:28:33,App,Delivered
ORD000008695,4142,4142,2024-02-19 19:40:33,App,Placed
ORD000008696,4036,4036,2022-08-25 03:01:05,Web,Delivered
ORD000008697,222,222,2021-06-14 23:31:28,App,Delivered
ORD000008698,752,752,2021-04-14 04:21:30,Web,Delivered
ORD000008699,3167,3167,2023-05-24 02:47:24,Web,Shipped
ORD000008700,4914,4914,2022-08-19 10:18:39,Web,Delivered
ORD000008701,3155,3155,2022-06-06 02:08:06,App,Delivered
ORD000008702,1269,1269,2023-01-29 09:11:53,App,Shipped
ORD000008703,4106,4106,2025-07-03 14:08:38,Web,Delivered
ORD000008704,2137,2137,2022-06-17 10:13:53,App,Delivered
ORD000008705,2374,2374,2022-03-17 07:46:03,Web,Shipped
ORD000008706,2334,2334,2024-09-23 07:38:13,App,Returned
ORD000008707,215,215,2022-03-09 21:59:17,App,Delivered
ORD000008708,996,996,2024-08-11 13:44:39,App,Delivered
ORD000008709,1872,1872,2025-03-26 04:12:04,App,Delivered
ORD000008710,5192,5192,2021-08-13 11:10:49,Web,Shipped
ORD000008711,5328,5328,2021-09-26 08:45:23,App,Shipped
ORD000008712,3211,3211,2024-07-23 19:18:17,Store,Placed
ORD000008713,3451,3451,2025-05-09 14:29:35,Web,Delivered
ORD000008714,1665,1665,2025-06-16 05:16:36,Web,Delivered
ORD000008715,982,982,2023-12-21 06:54:31,App,Delivered
ORD000008716,402,402,2023-09-24 22:33:52,App,Shipped
ORD000008717,612,612,2024-05-15 05:20:50,App,Placed
ORD000008718,4925,4925,2023-08-25 21:01:00,App,Delivered
ORD000008719,906,906,2021-08-07 20:05:57,App,Delivered
ORD000008720,4453,4453,2023-07-17 13:23:21,App,Returned
ORD000008721,5436,5436,2023-02-13 08:28:09,App,Delivered
ORD000008722,1906,1906,2025-07-09 01:11:39,App,Delivered
ORD000008723,5219,5219,2021-04-11 21:10:42,App,Placed
ORD000008724,4361,4361,2021-07-04 14:49:24,App,Delivered
ORD000008725,5875,5875,2025-09-30 04:01:05,Web,Delivered
ORD000008726,4096,4096,2025-06-20 14:19:20,App,Placed
ORD000008727,1107,1107,2025-07-03 01:55:08,App,Delivered
ORD000008728,5925,5925,2023-01-17 08:05:20,Store,Delivered
ORD000008729,5702,5702,2021-09-07 20:53:32,Web,Delivered
ORD000008730,228,228,2024-06-05 05:17:36,App,Delivered
ORD000008731,1989,1989,2023-04-02 00:11:39,Web,Placed
ORD000008732,2179,2179,2021-12-30 15:25:19,App,Cancelled
ORD000008733,5688,5688,2025-08-27 07:27:49,App,Delivered
ORD000008734,4008,4008,2024-07-31 17:39:25,App,Placed
ORD000008735,4641,4641,2025-10-08 22:34:27,App,Returned
ORD000008736,244,244,2021-03-01 04:37:10,App,Delivered
ORD000008737,1250,1250,2025-03-25 17:34:29,App,Returned
ORD000008738,444,444,2025-12-19 19:12:56,App,Shipped
ORD000008739,615,615,2023-11-09 13:45:09,Web,Placed
ORD000008740,3781,3781,2026-02-07 01:45:22,Web,Delivered
ORD000008741,5933,5933,2023-02-26 21:56:14,Web,Returned
ORD000008742,825,825,2022-09-04 22:40:38,Web,Placed
ORD000008743,3533,3533,2021-11-12 15:48:21,Web,Delivered
ORD000008744,936,936,2021-04-02 05:55:48,App,Placed
ORD000008745,1745,1745,2022-02-09 01:53:55,Store,Delivered
ORD000008746,4478,4478,2024-10-29 17:25:20,App,Delivered
ORD000008747,2687,2687,2024-12-16 06:36:22,Web,Delivered
ORD000008748,522,522,2023-11-27 16:14:19,App,Delivered
ORD000008749,4938,4938,2022-10-07 07:29:11,App,Returned
ORD000008750,5698,5698,2024-12-10 00:46:03,App,Delivered
ORD000008751,1877,1877,2022-11-09 07:45:45,App,Delivered
ORD000008752,4033,4033,2021-10-13 15:57:17,Web,Returned
ORD000008753,2206,2206,2024-10-28 06:12:34,App,Shipped
ORD000008754,547,547,2026-02-08 07:04:55,App,Delivered
ORD000008755,2554,2554,2022-07-25 15:13:48,App,Delivered
ORD000008756,2869,2869,2021-12-23 21:51:02,App,Delivered
ORD000008757,167,167,2025-11-20 04:33:10,Web,Delivered
ORD000008758,2070,2070,2023-05-16 13:51:57,App,Delivered
ORD000008759,4944,4944,2023-04-03 00:52:09,App,Cancelled
ORD000008760,2936,2936,2021-06-21 21:03:37,App,Delivered
ORD000008761,17,17,2026-01-09 15:31:03,Web,Delivered
ORD000008762,2707,2707,2024-05-10 21:06:36,App,Delivered
ORD000008763,2810,2810,2024-02-19 06:45:27,App,Delivered
ORD000008764,4351,4351,2021-12-20 14:54:44,App,Delivered
ORD000008765,3260,3260,2023-04-08 03:32:43,App,Delivered
ORD000008766,328,328,2025-10-05 12:34:34,App,Delivered
ORD000008767,3452,3452,2025-08-27 19:52:38,App,Delivered
ORD000008768,1998,1998,2025-02-20 03:48:29,App,Delivered
ORD000008769,346,346,2021-07-09 14:31:59,Web,Placed
ORD000008770,5593,5593,2024-02-03 12:58:26,Web,Returned
ORD000008771,2355,2355,2022-07-05 01:43:55,App,Delivered
ORD000008772,4272,4272,2026-01-03 15:11:01,Web,Shipped
ORD000008773,544,544,2024-07-28 15:54:10,Web,Shipped
ORD000008774,2383,2383,2023-11-29 14:33:41,App,Delivered
ORD000008775,3451,3451,2022-03-24 04:46:52,App,Cancelled
ORD000008776,3706,3706,2022-03-03 09:55:35,App,Delivered
ORD000008777,2749,2749,2022-05-05 10:15:41,Web,Shipped
ORD000008778,1357,1357,2025-05-02 03:08:14,Web,Delivered
ORD000008779,5260,5260,2023-10-25 09:48:45,Web,Returned
ORD000008780,1807,1807,2025-10-30 00:44:13,App,Delivered
ORD000008781,5405,5405,2021-08-24 23:57:42,App,Delivered
ORD000008782,1367,1367,2023-08-09 19:59:22,Web,Shipped
ORD000008783,2854,2854,2022-09-26 15:42:37,App,Returned
ORD000008784,186,186,2024-02-02 19:33:50,App,Returned
ORD000008785,4206,4206,2022-10-12 12:58:38,App,Delivered
ORD000008786,767,767,2025-05-13 02:01:24,Web,Delivered
ORD000008787,35,35,2023-04-02 05:42:29,App,Placed
ORD000008788,3916,3916,2021-07-09 21:45:27,App,Delivered
ORD000008789,5342,5342,2021-08-10 21:12:26,Web,Placed
ORD000008790,1646,1646,2021-05-28 23:56:35,App,Returned
ORD000008791,3586,3586,2024-12-20 19:17:30,App,Cancelled
ORD000008792,5866,5866,2025-07-13 09:40:04,Web,Delivered
ORD000008793,798,798,2021-05-21 08:07:03,App,Delivered
ORD000008794,4106,4106,2025-12-21 10:09:07,Web,Delivered
ORD000008795,3657,3657,2024-09-23 23:13:47,App,Cancelled
ORD000008796,1660,1660,2024-03-24 08:37:07,Web,Placed
ORD000008797,38,38,2023-05-04 14:49:13,App,Delivered
ORD000008798,1979,1979,2025-06-22 13:45:46,App,Delivered
ORD000008799,887,887,2025-04-12 18:15:10,App,Delivered
ORD000008800,5283,5283,2022-07-15 18:20:52,App,Shipped
ORD000008801,2730,2730,2024-02-10 11:07:45,Web,Delivered
ORD000008802,3455,3455,2023-05-27 18:28:23,App,Shipped
ORD000008803,4675,4675,2022-02-08 19:46:53,Web,Delivered
ORD000008804,3361,3361,2021-08-04 18:53:28,App,Delivered
ORD000008805,2664,2664,2023-07-01 10:02:44,Web,Delivered
ORD000008806,4237,4237,2021-04-08 17:49:17,Web,Delivered
ORD000008807,4299,4299,2023-03-07 17:23:55,App,Delivered
ORD000008808,5608,5608,2024-12-12 11:37:45,App,Placed
ORD000008809,3476,3476,2024-04-03 17:46:08,App,Cancelled
ORD000008810,2850,2850,2023-12-21 21:19:19,App,Delivered
ORD000008811,3378,3378,2025-11-01 16:32:29,App,Delivered
ORD000008812,5042,5042,2021-11-23 15:35:38,Web,Delivered
ORD000008813,2185,2185,2022-12-05 04:27:28,App,Cancelled
ORD000008814,4871,4871,2022-07-07 22:43:46,App,Delivered
ORD000008815,5001,5001,2022-04-20 09:43:28,App,Shipped
ORD000008816,4714,4714,2024-11-12 09:13:41,Web,Placed
ORD000008817,5018,5018,2023-05-01 06:44:03,App,Delivered
ORD000008818,5893,5893,2025-01-29 11:56:19,Web,Delivered
ORD000008819,2673,2673,2024-08-16 21:45:40,App,Shipped
ORD000008820,1140,1140,2022-03-12 04:35:26,App,Returned
ORD000008821,4234,4234,2024-12-27 02:07:45,App,Returned
ORD000008822,2463,2463,2023-08-01 10:06:37,App,Delivered
ORD000008823,3233,3233,2024-03-10 17:32:47,App,Shipped
ORD000008824,2668,2668,2023-02-02 05:31:38,Web,Delivered
ORD000008825,248,248,2022-03-03 06:25:34,Web,Returned
ORD000008826,526,526,2022-09-29 15:24:09,App,Delivered
ORD000008827,5710,5710,2022-05-27 02:51:29,Web,Returned
ORD000008828,4321,4321,2022-09-16 16:56:59,App,Placed
ORD000008829,1145,1145,2021-04-11 05:27:03,App,Returned
ORD000008830,4831,4831,2025-07-23 16:24:42,App,Delivered
ORD000008831,4817,4817,2024-09-04 17:48:57,Web,Shipped
ORD000008832,463,463,2024-06-01 18:38:29,App,Delivered
ORD000008833,2964,2964,2022-06-12 01:00:44,App,Delivered
ORD000008834,4117,4117,2021-08-27 13:57:55,App,Shipped
ORD000008835,5917,5917,2024-06-10 06:49:21,App,Delivered
ORD000008836,1979,1979,2025-10-29 09:10:12,Web,Delivered
ORD000008837,3401,3401,2024-02-25 07:52:48,Web,Delivered
ORD000008838,4544,4544,2025-05-07 21:45:42,Store,Delivered
ORD000008839,1964,1964,2022-12-10 22:57:12,Web,Delivered
ORD000008840,4351,4351,2024-01-12 09:58:58,App,Returned
ORD000008841,1186,1186,2024-09-27 03:13:57,App,Delivered
ORD000008842,303,303,2024-09-23 04:33:33,App,Delivered
ORD000008843,5884,5884,2021-07-13 16:10:06,App,Delivered
ORD000008844,777,777,2021-07-19 15:19:46,App,Delivered
ORD000008845,3260,3260,2021-10-13 22:37:28,Web,Cancelled
ORD000008846,624,624,2024-09-09 02:28:06,App,Placed
ORD000008847,5150,5150,2025-05-16 17:08:21,Web,Shipped
ORD000008848,3857,3857,2021-12-15 02:52:42,Web,Delivered
ORD000008849,1460,1460,2021-06-18 01:03:42,Web,Placed
ORD000008850,3387,3387,2023-02-24 01:16:47,App,Delivered
ORD000008851,4776,4776,2025-02-14 15:21:59,App,Returned
ORD000008852,480,480,2023-08-15 11:23:41,Web,Placed
ORD000008853,4231,4231,2022-08-18 04:52:57,App,Delivered
ORD000008854,1062,1062,2021-04-23 20:54:15,App,Returned
ORD000008855,288,288,2024-09-21 11:37:07,App,Delivered
ORD000008856,5189,5189,2025-11-02 14:15:19,App,Cancelled
ORD000008857,3640,3640,2023-07-01 17:53:40,App,Returned
ORD000008858,1144,1144,2022-03-03 19:35:51,App,Returned
ORD000008859,1424,1424,2021-08-16 15:08:44,App,Delivered
ORD000008860,5005,5005,2023-04-01 23:57:06,App,Delivered
ORD000008861,658,658,2025-09-09 12:39:13,Web,Delivered
ORD000008862,3086,3086,2024-10-28 11:56:03,App,Delivered
ORD000008863,1740,1740,2024-02-13 23:19:44,App,Delivered
ORD000008864,5718,5718,2025-01-25 12:26:36,Web,Delivered
ORD000008865,2517,2517,2025-12-08 14:29:46,Web,Delivered
ORD000008866,4989,4989,2025-03-04 19:27:25,Web,Delivered
ORD000008867,2202,2202,2025-08-12 01:45:55,App,Delivered
ORD000008868,5290,5290,2023-04-08 20:01:27,App,Delivered
ORD000008869,679,679,2025-05-24 07:02:15,Web,Delivered
ORD000008870,3458,3458,2023-10-24 23:32:17,App,Delivered
ORD000008871,2745,2745,2023-11-27 15:11:10,App,Delivered
ORD000008872,2354,2354,2025-04-25 20:22:36,App,Delivered
ORD000008873,1649,1649,2026-02-01 00:05:38,App,Delivered
ORD000008874,1680,1680,2023-11-19 19:17:00,Web,Delivered
ORD000008875,5003,5003,2021-02-24 16:53:17,App,Delivered
ORD000008876,5331,5331,2023-10-13 06:02:18,App,Placed
ORD000008877,3967,3967,2023-11-18 07:27:35,App,Delivered
ORD000008878,5823,5823,2025-03-26 21:59:33,App,Delivered
ORD000008879,2742,2742,2022-03-31 14:57:34,App,Delivered
ORD000008880,5575,5575,2022-09-10 23:11:00,Web,Placed
ORD000008881,5787,5787,2025-07-17 02:30:51,App,Delivered
ORD000008882,854,854,2023-07-09 19:01:34,Store,Delivered
ORD000008883,593,593,2024-12-19 03:40:56,Web,Shipped
ORD000008884,3407,3407,2021-04-19 01:15:01,App,Returned
ORD000008885,2953,2953,2023-02-17 21:01:24,Store,Returned
ORD000008886,5064,5064,2022-10-20 16:01:24,Web,Shipped
ORD000008887,1020,1020,2025-07-12 06:20:12,App,Delivered
ORD000008888,4994,4994,2024-09-02 09:59:53,App,Delivered
ORD000008889,1585,1585,2022-09-22 10:37:47,App,Delivered
ORD000008890,4912,4912,2024-01-24 22:47:38,Web,Delivered
ORD000008891,2615,2615,2025-03-23 03:57:07,Web,Delivered
ORD000008892,1872,1872,2024-07-11 01:09:25,App,Returned
ORD000008893,1091,1091,2025-10-05 04:25:04,Web,Delivered
ORD000008894,627,627,2022-03-15 04:35:04,Web,Delivered
ORD000008895,4208,4208,2022-09-14 00:41:01,Web,Delivered
ORD000008896,4767,4767,2023-08-18 01:00:33,App,Placed
ORD000008897,3179,3179,2025-07-28 00:58:09,Web,Shipped
ORD000008898,26,26,2021-12-16 17:12:36,App,Placed
ORD000008899,3049,3049,2021-11-29 12:20:27,Web,Placed
ORD000008900,622,622,2022-11-22 14:06:03,App,Placed
ORD000008901,5186,5186,2024-09-17 10:51:54,App,Placed
ORD000008902,3486,3486,2022-06-16 22:44:02,Web,Delivered
ORD000008903,717,717,2025-09-07 20:52:36,App,Delivered
ORD000008904,2661,2661,2023-10-17 00:43:50,Web,Delivered
ORD000008905,1742,1742,2023-08-16 02:16:01,App,Shipped
ORD000008906,3073,3073,2025-03-10 02:25:00,App,Cancelled
ORD000008907,3734,3734,2026-01-07 08:43:43,Web,Placed
ORD000008908,4465,4465,2021-07-23 05:23:40,App,Delivered
ORD000008909,2775,2775,2022-05-30 21:02:27,App,Delivered
ORD000008910,1846,1846,2025-04-15 11:58:25,App,Delivered
ORD000008911,4238,4238,2025-11-04 06:26:56,Web,Shipped
ORD000008912,14,14,2023-08-15 13:55:19,App,Delivered
ORD000008913,2759,2759,2024-05-01 05:13:45,App,Placed
ORD000008914,531,531,2023-08-03 19:25:43,App,Delivered
ORD000008915,2879,2879,2023-09-11 20:19:30,Web,Placed
ORD000008916,3405,3405,2021-03-27 02:28:22,Web,Returned
ORD000008917,438,438,2022-07-13 19:34:25,App,Cancelled
ORD000008918,383,383,2023-09-04 22:03:24,Web,Delivered
ORD000008919,5011,5011,2021-12-12 00:42:06,App,Shipped
ORD000008920,1290,1290,2023-05-26 15:52:35,App,Cancelled
ORD000008921,2853,2853,2023-05-12 21:55:11,Store,Delivered
ORD000008922,5069,5069,2022-09-03 07:17:35,App,Delivered
ORD000008923,5777,5777,2023-11-23 14:03:00,App,Delivered
ORD000008924,2038,2038,2024-08-04 15:06:03,App,Delivered
ORD000008925,3717,3717,2024-03-21 00:35:57,Web,Delivered
ORD000008926,2453,2453,2025-02-08 00:55:39,Web,Delivered
ORD000008927,886,886,2024-02-08 14:28:28,App,Cancelled
ORD000008928,3495,3495,2024-09-02 05:32:45,Web,Returned
ORD000008929,5780,5780,2021-06-09 01:10:11,Web,Returned
ORD000008930,3015,3015,2025-12-05 22:31:44,Web,Returned
ORD000008931,3983,3983,2025-04-11 17:51:05,App,Delivered
ORD000008932,4175,4175,2023-11-12 16:25:29,App,Delivered
ORD000008933,309,309,2021-02-14 08:14:19,Store,Placed
ORD000008934,727,727,2024-09-04 00:15:29,App,Delivered
ORD000008935,3105,3105,2023-01-24 10:55:54,App,Delivered
ORD000008936,2938,2938,2025-05-04 01:06:07,App,Delivered
ORD000008937,5548,5548,2023-02-13 13:15:49,App,Delivered
ORD000008938,5826,5826,2022-10-23 12:23:40,App,Delivered
ORD000008939,1714,1714,2021-09-16 16:27:39,App,Shipped
ORD000008940,3872,3872,2021-07-18 23:49:45,Web,Delivered
ORD000008941,5455,5455,2025-04-01 17:09:34,App,Returned
ORD000008942,713,713,2024-04-23 23:54:28,App,Returned
ORD000008943,951,951,2024-11-21 08:39:10,App,Delivered
ORD000008944,1436,1436,2025-06-28 07:46:33,App,Delivered
ORD000008945,4566,4566,2022-06-20 14:26:39,Web,Delivered
ORD000008946,1539,1539,2024-11-13 10:24:05,App,Delivered
ORD000008947,2613,2613,2023-01-03 06:15:15,Web,Delivered
ORD000008948,5034,5034,2025-03-31 17:37:09,Web,Returned
ORD000008949,2169,2169,2022-06-30 16:15:00,App,Delivered
ORD000008950,2198,2198,2022-06-05 00:37:14,Web,Delivered
ORD000008951,2201,2201,2022-10-10 03:26:43,App,Delivered
ORD000008952,5849,5849,2021-09-04 01:33:54,Web,Delivered
ORD000008953,3052,3052,2024-04-09 00:33:09,Web,Shipped
ORD000008954,1671,1671,2022-06-22 23:14:38,Web,Shipped
ORD000008955,5376,5376,2022-02-24 13:00:52,Web,Delivered
ORD000008956,4670,4670,2023-12-29 05:40:01,Web,Returned
ORD000008957,3135,3135,2024-02-03 11:39:53,App,Shipped
ORD000008958,3365,3365,2024-08-10 13:37:27,Web,Delivered
ORD000008959,2116,2116,2024-10-17 15:02:45,App,Delivered
ORD000008960,225,225,2021-06-10 00:27:04,App,Returned
ORD000008961,847,847,2023-08-12 12:37:22,App,Delivered
ORD000008962,5436,5436,2025-07-15 20:48:42,Store,Delivered
ORD000008963,4070,4070,2022-02-01 01:29:39,App,Delivered
ORD000008964,2957,2957,2024-06-13 22:52:23,Web,Shipped
ORD000008965,4388,4388,2023-06-17 04:01:19,Store,Delivered
ORD000008966,2262,2262,2026-02-03 13:58:14,App,Delivered
ORD000008967,1584,1584,2023-05-19 01:47:51,App,Delivered
ORD000008968,971,971,2025-09-11 06:13:09,App,Placed
ORD000008969,3973,3973,2025-06-02 06:03:45,App,Delivered
ORD000008970,1217,1217,2021-11-18 14:02:35,Store,Delivered
ORD000008971,5107,5107,2025-08-16 17:42:43,App,Delivered
ORD000008972,1639,1639,2025-08-20 04:10:26,Web,Delivered
ORD000008973,5554,5554,2023-09-28 05:49:07,Web,Delivered
ORD000008974,2122,2122,2022-02-28 22:53:06,Web,Delivered
ORD000008975,4721,4721,2026-01-15 07:18:16,Web,Placed
ORD000008976,2712,2712,2021-12-25 04:23:40,Web,Delivered
ORD000008977,1287,1287,2025-08-04 16:31:12,Web,Cancelled
ORD000008978,3158,3158,2026-01-03 10:51:38,Web,Delivered
ORD000008979,58,58,2023-07-28 11:02:56,App,Returned
ORD000008980,1685,1685,2021-05-20 13:26:12,App,Delivered
ORD000008981,3489,3489,2025-08-17 02:16:27,Web,Placed
ORD000008982,1305,1305,2022-09-04 21:46:44,Web,Delivered
ORD000008983,1631,1631,2023-11-23 18:49:55,Web,Delivered
ORD000008984,4081,4081,2021-08-31 23:19:33,App,Shipped
ORD000008985,4304,4304,2024-11-23 12:50:36,Web,Delivered
ORD000008986,1167,1167,2025-06-22 17:54:49,App,Delivered
ORD000008987,413,413,2024-02-27 18:52:38,App,Shipped
ORD000008988,1619,1619,2021-11-27 17:31:52,Web,Delivered
ORD000008989,5172,5172,2022-12-30 21:41:48,Web,Delivered
ORD000008990,5137,5137,2022-12-05 03:10:56,App,Delivered
ORD000008991,2778,2778,2021-03-21 16:15:51,App,Shipped
ORD000008992,740,740,2022-11-14 10:27:41,Web,Delivered
ORD000008993,4900,4900,2024-02-27 09:51:54,Web,Cancelled
ORD000008994,4515,4515,2025-07-10 05:21:26,App,Delivered
ORD000008995,919,919,2022-04-21 16:35:50,Web,Placed
ORD000008996,2249,2249,2024-01-22 00:22:17,Web,Returned
ORD000008997,5562,5562,2023-06-27 17:12:41,App,Delivered
ORD000008998,4083,4083,2021-05-30 01:47:00,App,Returned
ORD000008999,5622,5622,2024-06-29 21:52:25,Web,Delivered
ORD000009000,4176,4176,2022-09-11 11:18:38,App,Shipped
ORD000009001,1504,1504,2024-03-05 19:17:36,Web,Delivered
ORD000009002,3228,3228,2024-02-09 01:35:20,Web,Placed
ORD000009003,828,828,2025-12-06 15:13:18,Web,Delivered
ORD000009004,3232,3232,2022-04-04 01:09:52,App,Delivered
ORD000009005,2874,2874,2021-07-03 04:27:54,App,Delivered
ORD000009006,1618,1618,2021-11-19 23:55:03,App,Delivered
ORD000009007,5164,5164,2023-08-22 11:41:57,Web,Cancelled
ORD000009008,1186,1186,2024-01-16 12:31:24,App,Shipped
ORD000009009,5853,5853,2023-03-05 04:18:55,App,Delivered
ORD000009010,1685,1685,2021-05-12 17:17:50,Web,Delivered
ORD000009011,5756,5756,2023-12-03 13:38:01,Web,Returned
ORD000009012,510,510,2022-08-16 23:30:28,Web,Shipped
ORD000009013,5633,5633,2024-05-10 12:24:53,Web,Delivered
ORD000009014,695,695,2025-12-02 23:46:22,App,Placed
ORD000009015,3280,3280,2024-12-16 20:55:45,Web,Delivered
ORD000009016,4017,4017,2023-09-05 08:15:05,Web,Delivered
ORD000009017,5217,5217,2025-06-15 18:25:25,App,Delivered
ORD000009018,2069,2069,2025-01-23 00:33:22,App,Delivered
ORD000009019,5475,5475,2026-01-04 01:00:11,App,Delivered
ORD000009020,5625,5625,2022-12-03 14:49:08,Web,Placed
ORD000009021,5524,5524,2025-02-15 03:38:25,Web,Delivered
ORD000009022,1247,1247,2023-08-05 19:57:38,App,Delivered
ORD000009023,400,400,2025-12-31 23:59:39,App,Returned
ORD000009024,2608,2608,2025-01-14 04:13:52,Web,Placed
ORD000009025,4585,4585,2025-02-16 22:34:01,Web,Shipped
ORD000009026,288,288,2021-08-21 09:24:12,Web,Shipped
ORD000009027,1404,1404,2024-09-07 18:57:33,App,Delivered
ORD000009028,4533,4533,2023-07-10 17:52:11,App,Shipped
ORD000009029,2178,2178,2021-09-21 11:45:15,App,Returned
ORD000009030,441,441,2023-05-17 05:19:19,App,Delivered
ORD000009031,5613,5613,2021-10-16 06:48:32,App,Shipped
ORD000009032,4886,4886,2023-10-01 21:18:28,App,Delivered
ORD000009033,5093,5093,2025-04-04 08:09:35,App,Delivered
ORD000009034,1269,1269,2022-01-04 19:29:16,App,Returned
ORD000009035,2513,2513,2023-11-11 15:49:48,App,Returned
ORD000009036,186,186,2022-02-13 05:44:22,App,Cancelled
ORD000009037,4258,4258,2024-10-10 13:26:27,Web,Delivered
ORD000009038,3271,3271,2025-05-15 19:34:23,App,Delivered
ORD000009039,2449,2449,2021-12-24 12:50:22,App,Delivered
ORD000009040,3544,3544,2022-09-18 21:43:07,Web,Delivered
ORD000009041,1480,1480,2024-06-15 17:29:11,Web,Returned
ORD000009042,4887,4887,2024-11-01 19:45:15,App,Delivered
ORD000009043,3063,3063,2024-01-14 16:52:42,App,Delivered
ORD000009044,4641,4641,2025-01-07 08:28:53,Web,Delivered
ORD000009045,2461,2461,2025-01-10 12:55:50,App,Delivered
ORD000009046,2579,2579,2025-10-14 03:25:02,App,Shipped
ORD000009047,1145,1145,2023-05-22 19:40:22,Web,Returned
ORD000009048,4165,4165,2023-02-12 09:18:14,Web,Delivered
ORD000009049,5847,5847,2022-03-01 09:54:22,Web,Delivered
ORD000009050,635,635,2024-04-20 16:05:44,App,Delivered
ORD000009051,1304,1304,2022-05-22 22:07:55,App,Delivered
ORD000009052,4662,4662,2023-12-18 19:04:11,Web,Returned
ORD000009053,533,533,2024-04-23 08:46:59,Web,Shipped
ORD000009054,5729,5729,2021-09-04 06:08:12,App,Delivered
ORD000009055,1882,1882,2021-07-04 00:11:29,Web,Delivered
ORD000009056,2698,2698,2023-01-27 03:21:25,App,Placed
ORD000009057,4650,4650,2021-05-22 15:04:54,App,Delivered
ORD000009058,953,953,2023-05-02 00:05:15,App,Delivered
ORD000009059,2806,2806,2025-04-18 23:05:06,App,Returned
ORD000009060,5516,5516,2021-04-11 05:08:05,Web,Placed
ORD000009061,570,570,2022-04-15 02:00:25,Web,Shipped
ORD000009062,4524,4524,2025-03-26 01:54:05,Store,Delivered
ORD000009063,2823,2823,2021-07-26 09:05:19,App,Cancelled
ORD000009064,3216,3216,2022-06-30 10:27:59,Web,Cancelled
ORD000009065,980,980,2022-06-24 00:22:04,App,Delivered
ORD000009066,5213,5213,2024-07-12 11:57:00,App,Delivered
ORD000009067,4131,4131,2024-04-26 19:21:24,Web,Delivered
ORD000009068,3542,3542,2025-12-19 02:58:58,App,Delivered
ORD000009069,2574,2574,2023-05-15 05:28:17,Web,Shipped
ORD000009070,3387,3387,2023-03-11 08:05:39,App,Delivered
ORD000009071,3556,3556,2024-02-09 20:23:56,Web,Delivered
ORD000009072,2878,2878,2025-04-19 09:44:53,Web,Delivered
ORD000009073,1738,1738,2024-06-21 05:12:03,Web,Delivered
ORD000009074,2424,2424,2021-11-20 06:59:00,App,Delivered
ORD000009075,2882,2882,2023-06-01 23:06:23,Web,Delivered
ORD000009076,2704,2704,2021-09-25 15:46:15,App,Delivered
ORD000009077,5103,5103,2022-07-18 02:05:54,App,Delivered
ORD000009078,2536,2536,2022-07-25 20:31:57,App,Delivered
ORD000009079,3568,3568,2024-06-25 12:57:00,App,Placed
ORD000009080,5496,5496,2021-08-08 10:03:51,Web,Placed
ORD000009081,5419,5419,2021-02-22 09:38:53,Web,Delivered
ORD000009082,2401,2401,2024-09-03 09:28:23,App,Shipped
ORD000009083,4450,4450,2022-06-10 01:42:01,Store,Delivered
ORD000009084,3956,3956,2021-05-27 02:03:32,Web,Returned
ORD000009085,3553,3553,2024-08-03 01:04:48,App,Delivered
ORD000009086,979,979,2024-04-08 22:43:54,Web,Delivered
ORD000009087,5514,5514,2024-08-20 16:13:00,App,Delivered
ORD000009088,403,403,2024-08-22 05:29:28,Web,Returned
ORD000009089,2805,2805,2024-05-12 11:12:01,App,Shipped
ORD000009090,1515,1515,2025-09-13 00:18:08,App,Delivered
ORD000009091,1548,1548,2022-12-15 17:03:17,App,Returned
ORD000009092,394,394,2025-11-08 19:09:20,App,Delivered
ORD000009093,2631,2631,2025-05-06 08:30:33,Web,Shipped
ORD000009094,5816,5816,2023-08-08 04:12:41,Store,Delivered
ORD000009095,104,104,2023-05-03 07:15:21,App,Returned
ORD000009096,5106,5106,2023-01-26 20:26:37,App,Shipped
ORD000009097,1744,1744,2021-08-27 08:49:04,App,Delivered
ORD000009098,5345,5345,2022-10-12 14:10:52,Web,Shipped
ORD000009099,5437,5437,2022-05-09 02:18:44,App,Returned
ORD000009100,422,422,2022-04-07 04:48:34,Store,Delivered
ORD000009101,5293,5293,2025-12-24 07:30:20,Web,Returned
ORD000009102,4714,4714,2023-06-25 12:01:15,App,Returned
ORD000009103,5279,5279,2024-03-12 01:14:05,App,Delivered
ORD000009104,3178,3178,2021-09-07 20:40:17,Web,Returned
ORD000009105,3777,3777,2023-12-01 14:55:27,App,Placed
ORD000009106,4391,4391,2026-02-04 07:05:30,Web,Shipped
ORD000009107,276,276,2023-11-28 09:06:44,App,Delivered
ORD000009108,194,194,2022-01-26 09:18:57,App,Delivered
ORD000009109,4407,4407,2024-11-02 18:56:00,Web,Returned
ORD000009110,4716,4716,2021-10-18 08:44:50,App,Delivered
ORD000009111,1127,1127,2021-10-23 04:33:23,App,Delivered
ORD000009112,4019,4019,2023-01-19 21:39:13,App,Returned
ORD000009113,250,250,2022-05-22 22:24:41,App,Delivered
ORD000009114,3468,3468,2024-04-11 21:24:36,Web,Shipped
ORD000009115,2830,2830,2026-01-11 20:16:44,App,Delivered
ORD000009116,5052,5052,2022-10-30 02:35:11,App,Delivered
ORD000009117,4392,4392,2025-09-26 17:35:43,Web,Delivered
ORD000009118,238,238,2024-03-28 00:37:05,App,Delivered
ORD000009119,3721,3721,2023-03-01 07:25:18,App,Delivered
ORD000009120,4010,4010,2021-02-23 05:30:08,Web,Placed
ORD000009121,4906,4906,2022-04-22 19:25:11,Web,Cancelled
ORD000009122,2337,2337,2021-10-03 10:29:51,App,Delivered
ORD000009123,2585,2585,2023-01-20 22:19:37,Web,Delivered
ORD000009124,5750,5750,2024-09-24 23:11:00,App,Placed
ORD000009125,1766,1766,2022-02-26 05:54:09,Web,Delivered
ORD000009126,3918,3918,2021-06-30 20:01:29,App,Delivered
ORD000009127,4617,4617,2024-04-18 18:21:26,Web,Delivered
ORD000009128,1143,1143,2021-05-13 05:12:53,App,Delivered
ORD000009129,2167,2167,2025-07-19 18:12:26,App,Delivered
ORD000009130,1115,1115,2022-05-06 08:01:02,App,Delivered
ORD000009131,2220,2220,2023-08-21 09:44:27,App,Delivered
ORD000009132,4819,4819,2023-08-12 16:35:56,Web,Delivered
ORD000009133,1140,1140,2024-05-03 18:14:41,App,Returned
ORD000009134,5654,5654,2024-04-17 03:58:22,Web,Delivered
ORD000009135,4663,4663,2022-01-17 07:19:07,App,Shipped
ORD000009136,4572,4572,2022-01-03 08:27:37,Store,Returned
ORD000009137,3517,3517,2025-07-31 15:31:07,Web,Delivered
ORD000009138,1977,1977,2023-01-27 23:57:49,Web,Delivered
ORD000009139,1597,1597,2024-07-08 02:31:49,App,Delivered
ORD000009140,1146,1146,2024-03-21 20:12:23,App,Placed
ORD000009141,1628,1628,2021-09-24 08:41:33,App,Delivered
ORD000009142,1859,1859,2024-11-21 18:20:46,App,Delivered
ORD000009143,1246,1246,2021-05-07 14:01:42,App,Delivered
ORD000009144,1483,1483,2021-12-07 10:34:38,App,Placed
ORD000009145,5762,5762,2021-05-15 12:56:10,App,Delivered
ORD000009146,1522,1522,2021-05-27 22:08:06,App,Placed
ORD000009147,370,370,2025-07-28 18:13:48,Web,Delivered
ORD000009148,4856,4856,2022-12-13 07:42:51,App,Delivered
ORD000009149,3193,3193,2024-07-04 18:06:32,App,Shipped
ORD000009150,5321,5321,2024-02-06 18:50:42,App,Delivered
ORD000009151,3233,3233,2026-01-06 12:30:11,Web,Returned
ORD000009152,1786,1786,2021-08-21 17:56:49,App,Delivered
ORD000009153,575,575,2021-06-18 16:24:19,App,Delivered
ORD000009154,5505,5505,2022-08-19 16:26:39,Web,Returned
ORD000009155,3704,3704,2023-01-26 05:25:59,Web,Delivered
ORD000009156,5244,5244,2026-02-02 02:37:20,Store,Delivered
ORD000009157,4473,4473,2024-01-01 10:45:24,App,Delivered
ORD000009158,5478,5478,2024-12-27 01:40:48,App,Delivered
ORD000009159,2573,2573,2022-03-27 18:27:36,Web,Returned
ORD000009160,5906,5906,2025-09-29 04:56:14,Web,Delivered
ORD000009161,2116,2116,2025-03-26 08:02:14,App,Delivered
ORD000009162,1903,1903,2024-10-02 21:55:06,App,Delivered
ORD000009163,4080,4080,2021-11-24 09:00:16,App,Delivered
ORD000009164,1157,1157,2022-12-01 00:21:52,Web,Shipped
ORD000009165,1086,1086,2024-08-31 15:56:12,App,Cancelled
ORD000009166,161,161,2025-01-10 23:06:38,Web,Delivered
ORD000009167,759,759,2023-08-22 19:30:51,App,Delivered
ORD000009168,2749,2749,2023-09-22 20:10:14,App,Delivered
ORD000009169,5406,5406,2021-12-25 07:46:48,App,Delivered
ORD000009170,830,830,2021-09-22 18:11:43,Web,Delivered
ORD000009171,849,849,2025-03-18 06:12:59,App,Delivered
ORD000009172,1977,1977,2021-09-11 01:35:24,App,Delivered
ORD000009173,4345,4345,2024-08-05 21:42:25,App,Delivered
ORD000009174,5211,5211,2023-07-24 14:40:49,App,Delivered
ORD000009175,5127,5127,2021-12-13 15:27:53,Web,Delivered
ORD000009176,1530,1530,2026-01-06 11:43:28,App,Placed
ORD000009177,5441,5441,2022-06-22 21:45:31,App,Shipped
ORD000009178,2250,2250,2022-07-01 04:16:52,App,Delivered
ORD000009179,2893,2893,2025-04-05 13:09:58,App,Delivered
ORD000009180,3625,3625,2023-06-20 00:14:03,App,Delivered
ORD000009181,1678,1678,2024-09-27 20:14:49,App,Delivered
ORD000009182,5577,5577,2023-11-10 07:12:21,App,Returned
ORD000009183,4106,4106,2023-05-04 11:49:09,App,Delivered
ORD000009184,4811,4811,2023-04-13 13:58:29,Web,Returned
ORD000009185,4455,4455,2021-09-05 21:37:43,App,Placed
ORD000009186,1300,1300,2022-08-29 00:43:02,App,Delivered
ORD000009187,5977,5977,2022-07-28 00:33:56,Web,Delivered
ORD000009188,2172,2172,2025-07-21 12:07:21,App,Delivered
ORD000009189,630,630,2021-07-09 05:30:09,App,Returned
ORD000009190,4364,4364,2022-09-25 08:21:57,Web,Placed
ORD000009191,278,278,2023-02-05 22:15:43,App,Placed
ORD000009192,1024,1024,2022-03-18 10:51:53,App,Delivered
ORD000009193,4172,4172,2025-04-09 11:35:48,App,Delivered
ORD000009194,4622,4622,2023-09-06 19:45:55,App,Shipped
ORD000009195,4714,4714,2023-12-29 06:20:57,Web,Returned
ORD000009196,1200,1200,2025-08-31 18:13:30,Web,Placed
ORD000009197,1718,1718,2022-01-21 15:02:48,App,Delivered
ORD000009198,1981,1981,2025-05-22 04:30:51,Store,Delivered
ORD000009199,1591,1591,2022-05-01 20:44:44,App,Delivered
ORD000009200,270,270,2024-07-01 22:23:29,App,Delivered
ORD000009201,4098,4098,2024-01-28 10:18:06,App,Delivered
ORD000009202,5376,5376,2023-01-23 06:22:52,App,Shipped
ORD000009203,5634,5634,2021-03-01 04:27:11,App,Shipped
ORD000009204,2621,2621,2023-11-18 18:40:52,Web,Placed
ORD000009205,1387,1387,2021-08-20 15:56:27,App,Delivered
ORD000009206,5227,5227,2024-05-31 14:58:18,App,Placed
ORD000009207,5254,5254,2024-06-17 12:22:13,App,Delivered
ORD000009208,5529,5529,2026-01-03 16:47:55,App,Shipped
ORD000009209,5571,5571,2021-12-24 01:39:48,App,Returned
ORD000009210,535,535,2022-05-25 19:18:15,Web,Delivered
ORD000009211,1609,1609,2025-01-12 09:00:43,App,Delivered
ORD000009212,2399,2399,2021-05-18 21:24:48,App,Delivered
ORD000009213,4633,4633,2024-05-22 18:14:36,App,Delivered
ORD000009214,2915,2915,2023-03-29 17:42:37,App,Shipped
ORD000009215,5314,5314,2022-07-18 03:24:34,App,Returned
ORD000009216,5160,5160,2024-03-31 04:09:14,App,Shipped
ORD000009217,464,464,2023-11-29 00:06:53,App,Shipped
ORD000009218,23,23,2025-10-06 03:03:16,Web,Delivered
ORD000009219,689,689,2021-06-12 07:30:52,App,Returned
ORD000009220,4067,4067,2023-11-22 23:36:04,App,Delivered
ORD000009221,4224,4224,2022-01-13 21:58:35,App,Delivered
ORD000009222,1287,1287,2024-03-05 20:07:08,App,Returned
ORD000009223,3861,3861,2022-01-06 21:11:41,App,Delivered
ORD000009224,2083,2083,2025-12-06 15:32:31,Web,Returned
ORD000009225,2535,2535,2022-09-04 13:13:13,Web,Delivered
ORD000009226,4197,4197,2022-09-29 05:18:52,App,Delivered
ORD000009227,737,737,2021-09-12 19:36:26,Web,Returned
ORD000009228,4707,4707,2025-05-07 03:40:58,Web,Delivered
ORD000009229,5202,5202,2025-07-31 00:29:20,App,Delivered
ORD000009230,1341,1341,2025-05-26 01:56:30,Store,Delivered
ORD000009231,2378,2378,2022-08-28 05:13:19,Web,Delivered
ORD000009232,196,196,2022-09-20 13:11:38,Web,Shipped
ORD000009233,2462,2462,2021-02-17 02:08:29,App,Delivered
ORD000009234,5629,5629,2023-11-19 13:12:08,App,Delivered
ORD000009235,1505,1505,2022-07-29 18:01:21,App,Delivered
ORD000009236,2116,2116,2025-01-28 17:52:33,Web,Delivered
ORD000009237,5513,5513,2024-07-24 22:33:31,Web,Delivered
ORD000009238,5393,5393,2023-10-10 08:19:30,App,Placed
ORD000009239,5419,5419,2021-12-10 09:10:19,App,Placed
ORD000009240,2919,2919,2021-11-17 02:16:01,App,Delivered
ORD000009241,4025,4025,2024-10-11 09:15:38,App,Returned
ORD000009242,871,871,2024-09-23 03:24:19,Web,Shipped
ORD000009243,185,185,2025-02-15 23:07:47,Web,Delivered
ORD000009244,1690,1690,2023-02-15 03:42:01,Web,Delivered
ORD000009245,1213,1213,2021-10-15 17:58:39,Web,Shipped
ORD000009246,3646,3646,2024-10-25 07:44:27,App,Placed
ORD000009247,5139,5139,2021-10-07 09:15:51,App,Delivered
ORD000009248,498,498,2024-05-04 05:26:52,Web,Shipped
ORD000009249,1566,1566,2023-05-30 12:09:41,App,Delivered
ORD000009250,1663,1663,2026-01-02 05:28:22,App,Delivered
ORD000009251,218,218,2021-05-29 22:38:49,Web,Delivered
ORD000009252,4621,4621,2023-03-14 07:21:18,App,Delivered
ORD000009253,1362,1362,2022-07-30 04:38:22,App,Delivered
ORD000009254,4217,4217,2023-09-05 01:30:06,App,Delivered
ORD000009255,1506,1506,2022-12-15 03:18:39,Web,Placed
ORD000009256,2159,2159,2021-06-04 17:31:47,App,Delivered
ORD000009257,2057,2057,2025-02-16 03:50:02,App,Delivered
ORD000009258,4318,4318,2023-03-16 15:53:41,Web,Delivered
ORD000009259,797,797,2025-04-03 20:33:00,Web,Delivered
ORD000009260,4957,4957,2023-10-31 00:29:51,App,Placed
ORD000009261,4051,4051,2023-10-17 01:16:38,App,Placed
ORD000009262,3720,3720,2022-09-06 19:38:39,Web,Delivered
ORD000009263,2252,2252,2025-03-15 12:32:26,Web,Delivered
ORD000009264,2501,2501,2023-10-10 05:41:12,Web,Returned
ORD000009265,5794,5794,2022-08-07 17:18:51,App,Delivered
ORD000009266,2309,2309,2021-04-19 14:34:11,Web,Delivered
ORD000009267,4962,4962,2024-09-27 22:29:43,Web,Placed
ORD000009268,1033,1033,2021-04-22 09:24:13,App,Shipped
ORD000009269,5336,5336,2021-07-23 23:32:48,App,Returned
ORD000009270,3845,3845,2024-04-08 05:34:57,App,Cancelled
ORD000009271,5019,5019,2023-06-28 12:25:12,App,Shipped
ORD000009272,3185,3185,2021-12-05 09:49:03,App,Delivered
ORD000009273,5749,5749,2024-01-03 07:22:34,Web,Delivered
ORD000009274,340,340,2025-05-26 18:56:52,App,Placed
ORD000009275,2095,2095,2022-02-28 01:41:49,App,Delivered
ORD000009276,4926,4926,2025-02-05 06:34:04,Web,Returned
ORD000009277,4909,4909,2022-01-12 07:26:11,Web,Returned
ORD000009278,489,489,2021-12-13 22:38:50,App,Delivered
ORD000009279,1346,1346,2024-12-16 09:55:15,App,Delivered
ORD000009280,791,791,2021-11-07 09:37:11,Web,Delivered
ORD000009281,3517,3517,2022-05-27 05:17:51,App,Returned
ORD000009282,4189,4189,2021-02-15 06:28:56,Web,Returned
ORD000009283,1835,1835,2022-10-01 06:22:19,Web,Delivered
ORD000009284,5372,5372,2021-11-28 10:04:56,App,Delivered
ORD000009285,1187,1187,2022-10-16 08:52:53,Web,Returned
ORD000009286,5278,5278,2025-10-31 08:42:40,App,Delivered
ORD000009287,4234,4234,2022-03-11 20:44:10,App,Shipped
ORD000009288,3456,3456,2025-10-31 07:41:54,Web,Delivered
ORD000009289,4408,4408,2022-03-28 22:50:48,Web,Delivered
ORD000009290,3270,3270,2024-09-15 00:34:47,App,Placed
ORD000009291,1707,1707,2022-03-21 08:32:27,App,Delivered
ORD000009292,3600,3600,2023-02-24 22:22:15,App,Returned
ORD000009293,703,703,2025-02-03 02:43:20,Web,Delivered
ORD000009294,5057,5057,2024-04-09 21:33:13,Web,Shipped
ORD000009295,5657,5657,2022-01-23 20:49:27,Web,Delivered
ORD000009296,1274,1274,2024-06-12 09:06:59,App,Shipped
ORD000009297,539,539,2023-02-01 19:29:00,Web,Delivered
ORD000009298,3754,3754,2025-06-26 10:50:45,App,Delivered
ORD000009299,4213,4213,2021-05-26 11:27:54,Web,Delivered
ORD000009300,2940,2940,2023-10-29 03:07:32,Web,Delivered
ORD000009301,2615,2615,2023-04-05 01:47:42,App,Delivered
ORD000009302,486,486,2026-02-11 15:41:23,App,Delivered
ORD000009303,1387,1387,2025-10-15 01:38:16,App,Placed
ORD000009304,1050,1050,2025-05-14 01:30:42,App,Delivered
ORD000009305,784,784,2024-09-12 16:52:22,App,Delivered
ORD000009306,3060,3060,2024-11-04 05:22:50,Web,Delivered
ORD000009307,2925,2925,2024-10-17 09:50:10,Web,Shipped
ORD000009308,620,620,2022-08-16 16:03:26,App,Placed
ORD000009309,5613,5613,2022-03-11 16:52:17,App,Delivered
ORD000009310,5477,5477,2023-08-27 00:52:53,Web,Delivered
ORD000009311,5596,5596,2025-04-26 14:27:41,App,Returned
ORD000009312,4510,4510,2021-12-08 19:49:50,App,Returned
ORD000009313,3533,3533,2023-04-18 07:58:32,Web,Delivered
ORD000009314,4525,4525,2026-01-09 13:37:52,App,Delivered
ORD000009315,4339,4339,2022-04-27 21:00:51,Web,Shipped
ORD000009316,3475,3475,2021-10-30 13:09:29,App,Delivered
ORD000009317,1805,1805,2021-11-23 11:54:05,App,Delivered
ORD000009318,1099,1099,2025-07-29 05:10:55,Web,Returned
ORD000009319,112,112,2022-01-27 16:27:26,App,Delivered
ORD000009320,4878,4878,2022-07-21 02:21:40,App,Delivered
ORD000009321,970,970,2022-11-09 17:18:59,Web,Returned
ORD000009322,1634,1634,2024-08-07 15:01:51,Web,Shipped
ORD000009323,360,360,2023-12-19 03:52:05,App,Delivered
ORD000009324,4863,4863,2025-12-08 08:21:30,App,Delivered
ORD000009325,919,919,2025-10-12 11:21:15,App,Shipped
ORD000009326,168,168,2024-01-23 03:58:46,Web,Delivered
ORD000009327,3322,3322,2021-07-18 20:48:59,App,Placed
ORD000009328,3904,3904,2025-01-09 12:07:02,Web,Placed
ORD000009329,2806,2806,2022-04-19 13:27:33,Web,Delivered
ORD000009330,2261,2261,2023-02-23 14:32:22,App,Delivered
ORD000009331,4884,4884,2022-11-05 19:30:05,Web,Delivered
ORD000009332,1870,1870,2023-01-09 10:30:58,App,Placed
ORD000009333,2840,2840,2022-04-26 02:02:07,App,Delivered
ORD000009334,5138,5138,2023-02-09 12:33:49,App,Delivered
ORD000009335,4975,4975,2023-06-19 00:06:46,App,Returned
ORD000009336,758,758,2022-05-02 20:22:01,App,Delivered
ORD000009337,5470,5470,2024-04-23 11:38:12,Web,Returned
ORD000009338,4784,4784,2024-07-24 19:09:21,Web,Delivered
ORD000009339,4494,4494,2023-03-01 06:04:21,Web,Delivered
ORD000009340,3818,3818,2022-04-25 20:02:18,Web,Cancelled
ORD000009341,1974,1974,2021-03-20 05:38:57,Store,Delivered
ORD000009342,2709,2709,2024-11-26 08:11:37,Web,Delivered
ORD000009343,98,98,2024-05-14 03:24:39,Web,Cancelled
ORD000009344,3077,3077,2025-11-05 03:45:27,App,Placed
ORD000009345,1920,1920,2025-05-04 04:14:06,App,Placed
ORD000009346,2207,2207,2025-12-16 16:58:42,App,Delivered
ORD000009347,87,87,2022-02-17 17:53:05,Web,Returned
ORD000009348,1767,1767,2023-09-11 08:50:14,Web,Delivered
ORD000009349,3192,3192,2023-02-13 22:41:48,Store,Delivered
ORD000009350,4539,4539,2025-01-14 07:33:59,Web,Delivered
ORD000009351,3648,3648,2022-12-04 10:10:48,App,Delivered
ORD000009352,3678,3678,2024-10-03 13:06:06,App,Delivered
ORD000009353,682,682,2025-12-22 21:57:51,App,Delivered
ORD000009354,4217,4217,2023-12-16 15:53:01,App,Delivered
ORD000009355,4593,4593,2025-01-08 17:20:07,Web,Delivered
ORD000009356,4708,4708,2022-07-06 07:39:11,App,Placed
ORD000009357,2470,2470,2026-01-09 00:48:41,App,Returned
ORD000009358,135,135,2021-03-28 12:09:37,Web,Cancelled
ORD000009359,4411,4411,2021-11-06 21:43:37,App,Placed
ORD000009360,2246,2246,2021-12-15 04:14:34,App,Delivered
ORD000009361,3790,3790,2025-09-27 14:53:42,App,Returned
ORD000009362,4107,4107,2024-05-29 07:00:58,App,Delivered
ORD000009363,4965,4965,2023-03-31 23:14:44,App,Placed
ORD000009364,3202,3202,2022-10-07 07:38:21,App,Returned
ORD000009365,735,735,2022-08-15 05:21:58,App,Delivered
ORD000009366,1134,1134,2021-06-14 12:32:02,App,Delivered
ORD000009367,3099,3099,2025-01-17 06:47:50,App,Delivered
ORD000009368,3472,3472,2023-04-16 15:55:13,App,Delivered
ORD000009369,5440,5440,2022-10-05 09:30:57,Web,Cancelled
ORD000009370,3266,3266,2024-12-05 16:44:16,App,Delivered
ORD000009371,1969,1969,2023-02-07 08:38:36,App,Returned
ORD000009372,4112,4112,2023-07-03 08:54:54,Web,Shipped
ORD000009373,3145,3145,2023-02-03 18:07:51,Web,Returned
ORD000009374,5748,5748,2024-02-12 12:36:36,Web,Shipped
ORD000009375,1225,1225,2021-04-14 19:30:40,Web,Returned
ORD000009376,1188,1188,2021-12-19 03:52:59,App,Shipped
ORD000009377,7,7,2023-02-01 00:52:21,App,Delivered
ORD000009378,2109,2109,2025-02-15 22:12:28,Web,Delivered
ORD000009379,5021,5021,2025-05-24 15:14:41,App,Delivered
ORD000009380,2533,2533,2025-10-31 14:01:29,Web,Placed
ORD000009381,4728,4728,2022-07-17 06:13:59,App,Delivered
ORD000009382,3523,3523,2024-10-27 13:49:52,App,Placed
ORD000009383,1438,1438,2023-08-29 03:26:04,App,Delivered
ORD000009384,936,936,2025-09-19 23:09:47,Web,Delivered
ORD000009385,560,560,2022-11-16 17:25:10,App,Delivered
ORD000009386,4187,4187,2024-09-06 04:38:21,App,Delivered
ORD000009387,5638,5638,2021-07-01 14:02:52,Web,Placed
ORD000009388,446,446,2021-10-14 09:43:00,Web,Placed
ORD000009389,1309,1309,2021-09-25 14:49:45,Web,Delivered
ORD000009390,1417,1417,2023-10-31 08:00:02,Web,Delivered
ORD000009391,5046,5046,2021-11-21 08:04:49,App,Placed
ORD000009392,1906,1906,2021-07-06 08:21:56,Store,Delivered
ORD000009393,3211,3211,2022-07-21 10:06:25,Web,Delivered
ORD000009394,5907,5907,2023-05-22 21:50:23,Web,Delivered
ORD000009395,330,330,2024-08-14 22:10:28,Web,Delivered
ORD000009396,3398,3398,2021-05-06 06:27:52,App,Shipped
ORD000009397,3679,3679,2021-06-11 16:25:59,App,Delivered
ORD000009398,1554,1554,2022-03-02 18:51:03,Web,Delivered
ORD000009399,5141,5141,2023-08-30 03:27:20,App,Delivered
ORD000009400,3003,3003,2022-06-06 12:03:47,Web,Delivered
ORD000009401,3530,3530,2026-01-25 17:59:35,Web,Delivered
ORD000009402,2566,2566,2024-04-12 09:22:57,Web,Shipped
ORD000009403,2584,2584,2025-12-05 05:36:28,Web,Placed
ORD000009404,2273,2273,2024-11-20 15:42:16,Web,Returned
ORD000009405,2620,2620,2023-04-08 21:03:54,App,Delivered
ORD000009406,5916,5916,2025-09-15 17:58:42,App,Delivered
ORD000009407,5852,5852,2023-12-12 07:45:35,Web,Delivered
ORD000009408,1815,1815,2023-04-27 07:29:52,Web,Placed
ORD000009409,3919,3919,2025-08-20 07:09:43,Web,Delivered
ORD000009410,5678,5678,2022-03-13 02:26:42,App,Delivered
ORD000009411,5925,5925,2021-05-25 18:05:59,Web,Delivered
ORD000009412,3214,3214,2021-02-26 13:05:44,Web,Returned
ORD000009413,3888,3888,2021-04-12 09:35:49,Web,Delivered
ORD000009414,1223,1223,2024-10-21 04:46:45,Web,Placed
ORD000009415,5119,5119,2025-01-16 11:00:55,App,Delivered
ORD000009416,5747,5747,2023-04-28 16:48:45,Web,Placed
ORD000009417,3108,3108,2021-03-27 15:28:31,Web,Delivered
ORD000009418,2514,2514,2022-10-19 09:28:48,App,Delivered
ORD000009419,4668,4668,2023-03-13 15:50:58,Store,Delivered
ORD000009420,4534,4534,2024-06-04 21:08:14,App,Placed
ORD000009421,4853,4853,2021-08-22 13:58:59,App,Delivered
ORD000009422,4687,4687,2024-04-07 12:16:48,App,Delivered
ORD000009423,4977,4977,2024-11-17 23:15:38,Store,Returned
ORD000009424,2552,2552,2024-09-21 14:05:18,App,Placed
ORD000009425,3439,3439,2025-01-02 23:12:36,App,Delivered
ORD000009426,4984,4984,2022-02-14 22:08:24,Store,Delivered
ORD000009427,2198,2198,2021-09-23 09:49:17,App,Delivered
ORD000009428,4139,4139,2023-06-29 22:59:20,App,Returned
ORD000009429,1321,1321,2022-04-06 04:06:43,Web,Delivered
ORD000009430,5009,5009,2024-02-09 23:18:14,Web,Placed
ORD000009431,2367,2367,2024-08-13 03:51:19,App,Shipped
ORD000009432,4314,4314,2024-04-18 19:42:30,App,Delivered
ORD000009433,3791,3791,2024-06-06 12:14:09,App,Returned
ORD000009434,2536,2536,2025-04-13 10:04:25,App,Delivered
ORD000009435,2376,2376,2024-10-26 19:54:07,App,Delivered
ORD000009436,2307,2307,2024-05-29 09:29:18,Web,Delivered
ORD000009437,2614,2614,2025-08-15 11:55:52,Web,Delivered
ORD000009438,4215,4215,2025-03-03 20:07:19,App,Delivered
ORD000009439,5262,5262,2023-05-09 08:51:44,App,Delivered
ORD000009440,4386,4386,2022-03-07 07:05:01,Web,Placed
ORD000009441,1663,1663,2024-07-30 20:22:28,Web,Delivered
ORD000009442,225,225,2022-11-02 21:22:57,App,Delivered
ORD000009443,4990,4990,2024-12-03 07:06:49,App,Delivered
ORD000009444,2801,2801,2024-12-22 18:09:16,Web,Delivered
ORD000009445,1281,1281,2021-03-02 10:29:46,App,Delivered
ORD000009446,4341,4341,2023-11-07 02:51:31,App,Delivered
ORD000009447,522,522,2022-09-01 13:42:25,App,Delivered
ORD000009448,1619,1619,2022-05-06 04:34:05,Store,Placed
ORD000009449,5259,5259,2023-09-07 10:14:12,Web,Delivered
ORD000009450,4215,4215,2024-04-25 10:43:24,App,Delivered
ORD000009451,3683,3683,2024-02-07 02:39:17,Web,Delivered
ORD000009452,1602,1602,2025-05-27 09:10:38,App,Returned
ORD000009453,2307,2307,2024-02-10 07:23:10,Web,Delivered
ORD000009454,4667,4667,2025-10-14 05:00:54,Store,Delivered
ORD000009455,3828,3828,2021-12-18 10:55:34,Web,Delivered
ORD000009456,5993,5993,2022-03-02 08:38:08,App,Delivered
ORD000009457,1216,1216,2023-10-13 23:33:06,App,Delivered
ORD000009458,943,943,2022-08-21 06:25:38,App,Returned
ORD000009459,3932,3932,2021-09-10 03:03:34,App,Delivered
ORD000009460,1154,1154,2023-02-23 15:51:39,App,Delivered
ORD000009461,2206,2206,2021-06-18 14:58:01,Web,Delivered
ORD000009462,3750,3750,2025-09-07 22:18:14,App,Delivered
ORD000009463,261,261,2021-10-11 02:32:40,App,Delivered
ORD000009464,390,390,2023-03-02 20:51:11,App,Delivered
ORD000009465,4741,4741,2025-10-10 20:58:08,Web,Delivered
ORD000009466,4228,4228,2021-04-11 11:39:55,App,Delivered
ORD000009467,408,408,2022-10-05 09:33:49,Web,Delivered
ORD000009468,2044,2044,2022-05-21 04:54:41,App,Cancelled
ORD000009469,5273,5273,2021-07-13 00:21:26,Web,Delivered
ORD000009470,567,567,2025-01-08 19:17:23,Web,Delivered
ORD000009471,5758,5758,2021-10-09 13:06:52,App,Delivered
ORD000009472,4782,4782,2023-02-28 11:11:11,App,Delivered
ORD000009473,3371,3371,2025-12-29 06:18:23,Web,Delivered
ORD000009474,1980,1980,2022-06-30 21:57:55,App,Returned
ORD000009475,1953,1953,2021-09-10 10:02:59,App,Placed
ORD000009476,2007,2007,2024-08-22 16:29:18,App,Delivered
ORD000009477,3839,3839,2023-06-24 06:33:23,App,Delivered
ORD000009478,5285,5285,2021-06-19 17:48:43,App,Returned
ORD000009479,2316,2316,2022-03-01 10:52:16,App,Delivered
ORD000009480,101,101,2024-04-21 15:44:12,Web,Delivered
ORD000009481,4757,4757,2022-10-16 22:18:59,App,Delivered
ORD000009482,3445,3445,2024-06-19 17:26:00,App,Delivered
ORD000009483,33,33,2021-07-17 17:08:57,Web,Placed
ORD000009484,4332,4332,2024-03-11 10:29:19,App,Delivered
ORD000009485,4603,4603,2023-07-01 23:12:37,Web,Returned
ORD000009486,332,332,2025-12-01 08:36:37,App,Cancelled
ORD000009487,3517,3517,2022-08-03 06:13:42,App,Returned
ORD000009488,4582,4582,2021-11-13 17:38:55,App,Delivered
ORD000009489,4216,4216,2025-08-21 02:07:44,App,Delivered
ORD000009490,158,158,2023-02-05 03:45:59,App,Delivered
ORD000009491,3109,3109,2021-06-24 18:19:12,App,Delivered
ORD000009492,4946,4946,2024-08-08 05:11:26,App,Delivered
ORD000009493,2192,2192,2021-06-28 11:06:16,Web,Delivered
ORD000009494,3629,3629,2021-09-14 11:46:37,App,Delivered
ORD000009495,3783,3783,2024-07-22 11:06:22,App,Delivered
ORD000009496,3822,3822,2021-08-27 01:26:16,Store,Delivered
ORD000009497,2689,2689,2021-11-22 12:04:13,App,Delivered
ORD000009498,693,693,2023-04-23 21:08:37,App,Delivered
ORD000009499,1052,1052,2025-05-15 21:06:00,App,Delivered
ORD000009500,5045,5045,2025-04-23 12:10:43,Web,Delivered
ORD000009501,3884,3884,2022-08-15 10:16:01,App,Delivered
ORD000009502,5699,5699,2021-09-09 16:16:59,App,Returned
ORD000009503,2923,2923,2022-10-16 03:39:01,App,Delivered
ORD000009504,5386,5386,2023-09-27 17:35:20,Web,Delivered
ORD000009505,2099,2099,2025-05-13 17:00:23,Store,Placed
ORD000009506,2157,2157,2023-10-08 16:05:35,App,Returned
ORD000009507,5455,5455,2022-07-10 18:49:10,App,Delivered
ORD000009508,134,134,2025-04-28 19:54:56,Web,Placed
ORD000009509,3751,3751,2023-02-14 11:52:24,Web,Delivered
ORD000009510,2128,2128,2024-11-26 20:35:46,Web,Placed
ORD000009511,5103,5103,2022-11-15 16:02:40,App,Delivered
ORD000009512,2386,2386,2025-11-14 17:03:34,App,Delivered
ORD000009513,4528,4528,2021-07-23 22:07:13,Web,Delivered
ORD000009514,5601,5601,2024-08-05 00:11:09,App,Placed
ORD000009515,4198,4198,2023-12-24 16:34:44,App,Delivered
ORD000009516,4427,4427,2024-08-20 00:55:10,Web,Cancelled
ORD000009517,4472,4472,2024-04-11 02:48:59,Web,Shipped
ORD000009518,2279,2279,2023-09-26 05:04:33,App,Delivered
ORD000009519,1475,1475,2024-04-25 12:58:59,Web,Shipped
ORD000009520,4860,4860,2023-10-29 18:39:57,App,Placed
ORD000009521,5990,5990,2022-04-26 21:25:14,Web,Placed
ORD000009522,4520,4520,2025-02-16 04:22:56,App,Placed
ORD000009523,1049,1049,2022-08-11 06:20:31,App,Delivered
ORD000009524,416,416,2021-06-09 22:02:51,App,Returned
ORD000009525,4398,4398,2024-02-04 18:11:30,App,Returned
ORD000009526,5220,5220,2021-04-16 22:33:55,App,Delivered
ORD000009527,5508,5508,2025-05-31 14:06:28,App,Delivered
ORD000009528,2167,2167,2026-02-09 18:02:10,App,Delivered
ORD000009529,5783,5783,2025-07-25 00:15:50,App,Shipped
ORD000009530,5712,5712,2024-06-22 23:38:52,Web,Delivered
ORD000009531,2379,2379,2022-09-14 17:36:38,Web,Delivered
ORD000009532,662,662,2022-10-20 09:57:54,Web,Delivered
ORD000009533,4455,4455,2021-12-07 16:44:35,Web,Returned
ORD000009534,289,289,2021-12-25 10:32:56,App,Delivered
ORD000009535,2601,2601,2021-12-16 14:01:07,Web,Delivered
ORD000009536,1726,1726,2021-11-19 08:59:56,App,Delivered
ORD000009537,575,575,2024-03-06 20:21:11,App,Delivered
ORD000009538,717,717,2022-08-18 21:39:57,Web,Delivered
ORD000009539,3413,3413,2023-09-18 12:17:12,Web,Placed
ORD000009540,5324,5324,2022-02-21 21:13:06,App,Delivered
ORD000009541,4023,4023,2021-08-13 22:54:37,App,Delivered
ORD000009542,5299,5299,2025-12-25 14:21:23,App,Delivered
ORD000009543,2394,2394,2024-06-14 03:13:52,Store,Placed
ORD000009544,4081,4081,2021-08-31 10:29:02,App,Shipped
ORD000009545,3063,3063,2025-11-01 17:03:05,App,Delivered
ORD000009546,1013,1013,2025-07-03 02:00:36,App,Delivered
ORD000009547,2361,2361,2021-07-21 02:19:10,App,Shipped
ORD000009548,2134,2134,2021-07-06 01:00:07,App,Shipped
ORD000009549,1947,1947,2024-12-30 21:48:15,App,Delivered
ORD000009550,3513,3513,2022-12-17 22:23:44,App,Delivered
ORD000009551,5600,5600,2025-07-19 03:03:04,Web,Delivered
ORD000009552,1352,1352,2022-11-15 00:18:56,App,Delivered
ORD000009553,2898,2898,2024-06-28 23:58:25,App,Placed
ORD000009554,3076,3076,2022-02-20 00:51:11,Web,Delivered
ORD000009555,3905,3905,2023-09-16 23:45:55,App,Shipped
ORD000009556,3256,3256,2023-07-05 20:49:58,Store,Cancelled
ORD000009557,2348,2348,2023-02-06 06:30:25,Web,Cancelled
ORD000009558,528,528,2021-11-15 20:49:44,Web,Placed
ORD000009559,2654,2654,2025-08-24 07:12:04,App,Delivered
ORD000009560,5911,5911,2023-04-25 20:35:01,App,Delivered
ORD000009561,2975,2975,2024-11-03 07:23:37,App,Returned
ORD000009562,5276,5276,2023-05-25 22:07:48,Web,Delivered
ORD000009563,5477,5477,2022-03-10 00:24:17,App,Delivered
ORD000009564,5648,5648,2023-07-12 03:35:56,App,Delivered
ORD000009565,5161,5161,2025-10-05 04:10:30,Web,Delivered
ORD000009566,2697,2697,2024-05-04 20:24:09,Store,Delivered
ORD000009567,1282,1282,2025-07-26 23:26:07,App,Delivered
ORD000009568,5486,5486,2025-11-30 22:25:33,App,Shipped
ORD000009569,4651,4651,2024-11-14 22:54:35,Web,Placed
ORD000009570,5186,5186,2025-11-21 08:29:07,App,Placed
ORD000009571,5984,5984,2025-05-14 13:33:03,App,Delivered
ORD000009572,3280,3280,2023-01-19 06:04:37,App,Delivered
ORD000009573,4017,4017,2021-03-29 08:21:30,App,Delivered
ORD000009574,4827,4827,2023-07-04 20:25:40,Web,Placed
ORD000009575,3295,3295,2021-07-17 00:18:56,Web,Delivered
ORD000009576,3937,3937,2023-10-07 08:24:10,App,Placed
ORD000009577,1045,1045,2025-10-31 01:55:47,App,Returned
ORD000009578,3440,3440,2025-11-07 10:00:33,App,Delivered
ORD000009579,313,313,2024-10-02 14:33:28,Web,Delivered
ORD000009580,316,316,2024-01-12 09:55:17,App,Delivered
ORD000009581,2451,2451,2023-04-18 18:21:49,App,Delivered
ORD000009582,1891,1891,2023-04-16 11:44:26,Web,Returned
ORD000009583,5568,5568,2024-05-04 02:55:08,Web,Delivered
ORD000009584,3619,3619,2024-08-01 18:36:01,Web,Delivered
ORD000009585,4222,4222,2022-01-05 19:18:01,Web,Delivered
ORD000009586,4001,4001,2025-10-29 11:09:57,Web,Shipped
ORD000009587,496,496,2025-01-17 13:22:05,Web,Delivered
ORD000009588,981,981,2022-05-31 01:11:55,App,Delivered
ORD000009589,4840,4840,2023-01-26 06:56:27,Web,Delivered
ORD000009590,5719,5719,2021-06-15 07:27:20,App,Delivered
ORD000009591,4796,4796,2022-08-09 20:22:28,Web,Delivered
ORD000009592,2029,2029,2021-08-17 09:02:36,Web,Delivered
ORD000009593,2093,2093,2024-09-23 17:25:03,Store,Shipped
ORD000009594,4932,4932,2024-04-29 11:21:24,App,Returned
ORD000009595,5060,5060,2021-10-23 15:15:13,App,Delivered
ORD000009596,5007,5007,2021-08-09 16:32:48,App,Delivered
ORD000009597,2908,2908,2022-02-15 11:00:24,Web,Delivered
ORD000009598,3144,3144,2024-07-22 10:15:53,App,Delivered
ORD000009599,728,728,2023-12-24 23:59:18,Web,Delivered
ORD000009600,4194,4194,2024-04-10 09:27:14,Web,Delivered
ORD000009601,5391,5391,2022-10-01 20:47:23,App,Returned
ORD000009602,1468,1468,2022-09-16 10:45:13,Web,Cancelled
ORD000009603,1115,1115,2025-04-02 15:30:11,App,Returned
ORD000009604,1678,1678,2025-01-26 19:12:56,Web,Placed
ORD000009605,2044,2044,2025-10-23 08:57:01,Web,Delivered
ORD000009606,2165,2165,2024-04-10 21:38:34,App,Returned
ORD000009607,3965,3965,2023-03-21 17:29:15,App,Delivered
ORD000009608,3115,3115,2025-01-16 11:06:19,Web,Returned
ORD000009609,4167,4167,2021-06-28 23:05:20,Web,Placed
ORD000009610,5462,5462,2022-05-14 19:10:21,Web,Placed
ORD000009611,4854,4854,2025-11-11 12:42:38,App,Delivered
ORD000009612,2844,2844,2024-08-23 21:58:35,App,Placed
ORD000009613,2887,2887,2021-03-24 11:52:48,App,Delivered
ORD000009614,4822,4822,2024-02-04 04:35:45,Web,Returned
ORD000009615,107,107,2022-03-29 11:42:19,App,Delivered
ORD000009616,4871,4871,2021-04-08 19:50:27,Web,Delivered
ORD000009617,2342,2342,2022-06-14 23:22:21,App,Delivered
ORD000009618,4053,4053,2026-01-03 06:02:39,App,Delivered
ORD000009619,1131,1131,2021-03-09 15:02:36,App,Returned
ORD000009620,1110,1110,2023-06-08 07:24:32,App,Returned
ORD000009621,3582,3582,2022-12-20 04:28:37,Web,Shipped
ORD000009622,1251,1251,2023-12-31 07:33:22,App,Delivered
ORD000009623,2642,2642,2025-05-17 15:07:30,Web,Shipped
ORD000009624,3074,3074,2022-12-24 23:45:29,Web,Delivered
ORD000009625,5371,5371,2022-08-08 05:41:37,Web,Delivered
ORD000009626,2090,2090,2021-05-04 13:17:37,App,Delivered
ORD000009627,5546,5546,2025-06-23 19:39:49,App,Delivered
ORD000009628,81,81,2025-12-08 12:59:29,Web,Cancelled
ORD000009629,2536,2536,2021-07-03 13:50:39,Web,Delivered
ORD000009630,916,916,2021-02-21 12:29:11,Web,Delivered
ORD000009631,262,262,2025-12-30 20:47:18,App,Placed
ORD000009632,5515,5515,2025-08-29 18:57:48,App,Placed
ORD000009633,3320,3320,2024-01-19 12:33:46,Web,Delivered
ORD000009634,5450,5450,2025-06-25 02:21:59,App,Delivered
ORD000009635,3041,3041,2021-04-22 21:20:55,Web,Delivered
ORD000009636,4904,4904,2021-02-25 15:33:00,App,Delivered
ORD000009637,4644,4644,2025-08-01 14:58:14,App,Placed
ORD000009638,2663,2663,2024-03-29 14:33:41,Web,Placed
ORD000009639,2995,2995,2025-12-13 17:36:44,Web,Cancelled
ORD000009640,5265,5265,2022-05-06 19:59:32,App,Shipped
ORD000009641,1973,1973,2022-10-04 05:11:48,App,Returned
ORD000009642,2175,2175,2024-12-09 17:58:49,App,Delivered
ORD000009643,1328,1328,2023-09-09 05:42:03,App,Delivered
ORD000009644,4891,4891,2022-10-12 21:58:53,App,Shipped
ORD000009645,3886,3886,2025-04-26 06:15:27,App,Delivered
ORD000009646,5499,5499,2024-06-27 19:48:23,Web,Cancelled
ORD000009647,840,840,2022-07-22 04:33:08,Store,Returned
ORD000009648,3837,3837,2023-11-15 13:05:11,App,Delivered
ORD000009649,3314,3314,2024-05-24 15:58:01,Web,Delivered
ORD000009650,3649,3649,2023-04-11 19:33:34,App,Cancelled
ORD000009651,548,548,2024-04-02 07:09:42,App,Delivered
ORD000009652,4163,4163,2025-10-21 02:14:26,Web,Delivered
ORD000009653,3667,3667,2022-08-09 14:30:33,Web,Delivered
ORD000009654,4778,4778,2023-08-09 14:45:26,App,Delivered
ORD000009655,5595,5595,2025-04-01 02:00:30,Web,Placed
ORD000009656,2627,2627,2025-07-17 00:18:58,App,Shipped
ORD000009657,5730,5730,2021-09-04 20:10:01,Web,Delivered
ORD000009658,4933,4933,2025-09-13 15:17:53,App,Delivered
ORD000009659,5553,5553,2024-08-13 01:44:25,Store,Placed
ORD000009660,3877,3877,2023-06-30 09:04:38,App,Delivered
ORD000009661,5882,5882,2021-12-27 16:15:55,App,Delivered
ORD000009662,1326,1326,2021-08-28 17:43:32,Web,Placed
ORD000009663,3792,3792,2023-04-26 09:35:31,App,Returned
ORD000009664,2872,2872,2025-08-28 19:30:50,App,Delivered
ORD000009665,575,575,2025-09-13 17:03:55,Web,Delivered
ORD000009666,1102,1102,2022-10-27 19:58:52,Web,Delivered
ORD000009667,30,30,2023-12-02 07:44:35,App,Delivered
ORD000009668,1376,1376,2023-08-28 13:20:53,App,Delivered
ORD000009669,2811,2811,2021-05-20 17:19:33,App,Delivered
ORD000009670,4927,4927,2021-09-06 22:55:45,App,Delivered
ORD000009671,5235,5235,2021-04-28 18:04:33,App,Delivered
ORD000009672,3949,3949,2022-10-13 03:31:35,Web,Placed
ORD000009673,5625,5625,2025-07-07 21:52:26,Web,Shipped
ORD000009674,3805,3805,2025-07-25 09:05:21,App,Shipped
ORD000009675,4631,4631,2023-03-22 04:23:13,App,Delivered
ORD000009676,4465,4465,2025-05-08 22:27:58,Web,Delivered
ORD000009677,5846,5846,2024-02-13 07:30:57,Web,Returned
ORD000009678,3732,3732,2023-07-10 06:30:38,App,Delivered
ORD000009679,4398,4398,2024-04-11 10:44:32,App,Delivered
ORD000009680,5791,5791,2024-02-06 12:12:12,App,Delivered
ORD000009681,3523,3523,2024-08-11 22:45:30,App,Returned
ORD000009682,2355,2355,2025-10-23 08:31:11,App,Delivered
ORD000009683,3751,3751,2024-09-25 15:22:27,App,Delivered
ORD000009684,3135,3135,2022-01-01 10:02:09,Store,Delivered
ORD000009685,4933,4933,2024-05-23 11:32:32,App,Delivered
ORD000009686,1300,1300,2021-05-25 11:32:00,Web,Placed
ORD000009687,4607,4607,2021-04-14 12:39:20,Web,Delivered
ORD000009688,3066,3066,2023-09-09 21:03:26,App,Delivered
ORD000009689,887,887,2022-11-14 10:44:33,Web,Shipped
ORD000009690,1559,1559,2023-10-17 08:01:54,App,Delivered
ORD000009691,3808,3808,2024-09-23 13:22:37,App,Delivered
ORD000009692,2986,2986,2024-11-20 18:23:40,Store,Delivered
ORD000009693,3785,3785,2026-01-07 10:20:39,Web,Delivered
ORD000009694,2047,2047,2023-03-06 20:20:53,Web,Delivered
ORD000009695,4891,4891,2024-01-23 10:43:56,Web,Shipped
ORD000009696,5968,5968,2024-06-11 10:09:35,Web,Cancelled
ORD000009697,5528,5528,2025-07-07 06:13:22,Web,Delivered
ORD000009698,5897,5897,2022-03-21 06:26:47,Web,Delivered
ORD000009699,3458,3458,2024-08-25 06:49:16,App,Delivered
ORD000009700,3301,3301,2022-02-04 11:27:51,Web,Delivered
ORD000009701,3299,3299,2025-07-04 21:00:05,App,Delivered
ORD000009702,3399,3399,2024-04-10 19:05:46,App,Shipped
ORD000009703,4373,4373,2022-06-27 06:06:54,App,Delivered
ORD000009704,4326,4326,2021-07-31 20:14:33,App,Shipped
ORD000009705,5988,5988,2022-03-20 16:44:26,Web,Delivered
ORD000009706,5847,5847,2025-06-10 06:49:38,App,Placed
ORD000009707,5277,5277,2025-04-13 07:34:37,Web,Delivered
ORD000009708,2061,2061,2023-02-23 16:27:41,App,Returned
ORD000009709,1527,1527,2025-11-21 09:18:51,Web,Delivered
ORD000009710,3695,3695,2021-03-28 22:54:51,Store,Returned
ORD000009711,4711,4711,2024-12-07 18:58:06,App,Cancelled
ORD000009712,2151,2151,2024-04-04 16:03:12,Web,Delivered
ORD000009713,5290,5290,2022-02-11 03:39:45,Store,Shipped
ORD000009714,2157,2157,2022-07-29 15:14:13,App,Delivered
ORD000009715,2424,2424,2022-07-21 23:34:21,App,Delivered
ORD000009716,2795,2795,2021-06-06 10:56:32,Web,Delivered
ORD000009717,4244,4244,2026-01-03 05:02:51,Web,Delivered
ORD000009718,3043,3043,2025-11-24 05:56:40,App,Delivered
ORD000009719,4092,4092,2026-01-30 23:22:15,Web,Delivered
ORD000009720,3079,3079,2021-03-17 12:44:01,App,Delivered
ORD000009721,3235,3235,2021-12-29 00:40:13,Web,Placed
ORD000009722,436,436,2025-05-17 09:25:11,Web,Delivered
ORD000009723,1458,1458,2023-10-17 15:48:42,App,Delivered
ORD000009724,2373,2373,2022-12-24 21:07:00,Web,Delivered
ORD000009725,2205,2205,2023-01-10 19:48:47,Store,Delivered
ORD000009726,112,112,2025-11-04 20:00:49,App,Returned
ORD000009727,3035,3035,2023-04-20 18:49:06,Web,Delivered
ORD000009728,5575,5575,2024-09-22 17:37:16,App,Delivered
ORD000009729,5889,5889,2024-12-08 04:03:11,App,Cancelled
ORD000009730,1097,1097,2023-02-23 07:06:48,Store,Delivered
ORD000009731,5050,5050,2025-08-04 04:07:37,Web,Delivered
ORD000009732,5595,5595,2022-11-20 17:24:10,App,Shipped
ORD000009733,1297,1297,2023-10-09 23:41:44,App,Delivered
ORD000009734,958,958,2024-10-15 18:43:57,Web,Returned
ORD000009735,4832,4832,2022-01-12 01:12:04,App,Returned
ORD000009736,4969,4969,2024-04-20 04:13:12,App,Delivered
ORD000009737,4087,4087,2021-12-30 12:15:17,Web,Placed
ORD000009738,94,94,2023-12-03 19:02:49,Web,Cancelled
ORD000009739,2767,2767,2024-08-03 12:03:30,App,Returned
ORD000009740,668,668,2025-01-22 03:54:15,App,Shipped
ORD000009741,515,515,2022-11-30 05:26:04,Web,Cancelled
ORD000009742,1244,1244,2024-05-08 20:44:51,Web,Delivered
ORD000009743,3077,3077,2025-04-22 23:55:19,Web,Placed
ORD000009744,4290,4290,2023-07-04 22:13:48,Store,Returned
ORD000009745,2102,2102,2025-07-15 22:00:19,App,Placed
ORD000009746,5030,5030,2024-12-21 16:17:08,Web,Placed
ORD000009747,3024,3024,2022-01-24 02:34:35,Web,Returned
ORD000009748,812,812,2025-10-31 16:39:28,Web,Shipped
ORD000009749,5708,5708,2021-12-22 01:53:31,Web,Delivered
ORD000009750,5850,5850,2022-09-28 16:03:30,App,Returned
ORD000009751,1521,1521,2025-09-09 10:54:56,App,Returned
ORD000009752,5750,5750,2025-11-23 07:26:20,App,Shipped
ORD000009753,1479,1479,2023-07-24 06:03:43,Web,Delivered
ORD000009754,3864,3864,2026-01-06 23:19:41,Web,Placed
ORD000009755,2002,2002,2024-11-06 18:52:29,App,Placed
ORD000009756,5819,5819,2023-03-12 04:16:08,App,Returned
ORD000009757,1032,1032,2021-10-13 13:44:15,Web,Delivered
ORD000009758,2139,2139,2024-10-18 04:57:22,App,Shipped
ORD000009759,4442,4442,2024-11-28 06:49:39,Web,Delivered
ORD000009760,3070,3070,2025-03-14 14:20:08,Web,Shipped
ORD000009761,351,351,2021-02-17 00:21:36,App,Returned
ORD000009762,4306,4306,2022-07-10 06:17:43,Web,Delivered
ORD000009763,2306,2306,2025-02-28 11:09:52,App,Delivered
ORD000009764,4792,4792,2021-11-17 21:56:29,App,Delivered
ORD000009765,1265,1265,2021-09-22 03:35:23,Web,Returned
ORD000009766,5738,5738,2022-01-29 11:13:41,Store,Returned
ORD000009767,1558,1558,2021-08-12 00:01:08,App,Returned
ORD000009768,4961,4961,2024-01-11 16:52:34,Store,Delivered
ORD000009769,786,786,2025-04-02 21:12:06,Store,Cancelled
ORD000009770,3907,3907,2023-04-20 15:55:07,App,Delivered
ORD000009771,5655,5655,2022-09-27 01:19:12,Web,Delivered
ORD000009772,4207,4207,2022-07-04 16:51:48,App,Delivered
ORD000009773,5250,5250,2023-02-17 14:42:51,App,Delivered
ORD000009774,3434,3434,2023-08-19 20:52:42,Web,Delivered
ORD000009775,2308,2308,2024-08-11 14:34:25,App,Shipped
ORD000009776,666,666,2022-06-20 10:51:55,App,Placed
ORD000009777,561,561,2022-11-12 06:16:34,App,Returned
ORD000009778,3658,3658,2025-10-14 20:15:42,App,Delivered
ORD000009779,4149,4149,2023-07-31 21:33:21,Web,Returned
ORD000009780,4998,4998,2022-04-18 00:47:13,App,Delivered
ORD000009781,5761,5761,2023-08-06 09:46:21,App,Placed
ORD000009782,5611,5611,2024-07-31 14:44:21,App,Shipped
ORD000009783,2192,2192,2024-02-02 01:47:13,Web,Delivered
ORD000009784,5300,5300,2023-05-25 21:09:52,Web,Shipped
ORD000009785,1543,1543,2024-09-16 00:37:27,App,Placed
ORD000009786,2851,2851,2024-01-09 22:38:41,App,Placed
ORD000009787,718,718,2022-10-08 23:33:39,App,Delivered
ORD000009788,3140,3140,2025-11-20 11:53:14,App,Shipped
ORD000009789,2921,2921,2022-04-05 23:39:06,Web,Placed
ORD000009790,655,655,2025-12-16 04:08:36,App,Delivered
ORD000009791,1132,1132,2025-04-10 16:28:54,App,Returned
ORD000009792,1776,1776,2023-01-14 17:12:53,App,Returned
ORD000009793,3223,3223,2025-11-15 14:22:25,Web,Returned
ORD000009794,5595,5595,2025-09-29 14:41:46,App,Placed
ORD000009795,3812,3812,2021-05-28 22:12:28,App,Delivered
ORD000009796,1750,1750,2022-02-16 14:21:39,Web,Shipped
ORD000009797,3211,3211,2025-12-24 18:20:15,Web,Delivered
ORD000009798,5818,5818,2022-11-12 06:37:03,App,Cancelled
ORD000009799,2728,2728,2022-08-14 09:08:13,Web,Delivered
ORD000009800,2537,2537,2024-08-16 12:33:17,App,Delivered
ORD000009801,1082,1082,2024-08-28 20:48:38,App,Returned
ORD000009802,4184,4184,2022-08-29 09:07:18,Web,Delivered
ORD000009803,5242,5242,2024-01-26 17:35:39,Web,Shipped
ORD000009804,3042,3042,2023-05-03 23:12:32,Web,Delivered
ORD000009805,5364,5364,2025-12-16 00:14:18,App,Placed
ORD000009806,5187,5187,2023-02-20 20:29:00,App,Placed
ORD000009807,2342,2342,2021-09-07 08:48:04,Web,Delivered
ORD000009808,3202,3202,2023-01-01 04:32:09,App,Delivered
ORD000009809,2088,2088,2022-05-11 04:38:18,App,Shipped
ORD000009810,5332,5332,2021-02-28 08:39:09,Web,Delivered
ORD000009811,1080,1080,2025-06-21 08:59:11,Web,Delivered
ORD000009812,2760,2760,2024-02-24 22:38:40,Web,Cancelled
ORD000009813,291,291,2025-08-06 22:21:41,App,Delivered
ORD000009814,5739,5739,2023-12-17 04:01:13,Web,Shipped
ORD000009815,4803,4803,2023-01-19 21:23:25,App,Placed
ORD000009816,3424,3424,2022-05-06 17:41:49,App,Cancelled
ORD000009817,3167,3167,2022-12-01 02:59:12,App,Placed
ORD000009818,3500,3500,2021-05-02 22:06:05,App,Delivered
ORD000009819,4895,4895,2024-11-20 10:16:27,Web,Delivered
ORD000009820,5569,5569,2021-07-15 05:54:24,App,Delivered
ORD000009821,844,844,2025-05-27 22:28:41,Web,Delivered
ORD000009822,914,914,2021-02-26 00:28:50,Web,Shipped
ORD000009823,4440,4440,2022-02-26 09:04:10,App,Delivered
ORD000009824,5668,5668,2024-07-07 07:35:32,App,Delivered
ORD000009825,3991,3991,2025-07-07 07:48:15,App,Delivered
ORD000009826,977,977,2021-12-16 05:15:17,App,Placed
ORD000009827,3327,3327,2023-12-21 04:02:11,App,Delivered
ORD000009828,2093,2093,2022-02-22 21:52:31,Web,Placed
ORD000009829,1201,1201,2022-01-11 11:11:05,App,Delivered
ORD000009830,1649,1649,2023-01-16 23:27:39,Store,Shipped
ORD000009831,122,122,2021-04-17 08:47:50,App,Placed
ORD000009832,4371,4371,2024-08-18 07:07:41,App,Cancelled
ORD000009833,960,960,2021-04-09 12:17:50,Store,Delivered
ORD000009834,3816,3816,2021-03-25 10:22:09,Web,Delivered
ORD000009835,4408,4408,2023-04-26 15:41:22,Web,Returned
ORD000009836,1353,1353,2024-07-26 17:34:56,App,Delivered
ORD000009837,5223,5223,2023-05-17 20:32:05,App,Delivered
ORD000009838,688,688,2021-06-26 14:19:36,Web,Delivered
ORD000009839,2330,2330,2025-03-06 07:19:38,Web,Delivered
ORD000009840,5365,5365,2025-06-01 07:13:57,Web,Delivered
ORD000009841,5253,5253,2022-06-28 20:24:03,App,Delivered
ORD000009842,856,856,2024-07-21 05:13:46,Web,Delivered
ORD000009843,5912,5912,2024-08-24 23:27:46,Web,Returned
ORD000009844,4437,4437,2023-07-28 08:44:24,Web,Delivered
ORD000009845,22,22,2024-01-16 06:14:17,Web,Delivered
ORD000009846,2005,2005,2022-05-26 22:43:51,Web,Delivered
ORD000009847,3953,3953,2022-03-03 08:07:27,Web,Delivered
ORD000009848,3887,3887,2022-09-23 18:45:25,App,Placed
ORD000009849,970,970,2022-10-27 03:18:54,App,Returned
ORD000009850,3779,3779,2021-04-05 09:31:45,Web,Delivered
ORD000009851,345,345,2024-01-13 07:13:46,App,Delivered
ORD000009852,1730,1730,2024-03-28 14:08:49,App,Shipped
ORD000009853,5581,5581,2025-05-28 10:40:40,Web,Delivered
ORD000009854,5979,5979,2025-02-17 00:22:19,Store,Delivered
ORD000009855,3332,3332,2022-10-24 07:27:43,Web,Cancelled
ORD000009856,4296,4296,2025-03-06 16:09:17,Web,Returned
ORD000009857,3608,3608,2025-05-24 04:25:30,Web,Delivered
ORD000009858,3308,3308,2025-05-25 22:18:20,App,Placed
ORD000009859,5867,5867,2025-06-09 06:00:52,Web,Delivered
ORD000009860,540,540,2024-07-26 03:26:58,App,Placed
ORD000009861,5272,5272,2024-12-24 07:12:01,App,Delivered
ORD000009862,2294,2294,2023-03-10 06:03:03,Web,Delivered
ORD000009863,2061,2061,2021-06-24 16:30:41,App,Delivered
ORD000009864,5074,5074,2025-11-01 21:36:23,Web,Delivered
ORD000009865,3639,3639,2026-01-22 22:05:08,App,Delivered
ORD000009866,1489,1489,2025-07-31 23:55:47,App,Shipped
ORD000009867,286,286,2021-05-29 23:01:59,Web,Placed
ORD000009868,5734,5734,2025-09-29 19:31:08,App,Delivered
ORD000009869,1238,1238,2021-02-15 23:33:15,Web,Delivered
ORD000009870,113,113,2021-07-10 06:10:31,Web,Delivered
ORD000009871,4434,4434,2022-03-26 08:58:26,App,Delivered
ORD000009872,90,90,2025-03-31 02:25:00,App,Delivered
ORD000009873,2807,2807,2024-04-15 20:55:21,App,Placed
ORD000009874,1500,1500,2022-10-21 15:30:33,App,Shipped
ORD000009875,1054,1054,2021-11-29 04:11:42,Web,Delivered
ORD000009876,1564,1564,2023-07-28 10:30:51,App,Cancelled
ORD000009877,5508,5508,2022-09-09 09:02:50,Web,Delivered
ORD000009878,5700,5700,2022-05-22 08:21:54,Web,Placed
ORD000009879,357,357,2024-02-14 01:39:43,Web,Delivered
ORD000009880,3727,3727,2024-07-19 17:33:33,App,Placed
ORD000009881,4555,4555,2023-05-03 14:53:00,Web,Delivered
ORD000009882,471,471,2023-03-11 20:27:06,Web,Placed
ORD000009883,2915,2915,2022-05-03 05:02:14,Web,Placed
ORD000009884,2987,2987,2022-08-27 10:37:45,App,Returned
ORD000009885,5835,5835,2026-01-14 06:38:07,Web,Delivered
ORD000009886,2621,2621,2026-01-04 17:55:42,Web,Placed
ORD000009887,3263,3263,2024-09-09 07:13:48,Web,Delivered
ORD000009888,1142,1142,2023-09-21 10:10:07,App,Delivered
ORD000009889,4404,4404,2022-03-19 04:59:11,App,Delivered
ORD000009890,4660,4660,2025-10-15 17:34:45,Web,Delivered
ORD000009891,1039,1039,2024-12-21 03:49:21,Web,Delivered
ORD000009892,3868,3868,2025-12-19 19:24:32,App,Delivered
ORD000009893,3551,3551,2023-07-22 23:17:06,App,Delivered
ORD000009894,5216,5216,2021-06-20 13:45:50,App,Placed
ORD000009895,4706,4706,2023-03-26 00:10:15,App,Delivered
ORD000009896,55,55,2025-06-05 17:56:06,Web,Delivered
ORD000009897,1302,1302,2021-03-03 18:23:36,Web,Shipped
ORD000009898,4509,4509,2024-04-19 19:26:54,App,Delivered
ORD000009899,3912,3912,2022-01-25 05:39:51,App,Delivered
ORD000009900,3468,3468,2025-02-01 23:41:59,App,Delivered
ORD000009901,1495,1495,2024-04-01 07:21:21,App,Delivered
ORD000009902,4134,4134,2026-01-08 10:02:24,App,Delivered
ORD000009903,3704,3704,2022-03-23 04:45:42,App,Delivered
ORD000009904,4866,4866,2021-05-26 23:39:17,App,Delivered
ORD000009905,183,183,2025-07-27 20:54:14,Store,Delivered
ORD000009906,1237,1237,2023-06-05 06:18:31,App,Delivered
ORD000009907,4222,4222,2021-06-03 12:37:53,App,Shipped
ORD000009908,4236,4236,2025-10-23 23:42:56,App,Placed
ORD000009909,621,621,2021-02-20 00:47:11,App,Delivered
ORD000009910,1545,1545,2021-07-24 09:13:59,App,Delivered
ORD000009911,5583,5583,2021-08-26 09:44:55,App,Delivered
ORD000009912,4128,4128,2023-05-10 06:00:45,App,Delivered
ORD000009913,235,235,2023-03-10 07:25:13,App,Returned
ORD000009914,73,73,2025-10-01 03:31:50,Web,Delivered
ORD000009915,4568,4568,2022-09-23 03:10:27,App,Delivered
ORD000009916,5768,5768,2021-09-12 15:24:07,App,Delivered
ORD000009917,1790,1790,2025-12-04 01:55:40,App,Shipped
ORD000009918,628,628,2023-06-30 14:21:35,App,Placed
ORD000009919,668,668,2025-09-09 16:34:29,Web,Cancelled
ORD000009920,4024,4024,2025-04-23 05:46:24,Web,Delivered
ORD000009921,594,594,2025-07-19 01:06:18,App,Delivered
ORD000009922,2667,2667,2022-09-06 07:05:23,Web,Delivered
ORD000009923,3813,3813,2021-08-24 00:37:40,Web,Delivered
ORD000009924,2340,2340,2023-04-21 05:39:06,Web,Delivered
ORD000009925,3360,3360,2024-06-21 03:55:53,App,Delivered
ORD000009926,2261,2261,2023-10-26 00:04:21,App,Placed
ORD000009927,4263,4263,2022-02-27 15:27:12,Web,Delivered
ORD000009928,6000,6000,2022-03-07 15:55:17,Web,Delivered
ORD000009929,969,969,2022-08-08 22:53:19,Store,Delivered
ORD000009930,2028,2028,2023-05-25 01:42:29,App,Delivered
ORD000009931,179,179,2025-01-25 07:37:38,App,Delivered
ORD000009932,2052,2052,2023-06-11 09:57:46,Web,Placed
ORD000009933,4432,4432,2024-09-09 05:02:48,App,Delivered
ORD000009934,195,195,2023-05-02 09:25:45,Web,Delivered
ORD000009935,3536,3536,2021-03-06 09:36:03,App,Placed
ORD000009936,2941,2941,2025-11-27 18:48:18,App,Placed
ORD000009937,2818,2818,2023-07-09 16:19:39,App,Delivered
ORD000009938,3629,3629,2025-02-19 08:12:22,App,Shipped
ORD000009939,5464,5464,2023-01-21 06:56:32,App,Delivered
ORD000009940,1232,1232,2024-02-10 23:09:13,Web,Returned
ORD000009941,3699,3699,2023-04-30 22:45:36,Web,Delivered
ORD000009942,1960,1960,2021-09-23 16:17:59,App,Delivered
ORD000009943,1527,1527,2025-11-02 06:17:23,App,Placed
ORD000009944,2178,2178,2021-02-27 09:28:51,Web,Delivered
ORD000009945,3073,3073,2022-02-20 12:30:48,Web,Delivered
ORD000009946,3520,3520,2021-08-28 06:09:08,Web,Delivered
ORD000009947,1696,1696,2021-05-10 12:39:23,App,Delivered
ORD000009948,5897,5897,2025-05-06 06:49:22,Web,Delivered
ORD000009949,5880,5880,2025-03-31 04:04:21,App,Delivered
ORD000009950,4120,4120,2024-01-25 17:16:57,App,Delivered
ORD000009951,377,377,2023-10-05 08:27:21,App,Delivered
ORD000009952,779,779,2023-10-20 17:26:03,Web,Delivered
ORD000009953,5276,5276,2021-02-20 05:26:27,Web,Delivered
ORD000009954,3344,3344,2021-05-16 05:39:24,App,Delivered
ORD000009955,5993,5993,2025-03-09 22:20:02,Web,Placed
ORD000009956,3596,3596,2021-03-25 18:00:29,Web,Delivered
ORD000009957,5870,5870,2023-05-19 09:31:52,App,Delivered
ORD000009958,2500,2500,2022-05-08 08:16:09,App,Delivered
ORD000009959,4996,4996,2022-05-25 03:23:19,Web,Delivered
ORD000009960,587,587,2024-04-16 02:49:38,App,Delivered
ORD000009961,1055,1055,2023-05-24 11:17:38,Web,Delivered
ORD000009962,3000,3000,2022-10-30 03:22:10,Web,Returned
ORD000009963,610,610,2024-08-01 20:18:53,Store,Shipped
ORD000009964,2177,2177,2024-11-28 14:06:51,Web,Delivered
ORD000009965,2501,2501,2024-10-28 19:12:28,App,Returned
ORD000009966,807,807,2022-07-24 07:26:10,App,Returned
ORD000009967,2484,2484,2022-06-27 22:13:05,Web,Delivered
ORD000009968,5727,5727,2025-11-18 05:01:02,App,Delivered
ORD000009969,5796,5796,2023-07-31 02:19:17,App,Returned
ORD000009970,2700,2700,2022-11-25 18:36:34,App,Placed
ORD000009971,1352,1352,2024-02-15 06:18:14,Web,Returned
ORD000009972,109,109,2021-08-02 15:24:03,Web,Returned
ORD000009973,526,526,2022-07-02 04:13:29,App,Returned
ORD000009974,1499,1499,2024-08-11 12:09:21,App,Returned
ORD000009975,950,950,2021-10-27 12:11:45,App,Delivered
ORD000009976,1668,1668,2023-01-15 20:37:00,Web,Placed
ORD000009977,3185,3185,2025-09-30 19:41:34,Web,Delivered
ORD000009978,4948,4948,2021-04-19 20:28:39,Store,Delivered
ORD000009979,606,606,2023-04-15 16:08:34,Web,Delivered
ORD000009980,2395,2395,2022-05-01 16:50:55,Web,Delivered
ORD000009981,1625,1625,2025-11-13 19:48:24,App,Cancelled
ORD000009982,4918,4918,2024-03-03 18:13:42,App,Delivered
ORD000009983,4403,4403,2024-11-26 17:13:58,Web,Delivered
ORD000009984,5006,5006,2025-09-30 02:53:13,Web,Delivered
ORD000009985,1058,1058,2025-01-09 13:53:43,Web,Delivered
ORD000009986,1369,1369,2025-09-04 02:06:55,Web,Delivered
ORD000009987,5739,5739,2022-02-28 00:28:01,App,Placed
ORD000009988,1672,1672,2026-01-10 09:31:06,Web,Delivered
ORD000009989,4634,4634,2025-12-29 13:07:13,Web,Delivered
ORD000009990,3739,3739,2023-07-19 19:52:32,App,Delivered
ORD000009991,928,928,2023-03-16 00:51:59,App,Delivered
ORD000009992,3626,3626,2022-10-21 02:58:06,App,Delivered
ORD000009993,5201,5201,2021-07-18 05:21:46,App,Delivered
ORD000009994,2737,2737,2022-10-06 13:02:15,App,Delivered
ORD000009995,705,705,2021-11-06 12:57:34,Web,Delivered
ORD000009996,283,283,2023-09-25 23:44:10,Web,Returned
ORD000009997,3830,3830,2024-10-14 20:16:05,Web,Cancelled
ORD000009998,3684,3684,2025-09-21 02:34:01,Store,Delivered
ORD000009999,971,971,2021-06-01 18:18:04,App,Cancelled
ORD000010000,4073,4073,2024-05-04 17:42:17,Store,Cancelled
ORD000010001,489,489,2023-02-18 05:17:52,Web,Delivered
ORD000010002,3107,3107,2022-10-04 21:48:10,App,Placed
ORD000010003,2854,2854,2022-01-15 20:40:38,App,Delivered
ORD000010004,2090,2090,2021-11-20 22:53:40,Web,Delivered
ORD000010005,170,170,2023-06-21 06:36:37,App,Cancelled
ORD000010006,4017,4017,2024-07-25 15:05:44,Web,Delivered
ORD000010007,1593,1593,2026-01-28 22:19:45,Web,Returned
ORD000010008,4964,4964,2021-06-07 05:11:23,App,Delivered
ORD000010009,566,566,2022-09-08 20:10:49,App,Delivered
ORD000010010,1418,1418,2021-04-29 09:58:40,App,Cancelled
ORD000010011,3368,3368,2023-03-28 10:57:01,Web,Returned
ORD000010012,385,385,2023-05-30 00:26:06,Web,Delivered
ORD000010013,2646,2646,2024-03-12 09:49:52,Web,Placed
ORD000010014,3136,3136,2022-05-03 16:04:09,App,Delivered
ORD000010015,4177,4177,2025-08-15 01:38:25,App,Placed
ORD000010016,3257,3257,2023-07-11 22:45:25,Web,Delivered
ORD000010017,5658,5658,2023-01-08 17:44:08,App,Delivered
ORD000010018,238,238,2023-11-10 14:24:41,Web,Delivered
ORD000010019,3441,3441,2025-05-24 08:39:31,Web,Delivered
ORD000010020,4833,4833,2021-09-13 22:02:15,App,Delivered
ORD000010021,4936,4936,2025-03-29 10:42:11,App,Delivered
ORD000010022,1933,1933,2021-08-13 09:23:52,Web,Returned
ORD000010023,3162,3162,2024-11-18 02:26:38,Web,Delivered
ORD000010024,5560,5560,2021-07-30 20:41:24,App,Delivered
ORD000010025,2577,2577,2024-02-29 06:13:38,Web,Shipped
ORD000010026,4184,4184,2024-09-11 23:02:44,App,Delivered
ORD000010027,2072,2072,2023-12-17 20:33:00,App,Placed
ORD000010028,332,332,2023-04-29 14:33:01,App,Returned
ORD000010029,3130,3130,2022-10-11 09:33:58,App,Returned
ORD000010030,2512,2512,2025-11-09 17:24:15,App,Delivered
ORD000010031,3050,3050,2024-05-05 19:03:29,Web,Delivered
ORD000010032,4285,4285,2025-07-23 04:43:30,Web,Delivered
ORD000010033,3536,3536,2024-02-26 09:59:19,App,Placed
ORD000010034,353,353,2025-10-26 20:38:26,App,Delivered
ORD000010035,3123,3123,2023-01-13 04:08:46,App,Delivered
ORD000010036,5208,5208,2022-03-06 04:53:56,Web,Delivered
ORD000010037,2032,2032,2025-01-01 06:32:22,App,Delivered
ORD000010038,860,860,2023-12-01 01:47:53,Web,Cancelled
ORD000010039,2927,2927,2025-10-01 22:28:24,Web,Delivered
ORD000010040,4263,4263,2021-05-14 06:00:54,App,Returned
ORD000010041,5826,5826,2021-09-27 04:57:25,App,Placed
ORD000010042,4045,4045,2025-06-23 21:51:55,App,Shipped
ORD000010043,4197,4197,2025-03-04 02:10:52,App,Delivered
ORD000010044,4621,4621,2022-03-19 14:34:08,App,Cancelled
ORD000010045,1171,1171,2022-08-19 18:34:59,App,Shipped
ORD000010046,4584,4584,2022-03-02 08:08:16,App,Delivered
ORD000010047,5641,5641,2022-02-08 10:16:01,Web,Placed
ORD000010048,2129,2129,2021-11-16 17:41:50,Web,Delivered
ORD000010049,2628,2628,2023-07-20 10:17:28,Web,Delivered
ORD000010050,4918,4918,2024-07-19 21:05:28,Web,Delivered
ORD000010051,5246,5246,2022-03-16 10:32:08,App,Delivered
ORD000010052,3634,3634,2025-10-25 15:35:25,Web,Shipped
ORD000010053,1606,1606,2024-11-24 17:11:40,Web,Returned
ORD000010054,2934,2934,2023-07-27 02:04:01,Web,Delivered
ORD000010055,5802,5802,2021-09-20 23:22:16,App,Delivered
ORD000010056,72,72,2024-07-13 09:08:49,Web,Shipped
ORD000010057,2293,2293,2025-08-16 00:05:36,Web,Delivered
ORD000010058,4675,4675,2022-09-25 18:00:42,Web,Returned
ORD000010059,1234,1234,2022-09-08 17:39:25,Web,Delivered
ORD000010060,194,194,2023-11-07 10:06:46,App,Delivered
ORD000010061,4634,4634,2021-09-30 09:58:51,Web,Placed
ORD000010062,4428,4428,2023-10-17 13:23:06,App,Delivered
ORD000010063,3583,3583,2021-11-27 08:09:22,App,Delivered
ORD000010064,4389,4389,2022-03-13 01:13:59,App,Placed
ORD000010065,730,730,2021-12-19 10:08:52,App,Delivered
ORD000010066,36,36,2023-12-21 01:03:12,App,Shipped
ORD000010067,5648,5648,2023-12-27 18:59:20,App,Delivered
ORD000010068,5198,5198,2023-02-25 14:36:20,App,Delivered
ORD000010069,5767,5767,2025-03-07 14:30:26,App,Delivered
ORD000010070,245,245,2023-07-15 12:48:07,App,Delivered
ORD000010071,3467,3467,2024-04-11 18:36:42,App,Returned
ORD000010072,3768,3768,2025-06-16 14:15:57,App,Shipped
ORD000010073,5213,5213,2021-08-01 17:52:02,App,Placed
ORD000010074,5946,5946,2024-08-24 09:40:10,App,Delivered
ORD000010075,5496,5496,2025-03-10 16:43:07,Web,Delivered
ORD000010076,4286,4286,2024-10-08 14:27:18,Store,Delivered
ORD000010077,1782,1782,2021-09-07 06:40:45,App,Delivered
ORD000010078,2855,2855,2021-10-29 14:08:50,Web,Delivered
ORD000010079,1216,1216,2022-03-19 00:27:05,Web,Delivered
ORD000010080,616,616,2023-08-23 03:26:32,App,Delivered
ORD000010081,4164,4164,2024-11-28 15:48:08,App,Returned
ORD000010082,5275,5275,2024-06-06 16:56:09,Web,Delivered
ORD000010083,454,454,2023-03-23 14:32:18,Web,Shipped
ORD000010084,3305,3305,2023-07-19 23:20:24,Web,Delivered
ORD000010085,1532,1532,2022-09-10 20:44:01,Web,Delivered
ORD000010086,4562,4562,2022-08-15 20:56:26,App,Delivered
ORD000010087,1776,1776,2022-03-05 11:39:19,App,Delivered
ORD000010088,2490,2490,2023-02-05 06:30:50,App,Returned
ORD000010089,1150,1150,2021-10-06 14:04:43,App,Returned
ORD000010090,3707,3707,2024-07-22 16:31:49,App,Delivered
ORD000010091,5156,5156,2022-08-05 13:11:19,Web,Delivered
ORD000010092,5362,5362,2021-08-15 09:01:20,Web,Delivered
ORD000010093,4229,4229,2025-02-28 16:39:58,Web,Delivered
ORD000010094,4988,4988,2026-01-14 06:38:15,App,Delivered
ORD000010095,5347,5347,2023-02-12 15:05:34,Web,Shipped
ORD000010096,5523,5523,2022-05-23 13:56:51,Web,Delivered
ORD000010097,4492,4492,2022-01-25 00:54:51,Web,Delivered
ORD000010098,2138,2138,2025-10-06 21:27:24,Store,Shipped
ORD000010099,83,83,2021-05-29 05:34:23,App,Shipped
ORD000010100,1524,1524,2021-05-24 21:03:04,App,Delivered
ORD000010101,3381,3381,2024-02-02 10:56:54,App,Placed
ORD000010102,2580,2580,2022-12-07 07:04:56,Web,Delivered
ORD000010103,4937,4937,2022-11-17 00:02:54,Web,Delivered
ORD000010104,1108,1108,2021-07-28 21:22:01,App,Placed
ORD000010105,2075,2075,2024-12-11 06:05:32,Web,Delivered
ORD000010106,4475,4475,2022-01-12 12:33:08,App,Delivered
ORD000010107,1925,1925,2021-07-13 23:13:34,App,Delivered
ORD000010108,4313,4313,2026-01-26 12:47:29,App,Delivered
ORD000010109,381,381,2025-01-15 08:16:06,App,Delivered
ORD000010110,637,637,2022-06-30 13:27:09,App,Delivered
ORD000010111,800,800,2024-05-09 17:13:23,Web,Placed
ORD000010112,3784,3784,2026-01-25 02:56:42,App,Delivered
ORD000010113,4013,4013,2022-07-13 14:58:12,Web,Delivered
ORD000010114,2556,2556,2021-12-19 02:51:00,App,Delivered
ORD000010115,283,283,2025-09-15 03:09:14,Store,Delivered
ORD000010116,4310,4310,2024-04-09 03:35:44,Web,Delivered
ORD000010117,1180,1180,2023-05-28 05:16:07,App,Delivered
ORD000010118,2047,2047,2021-07-20 13:30:36,App,Shipped
ORD000010119,855,855,2025-05-26 11:21:15,App,Delivered
ORD000010120,617,617,2023-02-08 10:54:10,Web,Placed
ORD000010121,3231,3231,2022-09-15 11:53:45,App,Cancelled
ORD000010122,2089,2089,2024-10-27 15:13:27,Store,Delivered
ORD000010123,3874,3874,2025-08-05 03:38:06,App,Delivered
ORD000010124,4615,4615,2023-09-02 11:39:25,App,Delivered
ORD000010125,1029,1029,2026-01-09 08:55:14,App,Returned
ORD000010126,1045,1045,2023-04-06 13:17:55,App,Delivered
ORD000010127,646,646,2023-03-24 16:22:36,App,Delivered
ORD000010128,941,941,2023-11-18 06:13:03,Web,Delivered
ORD000010129,4338,4338,2021-02-23 20:23:51,App,Delivered
ORD000010130,5027,5027,2025-12-25 08:46:54,Web,Placed
ORD000010131,343,343,2021-10-20 21:25:00,Web,Placed
ORD000010132,1667,1667,2025-04-18 00:43:39,Web,Returned
ORD000010133,2465,2465,2024-06-10 03:47:33,Web,Returned
ORD000010134,38,38,2021-09-03 19:35:20,App,Delivered
ORD000010135,4432,4432,2026-01-11 13:15:18,Web,Placed
ORD000010136,2161,2161,2023-07-30 13:32:06,App,Delivered
ORD000010137,251,251,2023-05-28 06:16:51,App,Returned
ORD000010138,5008,5008,2023-07-05 06:02:30,App,Delivered
ORD000010139,3417,3417,2023-05-04 07:55:00,App,Cancelled
ORD000010140,3946,3946,2023-02-01 10:40:26,App,Delivered
ORD000010141,264,264,2021-10-06 09:09:13,App,Returned
ORD000010142,4995,4995,2024-03-16 06:29:36,Web,Delivered
ORD000010143,4677,4677,2022-12-14 17:41:53,App,Returned
ORD000010144,5887,5887,2024-02-04 01:20:58,App,Delivered
ORD000010145,1415,1415,2025-05-24 15:37:37,Web,Cancelled
ORD000010146,5106,5106,2024-05-13 12:58:22,Web,Delivered
ORD000010147,1622,1622,2022-02-17 05:20:24,App,Delivered
ORD000010148,1754,1754,2022-03-06 03:18:26,App,Returned
ORD000010149,562,562,2022-07-09 11:11:55,Store,Delivered
ORD000010150,3583,3583,2024-03-03 12:15:11,App,Delivered
ORD000010151,1158,1158,2022-03-21 08:20:44,App,Delivered
ORD000010152,5509,5509,2023-05-06 20:50:20,App,Placed
ORD000010153,1766,1766,2023-05-22 20:19:46,App,Delivered
ORD000010154,4157,4157,2025-10-26 08:25:46,Web,Delivered
ORD000010155,3836,3836,2022-10-02 19:18:06,App,Delivered
ORD000010156,5862,5862,2024-08-31 20:58:46,Web,Delivered
ORD000010157,3542,3542,2025-07-28 14:39:52,App,Delivered
ORD000010158,5471,5471,2024-03-12 16:53:06,App,Delivered
ORD000010159,3130,3130,2025-05-05 23:10:51,Store,Delivered
ORD000010160,3257,3257,2022-06-14 13:52:34,App,Returned
ORD000010161,3104,3104,2023-01-15 17:46:05,Web,Delivered
ORD000010162,4753,4753,2024-12-23 09:53:14,App,Returned
ORD000010163,4265,4265,2021-11-04 22:16:05,App,Delivered
ORD000010164,1046,1046,2025-03-03 06:08:26,Store,Delivered
ORD000010165,2858,2858,2023-02-19 12:20:07,App,Returned
ORD000010166,1103,1103,2023-03-10 21:00:04,Web,Delivered
ORD000010167,2736,2736,2024-08-13 15:50:37,Web,Delivered
ORD000010168,387,387,2023-08-01 01:56:00,App,Delivered
ORD000010169,1613,1613,2021-06-29 04:22:58,Store,Placed
ORD000010170,1566,1566,2021-06-14 03:48:44,Web,Returned
ORD000010171,3356,3356,2022-02-27 08:07:51,App,Delivered
ORD000010172,2377,2377,2022-10-25 09:13:12,Web,Returned
ORD000010173,2508,2508,2024-05-04 14:06:23,Web,Returned
ORD000010174,2201,2201,2024-02-23 10:29:25,App,Placed
ORD000010175,4005,4005,2022-08-06 12:36:36,App,Placed
ORD000010176,2773,2773,2021-05-04 18:08:22,Web,Delivered
ORD000010177,5811,5811,2023-03-01 14:56:45,Web,Placed
ORD000010178,807,807,2021-05-30 09:06:19,Store,Delivered
ORD000010179,3784,3784,2023-07-15 04:48:54,App,Delivered
ORD000010180,3030,3030,2022-08-31 12:18:14,App,Shipped
ORD000010181,641,641,2024-11-16 14:30:48,App,Delivered
ORD000010182,5926,5926,2022-08-06 12:22:49,App,Delivered
ORD000010183,4087,4087,2022-02-07 09:14:15,App,Delivered
ORD000010184,2996,2996,2025-03-01 03:13:08,App,Delivered
ORD000010185,2239,2239,2025-02-03 13:31:41,Web,Cancelled
ORD000010186,2100,2100,2021-03-17 18:14:04,App,Placed
ORD000010187,2643,2643,2023-05-19 05:30:27,App,Placed
ORD000010188,2389,2389,2024-12-10 10:39:46,App,Returned
ORD000010189,4113,4113,2021-09-21 13:35:06,App,Placed
ORD000010190,4086,4086,2023-03-05 08:11:43,App,Shipped
ORD000010191,242,242,2024-12-19 03:24:05,Web,Cancelled
ORD000010192,5790,5790,2021-05-17 13:00:25,App,Delivered
ORD000010193,3750,3750,2024-09-30 21:12:09,App,Delivered
ORD000010194,4747,4747,2022-07-27 01:29:45,App,Delivered
ORD000010195,1435,1435,2022-08-06 04:49:28,Web,Shipped
ORD000010196,4390,4390,2023-02-06 00:27:38,Store,Delivered
ORD000010197,1434,1434,2022-09-10 12:50:26,Web,Delivered
ORD000010198,4769,4769,2024-09-18 10:35:47,Web,Delivered
ORD000010199,1440,1440,2022-10-30 22:46:42,Web,Delivered
ORD000010200,4278,4278,2021-03-03 00:10:49,Store,Placed
ORD000010201,2969,2969,2024-09-27 14:41:09,App,Delivered
ORD000010202,4888,4888,2024-06-11 09:51:26,Web,Delivered
ORD000010203,4763,4763,2024-12-07 16:45:35,Web,Returned
ORD000010204,5934,5934,2023-01-18 11:24:56,App,Returned
ORD000010205,4822,4822,2022-01-24 22:15:16,App,Delivered
ORD000010206,4449,4449,2021-08-24 10:19:55,Web,Delivered
ORD000010207,4165,4165,2022-06-12 02:11:55,Web,Placed
ORD000010208,477,477,2024-02-06 23:49:15,App,Returned
ORD000010209,4421,4421,2023-06-23 03:05:17,App,Delivered
ORD000010210,3566,3566,2022-10-04 23:17:23,App,Delivered
ORD000010211,1319,1319,2025-06-09 06:14:51,App,Cancelled
ORD000010212,5329,5329,2022-01-25 13:49:57,App,Delivered
ORD000010213,5277,5277,2025-04-26 09:00:38,App,Delivered
ORD000010214,5195,5195,2021-02-15 18:25:31,App,Delivered
ORD000010215,5974,5974,2021-08-05 11:36:44,App,Returned
ORD000010216,5351,5351,2021-02-19 05:50:46,App,Delivered
ORD000010217,5697,5697,2025-05-23 06:30:59,App,Delivered
ORD000010218,4179,4179,2023-04-30 03:13:13,App,Delivered
ORD000010219,3658,3658,2021-03-05 07:20:41,App,Shipped
ORD000010220,1289,1289,2023-01-11 07:46:43,Web,Returned
ORD000010221,269,269,2022-08-22 13:45:57,Web,Delivered
ORD000010222,2936,2936,2025-01-19 20:15:41,App,Returned
ORD000010223,4397,4397,2024-11-29 14:11:50,App,Delivered
ORD000010224,1022,1022,2021-04-06 05:45:45,Web,Delivered
ORD000010225,90,90,2024-03-13 20:58:42,App,Delivered
ORD000010226,1926,1926,2024-03-04 11:22:34,Web,Delivered
ORD000010227,4456,4456,2026-01-05 20:03:02,App,Delivered
ORD000010228,5420,5420,2024-07-31 05:40:45,Web,Cancelled
ORD000010229,3074,3074,2025-01-02 06:09:22,App,Delivered
ORD000010230,5533,5533,2023-01-26 10:47:42,App,Delivered
ORD000010231,3248,3248,2024-06-05 15:58:11,App,Delivered
ORD000010232,1149,1149,2024-07-06 08:45:45,App,Delivered
ORD000010233,4823,4823,2023-05-06 16:47:05,App,Shipped
ORD000010234,1603,1603,2024-05-30 19:42:14,App,Returned
ORD000010235,5298,5298,2024-08-19 04:13:11,Web,Delivered
ORD000010236,1803,1803,2021-07-19 00:44:56,Web,Delivered
ORD000010237,5,5,2024-06-09 19:32:30,App,Delivered
ORD000010238,5933,5933,2024-02-16 10:43:29,App,Delivered
ORD000010239,5834,5834,2021-03-18 09:39:12,App,Delivered
ORD000010240,2165,2165,2025-02-24 17:44:34,App,Placed
ORD000010241,3062,3062,2025-03-27 20:48:07,App,Delivered
ORD000010242,431,431,2022-07-26 03:50:06,App,Returned
ORD000010243,390,390,2021-11-19 14:46:31,Web,Delivered
ORD000010244,3551,3551,2023-11-26 03:26:06,App,Returned
ORD000010245,3543,3543,2021-06-04 07:38:34,App,Delivered
ORD000010246,1374,1374,2025-09-08 15:34:45,App,Shipped
ORD000010247,4840,4840,2024-12-23 07:33:51,App,Delivered
ORD000010248,4180,4180,2025-07-04 12:15:39,Web,Cancelled
ORD000010249,2649,2649,2025-09-27 13:18:49,App,Delivered
ORD000010250,3299,3299,2021-05-27 20:20:04,App,Delivered
ORD000010251,453,453,2023-11-26 05:36:40,App,Delivered
ORD000010252,5231,5231,2026-02-02 20:32:14,App,Delivered
ORD000010253,323,323,2022-07-27 12:14:54,Web,Cancelled
ORD000010254,4015,4015,2022-02-03 18:00:28,App,Returned
ORD000010255,5659,5659,2023-10-26 19:59:47,App,Delivered
ORD000010256,1989,1989,2022-12-19 09:22:51,App,Returned
ORD000010257,1129,1129,2025-01-14 22:51:16,App,Delivered
ORD000010258,1110,1110,2024-03-21 23:56:16,Web,Delivered
ORD000010259,2551,2551,2023-12-07 01:51:17,Web,Returned
ORD000010260,506,506,2023-12-19 18:51:30,App,Placed
ORD000010261,1180,1180,2025-03-26 22:11:10,App,Cancelled
ORD000010262,5831,5831,2021-04-23 19:40:41,Web,Delivered
ORD000010263,496,496,2025-02-12 03:02:09,App,Delivered
ORD000010264,5037,5037,2022-11-17 08:50:13,Store,Delivered
ORD000010265,386,386,2025-06-21 15:43:12,App,Delivered
ORD000010266,5769,5769,2022-02-23 18:04:22,App,Placed
ORD000010267,3535,3535,2024-05-19 19:28:58,Web,Delivered
ORD000010268,3615,3615,2023-07-13 19:22:23,Web,Delivered
ORD000010269,4772,4772,2021-07-30 04:58:32,Web,Returned
ORD000010270,1897,1897,2025-10-18 14:34:48,App,Delivered
ORD000010271,3855,3855,2023-10-25 01:06:30,App,Delivered
ORD000010272,3518,3518,2023-01-23 14:07:42,App,Shipped
ORD000010273,2335,2335,2023-10-26 12:37:55,App,Cancelled
ORD000010274,5019,5019,2025-11-11 15:41:10,App,Delivered
ORD000010275,5890,5890,2022-12-21 20:57:29,Web,Delivered
ORD000010276,4297,4297,2024-09-16 04:35:25,App,Returned
ORD000010277,811,811,2025-06-30 20:17:10,App,Placed
ORD000010278,883,883,2022-08-01 03:00:30,Web,Delivered
ORD000010279,1403,1403,2023-07-26 09:23:57,App,Placed
ORD000010280,3795,3795,2021-07-24 22:05:00,Store,Cancelled
ORD000010281,1289,1289,2023-12-31 03:55:41,App,Shipped
ORD000010282,5308,5308,2025-08-02 13:19:43,App,Placed
ORD000010283,898,898,2021-12-19 00:47:43,App,Delivered
ORD000010284,2405,2405,2021-04-10 16:17:36,App,Shipped
ORD000010285,1217,1217,2022-11-26 17:45:50,Web,Delivered
ORD000010286,5230,5230,2025-05-25 21:07:06,Web,Delivered
ORD000010287,2956,2956,2021-03-30 13:21:28,Web,Shipped
ORD000010288,4023,4023,2025-10-01 09:25:08,Web,Returned
ORD000010289,2954,2954,2024-10-25 23:57:04,Web,Delivered
ORD000010290,3571,3571,2023-11-01 09:38:50,Store,Delivered
ORD000010291,5743,5743,2021-02-12 06:36:42,App,Delivered
ORD000010292,5185,5185,2022-11-17 08:54:09,Web,Delivered
ORD000010293,1089,1089,2024-03-24 16:25:26,App,Shipped
ORD000010294,317,317,2024-12-28 20:05:47,App,Delivered
ORD000010295,3819,3819,2023-12-15 10:30:58,Web,Placed
ORD000010296,4555,4555,2021-05-25 20:36:18,App,Delivered
ORD000010297,5829,5829,2023-01-17 23:06:50,Web,Cancelled
ORD000010298,395,395,2025-10-26 07:24:03,Web,Delivered
ORD000010299,5316,5316,2023-09-14 23:29:26,Web,Cancelled
ORD000010300,1574,1574,2023-07-21 08:29:41,App,Delivered
ORD000010301,3954,3954,2023-12-19 04:52:45,App,Shipped
ORD000010302,1063,1063,2022-03-27 22:32:11,App,Delivered
ORD000010303,2197,2197,2024-09-14 14:50:51,App,Placed
ORD000010304,2424,2424,2025-09-04 09:01:23,Web,Placed
ORD000010305,2414,2414,2022-05-24 12:30:26,App,Delivered
ORD000010306,5852,5852,2023-09-01 15:04:22,App,Placed
ORD000010307,4552,4552,2024-01-22 11:21:39,Store,Delivered
ORD000010308,4372,4372,2022-12-05 15:24:19,App,Delivered
ORD000010309,5675,5675,2024-04-16 10:43:05,App,Delivered
ORD000010310,3582,3582,2024-08-14 05:36:01,App,Returned
ORD000010311,5358,5358,2026-01-24 23:34:28,App,Shipped
ORD000010312,4259,4259,2022-09-04 10:54:27,App,Delivered
ORD000010313,1643,1643,2022-09-21 00:04:24,Store,Returned
ORD000010314,4896,4896,2026-01-25 03:49:49,App,Delivered
ORD000010315,5229,5229,2024-05-22 13:07:38,App,Delivered
ORD000010316,4276,4276,2026-02-02 05:31:56,Web,Delivered
ORD000010317,1543,1543,2023-01-24 01:26:09,App,Delivered
ORD000010318,2900,2900,2024-10-11 04:43:07,App,Delivered
ORD000010319,2035,2035,2022-04-07 07:14:25,App,Delivered
ORD000010320,1479,1479,2022-02-14 05:06:28,App,Delivered
ORD000010321,1012,1012,2023-09-24 23:58:56,Web,Delivered
ORD000010322,1432,1432,2025-08-18 07:13:48,App,Returned
ORD000010323,5781,5781,2022-12-23 07:44:35,App,Returned
ORD000010324,3257,3257,2023-02-18 05:31:52,Web,Placed
ORD000010325,457,457,2025-11-12 20:07:13,Store,Delivered
ORD000010326,5011,5011,2022-09-08 13:42:07,Web,Shipped
ORD000010327,3065,3065,2022-12-31 20:55:29,Web,Shipped
ORD000010328,4052,4052,2023-03-10 07:34:12,Web,Cancelled
ORD000010329,3577,3577,2024-07-31 11:29:14,App,Returned
ORD000010330,2293,2293,2022-11-27 05:35:19,Web,Returned
ORD000010331,4880,4880,2024-03-03 09:12:13,App,Delivered
ORD000010332,1139,1139,2021-05-25 14:44:47,App,Delivered
ORD000010333,2546,2546,2022-08-15 21:43:25,App,Delivered
ORD000010334,1361,1361,2025-09-16 11:14:37,App,Cancelled
ORD000010335,3191,3191,2022-03-29 06:47:20,Web,Placed
ORD000010336,56,56,2025-02-28 15:21:04,Web,Delivered
ORD000010337,4520,4520,2025-02-06 21:09:15,Web,Delivered
ORD000010338,3192,3192,2021-09-15 14:03:18,App,Returned
ORD000010339,4146,4146,2022-01-12 20:39:28,Web,Shipped
ORD000010340,3437,3437,2025-02-26 21:23:44,App,Delivered
ORD000010341,1960,1960,2022-01-19 06:58:49,Web,Returned
ORD000010342,5482,5482,2023-05-16 12:04:28,Web,Delivered
ORD000010343,2130,2130,2025-10-11 17:29:38,App,Placed
ORD000010344,4978,4978,2022-12-18 09:45:46,App,Delivered
ORD000010345,5766,5766,2023-01-08 21:07:13,App,Shipped
ORD000010346,238,238,2022-09-26 15:45:32,App,Delivered
ORD000010347,3040,3040,2023-04-18 02:32:08,App,Delivered
ORD000010348,389,389,2022-05-14 02:24:43,App,Returned
ORD000010349,3407,3407,2022-06-21 22:46:23,App,Shipped
ORD000010350,685,685,2024-12-18 11:35:37,Web,Placed
ORD000010351,3984,3984,2021-05-21 12:09:46,Web,Delivered
ORD000010352,187,187,2024-08-26 20:43:20,Web,Delivered
ORD000010353,2744,2744,2022-06-10 16:13:48,Web,Delivered
ORD000010354,3429,3429,2021-08-09 00:57:01,Web,Returned
ORD000010355,2411,2411,2023-06-14 05:47:01,Web,Delivered
ORD000010356,3235,3235,2023-09-20 06:31:16,App,Shipped
ORD000010357,3389,3389,2022-04-19 12:59:44,Web,Delivered
ORD000010358,5070,5070,2021-07-29 03:37:42,Web,Delivered
ORD000010359,2935,2935,2022-05-06 07:46:08,App,Delivered
ORD000010360,5079,5079,2024-02-15 16:00:24,Web,Delivered
ORD000010361,4372,4372,2023-10-02 05:32:51,App,Returned
ORD000010362,4921,4921,2021-02-12 06:17:22,App,Delivered
ORD000010363,5988,5988,2024-01-13 18:30:27,Web,Returned
ORD000010364,3970,3970,2023-06-22 11:59:55,Web,Delivered
ORD000010365,3995,3995,2022-04-20 01:21:07,App,Returned
ORD000010366,4573,4573,2022-10-15 17:17:03,Web,Cancelled
ORD000010367,3250,3250,2022-09-07 22:12:52,Web,Delivered
ORD000010368,2752,2752,2021-09-19 18:00:01,Web,Returned
ORD000010369,1576,1576,2025-02-22 19:07:27,App,Placed
ORD000010370,1260,1260,2024-07-12 07:11:40,Web,Delivered
ORD000010371,1057,1057,2025-06-20 20:14:54,Web,Shipped
ORD000010372,5661,5661,2024-07-26 12:02:46,Store,Delivered
ORD000010373,545,545,2022-04-28 23:02:31,App,Delivered
ORD000010374,330,330,2022-09-19 02:34:03,App,Shipped
ORD000010375,5185,5185,2021-05-25 10:29:50,App,Delivered
ORD000010376,2170,2170,2022-06-15 05:43:44,App,Shipped
ORD000010377,1579,1579,2023-05-06 08:24:50,Web,Delivered
ORD000010378,3007,3007,2021-07-30 05:19:37,App,Placed
ORD000010379,5841,5841,2025-06-13 17:52:43,Web,Cancelled
ORD000010380,2524,2524,2023-10-02 07:59:54,App,Delivered
ORD000010381,2790,2790,2021-12-04 15:52:22,Web,Delivered
ORD000010382,4223,4223,2021-08-04 19:18:32,Web,Placed
ORD000010383,2916,2916,2022-08-11 08:07:57,App,Shipped
ORD000010384,5306,5306,2024-02-17 02:40:30,App,Placed
ORD000010385,1773,1773,2021-06-20 06:56:53,App,Placed
ORD000010386,2139,2139,2023-10-26 04:20:26,App,Delivered
ORD000010387,5675,5675,2021-11-22 21:14:44,App,Delivered
ORD000010388,1957,1957,2021-09-09 09:30:11,Web,Delivered
ORD000010389,2073,2073,2021-11-14 10:41:02,App,Delivered
ORD000010390,5986,5986,2025-08-19 00:12:12,App,Delivered
ORD000010391,2397,2397,2024-03-22 00:26:08,Web,Delivered
ORD000010392,5731,5731,2022-11-12 20:36:29,Store,Shipped
ORD000010393,2816,2816,2022-05-05 11:09:25,Web,Delivered
ORD000010394,873,873,2022-05-01 19:33:42,App,Placed
ORD000010395,4342,4342,2021-08-30 23:37:30,App,Returned
ORD000010396,257,257,2021-03-21 04:25:26,Web,Delivered
ORD000010397,4918,4918,2022-05-12 05:34:02,App,Placed
ORD000010398,4033,4033,2023-05-08 02:34:03,App,Delivered
ORD000010399,4886,4886,2021-06-12 04:11:33,App,Returned
ORD000010400,3261,3261,2025-08-27 12:02:14,App,Placed
ORD000010401,694,694,2022-10-22 01:27:26,App,Shipped
ORD000010402,4835,4835,2025-11-16 22:17:16,App,Delivered
ORD000010403,4038,4038,2023-06-03 06:34:16,Web,Delivered
ORD000010404,4815,4815,2025-07-12 22:55:24,App,Returned
ORD000010405,556,556,2023-11-03 09:32:08,App,Delivered
ORD000010406,3957,3957,2023-01-23 11:33:26,Web,Returned
ORD000010407,5610,5610,2025-09-10 12:52:08,Web,Delivered
ORD000010408,5365,5365,2022-07-05 04:51:22,Web,Delivered
ORD000010409,1278,1278,2025-06-27 01:06:41,Web,Delivered
ORD000010410,5229,5229,2025-09-26 03:47:38,Web,Delivered
ORD000010411,4210,4210,2024-01-25 22:25:53,Web,Delivered
ORD000010412,948,948,2023-12-29 05:37:01,App,Delivered
ORD000010413,4581,4581,2022-09-15 21:22:29,Store,Shipped
ORD000010414,4374,4374,2025-09-27 19:23:29,App,Delivered
ORD000010415,5869,5869,2022-11-28 19:44:47,App,Delivered
ORD000010416,5149,5149,2022-07-31 06:30:14,App,Cancelled
ORD000010417,398,398,2023-07-19 14:14:31,App,Delivered
ORD000010418,222,222,2025-09-16 01:37:09,Web,Shipped
ORD000010419,2366,2366,2025-05-23 16:07:20,Web,Shipped
ORD000010420,1778,1778,2021-10-08 22:33:37,App,Placed
ORD000010421,4061,4061,2024-04-08 17:08:31,App,Placed
ORD000010422,3955,3955,2025-07-22 02:36:41,App,Returned
ORD000010423,3523,3523,2025-03-16 02:54:44,App,Delivered
ORD000010424,5729,5729,2024-10-28 20:23:04,Web,Placed
ORD000010425,4439,4439,2022-03-21 00:30:38,Web,Placed
ORD000010426,775,775,2024-03-24 20:43:33,App,Delivered
ORD000010427,340,340,2025-09-16 15:00:58,Web,Delivered
ORD000010428,7,7,2023-07-06 02:47:47,App,Placed
ORD000010429,1297,1297,2022-09-05 00:25:50,App,Delivered
ORD000010430,288,288,2023-02-28 15:37:19,Web,Placed
ORD000010431,893,893,2023-04-26 01:58:29,Web,Delivered
ORD000010432,717,717,2021-10-27 21:02:58,Web,Delivered
ORD000010433,4280,4280,2021-09-22 19:53:09,App,Delivered
ORD000010434,1854,1854,2025-02-11 02:43:05,App,Delivered
ORD000010435,570,570,2023-12-22 02:56:02,Web,Delivered
ORD000010436,4719,4719,2025-12-15 14:06:44,App,Placed
ORD000010437,643,643,2022-06-26 23:52:12,Web,Delivered
ORD000010438,3673,3673,2024-10-17 15:05:15,App,Delivered
ORD000010439,4081,4081,2021-03-03 10:18:38,App,Delivered
ORD000010440,3329,3329,2025-09-17 02:21:53,Web,Shipped
ORD000010441,2552,2552,2021-06-14 20:46:08,App,Returned
ORD000010442,110,110,2025-11-17 13:38:14,App,Shipped
ORD000010443,3651,3651,2021-10-22 20:17:36,Web,Delivered
ORD000010444,3220,3220,2024-04-09 02:08:35,Web,Delivered
ORD000010445,732,732,2021-10-05 11:32:33,Web,Delivered
ORD000010446,4310,4310,2024-11-28 14:14:05,App,Delivered
ORD000010447,3044,3044,2024-04-06 15:29:31,Web,Delivered
ORD000010448,5694,5694,2022-10-26 00:38:02,Web,Delivered
ORD000010449,568,568,2022-11-10 14:36:43,App,Delivered
ORD000010450,3049,3049,2023-01-10 10:33:51,Web,Delivered
ORD000010451,5557,5557,2022-10-22 08:03:58,App,Delivered
ORD000010452,2872,2872,2023-03-26 08:04:21,App,Returned
ORD000010453,1358,1358,2024-05-13 06:31:57,Web,Delivered
ORD000010454,5549,5549,2022-01-04 05:07:11,Store,Delivered
ORD000010455,4943,4943,2023-01-10 23:46:01,App,Delivered
ORD000010456,1072,1072,2023-03-04 10:42:35,App,Placed
ORD000010457,5072,5072,2025-05-04 00:26:34,App,Shipped
ORD000010458,2247,2247,2023-12-16 16:55:03,App,Returned
ORD000010459,2556,2556,2024-05-16 19:48:27,App,Delivered
ORD000010460,2377,2377,2022-11-17 22:17:07,Web,Shipped
ORD000010461,1921,1921,2023-10-11 02:34:37,App,Placed
ORD000010462,124,124,2022-12-21 05:48:23,Store,Shipped
ORD000010463,75,75,2024-04-03 14:53:16,Web,Delivered
ORD000010464,1989,1989,2023-02-07 16:17:05,Web,Delivered
ORD000010465,157,157,2021-12-30 09:07:47,App,Delivered
ORD000010466,5254,5254,2026-01-31 18:56:43,Web,Delivered
ORD000010467,3084,3084,2023-11-22 14:05:12,App,Shipped
ORD000010468,3819,3819,2024-02-19 03:09:08,App,Delivered
ORD000010469,4039,4039,2025-11-05 01:01:09,App,Placed
ORD000010470,3692,3692,2023-11-28 14:43:10,App,Placed
ORD000010471,3980,3980,2024-06-05 10:38:22,App,Delivered
ORD000010472,5665,5665,2023-06-22 04:10:22,App,Delivered
ORD000010473,5240,5240,2022-02-10 00:01:12,Web,Delivered
ORD000010474,83,83,2022-02-02 21:30:14,App,Placed
ORD000010475,4789,4789,2022-06-10 20:09:30,App,Delivered
ORD000010476,5348,5348,2025-06-28 23:57:26,App,Returned
ORD000010477,3066,3066,2025-08-07 05:35:36,Web,Delivered
ORD000010478,2234,2234,2025-08-29 13:01:37,App,Placed
ORD000010479,5973,5973,2023-06-10 23:04:54,App,Shipped
ORD000010480,1785,1785,2022-01-02 22:41:25,Web,Shipped
ORD000010481,2091,2091,2022-07-21 06:33:27,App,Shipped
ORD000010482,5629,5629,2023-08-28 20:42:47,Web,Returned
ORD000010483,4169,4169,2023-06-05 12:58:05,App,Delivered
ORD000010484,4013,4013,2024-09-06 00:49:54,Store,Delivered
ORD000010485,1878,1878,2021-10-10 08:51:17,Store,Delivered
ORD000010486,2315,2315,2021-06-07 07:08:49,App,Delivered
ORD000010487,1464,1464,2022-03-09 23:40:12,App,Delivered
ORD000010488,5248,5248,2022-10-28 20:17:43,Web,Placed
ORD000010489,3993,3993,2022-02-09 15:02:18,Web,Placed
ORD000010490,2915,2915,2024-03-22 20:59:21,App,Delivered
ORD000010491,3525,3525,2024-05-06 07:44:52,App,Placed
ORD000010492,3373,3373,2026-01-24 03:54:28,App,Shipped
ORD000010493,1342,1342,2023-09-13 06:43:54,Web,Delivered
ORD000010494,3935,3935,2026-01-02 10:23:53,App,Shipped
ORD000010495,2702,2702,2024-12-20 21:10:18,App,Shipped
ORD000010496,4045,4045,2024-06-12 10:53:35,App,Delivered
ORD000010497,34,34,2022-05-15 18:49:47,App,Delivered
ORD000010498,2146,2146,2024-10-02 02:20:12,App,Delivered
ORD000010499,5330,5330,2025-09-01 12:40:12,App,Delivered
ORD000010500,4806,4806,2025-12-12 16:06:18,Web,Returned
ORD000010501,1280,1280,2023-04-23 04:10:42,Web,Placed
ORD000010502,5674,5674,2022-06-15 01:44:05,App,Returned
ORD000010503,405,405,2023-07-17 13:03:22,App,Delivered
ORD000010504,4712,4712,2023-07-22 13:42:24,App,Delivered
ORD000010505,1925,1925,2023-10-12 05:45:26,Web,Delivered
ORD000010506,1858,1858,2024-02-15 02:48:51,App,Delivered
ORD000010507,882,882,2022-08-30 12:50:00,Web,Placed
ORD000010508,5309,5309,2022-02-11 08:51:52,Web,Delivered
ORD000010509,2882,2882,2025-03-26 09:18:01,Web,Shipped
ORD000010510,2903,2903,2022-01-26 21:55:56,App,Returned
ORD000010511,1598,1598,2025-03-17 15:15:15,App,Returned
ORD000010512,1940,1940,2023-09-13 12:03:21,Web,Shipped
ORD000010513,1246,1246,2024-05-09 21:45:54,App,Delivered
ORD000010514,440,440,2022-03-28 18:31:02,App,Returned
ORD000010515,4628,4628,2022-08-18 09:30:33,Web,Returned
ORD000010516,5400,5400,2023-07-29 04:07:09,Web,Delivered
ORD000010517,2825,2825,2024-12-19 08:09:24,App,Delivered
ORD000010518,5368,5368,2022-12-26 22:54:09,Web,Placed
ORD000010519,116,116,2021-06-28 08:54:29,App,Returned
ORD000010520,4501,4501,2022-07-03 05:37:25,Web,Placed
ORD000010521,1279,1279,2024-06-28 01:30:16,Store,Delivered
ORD000010522,297,297,2022-09-07 06:00:13,App,Shipped
ORD000010523,2949,2949,2024-07-29 22:36:55,App,Delivered
ORD000010524,2606,2606,2023-06-04 01:10:26,App,Placed
ORD000010525,1095,1095,2024-01-29 04:52:33,App,Placed
ORD000010526,5062,5062,2021-04-17 00:50:56,App,Delivered
ORD000010527,4812,4812,2022-09-24 01:22:01,Web,Cancelled
ORD000010528,5102,5102,2025-07-02 23:49:08,App,Delivered
ORD000010529,1075,1075,2022-06-19 19:56:14,App,Delivered
ORD000010530,16,16,2022-12-08 19:18:46,App,Delivered
ORD000010531,1528,1528,2025-03-30 04:12:12,App,Delivered
ORD000010532,51,51,2022-02-22 20:02:58,Web,Delivered
ORD000010533,3200,3200,2024-04-25 05:15:25,App,Cancelled
ORD000010534,3242,3242,2023-11-10 03:02:21,App,Delivered
ORD000010535,5899,5899,2022-10-07 10:15:22,Store,Delivered
ORD000010536,1604,1604,2022-09-09 13:26:08,App,Returned
ORD000010537,3037,3037,2023-09-16 20:26:35,App,Placed
ORD000010538,5300,5300,2024-06-29 23:14:23,App,Delivered
ORD000010539,2786,2786,2025-11-02 12:50:26,App,Delivered
ORD000010540,1993,1993,2023-12-28 15:49:41,App,Delivered
ORD000010541,2954,2954,2021-05-27 10:41:22,Web,Returned
ORD000010542,5823,5823,2024-07-15 16:15:00,App,Returned
ORD000010543,932,932,2022-08-28 10:05:56,Web,Shipped
ORD000010544,2016,2016,2025-07-06 11:55:03,App,Delivered
ORD000010545,4614,4614,2023-06-17 18:37:52,App,Delivered
ORD000010546,2139,2139,2025-03-09 13:49:08,App,Delivered
ORD000010547,4290,4290,2024-11-21 09:13:31,App,Delivered
ORD000010548,3401,3401,2025-09-14 13:12:54,Web,Delivered
ORD000010549,1088,1088,2021-04-21 08:17:17,App,Delivered
ORD000010550,5414,5414,2021-12-14 16:37:25,App,Delivered
ORD000010551,4037,4037,2021-04-22 17:05:35,App,Delivered
ORD000010552,226,226,2023-11-07 03:37:43,App,Placed
ORD000010553,445,445,2021-05-13 21:24:52,App,Delivered
ORD000010554,2382,2382,2025-02-19 11:07:01,App,Placed
ORD000010555,4042,4042,2024-09-03 06:53:48,App,Delivered
ORD000010556,3135,3135,2024-05-24 18:08:12,App,Delivered
ORD000010557,1903,1903,2024-02-14 13:50:55,Web,Delivered
ORD000010558,4593,4593,2023-03-28 00:27:47,Web,Shipped
ORD000010559,3655,3655,2025-12-23 13:20:44,App,Delivered
ORD000010560,3604,3604,2022-05-10 17:23:17,Web,Delivered
ORD000010561,1483,1483,2025-09-08 13:36:26,App,Returned
ORD000010562,5453,5453,2022-07-06 05:43:51,App,Delivered
ORD000010563,245,245,2023-02-17 05:25:49,App,Delivered
ORD000010564,2112,2112,2024-08-08 16:40:57,App,Delivered
ORD000010565,4049,4049,2025-03-21 06:55:29,App,Shipped
ORD000010566,805,805,2024-11-03 05:11:47,Web,Delivered
ORD000010567,932,932,2025-08-17 16:11:40,Web,Shipped
ORD000010568,1761,1761,2021-06-16 09:12:27,Web,Cancelled
ORD000010569,5386,5386,2024-01-02 07:00:21,Web,Delivered
ORD000010570,3117,3117,2025-01-23 04:25:14,App,Delivered
ORD000010571,5901,5901,2022-09-21 09:51:44,App,Placed
ORD000010572,25,25,2026-01-29 15:44:36,Web,Delivered
ORD000010573,4396,4396,2021-06-14 11:22:43,App,Delivered
ORD000010574,5345,5345,2021-06-10 05:47:08,App,Cancelled
ORD000010575,74,74,2021-09-18 06:10:38,App,Shipped
ORD000010576,5236,5236,2022-12-15 04:00:44,App,Delivered
ORD000010577,4248,4248,2024-02-09 18:50:59,App,Delivered
ORD000010578,4071,4071,2021-07-31 02:27:53,App,Shipped
ORD000010579,3163,3163,2021-06-18 15:30:17,App,Placed
ORD000010580,5682,5682,2025-06-03 06:58:59,Web,Delivered
ORD000010581,4188,4188,2024-01-08 07:01:15,App,Placed
ORD000010582,2920,2920,2023-07-04 04:37:07,App,Delivered
ORD000010583,2795,2795,2025-01-08 17:21:36,App,Placed
ORD000010584,1411,1411,2024-08-20 12:52:14,Web,Placed
ORD000010585,3487,3487,2021-03-22 17:40:40,App,Delivered
ORD000010586,3613,3613,2022-04-09 11:22:12,App,Delivered
ORD000010587,4781,4781,2022-01-22 12:19:35,App,Delivered
ORD000010588,4468,4468,2025-10-25 00:52:30,Web,Placed
ORD000010589,5618,5618,2021-11-14 03:00:06,Web,Shipped
ORD000010590,5356,5356,2025-08-30 08:08:01,App,Returned
ORD000010591,1066,1066,2024-10-25 06:57:07,App,Delivered
ORD000010592,5269,5269,2025-05-12 06:09:07,Web,Cancelled
ORD000010593,3996,3996,2022-06-10 05:22:35,App,Placed
ORD000010594,3759,3759,2021-09-25 05:32:01,Web,Placed
ORD000010595,611,611,2025-09-11 07:17:13,Web,Delivered
ORD000010596,4216,4216,2024-06-23 14:48:51,App,Delivered
ORD000010597,1839,1839,2021-12-12 02:13:51,App,Delivered
ORD000010598,5649,5649,2021-05-07 22:55:03,App,Delivered
ORD000010599,2096,2096,2024-12-11 15:02:08,App,Shipped
ORD000010600,5506,5506,2025-02-15 00:06:36,App,Delivered
ORD000010601,3574,3574,2025-04-10 14:30:32,Web,Placed
ORD000010602,5700,5700,2022-10-03 15:52:13,App,Delivered
ORD000010603,473,473,2024-12-12 18:01:18,Web,Delivered
ORD000010604,1157,1157,2025-09-11 20:38:17,App,Delivered
ORD000010605,3191,3191,2025-12-10 16:15:51,App,Delivered
ORD000010606,4420,4420,2022-10-12 18:46:35,App,Cancelled
ORD000010607,52,52,2023-01-09 00:35:48,Web,Shipped
ORD000010608,5029,5029,2021-12-30 16:27:25,App,Placed
ORD000010609,2184,2184,2022-07-20 15:29:28,App,Delivered
ORD000010610,1428,1428,2025-05-01 20:55:14,Web,Delivered
ORD000010611,5879,5879,2021-02-26 06:10:23,Web,Placed
ORD000010612,2217,2217,2023-09-08 05:30:10,Web,Delivered
ORD000010613,1824,1824,2023-11-04 12:23:50,App,Returned
ORD000010614,4456,4456,2025-04-07 18:47:35,App,Delivered
ORD000010615,5780,5780,2021-12-20 22:07:48,App,Returned
ORD000010616,68,68,2021-09-12 11:20:10,App,Cancelled
ORD000010617,3815,3815,2025-01-05 20:34:29,Web,Delivered
ORD000010618,1174,1174,2025-02-07 00:04:29,App,Delivered
ORD000010619,4577,4577,2021-07-09 11:49:53,Web,Shipped
ORD000010620,5535,5535,2021-08-28 02:05:23,App,Shipped
ORD000010621,4317,4317,2023-08-14 18:49:02,App,Placed
ORD000010622,261,261,2021-03-02 21:19:54,Web,Placed
ORD000010623,2314,2314,2024-03-30 20:08:25,Web,Delivered
ORD000010624,3531,3531,2023-01-26 14:29:24,App,Cancelled
ORD000010625,1650,1650,2024-04-30 07:36:50,App,Returned
ORD000010626,677,677,2024-05-19 01:44:09,App,Delivered
ORD000010627,3940,3940,2025-08-17 22:53:08,App,Shipped
ORD000010628,4339,4339,2022-06-08 05:59:16,Web,Placed
ORD000010629,1936,1936,2023-12-13 09:52:02,Web,Returned
ORD000010630,1679,1679,2025-10-25 03:29:50,Web,Delivered
ORD000010631,1193,1193,2021-04-23 10:41:54,App,Delivered
ORD000010632,2623,2623,2021-09-27 20:01:56,App,Delivered
ORD000010633,5553,5553,2025-02-28 08:54:53,Web,Delivered
ORD000010634,666,666,2021-02-21 23:46:41,App,Delivered
ORD000010635,5982,5982,2021-08-29 05:20:24,Web,Delivered
ORD000010636,4863,4863,2023-01-23 01:55:46,App,Returned
ORD000010637,1602,1602,2022-03-25 06:22:20,App,Placed
ORD000010638,1910,1910,2021-04-17 00:16:11,App,Returned
ORD000010639,188,188,2023-05-12 04:02:53,App,Delivered
ORD000010640,705,705,2024-02-09 04:57:27,Web,Delivered
ORD000010641,3368,3368,2025-05-14 21:44:40,App,Delivered
ORD000010642,4788,4788,2025-05-10 21:53:34,App,Placed
ORD000010643,3454,3454,2022-10-28 17:40:36,Web,Delivered
ORD000010644,1367,1367,2022-02-17 10:30:10,App,Delivered
ORD000010645,2650,2650,2022-02-12 08:38:47,App,Delivered
ORD000010646,335,335,2021-07-12 20:13:19,Web,Delivered
ORD000010647,4834,4834,2023-09-10 00:39:08,Store,Placed
ORD000010648,2385,2385,2024-04-24 22:03:48,App,Placed
ORD000010649,356,356,2021-06-14 00:19:55,App,Placed
ORD000010650,1923,1923,2023-10-05 04:35:58,App,Delivered
ORD000010651,4328,4328,2021-02-14 04:40:24,Web,Shipped
ORD000010652,3339,3339,2025-06-08 09:53:37,App,Delivered
ORD000010653,796,796,2021-09-23 06:15:30,App,Shipped
ORD000010654,190,190,2024-12-16 15:55:07,App,Delivered
ORD000010655,4144,4144,2023-04-23 05:35:05,App,Placed
ORD000010656,814,814,2023-03-07 17:53:05,Web,Delivered
ORD000010657,2103,2103,2024-06-16 23:06:21,Store,Shipped
ORD000010658,3411,3411,2024-06-05 17:58:04,App,Delivered
ORD000010659,2167,2167,2026-01-16 08:49:12,Web,Delivered
ORD000010660,2251,2251,2024-05-17 12:11:44,App,Cancelled
ORD000010661,1680,1680,2023-02-14 23:03:01,Web,Returned
ORD000010662,2059,2059,2023-10-08 00:36:48,Web,Shipped
ORD000010663,4355,4355,2021-05-11 15:54:52,App,Delivered
ORD000010664,4394,4394,2021-12-30 00:09:13,App,Placed
ORD000010665,1221,1221,2023-03-30 05:50:59,App,Delivered
ORD000010666,1628,1628,2023-05-01 10:14:18,Store,Delivered
ORD000010667,5535,5535,2025-01-19 02:57:15,Web,Placed
ORD000010668,2381,2381,2026-01-11 05:32:09,Web,Returned
ORD000010669,1400,1400,2025-09-01 16:11:15,Web,Delivered
ORD000010670,134,134,2022-05-22 03:55:59,App,Delivered
ORD000010671,5052,5052,2021-07-02 17:24:02,App,Delivered
ORD000010672,2164,2164,2024-07-19 04:35:59,App,Delivered
ORD000010673,2710,2710,2024-01-24 06:03:12,App,Shipped
ORD000010674,1280,1280,2022-12-13 17:01:01,App,Returned
ORD000010675,553,553,2025-01-08 09:31:21,Web,Delivered
ORD000010676,4789,4789,2025-05-17 10:45:21,Web,Placed
ORD000010677,2087,2087,2024-07-15 15:17:38,Web,Delivered
ORD000010678,3895,3895,2021-02-19 08:36:25,App,Delivered
ORD000010679,4576,4576,2022-01-11 05:43:17,App,Returned
ORD000010680,2974,2974,2023-05-26 05:21:05,App,Delivered
ORD000010681,1154,1154,2021-09-21 12:56:33,App,Shipped
ORD000010682,4159,4159,2022-07-07 03:43:39,App,Delivered
ORD000010683,955,955,2022-04-30 16:04:33,Store,Delivered
ORD000010684,5532,5532,2023-05-12 09:44:31,App,Placed
ORD000010685,5962,5962,2022-02-03 00:25:18,Web,Delivered
ORD000010686,2578,2578,2023-02-11 19:26:16,App,Delivered
ORD000010687,5566,5566,2023-07-28 04:31:25,App,Delivered
ORD000010688,3789,3789,2022-10-03 13:43:11,Web,Cancelled
ORD000010689,5729,5729,2021-07-06 15:13:18,Web,Delivered
ORD000010690,5911,5911,2021-06-14 07:57:09,App,Delivered
ORD000010691,3069,3069,2023-05-11 08:26:51,App,Delivered
ORD000010692,236,236,2021-10-18 20:18:17,App,Placed
ORD000010693,3752,3752,2026-01-02 15:47:32,Web,Cancelled
ORD000010694,3644,3644,2023-12-05 06:18:22,App,Delivered
ORD000010695,1109,1109,2021-05-30 00:39:18,App,Placed
ORD000010696,1797,1797,2024-12-27 19:39:38,Web,Placed
ORD000010697,3474,3474,2024-07-25 20:29:23,Web,Delivered
ORD000010698,5286,5286,2022-03-07 14:32:30,Web,Delivered
ORD000010699,1391,1391,2023-10-08 00:05:29,App,Shipped
ORD000010700,5530,5530,2021-05-19 13:48:41,App,Delivered
ORD000010701,3132,3132,2022-10-08 05:21:03,App,Delivered
ORD000010702,2212,2212,2023-02-15 23:11:05,Web,Delivered
ORD000010703,5350,5350,2021-07-11 04:27:28,Web,Shipped
ORD000010704,4978,4978,2025-05-09 22:01:32,Web,Delivered
ORD000010705,2642,2642,2025-04-25 18:38:50,Web,Shipped
ORD000010706,3229,3229,2023-12-27 12:13:14,Web,Delivered
ORD000010707,927,927,2026-02-03 05:54:09,App,Returned
ORD000010708,5823,5823,2023-06-12 14:31:38,App,Delivered
ORD000010709,2922,2922,2023-03-26 18:16:39,Web,Delivered
ORD000010710,2957,2957,2025-01-26 16:46:48,App,Delivered
ORD000010711,3828,3828,2023-09-25 19:12:13,App,Returned
ORD000010712,3446,3446,2025-04-02 13:35:17,Web,Delivered
ORD000010713,5362,5362,2022-12-24 01:05:02,Web,Delivered
ORD000010714,4039,4039,2021-12-03 00:40:25,Web,Delivered
ORD000010715,121,121,2025-06-19 20:42:01,App,Shipped
ORD000010716,966,966,2021-10-03 11:05:24,Web,Delivered
ORD000010717,2050,2050,2025-11-16 08:24:12,Web,Delivered
ORD000010718,4214,4214,2021-06-06 17:42:08,Web,Shipped
ORD000010719,3720,3720,2022-01-13 18:23:25,Web,Delivered
ORD000010720,3914,3914,2024-05-31 10:41:55,App,Delivered
ORD000010721,4735,4735,2023-02-19 18:59:32,App,Delivered
ORD000010722,3825,3825,2024-08-13 19:27:37,App,Delivered
ORD000010723,4470,4470,2023-09-14 11:41:42,Web,Delivered
ORD000010724,3180,3180,2022-04-16 11:25:43,App,Delivered
ORD000010725,3371,3371,2023-08-20 15:29:32,App,Returned
ORD000010726,3505,3505,2025-08-20 14:45:08,Web,Placed
ORD000010727,4042,4042,2024-02-14 22:38:33,App,Placed
ORD000010728,5907,5907,2022-04-13 05:25:18,Web,Returned
ORD000010729,1924,1924,2024-05-05 21:46:31,Web,Delivered
ORD000010730,5139,5139,2024-08-27 10:37:58,Web,Delivered
ORD000010731,3817,3817,2023-09-06 02:01:45,Web,Delivered
ORD000010732,3092,3092,2021-11-04 17:44:06,App,Placed
ORD000010733,1777,1777,2025-07-07 09:15:29,Web,Delivered
ORD000010734,772,772,2022-09-01 04:25:47,App,Shipped
ORD000010735,4657,4657,2024-10-15 13:49:44,Web,Delivered
ORD000010736,3578,3578,2022-01-17 16:17:10,Web,Delivered
ORD000010737,1539,1539,2023-05-08 04:52:16,Web,Delivered
ORD000010738,2868,2868,2025-10-13 05:30:22,Web,Returned
ORD000010739,3550,3550,2021-12-09 14:17:25,App,Delivered
ORD000010740,804,804,2021-11-17 08:18:25,App,Delivered
ORD000010741,4777,4777,2025-07-04 15:23:22,App,Delivered
ORD000010742,3270,3270,2022-11-30 01:31:21,App,Delivered
ORD000010743,179,179,2025-10-25 19:03:37,App,Shipped
ORD000010744,615,615,2022-06-20 14:56:57,App,Delivered
ORD000010745,1755,1755,2021-11-30 20:16:19,App,Delivered
ORD000010746,47,47,2025-03-22 22:39:53,App,Delivered
ORD000010747,3684,3684,2022-05-16 10:25:32,App,Delivered
ORD000010748,2535,2535,2025-01-28 08:30:17,App,Delivered
ORD000010749,216,216,2021-02-14 22:06:25,App,Cancelled
ORD000010750,2940,2940,2024-04-29 02:13:14,App,Delivered
ORD000010751,5543,5543,2023-12-07 08:33:44,App,Delivered
ORD000010752,5766,5766,2022-07-02 17:23:02,App,Delivered
ORD000010753,2900,2900,2022-12-04 10:36:14,App,Returned
ORD000010754,2877,2877,2025-12-07 14:41:25,App,Delivered
ORD000010755,5105,5105,2023-06-05 10:27:58,App,Cancelled
ORD000010756,1237,1237,2021-08-24 06:21:52,Web,Delivered
ORD000010757,1008,1008,2021-02-16 20:24:23,Web,Returned
ORD000010758,4830,4830,2021-06-12 11:41:11,App,Delivered
ORD000010759,2139,2139,2022-07-08 05:20:35,App,Shipped
ORD000010760,4411,4411,2022-07-11 08:40:28,App,Delivered
ORD000010761,2160,2160,2024-09-18 05:48:19,Web,Delivered
ORD000010762,3185,3185,2024-04-19 05:02:38,App,Cancelled
ORD000010763,374,374,2025-10-24 13:17:07,App,Shipped
ORD000010764,1287,1287,2021-09-25 08:06:27,Web,Delivered
ORD000010765,368,368,2026-01-24 20:23:26,App,Delivered
ORD000010766,4474,4474,2024-03-04 22:21:55,Web,Delivered
ORD000010767,4925,4925,2022-12-14 09:04:04,Web,Delivered
ORD000010768,4921,4921,2021-03-29 07:20:11,App,Delivered
ORD000010769,3926,3926,2025-06-23 07:15:51,App,Delivered
ORD000010770,4770,4770,2021-10-16 18:55:31,Web,Delivered
ORD000010771,5716,5716,2025-09-05 23:33:14,Web,Placed
ORD000010772,3117,3117,2025-02-10 08:32:45,App,Delivered
ORD000010773,1295,1295,2024-04-28 02:20:53,App,Delivered
ORD000010774,3977,3977,2024-12-18 23:33:25,App,Delivered
ORD000010775,174,174,2022-06-15 09:10:42,App,Returned
ORD000010776,4132,4132,2022-04-07 21:36:31,Store,Delivered
ORD000010777,4398,4398,2022-11-08 06:37:17,App,Cancelled
ORD000010778,4982,4982,2022-10-07 03:42:17,App,Delivered
ORD000010779,2081,2081,2021-06-23 05:20:02,App,Delivered
ORD000010780,3835,3835,2021-10-09 22:20:16,Web,Delivered
ORD000010781,2430,2430,2021-05-10 23:41:18,Store,Delivered
ORD000010782,5998,5998,2022-05-28 13:29:55,Web,Delivered
ORD000010783,5803,5803,2024-04-11 12:55:31,App,Shipped
ORD000010784,5799,5799,2024-05-04 21:57:51,App,Returned
ORD000010785,2774,2774,2021-04-05 17:52:17,Web,Delivered
ORD000010786,693,693,2021-05-14 21:48:05,Web,Delivered
ORD000010787,4691,4691,2022-05-21 05:55:10,App,Delivered
ORD000010788,3030,3030,2021-07-07 07:37:22,App,Delivered
ORD000010789,874,874,2021-04-10 00:50:24,App,Delivered
ORD000010790,4415,4415,2021-12-09 15:15:15,App,Shipped
ORD000010791,3097,3097,2022-05-26 21:41:56,Web,Placed
ORD000010792,758,758,2021-12-02 23:12:06,App,Delivered
ORD000010793,3625,3625,2021-04-01 01:16:34,App,Delivered
ORD000010794,5554,5554,2022-12-16 14:02:47,Web,Delivered
ORD000010795,2107,2107,2021-03-23 17:48:39,Web,Delivered
ORD000010796,4273,4273,2025-10-29 09:03:12,App,Delivered
ORD000010797,1566,1566,2024-07-22 02:39:36,App,Delivered
ORD000010798,3117,3117,2026-01-23 00:12:35,Web,Delivered
ORD000010799,3524,3524,2021-08-04 21:55:02,Web,Delivered
ORD000010800,309,309,2023-04-25 10:50:23,App,Returned
ORD000010801,154,154,2023-05-28 22:15:36,Web,Shipped
ORD000010802,967,967,2022-04-26 15:20:18,App,Delivered
ORD000010803,1164,1164,2025-06-19 09:30:28,App,Returned
ORD000010804,2817,2817,2025-02-25 04:51:06,Web,Delivered
ORD000010805,385,385,2025-09-09 16:56:12,Web,Placed
ORD000010806,3720,3720,2023-03-14 17:29:22,App,Delivered
ORD000010807,2796,2796,2022-09-26 05:06:34,App,Shipped
ORD000010808,4720,4720,2025-06-21 20:21:21,Web,Returned
ORD000010809,1057,1057,2021-11-09 20:02:07,App,Returned
ORD000010810,1732,1732,2024-01-13 11:38:11,App,Delivered
ORD000010811,3443,3443,2021-12-06 07:10:03,Web,Returned
ORD000010812,1670,1670,2024-11-15 22:16:17,App,Shipped
ORD000010813,4077,4077,2021-03-12 20:21:54,Web,Placed
ORD000010814,4028,4028,2022-02-18 04:51:00,App,Delivered
ORD000010815,3775,3775,2025-03-11 11:38:32,App,Returned
ORD000010816,1460,1460,2022-02-14 11:52:50,App,Delivered
ORD000010817,5967,5967,2025-03-24 13:52:25,App,Returned
ORD000010818,6,6,2023-10-09 05:58:13,Web,Delivered
ORD000010819,5925,5925,2022-02-03 21:08:51,Web,Delivered
ORD000010820,4787,4787,2022-01-12 00:41:14,App,Returned
ORD000010821,1642,1642,2023-12-19 09:03:58,App,Placed
ORD000010822,3830,3830,2025-11-21 03:11:26,App,Delivered
ORD000010823,5957,5957,2023-03-07 02:39:08,Web,Delivered
ORD000010824,5351,5351,2021-04-21 00:12:36,Web,Placed
ORD000010825,5521,5521,2023-09-11 05:54:06,Web,Delivered
ORD000010826,4881,4881,2025-11-01 16:07:22,App,Delivered
ORD000010827,617,617,2025-07-28 03:30:11,Store,Delivered
ORD000010828,886,886,2022-07-13 12:34:51,Web,Delivered
ORD000010829,2071,2071,2025-02-28 23:39:45,Web,Placed
ORD000010830,161,161,2021-12-09 06:49:06,App,Returned
ORD000010831,1218,1218,2022-11-18 17:51:48,App,Delivered
ORD000010832,4179,4179,2024-05-18 04:52:19,App,Delivered
ORD000010833,168,168,2024-09-11 12:11:38,Web,Delivered
ORD000010834,3913,3913,2024-10-14 16:19:09,App,Delivered
ORD000010835,2703,2703,2023-08-09 20:21:52,Web,Returned
ORD000010836,2603,2603,2024-08-15 05:27:25,Web,Placed
ORD000010837,4440,4440,2025-10-19 03:53:16,Web,Placed
ORD000010838,4108,4108,2023-04-19 14:53:15,App,Delivered
ORD000010839,3606,3606,2022-01-06 16:16:02,Web,Delivered
ORD000010840,1554,1554,2025-11-22 23:42:05,App,Delivered
ORD000010841,450,450,2022-12-12 08:27:38,Store,Delivered
ORD000010842,4670,4670,2025-03-29 02:25:39,Web,Shipped
ORD000010843,5821,5821,2022-09-02 23:14:27,App,Delivered
ORD000010844,4028,4028,2025-05-03 23:46:17,App,Placed
ORD000010845,2538,2538,2024-06-14 03:13:39,Web,Delivered
ORD000010846,5287,5287,2025-02-24 11:10:08,Web,Delivered
ORD000010847,2710,2710,2021-04-28 21:54:54,Web,Placed
ORD000010848,4561,4561,2025-10-20 17:41:08,Web,Delivered
ORD000010849,2958,2958,2025-06-02 13:32:12,App,Delivered
ORD000010850,5855,5855,2023-10-11 15:58:58,App,Returned
ORD000010851,2665,2665,2024-02-12 11:37:00,Web,Delivered
ORD000010852,1790,1790,2022-09-25 13:00:36,App,Delivered
ORD000010853,4103,4103,2023-05-01 13:39:57,App,Placed
ORD000010854,3235,3235,2023-05-23 09:16:02,App,Placed
ORD000010855,5315,5315,2023-01-30 00:46:44,App,Delivered
ORD000010856,319,319,2021-02-21 21:35:52,App,Delivered
ORD000010857,2178,2178,2024-08-10 22:30:05,App,Placed
ORD000010858,2157,2157,2025-02-18 06:26:45,Web,Returned
ORD000010859,2554,2554,2025-06-14 17:59:39,App,Cancelled
ORD000010860,429,429,2022-10-20 20:47:44,Store,Cancelled
ORD000010861,5951,5951,2025-02-22 13:38:24,App,Placed
ORD000010862,4340,4340,2022-07-01 11:14:59,App,Delivered
ORD000010863,2486,2486,2021-07-19 08:40:56,App,Delivered
ORD000010864,4403,4403,2022-12-11 07:16:33,Web,Delivered
ORD000010865,5929,5929,2024-05-06 01:01:43,App,Delivered
ORD000010866,901,901,2021-03-11 22:45:10,App,Cancelled
ORD000010867,1621,1621,2023-12-24 02:42:57,App,Delivered
ORD000010868,3399,3399,2024-04-27 14:10:46,Web,Returned
ORD000010869,749,749,2023-08-21 09:19:28,App,Delivered
ORD000010870,4873,4873,2023-07-02 11:56:31,Web,Delivered
ORD000010871,4290,4290,2022-07-18 16:21:36,Web,Delivered
ORD000010872,5989,5989,2024-06-27 19:47:51,Web,Delivered
ORD000010873,2412,2412,2026-01-06 18:13:25,Web,Delivered
ORD000010874,1028,1028,2021-12-23 22:09:45,App,Delivered
ORD000010875,4245,4245,2022-08-19 03:38:06,App,Returned
ORD000010876,3133,3133,2023-07-24 08:32:50,App,Delivered
ORD000010877,2842,2842,2021-10-15 17:14:03,App,Delivered
ORD000010878,1141,1141,2022-02-10 04:48:12,Store,Returned
ORD000010879,238,238,2024-10-17 08:52:36,App,Delivered
ORD000010880,5258,5258,2021-11-29 23:32:10,Store,Delivered
ORD000010881,4826,4826,2022-04-17 10:12:02,Web,Delivered
ORD000010882,4554,4554,2024-09-20 05:27:58,App,Delivered
ORD000010883,2533,2533,2022-08-11 17:48:14,App,Delivered
ORD000010884,1755,1755,2023-03-03 01:25:24,Web,Delivered
ORD000010885,4810,4810,2021-11-16 14:58:19,Web,Delivered
ORD000010886,1611,1611,2021-07-29 22:25:42,App,Placed
ORD000010887,3119,3119,2025-02-01 05:56:56,Web,Cancelled
ORD000010888,4440,4440,2024-02-28 09:34:59,App,Delivered
ORD000010889,5459,5459,2023-01-26 22:54:34,App,Delivered
ORD000010890,1488,1488,2026-01-13 18:01:00,Web,Shipped
ORD000010891,4759,4759,2025-01-18 12:23:04,Web,Delivered
ORD000010892,3195,3195,2024-03-08 03:21:27,App,Shipped
ORD000010893,246,246,2023-08-24 09:33:17,Web,Delivered
ORD000010894,1278,1278,2022-06-16 04:50:16,Web,Delivered
ORD000010895,2329,2329,2022-08-02 10:27:33,App,Delivered
ORD000010896,1557,1557,2025-02-15 23:05:46,App,Delivered
ORD000010897,1558,1558,2025-06-03 06:02:45,App,Delivered
ORD000010898,2223,2223,2022-04-25 12:29:13,Web,Delivered
ORD000010899,5311,5311,2022-06-20 04:05:06,App,Delivered
ORD000010900,2333,2333,2022-01-17 16:57:49,App,Delivered
ORD000010901,305,305,2025-05-08 01:08:57,App,Placed
ORD000010902,2923,2923,2021-06-21 03:53:24,Web,Returned
ORD000010903,793,793,2022-08-29 18:01:26,App,Placed
ORD000010904,407,407,2023-11-09 07:13:56,App,Delivered
ORD000010905,4428,4428,2022-06-27 06:32:44,Web,Delivered
ORD000010906,2353,2353,2022-11-09 11:59:06,App,Delivered
ORD000010907,2038,2038,2023-08-08 08:22:56,Web,Delivered
ORD000010908,2967,2967,2022-04-29 01:20:21,Web,Shipped
ORD000010909,5893,5893,2022-06-22 21:14:28,App,Delivered
ORD000010910,2717,2717,2023-10-21 17:14:19,App,Returned
ORD000010911,2821,2821,2023-05-31 12:19:18,App,Delivered
ORD000010912,4647,4647,2025-02-09 19:50:33,App,Delivered
ORD000010913,3043,3043,2023-09-12 19:19:01,App,Delivered
ORD000010914,4003,4003,2025-01-11 19:54:34,App,Returned
ORD000010915,1361,1361,2024-03-19 02:40:38,App,Placed
ORD000010916,1054,1054,2024-09-14 16:42:26,App,Shipped
ORD000010917,440,440,2023-11-28 11:35:09,App,Delivered
ORD000010918,4354,4354,2023-03-10 06:44:42,App,Delivered
ORD000010919,783,783,2021-12-26 06:54:21,App,Shipped
ORD000010920,2611,2611,2024-03-19 07:19:06,Web,Delivered
ORD000010921,1815,1815,2021-10-19 12:08:01,App,Shipped
ORD000010922,234,234,2024-03-29 13:14:07,App,Delivered
ORD000010923,2074,2074,2025-02-23 17:29:13,Web,Returned
ORD000010924,2432,2432,2024-04-10 17:40:27,Web,Cancelled
ORD000010925,4489,4489,2022-06-14 03:52:08,Web,Placed
ORD000010926,462,462,2023-12-04 06:01:58,Web,Delivered
ORD000010927,1752,1752,2024-11-28 00:44:41,App,Delivered
ORD000010928,839,839,2025-07-02 10:52:12,App,Placed
ORD000010929,3210,3210,2023-01-02 03:04:32,Web,Delivered
ORD000010930,2785,2785,2026-01-05 23:19:37,Web,Cancelled
ORD000010931,4206,4206,2025-05-29 19:37:32,Web,Placed
ORD000010932,5595,5595,2021-05-13 09:23:30,App,Delivered
ORD000010933,1352,1352,2022-11-24 06:36:42,App,Delivered
ORD000010934,206,206,2022-04-06 20:01:03,App,Returned
ORD000010935,1095,1095,2022-12-27 14:51:00,App,Delivered
ORD000010936,4306,4306,2026-01-15 06:10:55,Web,Delivered
ORD000010937,185,185,2023-07-10 08:10:07,App,Placed
ORD000010938,5503,5503,2021-04-22 10:36:37,App,Delivered
ORD000010939,2793,2793,2022-05-16 18:42:09,App,Placed
ORD000010940,4987,4987,2024-06-30 16:21:06,App,Delivered
ORD000010941,4495,4495,2024-04-12 14:32:03,Web,Delivered
ORD000010942,5779,5779,2023-07-19 13:03:43,App,Delivered
ORD000010943,2730,2730,2022-08-06 15:56:26,App,Placed
ORD000010944,5074,5074,2023-03-10 14:07:12,Web,Returned
ORD000010945,314,314,2023-06-23 00:21:18,Web,Delivered
ORD000010946,228,228,2025-12-11 14:33:50,Web,Delivered
ORD000010947,5266,5266,2023-07-29 10:31:51,Web,Delivered
ORD000010948,3094,3094,2026-02-06 20:22:16,App,Delivered
ORD000010949,3958,3958,2021-09-02 02:50:15,App,Delivered
ORD000010950,4096,4096,2021-10-07 17:55:03,Store,Delivered
ORD000010951,2740,2740,2022-10-27 13:39:40,Web,Placed
ORD000010952,927,927,2024-05-25 10:31:13,App,Delivered
ORD000010953,3337,3337,2022-04-27 04:48:57,Web,Delivered
ORD000010954,3122,3122,2022-02-21 06:10:54,App,Delivered
ORD000010955,2109,2109,2023-05-01 08:00:52,App,Delivered
ORD000010956,2356,2356,2023-07-07 14:40:11,App,Cancelled
ORD000010957,5943,5943,2024-04-18 08:19:53,App,Cancelled
ORD000010958,537,537,2025-04-03 14:41:42,Web,Returned
ORD000010959,4171,4171,2025-12-08 05:23:16,Store,Delivered
ORD000010960,5773,5773,2024-10-26 12:52:06,App,Delivered
ORD000010961,1442,1442,2023-11-02 05:41:59,Web,Shipped
ORD000010962,3400,3400,2021-09-10 16:35:06,App,Delivered
ORD000010963,3353,3353,2024-04-02 17:11:07,App,Delivered
ORD000010964,5723,5723,2024-05-12 02:34:49,App,Delivered
ORD000010965,3147,3147,2025-02-14 13:00:10,App,Delivered
ORD000010966,5696,5696,2022-11-20 23:44:12,App,Cancelled
ORD000010967,609,609,2021-03-23 09:18:41,Web,Shipped
ORD000010968,612,612,2024-11-20 07:21:24,Web,Delivered
ORD000010969,1021,1021,2024-05-11 23:23:36,Store,Returned
ORD000010970,4881,4881,2023-06-17 10:19:28,App,Delivered
ORD000010971,241,241,2021-05-28 08:15:46,Web,Delivered
ORD000010972,2053,2053,2021-04-15 03:27:31,App,Delivered
ORD000010973,5335,5335,2024-07-20 20:26:16,Web,Delivered
ORD000010974,1603,1603,2024-04-28 08:50:57,Web,Delivered
ORD000010975,2405,2405,2023-03-01 22:30:39,App,Delivered
ORD000010976,4490,4490,2024-07-19 07:00:22,Web,Cancelled
ORD000010977,1415,1415,2022-01-27 20:26:00,Web,Placed
ORD000010978,369,369,2024-03-07 19:44:43,App,Cancelled
ORD000010979,2077,2077,2025-04-28 08:49:29,Web,Shipped
ORD000010980,5937,5937,2025-03-04 19:00:04,App,Delivered
ORD000010981,1447,1447,2022-10-26 05:02:19,App,Returned
ORD000010982,9,9,2025-10-28 08:28:27,App,Shipped
ORD000010983,3517,3517,2021-11-11 00:38:35,App,Delivered
ORD000010984,4430,4430,2025-11-21 15:03:31,Web,Delivered
ORD000010985,5046,5046,2025-06-13 09:46:15,App,Delivered
ORD000010986,2278,2278,2024-07-20 18:17:59,App,Delivered
ORD000010987,393,393,2024-07-03 21:06:38,App,Delivered
ORD000010988,1852,1852,2026-01-29 17:42:53,App,Shipped
ORD000010989,5428,5428,2024-11-28 15:06:42,App,Delivered
ORD000010990,779,779,2022-12-12 11:09:03,Web,Returned
ORD000010991,3432,3432,2021-07-29 17:42:57,App,Placed
ORD000010992,1699,1699,2021-02-16 21:08:43,App,Returned
ORD000010993,3255,3255,2021-07-18 03:44:48,App,Shipped
ORD000010994,4483,4483,2025-11-06 02:19:50,Web,Delivered
ORD000010995,3272,3272,2024-04-02 08:06:30,Web,Placed
ORD000010996,3253,3253,2025-02-03 00:21:08,App,Delivered
ORD000010997,3612,3612,2021-06-22 19:40:38,App,Delivered
ORD000010998,2613,2613,2025-05-26 07:20:38,App,Delivered
ORD000010999,5880,5880,2021-10-17 23:03:13,Web,Delivered
ORD000011000,1846,1846,2024-04-23 02:22:09,App,Returned
ORD000011001,3509,3509,2021-10-23 11:25:08,Web,Delivered
ORD000011002,3893,3893,2022-11-24 06:44:00,App,Placed
ORD000011003,3112,3112,2022-07-17 21:03:22,Web,Delivered
ORD000011004,4318,4318,2023-06-26 22:19:51,Web,Delivered
ORD000011005,1867,1867,2023-03-24 21:33:05,Web,Delivered
ORD000011006,1053,1053,2021-03-04 18:02:26,App,Shipped
ORD000011007,927,927,2024-01-10 02:20:35,App,Delivered
ORD000011008,3773,3773,2023-07-01 11:33:17,Web,Cancelled
ORD000011009,5322,5322,2024-02-13 12:42:38,App,Delivered
ORD000011010,3043,3043,2021-08-27 01:53:25,Web,Shipped
ORD000011011,5928,5928,2024-04-22 09:48:55,App,Placed
ORD000011012,4226,4226,2021-06-24 06:49:13,App,Shipped
ORD000011013,2096,2096,2025-06-09 09:55:39,App,Delivered
ORD000011014,3841,3841,2024-06-01 23:37:21,App,Delivered
ORD000011015,827,827,2021-06-17 11:59:42,App,Cancelled
ORD000011016,3488,3488,2022-08-12 19:06:07,App,Delivered
ORD000011017,4696,4696,2021-05-14 00:21:40,Web,Cancelled
ORD000011018,770,770,2023-01-20 09:36:25,Web,Returned
ORD000011019,3971,3971,2022-02-02 21:11:41,App,Delivered
ORD000011020,457,457,2021-06-25 17:03:10,App,Delivered
ORD000011021,1073,1073,2023-10-14 21:50:05,App,Delivered
ORD000011022,2776,2776,2025-03-15 07:31:23,App,Delivered
ORD000011023,5368,5368,2025-11-26 04:02:51,App,Delivered
ORD000011024,5950,5950,2024-06-05 17:47:36,Web,Delivered
ORD000011025,4631,4631,2021-12-06 11:59:02,Web,Returned
ORD000011026,2484,2484,2021-05-25 22:33:10,App,Delivered
ORD000011027,5503,5503,2023-04-14 13:31:36,App,Delivered
ORD000011028,5216,5216,2023-12-17 22:59:57,App,Delivered
ORD000011029,2299,2299,2024-04-07 16:20:54,App,Delivered
ORD000011030,2972,2972,2022-06-06 06:26:32,App,Delivered
ORD000011031,3930,3930,2021-12-08 05:14:06,App,Placed
ORD000011032,4401,4401,2022-07-23 13:20:09,App,Delivered
ORD000011033,5708,5708,2021-06-16 00:58:47,App,Delivered
ORD000011034,1643,1643,2025-08-16 05:39:20,App,Delivered
ORD000011035,1018,1018,2023-05-02 18:16:25,App,Delivered
ORD000011036,5087,5087,2022-04-18 04:13:20,Web,Delivered
ORD000011037,5692,5692,2025-07-17 07:02:53,Web,Placed
ORD000011038,4043,4043,2024-01-02 06:11:20,App,Delivered
ORD000011039,1464,1464,2023-02-10 17:21:50,Web,Delivered
ORD000011040,1512,1512,2025-11-03 04:09:35,App,Delivered
ORD000011041,5618,5618,2024-07-05 20:25:17,Web,Delivered
ORD000011042,3474,3474,2022-05-14 07:25:13,Web,Delivered
ORD000011043,4472,4472,2022-10-19 23:23:44,Web,Shipped
ORD000011044,3639,3639,2021-04-16 02:12:45,App,Delivered
ORD000011045,1722,1722,2022-08-28 09:01:52,App,Shipped
ORD000011046,687,687,2023-03-05 18:29:52,App,Delivered
ORD000011047,4467,4467,2022-10-30 21:07:18,App,Delivered
ORD000011048,3484,3484,2022-06-11 07:45:33,App,Shipped
ORD000011049,4251,4251,2023-08-31 21:20:12,App,Delivered
ORD000011050,3633,3633,2023-11-18 18:01:48,App,Delivered
ORD000011051,4778,4778,2025-04-07 00:41:13,App,Delivered
ORD000011052,3278,3278,2026-01-31 12:03:07,App,Cancelled
ORD000011053,5956,5956,2021-08-20 03:56:21,App,Shipped
ORD000011054,3940,3940,2022-04-13 08:05:56,App,Cancelled
ORD000011055,2945,2945,2022-09-13 09:13:45,App,Placed
ORD000011056,3500,3500,2023-03-16 16:14:05,Web,Delivered
ORD000011057,2919,2919,2021-05-08 20:52:51,Web,Shipped
ORD000011058,1445,1445,2021-03-29 23:00:50,App,Returned
ORD000011059,88,88,2025-08-13 11:31:57,App,Placed
ORD000011060,1530,1530,2021-02-25 07:58:36,App,Delivered
ORD000011061,3240,3240,2024-08-26 15:58:47,Web,Placed
ORD000011062,3186,3186,2023-08-01 13:59:07,Store,Delivered
ORD000011063,13,13,2025-04-15 14:04:40,Web,Placed
ORD000011064,2929,2929,2025-09-15 00:15:37,App,Delivered
ORD000011065,5798,5798,2024-07-14 22:38:25,Web,Delivered
ORD000011066,5277,5277,2025-07-28 09:45:02,App,Returned
ORD000011067,320,320,2023-05-31 16:10:46,App,Delivered
ORD000011068,4388,4388,2021-07-04 03:29:10,App,Delivered
ORD000011069,5736,5736,2025-05-22 13:34:59,App,Delivered
ORD000011070,4869,4869,2025-12-01 16:29:31,Web,Delivered
ORD000011071,1684,1684,2023-01-25 02:39:59,Web,Delivered
ORD000011072,5597,5597,2021-09-06 18:42:39,App,Cancelled
ORD000011073,5771,5771,2023-01-24 23:51:55,App,Returned
ORD000011074,5020,5020,2025-01-02 16:54:15,Web,Delivered
ORD000011075,5553,5553,2023-06-07 20:02:52,Web,Shipped
ORD000011076,2450,2450,2025-01-07 12:28:55,App,Delivered
ORD000011077,4254,4254,2024-09-12 17:14:53,App,Delivered
ORD000011078,384,384,2025-01-30 20:46:21,App,Placed
ORD000011079,4494,4494,2022-08-22 20:22:25,Web,Delivered
ORD000011080,1097,1097,2024-07-31 07:13:13,App,Delivered
ORD000011081,970,970,2024-12-29 23:20:37,Store,Delivered
ORD000011082,2521,2521,2025-03-10 21:11:18,App,Delivered
ORD000011083,3252,3252,2024-01-12 05:56:31,Web,Delivered
ORD000011084,3675,3675,2023-05-08 09:50:07,App,Delivered
ORD000011085,194,194,2024-03-06 00:14:18,App,Delivered
ORD000011086,5827,5827,2025-07-28 13:04:55,App,Delivered
ORD000011087,2845,2845,2021-09-02 05:44:43,Web,Placed
ORD000011088,4856,4856,2021-05-01 23:48:37,App,Delivered
ORD000011089,1253,1253,2025-03-20 08:46:06,App,Placed
ORD000011090,795,795,2022-05-17 10:19:01,App,Shipped
ORD000011091,2723,2723,2025-01-23 19:57:22,App,Delivered
ORD000011092,1627,1627,2024-11-12 18:39:45,App,Shipped
ORD000011093,5759,5759,2023-05-16 04:08:46,Web,Cancelled
ORD000011094,2842,2842,2021-02-20 17:03:18,Web,Cancelled
ORD000011095,5191,5191,2024-02-01 22:18:24,App,Shipped
ORD000011096,91,91,2023-01-24 14:14:25,App,Returned
ORD000011097,3678,3678,2022-07-04 03:18:08,App,Delivered
ORD000011098,5736,5736,2023-04-01 02:57:07,Web,Placed
ORD000011099,4173,4173,2022-12-22 10:22:19,App,Delivered
ORD000011100,3520,3520,2023-10-17 14:55:13,Web,Delivered
ORD000011101,1321,1321,2022-05-27 00:03:51,Store,Delivered
ORD000011102,3460,3460,2025-02-16 04:53:11,App,Placed
ORD000011103,2370,2370,2024-10-28 03:25:42,App,Returned
ORD000011104,2469,2469,2023-09-01 01:44:17,Web,Delivered
ORD000011105,2594,2594,2022-08-12 06:18:06,App,Returned
ORD000011106,1658,1658,2025-11-04 06:39:17,Web,Delivered
ORD000011107,3378,3378,2025-04-12 03:47:22,App,Delivered
ORD000011108,4038,4038,2021-12-26 08:31:11,App,Delivered
ORD000011109,346,346,2024-02-22 15:13:07,App,Delivered
ORD000011110,3882,3882,2021-06-07 19:20:52,App,Delivered
ORD000011111,1665,1665,2025-09-17 07:39:20,Web,Delivered
ORD000011112,3874,3874,2024-02-22 13:17:07,Web,Placed
ORD000011113,2773,2773,2023-04-12 09:23:00,Web,Returned
ORD000011114,650,650,2022-12-31 08:04:46,App,Placed
ORD000011115,5381,5381,2024-01-25 02:14:11,Web,Shipped
ORD000011116,5466,5466,2021-12-11 14:18:10,Store,Delivered
ORD000011117,2707,2707,2022-12-12 14:39:19,Store,Placed
ORD000011118,1913,1913,2025-05-10 17:03:45,Store,Shipped
ORD000011119,3686,3686,2025-01-08 15:23:01,Store,Placed
ORD000011120,5583,5583,2024-05-30 19:25:06,Web,Shipped
ORD000011121,4862,4862,2025-06-04 01:07:40,App,Delivered
ORD000011122,1810,1810,2025-03-19 10:01:57,App,Delivered
ORD000011123,5681,5681,2021-12-24 20:01:33,App,Shipped
ORD000011124,3261,3261,2025-03-25 12:29:02,App,Delivered
ORD000011125,2113,2113,2025-11-04 07:08:19,App,Delivered
ORD000011126,1483,1483,2024-12-22 04:52:27,App,Delivered
ORD000011127,676,676,2023-03-02 10:03:50,App,Delivered
ORD000011128,476,476,2024-04-13 15:34:17,App,Placed
ORD000011129,326,326,2021-10-26 12:32:38,App,Delivered
ORD000011130,3264,3264,2023-06-08 11:26:11,App,Delivered
ORD000011131,2136,2136,2022-10-15 02:38:26,Web,Delivered
ORD000011132,4254,4254,2025-08-29 04:53:23,Web,Delivered
ORD000011133,1297,1297,2025-08-18 14:11:13,App,Placed
ORD000011134,5036,5036,2022-10-23 02:30:06,Web,Returned
ORD000011135,282,282,2021-11-01 15:38:51,Web,Delivered
ORD000011136,657,657,2025-03-13 17:09:08,Web,Delivered
ORD000011137,2211,2211,2022-10-24 01:24:55,App,Delivered
ORD000011138,3246,3246,2021-04-18 18:08:23,Web,Delivered
ORD000011139,901,901,2021-05-15 07:29:44,Web,Delivered
ORD000011140,4427,4427,2024-10-15 23:28:29,Web,Delivered
ORD000011141,144,144,2022-09-27 06:35:02,Web,Delivered
ORD000011142,3370,3370,2024-03-30 18:39:31,App,Delivered
ORD000011143,3934,3934,2023-08-14 11:56:39,Store,Delivered
ORD000011144,2488,2488,2022-08-17 02:29:39,App,Shipped
ORD000011145,2536,2536,2021-07-24 21:16:30,Web,Delivered
ORD000011146,1414,1414,2024-04-21 13:05:21,App,Placed
ORD000011147,1044,1044,2024-04-02 23:04:04,App,Placed
ORD000011148,5332,5332,2021-04-16 22:53:45,Web,Cancelled
ORD000011149,2584,2584,2023-10-04 13:32:39,App,Delivered
ORD000011150,3675,3675,2021-02-22 04:41:30,Web,Delivered
ORD000011151,5684,5684,2021-05-27 13:19:02,Web,Delivered
ORD000011152,650,650,2025-07-16 10:42:50,App,Delivered
ORD000011153,4761,4761,2023-06-30 06:15:34,Web,Delivered
ORD000011154,3292,3292,2023-03-30 00:29:07,Web,Delivered
ORD000011155,2922,2922,2022-09-25 09:56:41,App,Shipped
ORD000011156,173,173,2024-05-28 02:09:39,App,Shipped
ORD000011157,3022,3022,2023-08-21 08:11:44,Store,Delivered
ORD000011158,2049,2049,2025-05-05 11:00:09,App,Delivered
ORD000011159,4079,4079,2023-06-05 11:49:08,Web,Delivered
ORD000011160,3097,3097,2025-03-09 15:44:27,Web,Returned
ORD000011161,5324,5324,2024-10-28 15:46:12,App,Delivered
ORD000011162,2928,2928,2024-06-06 09:34:23,App,Placed
ORD000011163,1895,1895,2025-11-02 21:33:37,App,Delivered
ORD000011164,5321,5321,2021-09-03 11:29:27,App,Placed
ORD000011165,3977,3977,2022-01-23 08:29:15,App,Shipped
ORD000011166,5034,5034,2025-08-19 00:25:38,App,Delivered
ORD000011167,3263,3263,2024-04-19 21:24:05,App,Returned
ORD000011168,409,409,2021-09-01 19:27:05,App,Shipped
ORD000011169,3550,3550,2025-01-19 02:33:41,App,Delivered
ORD000011170,3376,3376,2022-09-23 02:20:14,Web,Delivered
ORD000011171,4023,4023,2025-03-29 20:19:54,App,Returned
ORD000011172,578,578,2021-12-26 10:04:41,App,Delivered
ORD000011173,3608,3608,2025-09-27 21:01:39,App,Delivered
ORD000011174,4178,4178,2025-12-15 11:47:00,Web,Delivered
ORD000011175,603,603,2024-09-26 20:06:22,App,Delivered
ORD000011176,3756,3756,2025-10-26 08:40:57,App,Delivered
ORD000011177,4070,4070,2022-12-31 01:39:40,Web,Delivered
ORD000011178,5335,5335,2021-08-22 02:54:04,App,Delivered
ORD000011179,988,988,2025-04-22 15:36:21,Web,Placed
ORD000011180,4237,4237,2025-02-06 20:08:11,Web,Placed
ORD000011181,2316,2316,2023-12-25 14:00:49,App,Shipped
ORD000011182,4235,4235,2021-04-10 05:41:12,App,Delivered
ORD000011183,3119,3119,2023-02-16 01:50:25,Web,Returned
ORD000011184,1084,1084,2025-08-24 01:57:03,App,Delivered
ORD000011185,2609,2609,2023-06-30 18:31:43,Web,Shipped
ORD000011186,1588,1588,2025-06-23 07:23:11,App,Delivered
ORD000011187,1085,1085,2025-11-23 16:23:53,Web,Delivered
ORD000011188,1750,1750,2023-04-29 17:29:09,Web,Delivered
ORD000011189,3167,3167,2024-03-04 11:17:20,App,Delivered
ORD000011190,1656,1656,2023-11-22 03:47:24,App,Delivered
ORD000011191,3547,3547,2024-11-10 16:14:59,App,Delivered
ORD000011192,40,40,2021-07-13 09:42:00,Store,Delivered
ORD000011193,5466,5466,2022-05-18 16:22:10,App,Returned
ORD000011194,1351,1351,2021-05-25 19:35:30,App,Placed
ORD000011195,1995,1995,2022-09-10 01:07:13,Web,Delivered
ORD000011196,5949,5949,2022-09-22 02:38:07,App,Returned
ORD000011197,2454,2454,2025-12-29 13:10:33,App,Delivered
ORD000011198,744,744,2024-04-03 15:30:51,App,Placed
ORD000011199,3283,3283,2022-01-20 18:54:57,Web,Delivered
ORD000011200,4134,4134,2022-02-23 02:07:09,Store,Delivered
ORD000011201,2365,2365,2023-09-19 01:43:07,App,Shipped
ORD000011202,1107,1107,2024-08-27 05:48:03,App,Shipped
ORD000011203,3428,3428,2025-04-02 13:14:31,Web,Returned
ORD000011204,630,630,2024-06-02 10:41:59,App,Delivered
ORD000011205,4911,4911,2023-09-14 17:31:19,App,Returned
ORD000011206,4635,4635,2021-08-30 11:14:30,App,Cancelled
ORD000011207,2257,2257,2025-08-18 06:37:47,App,Returned
ORD000011208,3986,3986,2025-07-22 13:10:30,App,Delivered
ORD000011209,5757,5757,2025-10-10 10:21:34,App,Delivered
ORD000011210,492,492,2023-01-01 13:54:15,Web,Delivered
ORD000011211,4680,4680,2022-04-27 16:55:04,App,Placed
ORD000011212,4154,4154,2024-05-07 08:23:37,App,Delivered
ORD000011213,1483,1483,2022-05-22 00:27:28,App,Returned
ORD000011214,5751,5751,2024-05-31 08:58:02,App,Cancelled
ORD000011215,1950,1950,2022-10-07 15:01:54,App,Shipped
ORD000011216,2444,2444,2025-11-10 11:44:00,App,Shipped
ORD000011217,5494,5494,2025-07-06 09:47:50,Web,Delivered
ORD000011218,3134,3134,2023-11-08 09:44:42,App,Placed
ORD000011219,3518,3518,2022-03-09 02:14:22,App,Returned
ORD000011220,2135,2135,2022-07-29 02:40:27,App,Delivered
ORD000011221,1862,1862,2025-02-27 06:20:17,Web,Returned
ORD000011222,611,611,2023-10-15 14:57:23,App,Delivered
ORD000011223,1148,1148,2025-12-11 22:07:32,Web,Delivered
ORD000011224,4742,4742,2024-10-30 04:30:58,App,Shipped
ORD000011225,2331,2331,2021-10-14 21:23:33,Web,Placed
ORD000011226,2562,2562,2024-10-31 14:59:36,Web,Delivered
ORD000011227,829,829,2022-12-05 10:51:02,App,Shipped
ORD000011228,1696,1696,2024-05-26 11:49:06,Web,Delivered
ORD000011229,2205,2205,2021-04-11 20:07:20,Store,Placed
ORD000011230,2274,2274,2021-08-16 11:14:32,Web,Delivered
ORD000011231,2881,2881,2023-03-13 21:16:10,Web,Delivered
ORD000011232,5775,5775,2023-01-15 22:15:47,Web,Returned
ORD000011233,3466,3466,2021-08-02 15:09:23,App,Returned
ORD000011234,266,266,2023-02-23 06:47:11,App,Delivered
ORD000011235,1290,1290,2025-06-26 06:13:48,Web,Delivered
ORD000011236,3621,3621,2023-01-27 17:46:28,Web,Delivered
ORD000011237,5408,5408,2024-01-09 23:15:03,App,Delivered
ORD000011238,5412,5412,2024-09-09 18:38:33,Store,Returned
ORD000011239,3392,3392,2026-01-12 01:02:49,Store,Delivered
ORD000011240,473,473,2021-03-12 14:36:37,Store,Returned
ORD000011241,5193,5193,2023-04-12 19:16:27,App,Delivered
ORD000011242,2576,2576,2021-10-30 12:23:23,App,Returned
ORD000011243,1897,1897,2024-02-11 01:40:26,App,Delivered
ORD000011244,3155,3155,2022-09-21 13:49:24,App,Returned
ORD000011245,890,890,2023-08-21 06:51:54,App,Placed
ORD000011246,3500,3500,2023-12-20 20:45:35,Web,Delivered
ORD000011247,1612,1612,2023-07-08 15:40:30,Web,Returned
ORD000011248,4477,4477,2023-05-20 04:39:01,App,Placed
ORD000011249,186,186,2024-02-17 07:06:20,App,Returned
ORD000011250,5125,5125,2022-06-19 17:59:22,Web,Shipped
ORD000011251,4006,4006,2021-09-15 15:13:53,Web,Returned
ORD000011252,3334,3334,2023-05-09 23:12:24,App,Delivered
ORD000011253,2227,2227,2021-05-22 06:35:06,Web,Delivered
ORD000011254,3214,3214,2024-01-15 12:47:47,App,Placed
ORD000011255,4016,4016,2024-11-15 21:37:35,App,Delivered
ORD000011256,1292,1292,2023-04-13 09:31:49,App,Delivered
ORD000011257,2674,2674,2025-12-11 20:29:26,App,Delivered
ORD000011258,2518,2518,2024-04-17 19:18:53,App,Delivered
ORD000011259,5101,5101,2025-07-30 12:55:20,App,Delivered
ORD000011260,3764,3764,2025-01-24 17:23:22,App,Returned
ORD000011261,3049,3049,2025-03-24 07:50:46,App,Delivered
ORD000011262,5188,5188,2024-01-31 21:20:02,Web,Delivered
ORD000011263,2155,2155,2023-08-23 08:38:29,App,Placed
ORD000011264,3103,3103,2025-06-07 18:03:50,App,Placed
ORD000011265,3619,3619,2024-09-26 23:40:22,Store,Delivered
ORD000011266,3844,3844,2023-01-20 08:18:04,App,Returned
ORD000011267,521,521,2025-04-01 02:43:01,App,Delivered
ORD000011268,1645,1645,2021-12-06 22:55:58,App,Placed
ORD000011269,655,655,2024-03-18 10:50:08,Web,Delivered
ORD000011270,42,42,2024-11-05 16:58:15,Web,Delivered
ORD000011271,2912,2912,2024-12-15 16:28:07,Web,Delivered
ORD000011272,3785,3785,2025-05-27 01:47:19,App,Delivered
ORD000011273,3952,3952,2022-06-17 12:55:26,Web,Placed
ORD000011274,1824,1824,2022-05-18 23:56:07,Web,Delivered
ORD000011275,4944,4944,2023-10-24 10:28:08,Web,Placed
ORD000011276,5421,5421,2024-07-16 13:09:02,App,Returned
ORD000011277,2309,2309,2025-01-17 07:09:37,App,Delivered
ORD000011278,1514,1514,2024-05-26 11:07:29,App,Delivered
ORD000011279,4767,4767,2024-05-14 03:21:02,Web,Delivered
ORD000011280,3737,3737,2022-08-03 13:47:22,App,Delivered
ORD000011281,1281,1281,2024-06-11 00:29:16,App,Delivered
ORD000011282,4925,4925,2022-08-22 11:09:55,App,Placed
ORD000011283,3139,3139,2021-11-20 19:24:57,Store,Delivered
ORD000011284,220,220,2024-10-17 03:53:34,App,Placed
ORD000011285,3395,3395,2024-08-04 16:43:34,App,Delivered
ORD000011286,4010,4010,2021-03-15 02:22:26,Web,Delivered
ORD000011287,4960,4960,2025-02-01 18:51:36,App,Returned
ORD000011288,3808,3808,2023-03-21 08:08:15,Web,Returned
ORD000011289,2033,2033,2025-07-09 07:47:54,Web,Delivered
ORD000011290,1630,1630,2023-03-19 20:23:28,App,Shipped
ORD000011291,3250,3250,2022-09-05 01:29:13,Web,Delivered
ORD000011292,461,461,2021-11-14 00:51:23,App,Placed
ORD000011293,290,290,2024-07-17 02:32:29,Web,Delivered
ORD000011294,1136,1136,2023-11-09 17:23:35,App,Placed
ORD000011295,2514,2514,2022-12-29 18:38:38,App,Delivered
ORD000011296,224,224,2021-06-30 08:26:31,Web,Delivered
ORD000011297,2446,2446,2025-04-24 06:27:31,App,Delivered
ORD000011298,454,454,2022-11-14 00:06:39,Web,Placed
ORD000011299,4459,4459,2024-12-08 14:39:29,App,Delivered
ORD000011300,2047,2047,2024-11-08 16:26:52,Store,Delivered
ORD000011301,5969,5969,2021-05-11 23:00:33,App,Placed
ORD000011302,2723,2723,2022-09-04 07:09:01,App,Delivered
ORD000011303,5912,5912,2021-03-02 02:57:12,Web,Returned
ORD000011304,4099,4099,2022-06-13 10:06:03,App,Placed
ORD000011305,4689,4689,2025-04-20 02:17:56,App,Delivered
ORD000011306,3876,3876,2022-07-29 14:16:17,Web,Delivered
ORD000011307,691,691,2021-02-26 10:07:29,App,Delivered
ORD000011308,5480,5480,2025-07-28 07:56:03,App,Delivered
ORD000011309,849,849,2023-06-29 11:16:23,App,Delivered
ORD000011310,3387,3387,2023-04-07 20:11:16,App,Delivered
ORD000011311,4702,4702,2025-04-21 16:26:44,Web,Delivered
ORD000011312,4825,4825,2023-11-13 15:18:30,App,Delivered
ORD000011313,2469,2469,2023-08-01 07:24:27,Web,Delivered
ORD000011314,5246,5246,2022-10-09 08:40:43,Web,Delivered
ORD000011315,1429,1429,2023-04-28 06:23:36,Web,Delivered
ORD000011316,5775,5775,2023-02-16 12:48:39,Web,Delivered
ORD000011317,2316,2316,2023-01-28 14:24:00,Web,Returned
ORD000011318,3926,3926,2023-08-16 23:23:34,Web,Returned
ORD000011319,2616,2616,2024-08-31 20:24:10,Store,Shipped
ORD000011320,739,739,2023-11-22 04:13:42,App,Delivered
ORD000011321,5226,5226,2021-06-14 02:31:40,App,Shipped
ORD000011322,4752,4752,2025-03-23 17:41:08,Web,Delivered
ORD000011323,2219,2219,2023-08-02 18:38:33,Web,Delivered
ORD000011324,2353,2353,2025-11-01 03:50:48,Web,Delivered
ORD000011325,3240,3240,2025-01-26 23:46:52,App,Delivered
ORD000011326,875,875,2024-06-30 11:12:20,App,Shipped
ORD000011327,335,335,2024-09-27 20:53:39,Web,Placed
ORD000011328,5988,5988,2023-01-20 07:45:13,App,Delivered
ORD000011329,1179,1179,2025-01-25 01:54:30,Web,Delivered
ORD000011330,630,630,2021-11-29 19:33:10,App,Delivered
ORD000011331,81,81,2021-11-23 17:18:38,Store,Delivered
ORD000011332,910,910,2021-02-12 20:53:49,Web,Delivered
ORD000011333,450,450,2024-10-11 17:15:38,App,Delivered
ORD000011334,3071,3071,2025-12-16 06:46:10,App,Placed
ORD000011335,2971,2971,2023-10-18 11:50:28,App,Returned
ORD000011336,5430,5430,2021-05-22 04:23:39,Store,Delivered
ORD000011337,4079,4079,2025-07-10 05:42:01,Web,Returned
ORD000011338,5976,5976,2025-04-23 00:42:35,Web,Delivered
ORD000011339,1980,1980,2025-10-21 01:33:41,Web,Delivered
ORD000011340,4776,4776,2024-06-22 22:24:11,Web,Delivered
ORD000011341,3396,3396,2025-04-27 04:23:08,Web,Delivered
ORD000011342,730,730,2021-12-27 02:04:36,App,Delivered
ORD000011343,3300,3300,2024-12-30 14:47:44,Web,Returned
ORD000011344,3012,3012,2023-09-17 16:43:44,Web,Delivered
ORD000011345,3021,3021,2023-04-17 11:30:49,Web,Delivered
ORD000011346,1014,1014,2023-10-26 14:20:41,Web,Delivered
ORD000011347,4776,4776,2021-05-19 19:21:46,App,Delivered
ORD000011348,1321,1321,2025-12-30 08:05:25,App,Delivered
ORD000011349,3265,3265,2023-08-18 18:34:15,App,Cancelled
ORD000011350,4609,4609,2025-08-16 05:28:54,Web,Delivered
ORD000011351,5129,5129,2026-02-02 05:45:09,App,Delivered
ORD000011352,4683,4683,2025-08-13 03:19:12,Web,Delivered
ORD000011353,4944,4944,2022-12-26 13:54:14,Web,Delivered
ORD000011354,2909,2909,2024-03-05 20:18:44,App,Delivered
ORD000011355,3044,3044,2023-05-28 12:01:19,App,Delivered
ORD000011356,2191,2191,2023-08-19 00:29:42,Web,Placed
ORD000011357,5947,5947,2025-01-05 14:40:39,App,Placed
ORD000011358,2242,2242,2021-09-12 17:09:54,Store,Delivered
ORD000011359,2570,2570,2024-10-05 10:17:00,App,Delivered
ORD000011360,3505,3505,2023-05-18 11:00:54,App,Shipped
ORD000011361,5150,5150,2021-05-12 00:47:12,Web,Delivered
ORD000011362,1303,1303,2024-01-19 21:21:54,Web,Delivered
ORD000011363,790,790,2021-08-06 18:32:27,App,Returned
ORD000011364,5162,5162,2022-12-09 20:46:29,App,Delivered
ORD000011365,3300,3300,2025-09-25 06:16:30,Web,Delivered
ORD000011366,1965,1965,2024-07-08 22:45:58,Web,Delivered
ORD000011367,5600,5600,2021-07-14 14:23:57,Store,Delivered
ORD000011368,417,417,2023-02-10 17:15:43,App,Placed
ORD000011369,3273,3273,2023-05-09 03:50:44,App,Delivered
ORD000011370,1345,1345,2025-12-17 12:04:54,App,Cancelled
ORD000011371,2738,2738,2021-12-27 08:35:52,Web,Placed
ORD000011372,2416,2416,2023-11-23 11:11:42,App,Placed
ORD000011373,2646,2646,2025-10-29 08:41:56,Web,Placed
ORD000011374,2608,2608,2021-04-04 01:25:42,App,Delivered
ORD000011375,805,805,2024-04-09 07:36:19,App,Delivered
ORD000011376,2766,2766,2021-12-05 21:55:48,Web,Placed
ORD000011377,1953,1953,2025-11-09 11:14:04,Web,Shipped
ORD000011378,3398,3398,2022-05-09 16:04:48,Store,Delivered
ORD000011379,4919,4919,2023-04-19 23:19:40,Web,Delivered
ORD000011380,1964,1964,2025-04-26 19:36:04,Web,Returned
ORD000011381,5938,5938,2023-12-25 04:35:55,Web,Delivered
ORD000011382,4406,4406,2021-10-20 22:31:01,App,Placed
ORD000011383,4799,4799,2024-10-06 13:44:04,App,Returned
ORD000011384,5481,5481,2024-07-14 20:02:02,App,Delivered
ORD000011385,2576,2576,2025-01-11 19:07:35,App,Delivered
ORD000011386,3375,3375,2021-12-16 14:29:24,App,Placed
ORD000011387,4793,4793,2024-06-13 03:57:05,App,Returned
ORD000011388,3714,3714,2025-12-07 17:24:32,App,Delivered
ORD000011389,3749,3749,2024-02-13 02:56:01,App,Delivered
ORD000011390,605,605,2025-12-03 14:21:01,App,Placed
ORD000011391,3351,3351,2025-01-12 04:37:06,Web,Placed
ORD000011392,3797,3797,2023-05-21 22:40:11,App,Delivered
ORD000011393,2701,2701,2022-08-30 01:12:00,App,Delivered
ORD000011394,1651,1651,2025-08-15 21:49:26,Web,Delivered
ORD000011395,4417,4417,2025-04-20 20:42:44,Web,Delivered
ORD000011396,3549,3549,2023-11-04 10:01:39,Web,Shipped
ORD000011397,304,304,2021-12-03 05:09:51,App,Returned
ORD000011398,519,519,2021-06-09 14:54:47,Web,Placed
ORD000011399,5023,5023,2022-05-13 11:16:11,App,Delivered
ORD000011400,4031,4031,2023-04-16 04:43:31,Web,Delivered
ORD000011401,941,941,2024-09-07 13:22:20,App,Delivered
ORD000011402,2879,2879,2025-04-10 10:50:43,Web,Placed
ORD000011403,80,80,2022-01-15 20:16:51,App,Delivered
ORD000011404,5404,5404,2024-03-07 09:15:54,App,Returned
ORD000011405,103,103,2022-02-18 10:27:03,App,Delivered
ORD000011406,729,729,2025-10-13 12:49:21,App,Delivered
ORD000011407,4238,4238,2023-04-21 07:29:23,App,Placed
ORD000011408,2451,2451,2023-08-24 02:50:50,App,Shipped
ORD000011409,956,956,2022-04-24 19:15:08,App,Delivered
ORD000011410,3661,3661,2022-10-06 08:14:11,App,Shipped
ORD000011411,4866,4866,2024-03-01 12:49:33,App,Delivered
ORD000011412,4915,4915,2025-06-24 00:00:37,App,Placed
ORD000011413,740,740,2025-08-18 01:28:36,App,Delivered
ORD000011414,5710,5710,2024-07-31 20:35:56,App,Delivered
ORD000011415,4258,4258,2025-04-16 00:45:57,Web,Cancelled
ORD000011416,594,594,2025-02-20 19:43:02,App,Delivered
ORD000011417,3550,3550,2021-06-19 16:33:36,Web,Delivered
ORD000011418,563,563,2024-02-09 13:32:56,App,Placed
ORD000011419,5011,5011,2022-12-05 15:12:25,Web,Returned
ORD000011420,1700,1700,2022-06-10 23:25:39,App,Delivered
ORD000011421,725,725,2025-01-02 06:09:50,Web,Delivered
ORD000011422,1434,1434,2025-03-29 19:15:52,Web,Delivered
ORD000011423,1343,1343,2021-09-28 17:37:24,App,Delivered
ORD000011424,1896,1896,2022-01-01 16:15:55,App,Placed
ORD000011425,4484,4484,2021-09-28 10:36:35,Web,Delivered
ORD000011426,4101,4101,2022-01-27 23:44:59,App,Shipped
ORD000011427,2283,2283,2026-01-08 23:24:16,App,Delivered
ORD000011428,375,375,2021-11-21 03:02:17,App,Returned
ORD000011429,2323,2323,2024-06-02 03:34:56,Web,Shipped
ORD000011430,1395,1395,2023-09-11 07:05:19,Web,Delivered
ORD000011431,5009,5009,2024-12-28 12:36:36,App,Shipped
ORD000011432,3874,3874,2023-10-23 00:39:04,App,Delivered
ORD000011433,1556,1556,2021-05-10 01:53:04,Web,Delivered
ORD000011434,924,924,2021-07-16 15:48:51,Web,Shipped
ORD000011435,841,841,2026-01-26 06:12:59,App,Placed
ORD000011436,1731,1731,2024-04-25 05:20:46,App,Delivered
ORD000011437,5514,5514,2023-02-27 08:57:58,Store,Delivered
ORD000011438,4073,4073,2024-06-14 11:38:01,App,Delivered
ORD000011439,4724,4724,2024-02-21 14:05:24,Store,Delivered
ORD000011440,2052,2052,2025-05-27 12:45:12,App,Delivered
ORD000011441,3911,3911,2025-10-24 05:29:26,App,Placed
ORD000011442,5822,5822,2021-07-15 08:18:19,Web,Returned
ORD000011443,1548,1548,2021-07-14 04:15:54,Web,Delivered
ORD000011444,3979,3979,2022-04-27 03:39:02,App,Shipped
ORD000011445,2454,2454,2022-01-15 18:39:52,Store,Returned
ORD000011446,1437,1437,2025-03-11 05:17:22,App,Returned
ORD000011447,3261,3261,2022-04-06 05:50:47,Web,Shipped
ORD000011448,2365,2365,2023-11-27 08:32:28,App,Delivered
ORD000011449,4615,4615,2023-04-26 12:15:33,App,Placed
ORD000011450,5550,5550,2024-03-27 21:19:47,Web,Delivered
ORD000011451,924,924,2025-01-04 01:16:05,Web,Delivered
ORD000011452,1451,1451,2023-11-02 08:05:37,Web,Returned
ORD000011453,1546,1546,2024-03-30 13:52:52,App,Delivered
ORD000011454,4787,4787,2021-12-17 20:52:54,App,Delivered
ORD000011455,5068,5068,2024-02-08 18:02:51,Web,Delivered
ORD000011456,5069,5069,2024-11-08 11:03:38,Web,Placed
ORD000011457,3814,3814,2025-05-12 20:03:03,App,Delivered
ORD000011458,2905,2905,2024-06-17 01:40:45,App,Delivered
ORD000011459,2259,2259,2024-09-06 21:51:10,App,Returned
ORD000011460,3865,3865,2025-09-17 09:35:03,App,Delivered
ORD000011461,4543,4543,2022-12-05 07:24:36,App,Delivered
ORD000011462,70,70,2021-11-27 09:41:37,Web,Delivered
ORD000011463,1325,1325,2024-12-27 04:49:13,Web,Shipped
ORD000011464,3140,3140,2024-10-09 09:36:07,App,Delivered
ORD000011465,5914,5914,2025-05-26 18:41:41,App,Delivered
ORD000011466,2330,2330,2025-10-09 21:06:42,App,Delivered
ORD000011467,5274,5274,2021-10-26 07:24:03,Web,Returned
ORD000011468,368,368,2025-05-17 08:12:32,Web,Returned
ORD000011469,1884,1884,2022-07-20 21:57:22,App,Returned
ORD000011470,5309,5309,2022-10-26 17:48:03,Web,Returned
ORD000011471,2089,2089,2025-06-30 12:35:09,Store,Delivered
ORD000011472,685,685,2025-12-18 08:12:59,Store,Delivered
ORD000011473,5077,5077,2024-02-11 05:25:09,Web,Placed
ORD000011474,1774,1774,2025-08-30 23:18:47,App,Delivered
ORD000011475,3714,3714,2024-06-16 17:44:27,Web,Delivered
ORD000011476,2565,2565,2023-06-18 00:45:41,App,Delivered
ORD000011477,3942,3942,2021-05-27 04:45:28,App,Delivered
ORD000011478,3202,3202,2022-04-27 06:49:49,Web,Delivered
ORD000011479,1921,1921,2025-12-04 13:04:13,App,Delivered
ORD000011480,688,688,2023-11-04 17:16:35,App,Placed
ORD000011481,3094,3094,2023-04-15 06:03:38,Web,Placed
ORD000011482,2089,2089,2025-08-23 12:27:13,Web,Delivered
ORD000011483,153,153,2024-08-03 09:45:35,App,Delivered
ORD000011484,4654,4654,2022-01-20 03:07:37,App,Delivered
ORD000011485,4029,4029,2024-02-05 22:55:59,App,Placed
ORD000011486,5733,5733,2025-05-07 17:19:13,App,Delivered
ORD000011487,1071,1071,2021-11-11 23:20:49,App,Delivered
ORD000011488,3791,3791,2023-01-24 01:18:31,App,Delivered
ORD000011489,4099,4099,2021-09-01 01:19:26,Web,Placed
ORD000011490,4872,4872,2021-06-15 02:26:49,Web,Delivered
ORD000011491,1060,1060,2022-10-10 19:56:19,App,Placed
ORD000011492,2859,2859,2023-12-18 18:47:37,Web,Delivered
ORD000011493,4092,4092,2025-02-02 14:49:30,App,Delivered
ORD000011494,4339,4339,2025-08-10 14:36:50,App,Delivered
ORD000011495,3822,3822,2023-01-07 10:37:08,App,Delivered
ORD000011496,5951,5951,2022-02-27 08:40:03,Web,Placed
ORD000011497,1442,1442,2021-12-07 04:41:45,App,Delivered
ORD000011498,2267,2267,2021-06-20 17:27:50,Web,Delivered
ORD000011499,2249,2249,2025-10-21 00:01:15,Web,Delivered
ORD000011500,4490,4490,2025-09-05 21:20:12,App,Delivered
ORD000011501,601,601,2025-02-18 14:22:31,Web,Cancelled
ORD000011502,836,836,2025-07-17 21:51:54,App,Delivered
ORD000011503,400,400,2024-05-25 01:19:08,Store,Shipped
ORD000011504,2329,2329,2021-07-03 17:37:36,Web,Delivered
ORD000011505,1008,1008,2024-08-12 18:20:14,App,Delivered
ORD000011506,767,767,2022-11-08 05:15:27,Web,Returned
ORD000011507,433,433,2024-09-16 21:37:54,App,Delivered
ORD000011508,400,400,2024-08-22 14:52:47,Web,Placed
ORD000011509,5122,5122,2025-10-07 05:36:27,Store,Shipped
ORD000011510,329,329,2025-02-09 05:55:30,App,Delivered
ORD000011511,4731,4731,2023-01-25 13:21:24,App,Delivered
ORD000011512,1772,1772,2022-04-17 16:29:19,Web,Placed
ORD000011513,1613,1613,2023-11-05 20:30:17,App,Delivered
ORD000011514,4174,4174,2023-06-08 02:10:05,App,Delivered
ORD000011515,4428,4428,2024-09-17 22:13:32,App,Delivered
ORD000011516,4246,4246,2024-06-28 05:09:48,App,Placed
ORD000011517,2005,2005,2025-10-24 11:06:46,App,Cancelled
ORD000011518,5625,5625,2021-03-15 04:29:34,Web,Delivered
ORD000011519,3011,3011,2025-09-04 01:48:15,Web,Returned
ORD000011520,4246,4246,2024-03-02 18:10:30,App,Shipped
ORD000011521,1609,1609,2025-04-03 14:18:31,Web,Delivered
ORD000011522,3119,3119,2021-04-13 06:02:58,App,Placed
ORD000011523,362,362,2025-03-21 15:23:13,Web,Shipped
ORD000011524,1717,1717,2024-04-07 14:38:43,App,Delivered
ORD000011525,2422,2422,2021-07-16 00:06:03,Web,Delivered
ORD000011526,4191,4191,2023-03-08 12:29:36,App,Shipped
ORD000011527,3462,3462,2025-11-08 03:37:02,Web,Delivered
ORD000011528,3982,3982,2024-12-27 06:12:44,Web,Delivered
ORD000011529,5715,5715,2026-01-20 13:19:01,App,Delivered
ORD000011530,2130,2130,2021-05-02 00:43:32,Store,Placed
ORD000011531,4729,4729,2023-10-30 03:41:27,App,Returned
ORD000011532,2461,2461,2024-11-18 02:52:28,Web,Shipped
ORD000011533,2051,2051,2025-10-18 17:10:54,Web,Returned
ORD000011534,4109,4109,2024-09-12 19:15:26,App,Delivered
ORD000011535,4260,4260,2021-06-15 17:03:34,Web,Placed
ORD000011536,4713,4713,2021-08-26 03:08:14,App,Shipped
ORD000011537,1369,1369,2022-05-28 12:21:22,Web,Delivered
ORD000011538,4262,4262,2025-02-26 21:44:18,Web,Returned
ORD000011539,3147,3147,2022-07-03 21:13:29,App,Cancelled
ORD000011540,5865,5865,2025-02-25 18:54:23,App,Returned
ORD000011541,661,661,2023-02-17 21:44:59,Web,Delivered
ORD000011542,5243,5243,2024-08-28 01:38:34,Web,Delivered
ORD000011543,4563,4563,2021-06-20 02:53:35,Web,Delivered
ORD000011544,516,516,2024-03-21 09:10:05,App,Placed
ORD000011545,720,720,2024-03-26 08:15:38,Web,Shipped
ORD000011546,172,172,2022-12-27 08:48:10,Web,Delivered
ORD000011547,5505,5505,2024-04-15 19:25:58,Web,Delivered
ORD000011548,1470,1470,2023-05-14 07:22:47,Web,Delivered
ORD000011549,1174,1174,2022-09-11 09:01:04,App,Delivered
ORD000011550,5856,5856,2023-04-27 21:10:09,Web,Delivered
ORD000011551,4667,4667,2022-04-08 00:10:14,App,Delivered
ORD000011552,4901,4901,2023-05-07 05:54:48,Web,Shipped
ORD000011553,1175,1175,2026-01-11 13:14:53,App,Placed
ORD000011554,3745,3745,2021-02-20 17:08:39,App,Delivered
ORD000011555,4209,4209,2024-01-26 08:19:05,Web,Delivered
ORD000011556,5352,5352,2024-02-16 13:48:45,App,Delivered
ORD000011557,1942,1942,2021-02-22 04:55:42,App,Returned
ORD000011558,4032,4032,2024-07-30 07:01:23,Web,Delivered
ORD000011559,1398,1398,2021-07-05 19:51:40,App,Delivered
ORD000011560,4022,4022,2022-06-24 17:17:56,App,Shipped
ORD000011561,698,698,2023-05-15 08:24:43,Web,Placed
ORD000011562,1775,1775,2023-03-07 17:32:13,Web,Shipped
ORD000011563,5367,5367,2022-01-23 23:23:53,App,Delivered
ORD000011564,3212,3212,2021-08-14 14:19:05,Web,Delivered
ORD000011565,3474,3474,2023-08-29 13:50:35,App,Shipped
ORD000011566,4064,4064,2023-07-26 07:08:53,Web,Returned
ORD000011567,2755,2755,2022-01-26 01:27:54,App,Delivered
ORD000011568,4452,4452,2023-07-25 21:26:43,App,Delivered
ORD000011569,4335,4335,2021-11-02 07:33:47,App,Returned
ORD000011570,3054,3054,2023-04-12 02:06:11,Store,Shipped
ORD000011571,4609,4609,2021-05-12 12:07:39,App,Delivered
ORD000011572,2681,2681,2023-12-23 14:13:00,Web,Delivered
ORD000011573,5120,5120,2022-06-02 21:30:05,Web,Returned
ORD000011574,3604,3604,2022-04-06 14:35:28,App,Delivered
ORD000011575,3345,3345,2022-05-31 05:46:27,App,Delivered
ORD000011576,5297,5297,2025-10-08 08:51:16,Web,Delivered
ORD000011577,1430,1430,2021-02-25 19:08:41,App,Placed
ORD000011578,2162,2162,2025-12-04 20:24:04,Web,Shipped
ORD000011579,5025,5025,2022-02-24 09:14:47,App,Delivered
ORD000011580,5914,5914,2024-08-22 02:17:01,Web,Delivered
ORD000011581,27,27,2025-05-13 09:47:00,App,Delivered
ORD000011582,3772,3772,2023-06-19 03:01:35,App,Delivered
ORD000011583,1442,1442,2022-03-06 17:26:55,Web,Delivered
ORD000011584,4688,4688,2024-02-20 16:32:26,App,Delivered
ORD000011585,5582,5582,2025-08-17 16:29:38,Web,Placed
ORD000011586,2228,2228,2021-05-10 23:23:59,App,Delivered
ORD000011587,567,567,2022-11-15 21:13:25,Web,Returned
ORD000011588,247,247,2024-06-01 07:09:27,App,Delivered
ORD000011589,1524,1524,2021-10-03 19:35:47,Web,Shipped
ORD000011590,2365,2365,2022-09-05 21:53:43,App,Placed
ORD000011591,5353,5353,2023-02-18 22:09:14,App,Returned
ORD000011592,5055,5055,2024-08-11 14:26:59,Web,Placed
ORD000011593,3966,3966,2024-10-19 21:56:36,Web,Delivered
ORD000011594,3693,3693,2021-09-16 04:23:59,Web,Delivered
ORD000011595,5082,5082,2022-07-20 14:52:13,App,Delivered
ORD000011596,1774,1774,2025-12-30 07:37:21,Store,Shipped
ORD000011597,2938,2938,2022-10-06 01:31:52,App,Shipped
ORD000011598,3891,3891,2025-06-14 09:08:44,Web,Delivered
ORD000011599,1092,1092,2022-08-04 08:50:05,Web,Cancelled
ORD000011600,747,747,2021-12-26 09:29:54,Web,Delivered
ORD000011601,1575,1575,2023-03-05 11:46:42,App,Delivered
ORD000011602,5775,5775,2022-09-24 20:16:15,Web,Delivered
ORD000011603,4441,4441,2025-08-15 17:20:30,Web,Returned
ORD000011604,3602,3602,2022-03-31 04:33:38,Web,Returned
ORD000011605,2100,2100,2024-08-13 17:48:48,Web,Placed
ORD000011606,3517,3517,2026-01-01 02:02:25,App,Delivered
ORD000011607,3806,3806,2022-12-15 08:43:41,App,Delivered
ORD000011608,2853,2853,2021-04-08 01:55:18,Web,Delivered
ORD000011609,592,592,2022-05-22 19:23:02,Web,Delivered
ORD000011610,693,693,2022-01-11 15:50:58,App,Returned
ORD000011611,1164,1164,2022-10-29 22:47:49,Web,Delivered
ORD000011612,3793,3793,2025-09-05 13:12:47,Web,Delivered
ORD000011613,409,409,2023-05-22 18:01:41,Web,Delivered
ORD000011614,2383,2383,2023-08-07 10:25:32,Web,Delivered
ORD000011615,5401,5401,2023-04-05 16:27:04,Web,Placed
ORD000011616,405,405,2021-06-07 22:21:32,App,Delivered
ORD000011617,5843,5843,2022-04-12 10:52:49,Web,Delivered
ORD000011618,5976,5976,2024-08-29 20:34:39,Web,Shipped
ORD000011619,4743,4743,2024-04-08 14:45:55,App,Shipped
ORD000011620,1484,1484,2025-07-15 02:13:51,Web,Shipped
ORD000011621,5159,5159,2025-01-01 18:05:29,Web,Delivered
ORD000011622,2123,2123,2021-09-07 11:22:13,App,Delivered
ORD000011623,865,865,2022-07-08 11:17:24,App,Returned
ORD000011624,1585,1585,2024-09-02 15:18:29,App,Delivered
ORD000011625,217,217,2023-10-09 06:15:49,App,Returned
ORD000011626,743,743,2023-10-29 15:31:32,Web,Delivered
ORD000011627,4514,4514,2022-05-31 21:40:58,App,Shipped
ORD000011628,3839,3839,2021-06-30 01:34:06,Web,Cancelled
ORD000011629,3275,3275,2024-11-01 23:58:38,App,Placed
ORD000011630,4752,4752,2025-02-23 01:58:30,Web,Delivered
ORD000011631,864,864,2023-08-23 05:02:08,Web,Delivered
ORD000011632,3983,3983,2024-01-09 22:48:36,Web,Delivered
ORD000011633,2856,2856,2024-06-20 08:54:11,App,Delivered
ORD000011634,4047,4047,2023-12-21 08:26:14,App,Placed
ORD000011635,5639,5639,2023-10-04 02:33:37,App,Shipped
ORD000011636,3685,3685,2025-11-30 03:45:30,App,Delivered
ORD000011637,4392,4392,2023-12-26 23:29:44,Web,Delivered
ORD000011638,450,450,2023-11-01 12:02:54,Store,Delivered
ORD000011639,5348,5348,2021-11-28 08:22:51,Web,Delivered
ORD000011640,2151,2151,2024-05-16 19:32:16,Web,Delivered
ORD000011641,1116,1116,2023-08-14 06:28:36,Web,Delivered
ORD000011642,2838,2838,2022-02-26 17:16:46,Store,Delivered
ORD000011643,3429,3429,2022-06-19 12:47:23,Web,Delivered
ORD000011644,5819,5819,2021-04-23 17:05:33,App,Delivered
ORD000011645,2194,2194,2023-01-27 10:11:06,Web,Placed
ORD000011646,3339,3339,2025-11-13 19:11:46,App,Delivered
ORD000011647,2167,2167,2024-11-07 07:42:43,Web,Delivered
ORD000011648,1527,1527,2023-09-06 07:41:34,App,Delivered
ORD000011649,264,264,2022-11-17 21:56:33,Web,Cancelled
ORD000011650,1300,1300,2022-07-10 01:03:44,Web,Delivered
ORD000011651,3419,3419,2024-09-29 00:28:16,App,Delivered
ORD000011652,3037,3037,2022-12-14 01:34:15,Web,Shipped
ORD000011653,2713,2713,2023-10-11 12:14:25,Web,Delivered
ORD000011654,787,787,2025-12-25 21:54:47,Web,Delivered
ORD000011655,4989,4989,2025-05-03 22:06:31,App,Delivered
ORD000011656,3970,3970,2021-08-14 21:01:03,Web,Delivered
ORD000011657,2410,2410,2021-06-29 13:00:52,Store,Delivered
ORD000011658,3047,3047,2023-01-19 10:08:05,App,Delivered
ORD000011659,236,236,2024-06-11 20:54:55,Web,Shipped
ORD000011660,5562,5562,2023-01-10 22:20:36,Web,Placed
ORD000011661,5698,5698,2024-10-30 18:44:43,App,Delivered
ORD000011662,3335,3335,2022-03-13 18:43:19,Web,Shipped
ORD000011663,1075,1075,2025-09-04 16:29:51,App,Delivered
ORD000011664,4447,4447,2024-12-06 09:27:26,App,Cancelled
ORD000011665,4513,4513,2024-08-11 10:20:48,Web,Placed
ORD000011666,2891,2891,2022-09-22 16:13:44,App,Delivered
ORD000011667,744,744,2021-02-23 05:33:09,App,Shipped
ORD000011668,3944,3944,2023-06-30 21:15:01,App,Delivered
ORD000011669,1006,1006,2021-10-08 08:20:09,App,Delivered
ORD000011670,13,13,2024-06-08 20:23:54,Web,Cancelled
ORD000011671,1851,1851,2023-12-11 23:43:34,App,Placed
ORD000011672,4902,4902,2024-01-24 09:04:38,App,Delivered
ORD000011673,3604,3604,2021-11-18 21:34:29,Web,Delivered
ORD000011674,2261,2261,2023-06-21 20:50:00,App,Shipped
ORD000011675,4366,4366,2023-07-19 19:08:43,App,Returned
ORD000011676,984,984,2023-09-21 01:16:16,Web,Placed
ORD000011677,4870,4870,2022-06-30 17:07:21,Web,Delivered
ORD000011678,1960,1960,2025-12-08 21:48:07,App,Delivered
ORD000011679,2229,2229,2024-03-22 10:30:04,Web,Placed
ORD000011680,1763,1763,2025-04-16 00:21:38,App,Delivered
ORD000011681,1289,1289,2021-10-02 02:15:04,App,Delivered
ORD000011682,1017,1017,2025-12-18 12:21:40,App,Delivered
ORD000011683,2154,2154,2025-01-18 07:56:06,App,Shipped
ORD000011684,4583,4583,2025-03-29 06:03:57,App,Delivered
ORD000011685,4500,4500,2021-05-01 18:55:18,Web,Returned
ORD000011686,4486,4486,2023-07-04 21:39:29,App,Delivered
ORD000011687,608,608,2021-06-27 16:14:47,Web,Delivered
ORD000011688,4045,4045,2021-05-17 01:24:52,App,Returned
ORD000011689,4219,4219,2025-08-18 03:04:42,App,Delivered
ORD000011690,2837,2837,2022-12-27 16:09:40,Web,Placed
ORD000011691,4133,4133,2025-08-27 08:37:06,App,Delivered
ORD000011692,5900,5900,2023-09-01 00:37:40,Web,Returned
ORD000011693,710,710,2025-08-02 14:24:31,App,Cancelled
ORD000011694,767,767,2026-02-05 20:55:56,App,Cancelled
ORD000011695,4599,4599,2021-10-09 20:07:25,App,Returned
ORD000011696,3599,3599,2024-04-18 06:16:05,App,Delivered
ORD000011697,2965,2965,2024-04-29 22:44:05,Web,Delivered
ORD000011698,92,92,2022-10-29 07:05:17,Web,Delivered
ORD000011699,100,100,2025-12-15 01:49:50,Web,Delivered
ORD000011700,3025,3025,2025-11-12 19:32:50,Web,Delivered
ORD000011701,686,686,2022-07-27 12:56:21,App,Placed
ORD000011702,1751,1751,2021-02-23 10:47:13,App,Delivered
ORD000011703,3949,3949,2022-09-15 02:50:43,App,Placed
ORD000011704,3670,3670,2021-10-03 06:13:45,App,Delivered
ORD000011705,394,394,2022-05-10 19:40:12,Web,Delivered
ORD000011706,594,594,2025-05-04 07:57:15,App,Returned
ORD000011707,2882,2882,2022-09-28 05:06:51,App,Placed
ORD000011708,886,886,2024-11-06 02:47:59,App,Delivered
ORD000011709,3053,3053,2024-10-30 09:38:46,Store,Delivered
ORD000011710,505,505,2023-06-22 16:57:42,App,Delivered
ORD000011711,5237,5237,2024-12-11 03:41:54,App,Delivered
ORD000011712,3751,3751,2023-03-20 15:20:30,App,Cancelled
ORD000011713,1778,1778,2021-12-27 04:33:03,App,Returned
ORD000011714,4438,4438,2025-04-20 05:02:35,App,Shipped
ORD000011715,3498,3498,2022-02-02 13:17:21,App,Returned
ORD000011716,134,134,2022-05-15 20:04:45,Web,Delivered
ORD000011717,2926,2926,2021-03-20 19:30:16,Web,Returned
ORD000011718,4308,4308,2021-09-11 22:36:42,App,Delivered
ORD000011719,585,585,2023-01-23 03:13:09,App,Returned
ORD000011720,1437,1437,2022-03-26 22:18:54,App,Placed
ORD000011721,357,357,2022-07-26 19:30:40,App,Cancelled
ORD000011722,5197,5197,2024-03-29 13:40:05,Web,Delivered
ORD000011723,3355,3355,2024-11-20 00:55:40,Web,Shipped
ORD000011724,1751,1751,2025-11-08 18:30:01,App,Delivered
ORD000011725,1701,1701,2024-04-14 18:40:43,App,Delivered
ORD000011726,1710,1710,2024-07-30 21:32:38,Store,Delivered
ORD000011727,3682,3682,2024-09-19 09:28:53,App,Delivered
ORD000011728,537,537,2023-10-30 05:49:21,App,Shipped
ORD000011729,2469,2469,2023-08-31 02:47:30,Web,Delivered
ORD000011730,151,151,2023-08-05 08:11:03,Web,Placed
ORD000011731,1756,1756,2023-07-22 13:24:33,App,Delivered
ORD000011732,2551,2551,2025-10-24 05:52:22,App,Delivered
ORD000011733,888,888,2025-03-19 08:51:12,App,Placed
ORD000011734,2996,2996,2024-11-30 06:53:46,App,Delivered
ORD000011735,4839,4839,2025-10-19 13:58:28,App,Delivered
ORD000011736,2563,2563,2024-06-09 09:04:17,Web,Delivered
ORD000011737,1609,1609,2022-03-29 14:26:42,Web,Placed
ORD000011738,5532,5532,2023-06-17 09:02:16,Store,Delivered
ORD000011739,1242,1242,2024-06-25 13:01:00,App,Delivered
ORD000011740,208,208,2022-04-03 17:27:05,Web,Delivered
ORD000011741,3833,3833,2022-01-22 16:20:58,App,Delivered
ORD000011742,3362,3362,2023-07-20 03:55:18,App,Delivered
ORD000011743,2900,2900,2026-01-17 21:05:37,Web,Delivered
ORD000011744,5405,5405,2021-06-01 23:06:58,App,Returned
ORD000011745,3588,3588,2021-06-11 13:52:27,Web,Delivered
ORD000011746,2756,2756,2025-03-25 03:41:51,App,Shipped
ORD000011747,5751,5751,2023-12-12 08:35:38,Store,Delivered
ORD000011748,2726,2726,2021-05-30 01:46:25,App,Delivered
ORD000011749,4035,4035,2024-06-02 17:28:57,Store,Delivered
ORD000011750,2280,2280,2024-08-31 06:37:22,Web,Delivered
ORD000011751,5762,5762,2025-02-25 18:00:43,Web,Returned
ORD000011752,989,989,2025-03-17 16:51:39,App,Shipped
ORD000011753,4977,4977,2025-02-26 23:42:48,App,Delivered
ORD000011754,2860,2860,2023-04-23 15:44:00,App,Delivered
ORD000011755,4303,4303,2023-04-19 14:15:49,App,Placed
ORD000011756,1650,1650,2024-02-09 16:10:02,Web,Delivered
ORD000011757,2409,2409,2024-10-24 13:24:24,App,Delivered
ORD000011758,5471,5471,2024-03-23 14:13:55,App,Delivered
ORD000011759,2421,2421,2023-03-03 12:19:59,App,Returned
ORD000011760,1125,1125,2025-03-23 05:31:17,App,Delivered
ORD000011761,5590,5590,2024-07-18 12:34:57,Web,Delivered
ORD000011762,529,529,2021-10-20 00:07:06,Web,Returned
ORD000011763,5597,5597,2024-04-03 02:02:33,App,Delivered
ORD000011764,1272,1272,2021-05-15 04:59:42,App,Delivered
ORD000011765,1420,1420,2024-11-17 08:50:42,App,Delivered
ORD000011766,5696,5696,2022-03-28 15:33:06,App,Delivered
ORD000011767,4174,4174,2022-06-05 20:17:11,App,Delivered
ORD000011768,1736,1736,2025-08-27 12:07:08,App,Placed
ORD000011769,4137,4137,2022-11-06 21:40:14,Web,Delivered
ORD000011770,5301,5301,2021-10-06 11:25:17,Web,Delivered
ORD000011771,4386,4386,2025-06-04 09:33:29,Web,Returned
ORD000011772,1149,1149,2023-08-22 02:17:09,App,Cancelled
ORD000011773,5588,5588,2023-01-15 11:26:34,Web,Returned
ORD000011774,5355,5355,2021-03-02 11:54:15,App,Placed
ORD000011775,1524,1524,2021-06-13 19:06:26,Store,Delivered
ORD000011776,2762,2762,2024-12-05 17:56:58,App,Returned
ORD000011777,711,711,2022-01-29 02:10:45,Web,Delivered
ORD000011778,961,961,2021-11-12 07:42:54,App,Delivered
ORD000011779,4919,4919,2025-05-28 09:39:55,App,Placed
ORD000011780,3710,3710,2024-02-11 15:42:41,Web,Delivered
ORD000011781,5,5,2024-05-14 13:17:00,App,Delivered
ORD000011782,4920,4920,2025-06-12 22:06:32,Web,Delivered
ORD000011783,118,118,2022-11-30 09:45:19,App,Delivered
ORD000011784,2792,2792,2025-12-31 00:55:39,App,Delivered
ORD000011785,4757,4757,2022-10-25 20:45:31,App,Delivered
ORD000011786,5434,5434,2024-03-20 01:52:52,Store,Delivered
ORD000011787,5321,5321,2021-09-16 20:17:50,App,Delivered
ORD000011788,1567,1567,2025-03-18 13:56:17,App,Delivered
ORD000011789,4763,4763,2023-04-26 22:33:46,Web,Delivered
ORD000011790,5830,5830,2022-10-21 11:41:43,App,Returned
ORD000011791,3373,3373,2022-12-15 00:01:40,Web,Delivered
ORD000011792,5540,5540,2023-09-08 03:15:02,App,Delivered
ORD000011793,3330,3330,2021-11-19 15:27:14,App,Delivered
ORD000011794,5182,5182,2024-07-14 20:53:49,App,Delivered
ORD000011795,5112,5112,2021-03-25 21:45:35,Store,Placed
ORD000011796,2709,2709,2022-04-01 15:31:09,App,Delivered
ORD000011797,1186,1186,2022-06-05 15:33:04,Web,Delivered
ORD000011798,5133,5133,2024-06-24 09:13:25,Web,Cancelled
ORD000011799,3347,3347,2025-07-23 22:11:01,Web,Delivered
ORD000011800,4513,4513,2023-11-21 10:55:05,App,Delivered
ORD000011801,1148,1148,2021-10-29 05:54:31,App,Delivered
ORD000011802,4966,4966,2022-03-29 23:10:24,App,Delivered
ORD000011803,3067,3067,2022-12-03 00:34:36,App,Shipped
ORD000011804,616,616,2023-06-08 01:31:34,App,Delivered
ORD000011805,3121,3121,2023-04-18 13:30:05,Web,Placed
ORD000011806,1027,1027,2021-06-30 09:05:39,Web,Placed
ORD000011807,5030,5030,2025-07-24 14:08:44,App,Delivered
ORD000011808,3071,3071,2021-07-30 09:38:13,App,Delivered
ORD000011809,762,762,2022-11-04 15:08:30,Web,Returned
ORD000011810,5885,5885,2024-09-24 06:29:33,App,Delivered
ORD000011811,5843,5843,2022-07-10 22:24:56,App,Delivered
ORD000011812,2631,2631,2022-03-11 16:10:58,App,Delivered
ORD000011813,4367,4367,2021-11-01 07:10:25,App,Delivered
ORD000011814,5670,5670,2025-08-19 16:10:48,App,Delivered
ORD000011815,2006,2006,2023-05-01 14:24:29,App,Shipped
ORD000011816,4823,4823,2024-03-03 15:59:27,Web,Shipped
ORD000011817,434,434,2021-12-26 11:09:05,Web,Shipped
ORD000011818,4618,4618,2025-08-31 00:05:08,App,Delivered
ORD000011819,2917,2917,2024-12-28 11:49:23,Web,Delivered
ORD000011820,3963,3963,2025-08-22 21:12:27,Web,Delivered
ORD000011821,2538,2538,2023-06-14 22:56:22,Web,Delivered
ORD000011822,4906,4906,2021-06-18 13:33:42,App,Delivered
ORD000011823,1223,1223,2024-03-10 04:03:50,App,Shipped
ORD000011824,4532,4532,2023-11-26 20:20:09,App,Delivered
ORD000011825,2265,2265,2022-04-11 19:59:54,App,Returned
ORD000011826,1534,1534,2023-03-30 01:12:08,Store,Delivered
ORD000011827,4794,4794,2023-09-11 22:36:17,App,Delivered
ORD000011828,5609,5609,2025-02-21 15:38:00,App,Shipped
ORD000011829,792,792,2025-01-21 00:46:19,App,Delivered
ORD000011830,5369,5369,2022-07-16 05:30:36,App,Placed
ORD000011831,3157,3157,2024-08-24 22:13:33,Web,Delivered
ORD000011832,1053,1053,2021-05-22 15:09:14,Store,Returned
ORD000011833,2085,2085,2022-07-17 23:48:42,Web,Delivered
ORD000011834,2555,2555,2025-09-30 18:25:05,App,Shipped
ORD000011835,3604,3604,2025-01-15 15:47:30,App,Delivered
ORD000011836,1682,1682,2024-03-29 07:58:38,App,Delivered
ORD000011837,2308,2308,2024-02-16 06:44:14,App,Returned
ORD000011838,3723,3723,2025-03-15 09:02:18,App,Delivered
ORD000011839,3327,3327,2024-05-02 10:48:14,App,Shipped
ORD000011840,2037,2037,2022-07-11 11:36:07,App,Delivered
ORD000011841,3158,3158,2021-12-06 04:59:07,Web,Returned
ORD000011842,3726,3726,2026-01-25 00:09:39,App,Delivered
ORD000011843,2682,2682,2022-10-23 23:26:29,App,Delivered
ORD000011844,1965,1965,2023-01-18 12:52:15,App,Delivered
ORD000011845,2460,2460,2021-05-13 01:32:07,Web,Delivered
ORD000011846,422,422,2023-06-29 13:52:27,App,Returned
ORD000011847,959,959,2021-08-19 04:14:32,App,Delivered
ORD000011848,5453,5453,2021-07-04 20:18:25,Web,Delivered
ORD000011849,5780,5780,2025-10-01 16:13:36,App,Delivered
ORD000011850,5573,5573,2021-03-24 21:43:53,Web,Delivered
ORD000011851,2047,2047,2022-09-07 23:32:10,App,Delivered
ORD000011852,595,595,2024-07-19 19:41:00,App,Delivered
ORD000011853,5269,5269,2024-07-03 06:07:33,App,Shipped
ORD000011854,2218,2218,2024-09-19 07:50:51,Web,Delivered
ORD000011855,1349,1349,2025-08-27 16:21:33,App,Delivered
ORD000011856,2830,2830,2022-02-25 04:37:14,App,Delivered
ORD000011857,228,228,2023-05-20 05:36:27,App,Delivered
ORD000011858,5,5,2024-06-24 23:34:18,App,Delivered
ORD000011859,152,152,2024-04-07 19:54:11,Web,Delivered
ORD000011860,2269,2269,2022-10-02 14:02:50,Web,Placed
ORD000011861,4253,4253,2024-08-17 20:02:50,App,Delivered
ORD000011862,3330,3330,2024-05-16 20:43:47,App,Delivered
ORD000011863,3078,3078,2021-11-03 15:33:20,App,Delivered
ORD000011864,2326,2326,2025-07-10 07:11:51,Web,Placed
ORD000011865,3972,3972,2025-10-14 04:52:25,App,Delivered
ORD000011866,1005,1005,2024-12-27 00:03:11,App,Delivered
ORD000011867,4977,4977,2025-01-24 18:44:28,App,Delivered
ORD000011868,3661,3661,2023-03-13 04:53:11,Web,Delivered
ORD000011869,3519,3519,2025-09-12 23:06:52,App,Delivered
ORD000011870,5079,5079,2024-05-09 22:11:11,Web,Delivered
ORD000011871,995,995,2022-12-22 06:18:00,Web,Returned
ORD000011872,1737,1737,2023-05-16 19:45:24,Web,Delivered
ORD000011873,1623,1623,2023-06-09 05:03:28,Web,Cancelled
ORD000011874,2628,2628,2025-12-12 20:53:12,Web,Shipped
ORD000011875,1954,1954,2023-02-06 08:18:00,Web,Delivered
ORD000011876,4709,4709,2022-06-08 21:28:34,App,Delivered
ORD000011877,3493,3493,2024-02-04 11:38:05,App,Returned
ORD000011878,1926,1926,2024-01-30 10:09:58,App,Placed
ORD000011879,5703,5703,2024-06-10 09:50:09,Web,Placed
ORD000011880,173,173,2025-05-05 17:09:27,Web,Placed
ORD000011881,1193,1193,2024-03-16 18:17:37,Web,Delivered
ORD000011882,1127,1127,2024-03-27 13:58:25,App,Shipped
ORD000011883,228,228,2026-01-15 03:11:34,App,Delivered
ORD000011884,3644,3644,2021-07-16 05:08:14,App,Returned
ORD000011885,1987,1987,2024-12-21 07:27:31,App,Delivered
ORD000011886,3729,3729,2022-07-16 06:47:32,App,Placed
ORD000011887,1235,1235,2022-08-07 13:34:56,Web,Cancelled
ORD000011888,5229,5229,2024-09-02 12:43:42,Web,Delivered
ORD000011889,3767,3767,2026-01-30 12:31:17,App,Shipped
ORD000011890,4617,4617,2025-04-22 10:54:01,App,Delivered
ORD000011891,3716,3716,2024-06-09 20:19:56,Web,Delivered
ORD000011892,4522,4522,2022-09-20 13:46:34,Web,Delivered
ORD000011893,2122,2122,2021-10-26 22:18:54,Web,Shipped
ORD000011894,343,343,2024-09-03 06:31:07,App,Returned
ORD000011895,4467,4467,2025-08-29 15:11:02,Web,Delivered
ORD000011896,2932,2932,2024-03-02 15:33:32,Web,Placed
ORD000011897,4318,4318,2024-07-28 22:59:17,App,Shipped
ORD000011898,4736,4736,2025-01-03 20:40:38,App,Delivered
ORD000011899,5632,5632,2025-05-06 02:47:23,App,Delivered
ORD000011900,1359,1359,2022-11-07 17:17:39,App,Delivered
ORD000011901,2422,2422,2023-06-18 10:34:55,App,Placed
ORD000011902,5127,5127,2021-07-18 06:18:42,Web,Delivered
ORD000011903,4833,4833,2025-05-30 01:40:24,Web,Returned
ORD000011904,5509,5509,2022-10-13 15:07:05,Web,Delivered
ORD000011905,5236,5236,2023-10-29 14:00:57,Web,Placed
ORD000011906,3175,3175,2024-12-04 11:12:26,App,Delivered
ORD000011907,738,738,2022-07-19 20:49:19,App,Shipped
ORD000011908,4661,4661,2022-07-30 04:30:42,App,Delivered
ORD000011909,1027,1027,2022-12-19 10:06:42,App,Placed
ORD000011910,5950,5950,2023-07-23 01:07:45,App,Placed
ORD000011911,4640,4640,2024-08-01 16:56:37,Web,Delivered
ORD000011912,1104,1104,2022-05-15 16:42:49,Web,Delivered
ORD000011913,2684,2684,2023-03-14 04:26:29,App,Delivered
ORD000011914,4945,4945,2024-07-08 22:25:45,Web,Shipped
ORD000011915,396,396,2022-01-24 23:51:03,App,Delivered
ORD000011916,2940,2940,2023-04-13 05:06:22,App,Shipped
ORD000011917,4485,4485,2024-11-23 04:36:44,Web,Delivered
ORD000011918,3332,3332,2024-06-10 18:35:04,App,Delivered
ORD000011919,5432,5432,2021-05-31 13:46:58,App,Returned
ORD000011920,1535,1535,2024-10-21 02:30:37,Web,Returned
ORD000011921,45,45,2023-04-10 10:37:54,App,Returned
ORD000011922,1980,1980,2024-04-13 04:20:57,Web,Delivered
ORD000011923,1865,1865,2024-03-21 05:15:25,Web,Delivered
ORD000011924,1808,1808,2024-07-11 03:17:09,App,Shipped
ORD000011925,2275,2275,2024-12-01 22:23:34,App,Cancelled
ORD000011926,4445,4445,2025-10-06 18:13:40,Web,Delivered
ORD000011927,2161,2161,2024-11-08 12:43:33,Web,Shipped
ORD000011928,3102,3102,2024-11-03 20:35:22,Web,Placed
ORD000011929,2324,2324,2024-05-23 13:32:33,Web,Delivered
ORD000011930,3434,3434,2021-11-24 18:51:53,App,Returned
ORD000011931,4822,4822,2024-12-22 07:25:02,App,Shipped
ORD000011932,3508,3508,2025-04-09 14:07:25,App,Delivered
ORD000011933,804,804,2023-02-27 02:50:19,App,Returned
ORD000011934,2070,2070,2023-10-26 11:48:05,App,Returned
ORD000011935,4481,4481,2021-06-02 06:18:04,App,Delivered
ORD000011936,5141,5141,2021-02-24 18:12:48,Web,Delivered
ORD000011937,5808,5808,2023-06-20 17:01:25,App,Delivered
ORD000011938,491,491,2022-09-11 00:44:30,App,Delivered
ORD000011939,5587,5587,2022-01-09 17:13:49,App,Delivered
ORD000011940,1480,1480,2021-12-16 08:25:45,App,Delivered
ORD000011941,2936,2936,2023-04-07 05:58:20,App,Delivered
ORD000011942,1704,1704,2025-07-26 03:43:37,App,Delivered
ORD000011943,4317,4317,2022-08-27 05:44:45,Web,Delivered
ORD000011944,3666,3666,2022-02-09 00:41:18,App,Delivered
ORD000011945,2013,2013,2021-07-14 22:25:25,App,Delivered
ORD000011946,4687,4687,2024-02-07 07:13:50,Web,Delivered
ORD000011947,5618,5618,2023-12-10 02:11:34,Web,Delivered
ORD000011948,4909,4909,2022-01-02 03:28:06,App,Returned
ORD000011949,3231,3231,2023-01-09 04:25:59,App,Delivered
ORD000011950,143,143,2021-03-08 09:40:52,App,Delivered
ORD000011951,1850,1850,2022-11-10 16:07:36,App,Delivered
ORD000011952,4021,4021,2023-04-10 05:06:07,Web,Delivered
ORD000011953,45,45,2024-07-12 09:26:30,Web,Delivered
ORD000011954,451,451,2022-08-27 11:44:59,Web,Returned
ORD000011955,1260,1260,2023-01-14 13:04:54,App,Delivered
ORD000011956,1004,1004,2021-11-23 18:20:29,Web,Placed
ORD000011957,4778,4778,2025-06-11 02:54:42,Web,Delivered
ORD000011958,5414,5414,2026-01-14 14:52:05,Web,Delivered
ORD000011959,3352,3352,2024-11-16 22:21:41,Web,Delivered
ORD000011960,1997,1997,2021-07-03 07:41:30,Web,Delivered
ORD000011961,3675,3675,2022-07-24 22:28:11,App,Delivered
ORD000011962,3489,3489,2022-09-30 10:07:01,Web,Placed
ORD000011963,4889,4889,2024-11-06 14:55:44,Web,Shipped
ORD000011964,3654,3654,2022-01-28 05:57:02,App,Delivered
ORD000011965,3033,3033,2025-05-25 23:46:28,App,Returned
ORD000011966,1495,1495,2023-03-02 10:40:49,App,Placed
ORD000011967,1073,1073,2023-01-13 00:55:19,Web,Cancelled
ORD000011968,4113,4113,2023-02-22 20:58:16,Web,Delivered
ORD000011969,4245,4245,2023-10-22 15:33:12,App,Delivered
ORD000011970,1579,1579,2022-03-27 20:47:27,Web,Delivered
ORD000011971,1236,1236,2024-01-21 15:20:54,Web,Delivered
ORD000011972,1740,1740,2024-03-09 18:43:12,App,Delivered
ORD000011973,1016,1016,2025-02-08 20:54:47,Web,Delivered
ORD000011974,4813,4813,2023-01-17 09:48:46,App,Returned
ORD000011975,2966,2966,2022-02-10 12:53:22,Web,Shipped
ORD000011976,1560,1560,2024-07-02 06:09:00,Web,Returned
ORD000011977,1569,1569,2021-12-02 18:48:38,App,Delivered
ORD000011978,1987,1987,2025-11-08 04:25:45,App,Cancelled
ORD000011979,1511,1511,2025-08-01 22:32:40,App,Delivered
ORD000011980,4576,4576,2026-01-20 15:26:47,Web,Delivered
ORD000011981,3857,3857,2024-05-03 17:52:21,Web,Delivered
ORD000011982,1712,1712,2021-07-16 06:32:25,Web,Placed
ORD000011983,4140,4140,2023-06-01 14:19:43,App,Delivered
ORD000011984,3528,3528,2022-03-17 05:48:00,Web,Returned
ORD000011985,4971,4971,2021-06-05 13:33:06,App,Delivered
ORD000011986,5820,5820,2023-12-11 03:07:52,App,Delivered
ORD000011987,3869,3869,2025-09-26 18:47:46,App,Placed
ORD000011988,5132,5132,2024-07-22 09:38:15,Web,Delivered
ORD000011989,4452,4452,2024-02-02 06:02:45,Web,Delivered
ORD000011990,4570,4570,2023-04-10 05:20:48,Web,Placed
ORD000011991,3670,3670,2022-08-08 13:02:29,Web,Delivered
ORD000011992,3645,3645,2025-02-09 11:09:43,Web,Delivered
ORD000011993,2161,2161,2022-04-02 04:33:42,App,Delivered
ORD000011994,5936,5936,2023-01-29 15:27:27,App,Delivered
ORD000011995,5740,5740,2021-06-21 04:01:35,Web,Delivered
ORD000011996,1502,1502,2022-09-08 11:44:59,Web,Delivered
ORD000011997,815,815,2023-11-22 12:23:56,Web,Delivered
ORD000011998,5187,5187,2024-06-14 19:58:22,App,Delivered
ORD000011999,4066,4066,2021-04-25 19:22:58,App,Delivered
ORD000012000,3326,3326,2024-10-15 00:39:18,App,Delivered
ORD000012001,4497,4497,2025-08-08 11:01:28,App,Delivered
ORD000012002,1324,1324,2023-12-23 08:51:59,App,Delivered
ORD000012003,5,5,2021-05-07 22:21:37,Web,Delivered
ORD000012004,3518,3518,2023-05-12 18:56:50,Web,Delivered
ORD000012005,1259,1259,2023-10-19 03:08:22,App,Shipped
ORD000012006,2035,2035,2022-09-02 11:19:16,App,Returned
ORD000012007,5967,5967,2025-01-19 15:43:58,App,Delivered
ORD000012008,200,200,2021-05-25 02:08:18,App,Delivered
ORD000012009,1706,1706,2022-06-16 14:33:35,App,Placed
ORD000012010,3942,3942,2025-11-01 20:05:45,Web,Delivered
ORD000012011,3932,3932,2021-05-18 21:04:10,Web,Placed
ORD000012012,2069,2069,2024-09-14 15:07:45,App,Returned
ORD000012013,3759,3759,2023-06-19 05:09:08,Web,Returned
ORD000012014,3146,3146,2021-12-20 18:34:10,App,Delivered
ORD000012015,2844,2844,2022-12-21 12:34:20,Web,Delivered
ORD000012016,2197,2197,2024-01-28 01:03:30,App,Delivered
ORD000012017,625,625,2025-01-14 07:56:28,App,Shipped
ORD000012018,2134,2134,2022-03-08 06:18:51,Web,Cancelled
ORD000012019,5222,5222,2022-02-04 17:41:24,App,Placed
ORD000012020,2579,2579,2025-10-07 10:32:50,App,Delivered
ORD000012021,5748,5748,2025-06-04 17:13:02,Web,Delivered
ORD000012022,692,692,2022-01-11 19:51:54,App,Cancelled
ORD000012023,2598,2598,2021-02-18 19:40:47,App,Delivered
ORD000012024,814,814,2023-09-03 22:27:49,Web,Delivered
ORD000012025,1628,1628,2023-08-04 03:03:13,Web,Shipped
ORD000012026,4617,4617,2024-03-09 05:24:30,App,Delivered
ORD000012027,3593,3593,2024-02-03 19:18:15,App,Delivered
ORD000012028,2581,2581,2021-11-27 11:06:23,App,Placed
ORD000012029,3933,3933,2024-02-24 06:31:31,Web,Delivered
ORD000012030,296,296,2022-05-06 04:17:24,App,Shipped
ORD000012031,3252,3252,2021-05-25 08:25:33,App,Delivered
ORD000012032,1155,1155,2024-04-26 15:21:28,App,Delivered
ORD000012033,3981,3981,2021-02-17 11:40:37,App,Delivered
ORD000012034,533,533,2021-12-30 03:30:48,App,Delivered
ORD000012035,5128,5128,2025-08-16 20:59:44,Web,Delivered
ORD000012036,888,888,2023-07-19 13:09:34,App,Delivered
ORD000012037,3273,3273,2024-01-22 16:47:56,App,Returned
ORD000012038,2926,2926,2021-07-22 16:48:14,Web,Delivered
ORD000012039,2433,2433,2021-04-12 11:12:13,App,Returned
ORD000012040,3598,3598,2025-03-03 02:39:00,Web,Placed
ORD000012041,5526,5526,2025-04-27 11:01:13,App,Placed
ORD000012042,2421,2421,2024-03-09 09:47:28,Web,Placed
ORD000012043,3236,3236,2024-03-19 04:28:53,App,Cancelled
ORD000012044,4619,4619,2025-01-22 22:56:40,Web,Delivered
ORD000012045,835,835,2022-05-05 17:21:34,Web,Delivered
ORD000012046,1378,1378,2022-03-17 04:56:19,Web,Delivered
ORD000012047,3481,3481,2022-04-10 03:15:11,App,Delivered
ORD000012048,4607,4607,2021-05-08 00:33:28,Web,Returned
ORD000012049,212,212,2023-04-09 22:39:46,Web,Delivered
ORD000012050,927,927,2021-09-19 20:55:18,App,Delivered
ORD000012051,2673,2673,2024-11-18 21:24:04,Web,Placed
ORD000012052,4033,4033,2026-02-04 08:25:29,Web,Delivered
ORD000012053,345,345,2024-07-22 13:20:48,App,Delivered
ORD000012054,3083,3083,2025-03-16 04:30:30,App,Delivered
ORD000012055,4432,4432,2024-10-05 05:16:23,Web,Delivered
ORD000012056,5460,5460,2025-08-18 04:50:22,Web,Shipped
ORD000012057,5994,5994,2022-08-29 16:01:09,Web,Delivered
ORD000012058,1702,1702,2022-04-29 09:37:04,App,Delivered
ORD000012059,4701,4701,2024-04-15 08:15:02,App,Delivered
ORD000012060,3847,3847,2025-06-07 01:32:45,App,Shipped
ORD000012061,4017,4017,2024-06-09 06:01:25,App,Delivered
ORD000012062,296,296,2023-09-02 00:54:11,Store,Returned
ORD000012063,2749,2749,2023-12-07 05:48:34,App,Delivered
ORD000012064,4484,4484,2023-04-05 12:13:52,Web,Delivered
ORD000012065,5922,5922,2021-12-07 11:40:49,Web,Cancelled
ORD000012066,1497,1497,2021-06-02 13:04:47,App,Delivered
ORD000012067,3080,3080,2024-03-27 19:09:21,Web,Delivered
ORD000012068,1568,1568,2022-10-15 16:11:14,App,Delivered
ORD000012069,5451,5451,2022-06-23 10:48:13,Web,Delivered
ORD000012070,1976,1976,2024-05-28 14:26:17,App,Delivered
ORD000012071,4133,4133,2024-10-11 11:57:54,App,Returned
ORD000012072,4279,4279,2021-10-22 19:11:38,App,Placed
ORD000012073,5642,5642,2023-07-22 10:21:52,App,Shipped
ORD000012074,4166,4166,2024-07-22 00:56:18,App,Shipped
ORD000012075,237,237,2026-01-27 09:19:25,App,Delivered
ORD000012076,464,464,2021-09-14 11:14:46,App,Delivered
ORD000012077,5238,5238,2024-06-15 20:22:14,App,Placed
ORD000012078,4287,4287,2022-02-16 05:15:53,App,Placed
ORD000012079,930,930,2025-03-08 10:37:16,App,Delivered
ORD000012080,1887,1887,2025-04-26 11:55:11,App,Delivered
ORD000012081,3912,3912,2022-03-01 19:25:48,App,Delivered
ORD000012082,4413,4413,2024-01-02 17:34:56,App,Shipped
ORD000012083,718,718,2022-09-30 01:43:04,Web,Placed
ORD000012084,658,658,2024-03-15 05:18:03,App,Cancelled
ORD000012085,1213,1213,2022-03-16 20:19:23,App,Delivered
ORD000012086,3822,3822,2022-08-04 06:39:55,Web,Returned
ORD000012087,4053,4053,2023-12-01 22:08:53,Web,Delivered
ORD000012088,2271,2271,2026-01-05 08:42:19,App,Delivered
ORD000012089,758,758,2023-09-13 16:06:09,App,Delivered
ORD000012090,5537,5537,2023-06-04 13:02:26,App,Shipped
ORD000012091,3479,3479,2024-11-22 16:36:37,Web,Delivered
ORD000012092,5573,5573,2022-10-03 20:32:54,App,Delivered
ORD000012093,1231,1231,2022-11-21 11:31:32,App,Delivered
ORD000012094,2974,2974,2022-04-13 01:41:10,App,Delivered
ORD000012095,2448,2448,2022-06-30 03:23:19,Store,Delivered
ORD000012096,3259,3259,2024-01-02 07:17:47,App,Delivered
ORD000012097,5480,5480,2023-09-12 21:45:39,Web,Returned
ORD000012098,2013,2013,2026-01-15 22:41:29,Web,Delivered
ORD000012099,3676,3676,2024-03-28 00:07:50,App,Delivered
ORD000012100,5126,5126,2025-01-04 23:06:38,App,Shipped
ORD000012101,5094,5094,2024-07-07 07:14:56,App,Returned
ORD000012102,5593,5593,2022-04-22 01:28:27,App,Delivered
ORD000012103,5724,5724,2023-06-12 14:00:54,App,Returned
ORD000012104,83,83,2024-08-14 03:25:28,App,Shipped
ORD000012105,3763,3763,2025-06-02 22:56:57,Web,Delivered
ORD000012106,1401,1401,2024-02-07 02:39:47,Web,Delivered
ORD000012107,659,659,2025-02-14 09:34:42,Web,Delivered
ORD000012108,5408,5408,2024-09-26 19:02:20,App,Placed
ORD000012109,2873,2873,2025-09-06 17:27:07,Web,Delivered
ORD000012110,5151,5151,2022-05-31 22:34:40,Web,Delivered
ORD000012111,1338,1338,2023-08-22 10:09:59,App,Placed
ORD000012112,5673,5673,2021-11-16 06:22:21,Web,Cancelled
ORD000012113,3225,3225,2022-06-05 12:39:44,Store,Shipped
ORD000012114,5039,5039,2024-07-07 15:55:17,App,Shipped
ORD000012115,694,694,2023-11-25 23:17:13,App,Shipped
ORD000012116,4328,4328,2021-09-05 01:12:55,App,Delivered
ORD000012117,1145,1145,2023-08-30 17:46:00,Web,Placed
ORD000012118,3257,3257,2023-12-08 18:13:07,App,Delivered
ORD000012119,3528,3528,2022-12-01 10:56:06,App,Delivered
ORD000012120,1853,1853,2021-03-27 03:09:41,Web,Delivered
ORD000012121,4484,4484,2024-11-29 06:01:15,Web,Delivered
ORD000012122,2680,2680,2021-12-20 21:05:40,App,Delivered
ORD000012123,864,864,2022-07-02 04:46:25,App,Delivered
ORD000012124,1250,1250,2024-08-23 16:57:07,App,Returned
ORD000012125,5744,5744,2021-08-03 07:04:16,App,Delivered
ORD000012126,1219,1219,2022-05-29 16:00:56,Web,Delivered
ORD000012127,4905,4905,2025-04-08 07:13:43,App,Delivered
ORD000012128,1050,1050,2024-03-04 12:39:00,App,Returned
ORD000012129,2903,2903,2022-09-11 17:12:48,App,Delivered
ORD000012130,4633,4633,2023-04-23 12:55:15,Store,Cancelled
ORD000012131,4807,4807,2021-04-29 13:17:55,App,Delivered
ORD000012132,5384,5384,2023-01-12 08:16:52,App,Delivered
ORD000012133,5635,5635,2025-09-19 20:51:29,App,Delivered
ORD000012134,1495,1495,2025-09-01 21:50:41,Store,Delivered
ORD000012135,2337,2337,2023-04-30 05:52:15,App,Shipped
ORD000012136,368,368,2023-02-18 07:33:27,Web,Delivered
ORD000012137,412,412,2024-01-04 23:16:12,App,Cancelled
ORD000012138,3094,3094,2025-02-08 04:18:51,App,Delivered
ORD000012139,354,354,2025-06-14 16:36:05,Web,Returned
ORD000012140,1566,1566,2022-05-22 16:14:25,Web,Delivered
ORD000012141,5679,5679,2022-03-12 05:50:38,Web,Delivered
ORD000012142,1339,1339,2022-02-14 20:44:08,Store,Delivered
ORD000012143,4878,4878,2022-07-25 01:37:25,Web,Shipped
ORD000012144,329,329,2024-03-23 23:18:15,App,Placed
ORD000012145,1494,1494,2024-11-23 04:11:42,Web,Delivered
ORD000012146,2830,2830,2022-09-25 12:25:35,Web,Delivered
ORD000012147,1487,1487,2023-04-27 11:25:20,App,Delivered
ORD000012148,3736,3736,2023-07-13 19:22:43,Web,Placed
ORD000012149,738,738,2022-06-23 10:56:15,App,Delivered
ORD000012150,5368,5368,2024-03-04 20:53:58,App,Delivered
ORD000012151,3889,3889,2023-06-29 09:02:14,App,Delivered
ORD000012152,5291,5291,2023-08-03 07:52:39,App,Placed
ORD000012153,4844,4844,2024-05-25 01:18:48,App,Delivered
ORD000012154,1795,1795,2023-04-26 15:13:12,App,Delivered
ORD000012155,1303,1303,2021-05-04 04:19:25,App,Delivered
ORD000012156,2669,2669,2022-03-13 11:15:11,App,Delivered
ORD000012157,4239,4239,2024-05-27 02:15:10,App,Delivered
ORD000012158,3883,3883,2022-07-06 08:04:04,App,Returned
ORD000012159,5072,5072,2022-05-18 19:43:21,Web,Delivered
ORD000012160,4167,4167,2021-02-26 06:43:21,Web,Delivered
ORD000012161,638,638,2024-10-04 04:37:14,App,Shipped
ORD000012162,4563,4563,2022-03-27 13:06:32,Web,Delivered
ORD000012163,2642,2642,2021-05-08 15:02:53,Web,Shipped
ORD000012164,41,41,2022-10-08 20:26:25,Web,Shipped
ORD000012165,3986,3986,2026-01-27 14:54:02,App,Delivered
ORD000012166,2947,2947,2023-09-20 17:26:10,App,Delivered
ORD000012167,771,771,2022-02-04 09:03:45,App,Shipped
ORD000012168,5264,5264,2025-10-20 18:34:32,App,Delivered
ORD000012169,5803,5803,2021-06-02 09:26:59,App,Placed
ORD000012170,4375,4375,2023-07-25 15:47:14,Web,Delivered
ORD000012171,3017,3017,2023-05-07 05:17:01,App,Returned
ORD000012172,3711,3711,2023-10-15 16:43:53,App,Delivered
ORD000012173,58,58,2022-01-18 22:28:42,App,Shipped
ORD000012174,4264,4264,2022-01-13 18:30:39,App,Delivered
ORD000012175,1654,1654,2025-12-07 07:19:17,Web,Delivered
ORD000012176,3238,3238,2022-04-25 10:01:22,Web,Delivered
ORD000012177,82,82,2025-02-01 04:55:55,App,Delivered
ORD000012178,5990,5990,2023-07-27 05:02:17,App,Shipped
ORD000012179,4230,4230,2025-12-19 18:02:57,App,Placed
ORD000012180,1509,1509,2022-06-03 07:06:52,Web,Delivered
ORD000012181,5166,5166,2024-02-14 18:41:30,App,Delivered
ORD000012182,262,262,2023-07-30 02:15:23,Web,Delivered
ORD000012183,3707,3707,2025-03-09 11:03:04,App,Delivered
ORD000012184,4115,4115,2021-06-16 06:54:35,Store,Delivered
ORD000012185,2318,2318,2023-08-11 07:18:29,App,Delivered
ORD000012186,4673,4673,2021-06-18 04:54:51,Web,Delivered
ORD000012187,3803,3803,2024-01-24 12:27:02,App,Delivered
ORD000012188,2912,2912,2024-07-04 15:51:39,App,Delivered
ORD000012189,669,669,2025-08-26 17:19:19,Web,Delivered
ORD000012190,5785,5785,2022-12-14 18:31:07,Web,Shipped
ORD000012191,1271,1271,2023-09-04 06:33:33,App,Delivered
ORD000012192,1735,1735,2024-03-24 02:59:37,App,Delivered
ORD000012193,3815,3815,2022-03-07 11:20:46,Web,Delivered
ORD000012194,5422,5422,2023-08-26 07:29:33,Web,Delivered
ORD000012195,4020,4020,2021-12-01 00:52:19,Store,Delivered
ORD000012196,4716,4716,2024-07-18 14:26:13,Web,Delivered
ORD000012197,3858,3858,2025-04-19 01:10:47,App,Placed
ORD000012198,1900,1900,2022-09-08 14:54:26,Web,Placed
ORD000012199,5098,5098,2022-08-14 16:00:46,App,Shipped
ORD000012200,2232,2232,2025-02-10 13:11:58,App,Returned
ORD000012201,441,441,2025-12-07 00:42:00,App,Delivered
ORD000012202,581,581,2025-06-19 23:16:27,Web,Delivered
ORD000012203,3322,3322,2023-02-19 04:37:09,Web,Delivered
ORD000012204,376,376,2024-07-06 11:14:01,App,Placed
ORD000012205,5578,5578,2022-05-01 21:53:35,Web,Placed
ORD000012206,3802,3802,2021-06-19 15:24:46,Web,Placed
ORD000012207,1808,1808,2021-09-29 16:56:42,Web,Delivered
ORD000012208,729,729,2025-03-15 11:19:17,Web,Returned
ORD000012209,5990,5990,2022-02-20 02:16:52,App,Delivered
ORD000012210,2438,2438,2025-07-08 14:45:41,Store,Delivered
ORD000012211,4276,4276,2025-05-25 18:33:32,Web,Shipped
ORD000012212,2424,2424,2022-06-23 03:05:23,App,Cancelled
ORD000012213,2892,2892,2025-01-28 14:13:48,Web,Shipped
ORD000012214,2377,2377,2021-06-02 08:56:46,Store,Delivered
ORD000012215,1969,1969,2022-11-27 00:51:32,App,Delivered
ORD000012216,2248,2248,2022-11-20 10:48:33,App,Delivered
ORD000012217,2744,2744,2024-01-29 12:20:57,Web,Placed
ORD000012218,2857,2857,2024-08-31 20:29:39,App,Delivered
ORD000012219,1760,1760,2021-11-09 12:41:38,Web,Cancelled
ORD000012220,5575,5575,2021-06-23 00:39:25,Web,Placed
ORD000012221,5088,5088,2025-02-01 14:38:22,App,Delivered
ORD000012222,5994,5994,2025-06-27 22:47:42,Web,Delivered
ORD000012223,5560,5560,2026-01-09 00:50:13,App,Shipped
ORD000012224,1913,1913,2024-06-02 16:10:16,App,Returned
ORD000012225,3673,3673,2025-02-12 03:35:37,Web,Delivered
ORD000012226,3809,3809,2021-02-14 14:51:20,Web,Delivered
ORD000012227,1983,1983,2023-04-23 12:15:45,Web,Delivered
ORD000012228,2678,2678,2025-05-09 15:03:07,App,Delivered
ORD000012229,5276,5276,2026-02-04 01:50:10,App,Delivered
ORD000012230,5579,5579,2021-08-25 23:40:16,App,Delivered
ORD000012231,1695,1695,2022-09-23 06:59:54,App,Delivered
ORD000012232,4532,4532,2024-10-21 04:15:50,Web,Delivered
ORD000012233,1738,1738,2023-12-02 12:45:25,App,Delivered
ORD000012234,5698,5698,2023-12-27 23:04:12,Store,Shipped
ORD000012235,46,46,2025-07-22 02:05:34,Web,Delivered
ORD000012236,5892,5892,2021-06-17 14:15:35,App,Shipped
ORD000012237,1942,1942,2025-07-11 01:30:18,Web,Delivered
ORD000012238,4340,4340,2025-05-12 00:36:25,App,Cancelled
ORD000012239,156,156,2024-03-27 05:58:27,Web,Shipped
ORD000012240,3466,3466,2023-08-30 22:02:43,App,Delivered
ORD000012241,962,962,2023-03-21 08:50:54,App,Delivered
ORD000012242,945,945,2023-01-15 22:54:12,Web,Cancelled
ORD000012243,1279,1279,2023-04-18 11:57:57,Web,Delivered
ORD000012244,1386,1386,2022-08-11 02:00:47,App,Delivered
ORD000012245,4055,4055,2023-07-02 09:20:56,Web,Delivered
ORD000012246,3920,3920,2026-01-04 14:14:51,App,Cancelled
ORD000012247,1737,1737,2022-05-08 14:49:07,App,Cancelled
ORD000012248,2867,2867,2024-02-11 01:06:32,App,Delivered
ORD000012249,2425,2425,2023-09-30 23:28:12,Web,Shipped
ORD000012250,4249,4249,2023-01-19 11:08:22,Web,Delivered
ORD000012251,3839,3839,2022-12-15 15:39:58,App,Returned
ORD000012252,2820,2820,2023-05-01 19:50:22,Web,Delivered
ORD000012253,3224,3224,2023-12-27 04:35:41,App,Delivered
ORD000012254,5560,5560,2023-12-09 02:33:49,App,Placed
ORD000012255,2651,2651,2022-01-10 00:39:13,App,Delivered
ORD000012256,240,240,2025-08-01 16:06:24,App,Delivered
ORD000012257,3255,3255,2025-10-28 16:30:52,App,Delivered
ORD000012258,4527,4527,2021-12-28 12:24:12,App,Delivered
ORD000012259,500,500,2022-04-25 15:22:25,App,Cancelled
ORD000012260,3870,3870,2022-01-17 19:08:44,Web,Returned
ORD000012261,4393,4393,2023-12-13 02:57:46,App,Delivered
ORD000012262,2231,2231,2022-04-13 14:28:29,App,Delivered
ORD000012263,5179,5179,2023-03-24 14:13:26,App,Delivered
ORD000012264,3629,3629,2025-06-10 03:22:47,Web,Delivered
ORD000012265,1430,1430,2024-05-04 11:57:51,Web,Delivered
ORD000012266,527,527,2023-03-14 05:26:30,App,Delivered
ORD000012267,5852,5852,2024-04-01 06:06:08,Web,Returned
ORD000012268,1809,1809,2025-11-06 13:04:25,App,Delivered
ORD000012269,1211,1211,2025-01-05 07:36:21,App,Returned
ORD000012270,3948,3948,2025-05-27 02:13:19,Web,Delivered
ORD000012271,1049,1049,2024-11-29 21:09:13,App,Delivered
ORD000012272,4395,4395,2022-10-10 15:19:31,App,Shipped
ORD000012273,4669,4669,2022-10-16 05:54:24,App,Placed
ORD000012274,1155,1155,2025-09-04 15:58:38,Store,Placed
ORD000012275,5881,5881,2022-09-04 09:48:37,Web,Returned
ORD000012276,676,676,2023-04-10 20:31:40,App,Placed
ORD000012277,3039,3039,2024-10-25 06:31:52,App,Delivered
ORD000012278,3279,3279,2025-02-16 04:25:29,App,Delivered
ORD000012279,2286,2286,2025-08-06 14:47:30,App,Delivered
ORD000012280,2240,2240,2023-06-17 10:18:51,Web,Delivered
ORD000012281,1052,1052,2023-01-14 13:18:08,App,Delivered
ORD000012282,3179,3179,2024-08-24 03:53:10,App,Delivered
ORD000012283,3295,3295,2022-07-28 18:27:05,App,Shipped
ORD000012284,5500,5500,2022-08-11 08:59:27,Web,Shipped
ORD000012285,429,429,2021-07-16 14:47:43,Web,Shipped
ORD000012286,2132,2132,2022-07-13 07:10:28,App,Shipped
ORD000012287,498,498,2023-12-11 23:52:18,App,Delivered
ORD000012288,2285,2285,2025-06-06 06:52:12,App,Delivered
ORD000012289,3867,3867,2024-07-05 10:03:42,Web,Delivered
ORD000012290,851,851,2025-03-27 13:42:39,App,Delivered
ORD000012291,2660,2660,2025-07-04 19:26:30,Web,Delivered
ORD000012292,2892,2892,2024-05-06 18:33:33,App,Delivered
ORD000012293,1059,1059,2022-03-02 02:37:22,App,Delivered
ORD000012294,5040,5040,2024-08-03 05:13:23,App,Delivered
ORD000012295,2145,2145,2025-11-05 03:45:29,App,Delivered
ORD000012296,3305,3305,2023-06-26 16:54:05,Web,Delivered
ORD000012297,2573,2573,2022-12-18 07:13:24,Web,Placed
ORD000012298,1782,1782,2022-11-25 10:15:22,Web,Cancelled
ORD000012299,5022,5022,2021-11-19 20:12:03,App,Placed
ORD000012300,489,489,2024-09-02 14:40:52,Web,Delivered
ORD000012301,404,404,2022-02-24 20:55:46,Web,Delivered
ORD000012302,4870,4870,2023-05-29 08:36:03,Web,Placed
ORD000012303,5343,5343,2023-10-31 13:46:42,App,Delivered
ORD000012304,403,403,2025-09-06 13:44:22,App,Delivered
ORD000012305,3658,3658,2025-10-01 21:38:53,App,Shipped
ORD000012306,1802,1802,2025-04-30 17:51:51,App,Placed
ORD000012307,184,184,2021-09-13 19:46:29,Web,Returned
ORD000012308,4991,4991,2022-04-16 07:52:15,App,Placed
ORD000012309,3640,3640,2024-10-12 23:29:42,App,Shipped
ORD000012310,5689,5689,2023-01-26 13:29:34,App,Delivered
ORD000012311,1517,1517,2023-04-09 00:57:37,App,Delivered
ORD000012312,4157,4157,2025-07-23 07:48:50,Store,Shipped
ORD000012313,1709,1709,2024-12-07 13:00:14,App,Delivered
ORD000012314,5086,5086,2023-08-24 21:05:11,App,Returned
ORD000012315,3694,3694,2024-02-28 21:23:15,App,Delivered
ORD000012316,1948,1948,2021-03-29 04:12:14,App,Delivered
ORD000012317,4242,4242,2025-05-27 15:49:10,Web,Returned
ORD000012318,1550,1550,2021-07-02 10:55:08,App,Cancelled
ORD000012319,4279,4279,2024-09-09 23:27:17,App,Delivered
ORD000012320,4411,4411,2024-06-13 17:23:37,App,Delivered
ORD000012321,3949,3949,2023-11-08 03:14:25,App,Delivered
ORD000012322,4755,4755,2025-08-08 16:40:43,App,Placed
ORD000012323,2792,2792,2022-01-25 18:46:25,App,Placed
ORD000012324,996,996,2022-06-11 10:04:25,App,Delivered
ORD000012325,2857,2857,2024-01-29 21:07:18,Web,Delivered
ORD000012326,652,652,2022-11-25 18:23:42,Web,Shipped
ORD000012327,5780,5780,2023-05-09 23:48:41,Web,Cancelled
ORD000012328,893,893,2022-07-23 06:53:26,Web,Delivered
ORD000012329,2837,2837,2021-05-25 09:36:14,App,Delivered
ORD000012330,2003,2003,2025-04-09 21:56:05,Web,Delivered
ORD000012331,1065,1065,2023-09-13 11:15:05,App,Placed
ORD000012332,2431,2431,2025-08-10 17:10:56,Web,Returned
ORD000012333,169,169,2022-02-14 09:58:26,App,Delivered
ORD000012334,171,171,2022-05-18 11:55:27,Store,Shipped
ORD000012335,3690,3690,2021-09-15 14:01:36,Web,Delivered
ORD000012336,739,739,2023-01-17 12:31:31,App,Delivered
ORD000012337,3528,3528,2023-02-04 17:37:46,Web,Delivered
ORD000012338,3563,3563,2024-04-20 01:40:32,Web,Delivered
ORD000012339,1318,1318,2022-04-05 19:56:49,Web,Delivered
ORD000012340,1288,1288,2023-03-01 07:22:08,Web,Returned
ORD000012341,2295,2295,2022-12-01 07:57:16,App,Returned
ORD000012342,4244,4244,2021-05-24 02:27:07,App,Returned
ORD000012343,4037,4037,2023-10-15 19:03:33,App,Shipped
ORD000012344,4537,4537,2021-09-06 10:42:50,App,Returned
ORD000012345,4458,4458,2023-04-21 00:10:11,Web,Delivered
ORD000012346,2270,2270,2022-10-01 01:04:10,App,Delivered
ORD000012347,658,658,2024-05-10 04:48:04,App,Cancelled
ORD000012348,4204,4204,2022-05-14 10:44:45,App,Placed
ORD000012349,5335,5335,2021-05-01 10:01:08,App,Shipped
ORD000012350,3202,3202,2024-07-08 18:27:35,App,Delivered
ORD000012351,576,576,2024-11-18 16:09:30,App,Delivered
ORD000012352,300,300,2021-03-04 09:31:33,Web,Delivered
ORD000012353,3507,3507,2025-10-21 20:10:42,Web,Placed
ORD000012354,1893,1893,2024-10-24 19:59:56,App,Returned
ORD000012355,5482,5482,2024-08-18 04:19:49,App,Delivered
ORD000012356,224,224,2021-11-20 17:11:02,App,Cancelled
ORD000012357,3649,3649,2025-01-16 22:01:53,Web,Delivered
ORD000012358,5494,5494,2021-10-18 22:24:02,App,Returned
ORD000012359,2742,2742,2025-07-25 07:54:13,Web,Delivered
ORD000012360,5228,5228,2025-05-01 19:14:55,App,Delivered
ORD000012361,5471,5471,2022-03-30 02:14:36,Web,Delivered
ORD000012362,5512,5512,2023-01-19 21:17:11,Store,Returned
ORD000012363,1859,1859,2021-12-24 06:55:36,Web,Delivered
ORD000012364,3695,3695,2025-07-09 15:24:42,App,Delivered
ORD000012365,2298,2298,2024-05-04 19:49:18,Web,Delivered
ORD000012366,4337,4337,2023-04-03 17:04:42,Web,Delivered
ORD000012367,2865,2865,2026-01-31 00:42:16,Web,Returned
ORD000012368,3545,3545,2024-10-11 12:36:57,Web,Delivered
ORD000012369,1700,1700,2021-06-12 04:29:44,App,Placed
ORD000012370,3335,3335,2023-08-06 01:38:28,App,Placed
ORD000012371,2063,2063,2025-05-18 14:50:29,App,Delivered
ORD000012372,665,665,2021-03-04 21:49:02,Web,Delivered
ORD000012373,496,496,2025-01-23 06:37:32,Web,Delivered
ORD000012374,1465,1465,2025-05-01 01:10:08,App,Delivered
ORD000012375,4646,4646,2022-07-22 03:55:15,App,Delivered
ORD000012376,2085,2085,2022-08-01 23:57:49,App,Placed
ORD000012377,3706,3706,2025-10-20 08:06:20,App,Delivered
ORD000012378,5904,5904,2025-03-30 09:25:20,Store,Shipped
ORD000012379,5295,5295,2025-08-15 04:30:24,Web,Returned
ORD000012380,436,436,2021-03-04 21:43:18,Store,Shipped
ORD000012381,2341,2341,2025-06-05 02:32:46,Web,Placed
ORD000012382,4397,4397,2021-06-19 20:59:12,App,Delivered
ORD000012383,1698,1698,2022-01-15 01:56:38,App,Delivered
ORD000012384,5459,5459,2025-08-14 15:41:45,Web,Returned
ORD000012385,4012,4012,2024-05-06 07:34:22,App,Delivered
ORD000012386,1047,1047,2022-01-17 13:28:31,Web,Placed
ORD000012387,2398,2398,2022-05-13 14:41:32,App,Returned
ORD000012388,1090,1090,2024-01-08 08:07:26,Web,Delivered
ORD000012389,1419,1419,2024-10-21 16:57:18,App,Returned
ORD000012390,3022,3022,2023-04-29 12:39:23,App,Delivered
ORD000012391,3049,3049,2023-09-12 08:30:50,Web,Placed
ORD000012392,570,570,2022-01-26 09:22:42,App,Delivered
ORD000012393,29,29,2025-03-23 05:14:20,Web,Shipped
ORD000012394,3155,3155,2024-10-20 09:43:08,App,Shipped
ORD000012395,3507,3507,2025-01-28 21:12:54,Store,Returned
ORD000012396,641,641,2021-05-14 10:25:38,Web,Returned
ORD000012397,3205,3205,2022-05-15 10:13:07,Web,Returned
ORD000012398,4211,4211,2025-07-06 09:09:01,App,Delivered
ORD000012399,5198,5198,2025-10-10 03:10:48,App,Delivered
ORD000012400,4776,4776,2022-04-24 15:20:40,Web,Shipped
ORD000012401,4177,4177,2024-08-08 21:19:08,App,Delivered
ORD000012402,1986,1986,2021-12-30 21:43:06,Web,Delivered
ORD000012403,2655,2655,2024-01-06 00:01:37,Web,Delivered
ORD000012404,4817,4817,2022-03-21 03:29:19,App,Delivered
ORD000012405,4032,4032,2024-01-29 01:31:19,App,Cancelled
ORD000012406,4168,4168,2025-05-06 15:07:01,App,Returned
ORD000012407,2030,2030,2025-08-09 19:26:37,Web,Cancelled
ORD000012408,474,474,2021-10-21 23:13:29,App,Delivered
ORD000012409,5117,5117,2025-03-01 21:13:21,App,Returned
ORD000012410,171,171,2022-01-28 03:17:13,Web,Returned
ORD000012411,2088,2088,2021-02-28 22:31:48,App,Delivered
ORD000012412,3245,3245,2025-01-15 16:12:54,App,Delivered
ORD000012413,2472,2472,2024-11-27 05:28:56,Web,Placed
ORD000012414,5976,5976,2021-03-07 04:50:38,App,Returned
ORD000012415,1246,1246,2023-12-29 02:26:29,Web,Placed
ORD000012416,798,798,2021-04-29 06:34:29,App,Delivered
ORD000012417,3747,3747,2025-02-18 02:31:22,Web,Delivered
ORD000012418,2498,2498,2023-01-12 02:32:42,App,Cancelled
ORD000012419,5548,5548,2025-07-31 00:48:28,App,Delivered
ORD000012420,5568,5568,2021-03-10 16:26:09,App,Delivered
ORD000012421,4741,4741,2021-08-26 20:08:25,Web,Delivered
ORD000012422,322,322,2021-04-22 17:08:00,App,Placed
ORD000012423,3935,3935,2024-05-12 01:25:03,Web,Returned
ORD000012424,3896,3896,2025-02-25 14:52:43,App,Delivered
ORD000012425,1069,1069,2023-03-11 19:10:17,App,Shipped
ORD000012426,324,324,2025-12-29 06:28:13,Web,Delivered
ORD000012427,3333,3333,2024-02-23 22:31:08,App,Delivered
ORD000012428,5339,5339,2024-12-04 18:36:28,App,Delivered
ORD000012429,2668,2668,2021-07-08 06:32:04,App,Delivered
ORD000012430,2095,2095,2024-08-14 18:30:43,App,Delivered
ORD000012431,645,645,2025-07-05 01:25:06,Web,Delivered
ORD000012432,3845,3845,2021-09-29 14:42:14,App,Delivered
ORD000012433,1712,1712,2026-02-08 22:19:22,Web,Returned
ORD000012434,2681,2681,2024-04-26 21:26:46,Web,Returned
ORD000012435,841,841,2023-06-13 13:14:14,Web,Delivered
ORD000012436,303,303,2021-07-25 06:33:38,Web,Delivered
ORD000012437,3262,3262,2022-05-30 12:34:10,App,Delivered
ORD000012438,4868,4868,2022-12-23 04:32:05,App,Delivered
ORD000012439,3761,3761,2022-05-18 07:10:22,App,Delivered
ORD000012440,5080,5080,2022-06-16 23:35:17,App,Delivered
ORD000012441,2625,2625,2021-10-09 22:47:54,App,Delivered
ORD000012442,4960,4960,2021-12-24 09:47:58,App,Delivered
ORD000012443,336,336,2022-06-21 02:01:40,App,Delivered
ORD000012444,1879,1879,2021-06-04 03:53:38,Web,Delivered
ORD000012445,3292,3292,2023-02-03 18:00:56,Web,Delivered
ORD000012446,1853,1853,2021-04-14 20:26:56,Web,Returned
ORD000012447,4756,4756,2023-12-18 22:03:52,App,Delivered
ORD000012448,2001,2001,2024-02-07 12:27:01,App,Shipped
ORD000012449,4708,4708,2025-04-04 14:01:12,App,Delivered
ORD000012450,5239,5239,2022-09-28 10:21:46,App,Delivered
ORD000012451,5000,5000,2022-10-11 16:54:46,App,Delivered
ORD000012452,2130,2130,2023-08-14 09:48:06,App,Delivered
ORD000012453,5133,5133,2025-03-10 18:05:56,Web,Delivered
ORD000012454,969,969,2025-09-12 09:34:46,App,Delivered
ORD000012455,1957,1957,2021-04-19 10:23:21,App,Returned
ORD000012456,2526,2526,2023-04-10 23:47:15,Web,Placed
ORD000012457,2347,2347,2025-04-28 21:49:25,App,Delivered
ORD000012458,750,750,2026-02-08 09:52:33,App,Delivered
ORD000012459,2744,2744,2021-07-27 02:29:17,App,Delivered
ORD000012460,1300,1300,2024-04-18 22:43:14,Web,Delivered
ORD000012461,304,304,2023-07-31 05:48:33,App,Delivered
ORD000012462,2916,2916,2023-09-16 09:22:39,App,Placed
ORD000012463,5957,5957,2022-10-08 19:33:16,App,Delivered
ORD000012464,4066,4066,2025-12-31 14:43:18,Web,Delivered
ORD000012465,3345,3345,2024-12-31 00:10:28,App,Returned
ORD000012466,36,36,2021-02-22 09:34:04,App,Delivered
ORD000012467,4518,4518,2022-09-14 18:31:33,App,Delivered
ORD000012468,3550,3550,2025-10-11 07:44:30,App,Returned
ORD000012469,5622,5622,2022-11-26 12:34:49,Web,Delivered
ORD000012470,2386,2386,2024-10-26 01:58:01,App,Delivered
ORD000012471,4724,4724,2025-02-15 01:17:47,App,Returned
ORD000012472,1434,1434,2023-03-13 23:54:20,Web,Returned
ORD000012473,4559,4559,2021-05-16 23:46:45,Web,Placed
ORD000012474,81,81,2025-12-30 13:27:38,Web,Shipped
ORD000012475,1503,1503,2024-07-19 08:13:53,Web,Delivered
ORD000012476,5506,5506,2025-08-06 09:22:25,App,Shipped
ORD000012477,4516,4516,2025-10-13 09:30:57,App,Delivered
ORD000012478,3512,3512,2023-11-03 15:09:09,Web,Delivered
ORD000012479,2943,2943,2025-07-28 14:51:55,Store,Delivered
ORD000012480,795,795,2022-02-28 01:48:00,App,Delivered
ORD000012481,1731,1731,2024-02-17 00:17:54,App,Delivered
ORD000012482,184,184,2025-07-03 10:58:36,Web,Cancelled
ORD000012483,4654,4654,2022-10-20 02:01:51,App,Delivered
ORD000012484,1172,1172,2023-10-26 21:06:18,Web,Delivered
ORD000012485,2043,2043,2025-04-03 01:24:45,Web,Delivered
ORD000012486,1288,1288,2021-05-11 02:01:17,Web,Delivered
ORD000012487,3677,3677,2025-04-04 10:48:49,Web,Delivered
ORD000012488,4936,4936,2022-04-14 15:57:41,Web,Delivered
ORD000012489,3561,3561,2022-04-13 09:28:51,App,Delivered
ORD000012490,1883,1883,2025-04-27 20:13:26,App,Delivered
ORD000012491,282,282,2021-07-09 11:43:03,App,Delivered
ORD000012492,4711,4711,2023-01-10 11:13:33,App,Delivered
ORD000012493,2250,2250,2025-05-21 11:33:57,App,Delivered
ORD000012494,4670,4670,2022-02-13 13:36:16,Web,Delivered
ORD000012495,417,417,2023-06-08 04:33:02,Web,Delivered
ORD000012496,317,317,2026-01-05 00:37:59,App,Delivered
ORD000012497,3300,3300,2023-10-23 06:10:50,App,Delivered
ORD000012498,2964,2964,2022-08-31 10:11:28,App,Delivered
ORD000012499,1092,1092,2024-08-07 03:15:06,Web,Delivered
ORD000012500,5079,5079,2025-02-25 13:56:57,App,Delivered
ORD000012501,2845,2845,2025-02-27 06:06:15,App,Returned
ORD000012502,3886,3886,2023-06-07 01:14:21,App,Delivered
ORD000012503,5600,5600,2022-12-28 21:50:08,App,Delivered
ORD000012504,677,677,2025-02-14 03:18:47,Web,Delivered
ORD000012505,1125,1125,2021-10-31 16:29:59,Web,Delivered
ORD000012506,2291,2291,2021-04-26 19:16:37,Web,Placed
ORD000012507,1114,1114,2025-02-05 19:30:02,Web,Delivered
ORD000012508,1973,1973,2021-11-13 11:23:05,Web,Delivered
ORD000012509,2949,2949,2026-01-22 07:01:16,Web,Delivered
ORD000012510,4223,4223,2024-06-02 17:27:35,App,Delivered
ORD000012511,4715,4715,2025-12-24 05:58:35,App,Delivered
ORD000012512,4930,4930,2023-07-05 22:13:49,App,Delivered
ORD000012513,1423,1423,2022-02-21 19:32:06,App,Delivered
ORD000012514,3374,3374,2025-05-08 17:56:50,App,Delivered
ORD000012515,756,756,2021-06-26 14:56:30,App,Cancelled
ORD000012516,3769,3769,2021-04-28 00:10:03,Web,Shipped
ORD000012517,4872,4872,2024-01-18 02:08:00,Web,Cancelled
ORD000012518,5733,5733,2025-05-27 05:39:52,App,Shipped
ORD000012519,3837,3837,2022-02-12 22:24:13,App,Delivered
ORD000012520,3973,3973,2021-07-14 15:26:33,Web,Delivered
ORD000012521,4169,4169,2022-01-21 14:37:01,App,Delivered
ORD000012522,4475,4475,2025-05-23 20:15:31,App,Delivered
ORD000012523,2993,2993,2022-01-02 14:14:50,App,Delivered
ORD000012524,492,492,2025-09-01 08:17:14,Web,Shipped
ORD000012525,684,684,2025-04-14 17:15:16,App,Shipped
ORD000012526,1976,1976,2024-11-20 01:37:45,App,Delivered
ORD000012527,304,304,2026-01-02 22:11:21,App,Delivered
ORD000012528,3998,3998,2025-01-30 01:25:26,App,Delivered
ORD000012529,1953,1953,2021-11-03 09:01:48,App,Delivered
ORD000012530,3570,3570,2024-07-27 05:37:15,Store,Placed
ORD000012531,4005,4005,2022-04-07 22:00:04,App,Delivered
ORD000012532,1261,1261,2021-07-21 14:08:36,App,Shipped
ORD000012533,1031,1031,2022-08-06 19:00:06,App,Returned
ORD000012534,5827,5827,2025-08-24 21:07:05,App,Placed
ORD000012535,4352,4352,2026-01-20 11:14:31,App,Cancelled
ORD000012536,1195,1195,2023-12-26 17:06:41,App,Delivered
ORD000012537,3360,3360,2021-07-20 09:26:24,Web,Delivered
ORD000012538,234,234,2023-04-29 19:15:12,Web,Delivered
ORD000012539,2921,2921,2021-03-14 09:19:40,App,Delivered
ORD000012540,1719,1719,2025-06-02 02:23:12,Web,Delivered
ORD000012541,493,493,2024-08-15 09:52:40,App,Delivered
ORD000012542,3283,3283,2022-08-31 08:24:40,Web,Delivered
ORD000012543,2015,2015,2022-03-21 19:07:18,App,Shipped
ORD000012544,4325,4325,2025-06-05 13:10:22,App,Delivered
ORD000012545,345,345,2024-08-19 14:23:24,App,Cancelled
ORD000012546,5887,5887,2025-09-11 02:07:13,Web,Delivered
ORD000012547,265,265,2022-04-15 19:28:27,App,Returned
ORD000012548,3576,3576,2023-04-20 06:49:24,App,Placed
ORD000012549,4840,4840,2023-02-28 11:09:34,Web,Shipped
ORD000012550,1673,1673,2023-05-31 01:16:32,App,Delivered
ORD000012551,3648,3648,2024-04-24 15:33:26,Web,Delivered
ORD000012552,429,429,2021-05-10 03:10:34,Web,Delivered
ORD000012553,3163,3163,2025-12-24 11:49:11,App,Delivered
ORD000012554,5353,5353,2021-02-14 02:27:42,App,Delivered
ORD000012555,2911,2911,2021-12-01 17:37:54,App,Returned
ORD000012556,454,454,2022-10-09 13:10:42,Web,Delivered
ORD000012557,349,349,2021-03-18 18:45:29,Web,Shipped
ORD000012558,422,422,2025-02-24 00:14:56,Store,Delivered
ORD000012559,2763,2763,2025-01-31 10:52:49,Web,Shipped
ORD000012560,4782,4782,2022-07-03 03:43:24,Web,Delivered
ORD000012561,582,582,2024-01-07 03:23:53,Store,Delivered
ORD000012562,2663,2663,2024-08-23 04:07:36,App,Delivered
ORD000012563,5353,5353,2024-10-22 23:54:06,Web,Delivered
ORD000012564,4259,4259,2025-01-02 11:07:11,App,Shipped
ORD000012565,2352,2352,2021-05-08 03:57:11,App,Shipped
ORD000012566,2367,2367,2025-10-28 12:07:16,App,Delivered
ORD000012567,1030,1030,2023-03-12 02:24:39,Web,Delivered
ORD000012568,1325,1325,2022-02-15 07:37:14,Web,Cancelled
ORD000012569,5978,5978,2024-09-02 10:28:02,Web,Delivered
ORD000012570,101,101,2022-06-22 09:07:36,Web,Delivered
ORD000012571,416,416,2023-11-09 16:31:30,App,Placed
ORD000012572,5060,5060,2023-06-04 20:07:28,App,Delivered
ORD000012573,1384,1384,2024-07-17 13:04:59,Web,Delivered
ORD000012574,5251,5251,2021-09-27 13:08:38,App,Shipped
ORD000012575,2434,2434,2023-10-11 21:55:52,Store,Returned
ORD000012576,1044,1044,2023-08-03 20:26:40,App,Placed
ORD000012577,1747,1747,2023-01-12 16:31:39,App,Delivered
ORD000012578,4492,4492,2023-02-26 06:29:31,App,Delivered
ORD000012579,5565,5565,2025-11-18 20:32:37,Web,Shipped
ORD000012580,4444,4444,2025-01-19 06:37:27,App,Placed
ORD000012581,1289,1289,2025-10-26 11:29:38,Web,Returned
ORD000012582,4861,4861,2024-01-18 00:44:11,Web,Delivered
ORD000012583,4140,4140,2024-10-30 12:11:00,App,Placed
ORD000012584,4171,4171,2021-05-13 01:14:50,Web,Shipped
ORD000012585,4149,4149,2022-12-28 01:19:58,App,Delivered
ORD000012586,3955,3955,2021-06-01 01:26:28,App,Returned
ORD000012587,38,38,2023-04-02 02:23:51,Web,Placed
ORD000012588,766,766,2023-06-24 16:34:14,App,Delivered
ORD000012589,3878,3878,2025-03-09 03:54:06,App,Delivered
ORD000012590,2465,2465,2021-09-20 08:15:34,App,Delivered
ORD000012591,4807,4807,2022-05-03 22:35:21,Web,Returned
ORD000012592,4844,4844,2021-02-27 20:53:27,Web,Placed
ORD000012593,5589,5589,2022-04-12 10:01:35,Web,Delivered
ORD000012594,5175,5175,2024-11-02 11:31:32,Web,Delivered
ORD000012595,2892,2892,2021-09-23 00:14:05,App,Delivered
ORD000012596,116,116,2025-07-04 07:28:00,App,Shipped
ORD000012597,279,279,2024-02-06 02:05:32,App,Cancelled
ORD000012598,454,454,2021-10-17 07:57:48,Web,Delivered
ORD000012599,3214,3214,2024-06-19 16:29:57,App,Shipped
ORD000012600,4704,4704,2023-01-10 04:32:52,App,Placed
ORD000012601,5169,5169,2021-09-24 02:12:50,App,Delivered
ORD000012602,4465,4465,2022-01-24 18:08:34,App,Returned
ORD000012603,4466,4466,2024-09-17 20:19:52,App,Returned
ORD000012604,301,301,2023-02-24 17:35:03,App,Cancelled
ORD000012605,717,717,2025-07-10 12:08:10,App,Delivered
ORD000012606,5067,5067,2023-08-05 14:09:38,App,Returned
ORD000012607,1376,1376,2022-04-13 03:54:17,App,Delivered
ORD000012608,195,195,2022-01-15 07:45:34,Web,Placed
ORD000012609,1329,1329,2022-05-21 19:32:52,Store,Shipped
ORD000012610,4354,4354,2025-04-24 16:55:35,Web,Delivered
ORD000012611,1980,1980,2024-04-28 08:42:45,App,Delivered
ORD000012612,5570,5570,2023-01-15 05:42:46,App,Delivered
ORD000012613,5991,5991,2024-12-15 18:17:51,Web,Delivered
ORD000012614,5692,5692,2022-11-29 15:20:11,App,Placed
ORD000012615,1558,1558,2022-07-09 07:47:19,Web,Delivered
ORD000012616,5977,5977,2023-06-26 14:57:03,App,Delivered
ORD000012617,3125,3125,2026-02-10 00:14:59,App,Cancelled
ORD000012618,4883,4883,2023-07-01 12:37:51,App,Placed
ORD000012619,529,529,2023-11-30 12:46:44,Web,Returned
ORD000012620,498,498,2021-03-03 16:29:36,Web,Placed
ORD000012621,1811,1811,2024-04-20 03:04:34,App,Delivered
ORD000012622,5610,5610,2025-12-02 00:35:10,App,Cancelled
ORD000012623,2846,2846,2025-03-13 17:57:05,App,Delivered
ORD000012624,2126,2126,2024-11-04 02:48:01,App,Cancelled
ORD000012625,320,320,2025-11-29 00:11:56,Web,Returned
ORD000012626,3364,3364,2025-09-19 13:54:06,Store,Shipped
ORD000012627,2570,2570,2023-10-09 21:43:58,Store,Delivered
ORD000012628,3387,3387,2022-08-08 08:52:45,App,Delivered
ORD000012629,4710,4710,2021-11-16 13:24:45,App,Delivered
ORD000012630,4726,4726,2023-03-11 20:48:27,App,Placed
ORD000012631,2717,2717,2025-11-05 11:39:12,Web,Delivered
ORD000012632,3339,3339,2021-05-10 20:01:29,Web,Delivered
ORD000012633,5542,5542,2025-04-17 08:36:07,App,Delivered
ORD000012634,245,245,2023-06-26 07:01:28,App,Delivered
ORD000012635,2720,2720,2022-04-29 03:40:32,App,Delivered
ORD000012636,870,870,2021-05-28 21:56:23,App,Placed
ORD000012637,1460,1460,2023-12-15 00:24:22,App,Delivered
ORD000012638,4110,4110,2022-08-16 13:49:08,App,Returned
ORD000012639,671,671,2024-12-20 21:29:29,App,Delivered
ORD000012640,4737,4737,2025-07-27 08:42:42,App,Delivered
ORD000012641,686,686,2021-11-29 07:26:00,App,Placed
ORD000012642,5028,5028,2024-11-14 09:38:21,Web,Cancelled
ORD000012643,5806,5806,2024-11-16 03:45:30,Web,Delivered
ORD000012644,1975,1975,2023-04-03 07:49:23,Web,Placed
ORD000012645,5028,5028,2022-04-04 17:55:09,Web,Shipped
ORD000012646,1012,1012,2022-10-25 20:14:15,Web,Shipped
ORD000012647,1385,1385,2025-07-16 16:22:50,App,Delivered
ORD000012648,4139,4139,2023-01-13 15:05:47,App,Shipped
ORD000012649,911,911,2022-04-07 09:52:34,Web,Returned
ORD000012650,1318,1318,2026-01-23 17:54:31,Web,Delivered
ORD000012651,5465,5465,2021-11-17 21:52:30,App,Cancelled
ORD000012652,5116,5116,2022-09-10 10:16:26,App,Delivered
ORD000012653,3127,3127,2021-03-04 15:25:17,Web,Placed
ORD000012654,567,567,2025-01-22 04:44:47,App,Delivered
ORD000012655,3918,3918,2025-03-12 00:39:54,Web,Delivered
ORD000012656,1466,1466,2024-10-11 17:37:56,App,Returned
ORD000012657,4203,4203,2025-01-22 21:03:12,Web,Delivered
ORD000012658,5433,5433,2025-06-24 16:38:29,Web,Delivered
ORD000012659,1208,1208,2023-06-03 11:06:35,Web,Delivered
ORD000012660,3571,3571,2024-05-10 06:17:06,App,Delivered
ORD000012661,2466,2466,2024-12-24 08:46:18,App,Placed
ORD000012662,4145,4145,2024-09-02 13:29:09,Web,Returned
ORD000012663,4349,4349,2021-08-15 04:54:01,App,Returned
ORD000012664,3927,3927,2023-08-31 04:05:53,App,Delivered
ORD000012665,3141,3141,2023-11-14 09:28:14,Web,Shipped
ORD000012666,3514,3514,2025-04-23 08:58:07,App,Cancelled
ORD000012667,4011,4011,2022-04-17 22:42:00,App,Delivered
ORD000012668,2878,2878,2024-07-14 17:23:57,Web,Delivered
ORD000012669,1401,1401,2025-09-30 17:05:49,App,Cancelled
ORD000012670,1569,1569,2023-11-29 17:46:29,Web,Delivered
ORD000012671,5652,5652,2022-07-23 04:09:57,App,Returned
ORD000012672,741,741,2021-05-23 16:59:25,App,Returned
ORD000012673,700,700,2022-03-20 23:23:33,App,Delivered
ORD000012674,703,703,2022-09-29 14:21:27,Web,Shipped
ORD000012675,5304,5304,2025-07-08 18:45:31,App,Delivered
ORD000012676,4389,4389,2024-06-12 20:54:28,App,Returned
ORD000012677,956,956,2023-07-26 04:40:57,App,Shipped
ORD000012678,874,874,2021-06-05 12:03:37,App,Delivered
ORD000012679,2409,2409,2021-04-29 05:21:06,App,Placed
ORD000012680,4598,4598,2022-01-26 09:57:51,App,Delivered
ORD000012681,3379,3379,2024-03-23 11:35:50,App,Delivered
ORD000012682,1821,1821,2021-09-08 15:58:40,App,Delivered
ORD000012683,4745,4745,2021-06-08 17:03:47,App,Delivered
ORD000012684,4182,4182,2025-05-22 23:01:56,App,Placed
ORD000012685,4392,4392,2021-04-01 08:33:58,App,Cancelled
ORD000012686,3243,3243,2025-11-16 08:22:21,App,Delivered
ORD000012687,1380,1380,2021-12-30 00:33:48,Store,Shipped
ORD000012688,5580,5580,2024-05-05 07:33:21,Web,Placed
ORD000012689,279,279,2021-07-23 15:37:51,Web,Placed
ORD000012690,4348,4348,2024-02-20 00:27:13,App,Delivered
ORD000012691,1032,1032,2021-12-17 22:07:05,App,Delivered
ORD000012692,4682,4682,2025-11-07 01:05:35,Web,Shipped
ORD000012693,1344,1344,2024-01-26 00:05:15,App,Delivered
ORD000012694,5271,5271,2022-07-18 14:40:06,App,Delivered
ORD000012695,605,605,2025-07-07 00:05:36,App,Returned
ORD000012696,2656,2656,2021-03-12 05:30:34,App,Delivered
ORD000012697,592,592,2025-07-14 09:08:15,Web,Delivered
ORD000012698,5872,5872,2023-05-08 10:16:19,Store,Delivered
ORD000012699,3955,3955,2022-11-16 07:05:08,Web,Delivered
ORD000012700,12,12,2023-10-23 14:26:44,Web,Delivered
ORD000012701,122,122,2022-12-21 06:14:23,App,Delivered
ORD000012702,4521,4521,2025-01-12 16:28:42,Web,Delivered
ORD000012703,2277,2277,2021-10-06 00:44:07,App,Delivered
ORD000012704,2645,2645,2023-08-28 15:45:48,App,Placed
ORD000012705,4074,4074,2024-05-17 15:47:37,Web,Returned
ORD000012706,878,878,2021-07-16 11:09:51,App,Placed
ORD000012707,786,786,2025-04-18 16:41:02,App,Delivered
ORD000012708,2077,2077,2023-12-31 05:56:42,Web,Cancelled
ORD000012709,5672,5672,2022-12-12 03:40:26,App,Delivered
ORD000012710,101,101,2024-10-18 08:32:14,App,Delivered
ORD000012711,376,376,2025-07-01 16:59:43,App,Delivered
ORD000012712,646,646,2022-01-16 17:02:40,App,Delivered
ORD000012713,3383,3383,2023-10-03 14:36:27,App,Delivered
ORD000012714,3512,3512,2021-10-14 17:51:31,App,Placed
ORD000012715,5961,5961,2021-12-18 10:52:36,App,Placed
ORD000012716,2741,2741,2021-09-02 01:22:23,App,Delivered
ORD000012717,3529,3529,2023-05-05 00:37:02,Web,Delivered
ORD000012718,4817,4817,2022-08-11 18:02:34,Web,Delivered
ORD000012719,5720,5720,2022-04-15 01:31:00,App,Shipped
ORD000012720,2024,2024,2021-05-24 08:49:55,App,Delivered
ORD000012721,4567,4567,2021-08-11 01:43:03,App,Placed
ORD000012722,1953,1953,2025-05-11 04:28:36,App,Delivered
ORD000012723,1046,1046,2025-09-13 00:32:55,App,Delivered
ORD000012724,2098,2098,2022-08-28 18:43:28,Web,Delivered
ORD000012725,3823,3823,2023-07-19 16:59:46,App,Delivered
ORD000012726,4822,4822,2022-07-06 23:15:23,App,Returned
ORD000012727,3867,3867,2021-10-26 21:31:22,Web,Delivered
ORD000012728,3632,3632,2022-07-18 11:35:00,App,Delivered
ORD000012729,2015,2015,2023-05-13 17:30:45,App,Delivered
ORD000012730,2350,2350,2023-08-12 03:17:01,Web,Delivered
ORD000012731,3399,3399,2024-01-14 22:56:48,App,Returned
ORD000012732,384,384,2021-06-21 00:14:14,App,Delivered
ORD000012733,5871,5871,2024-04-06 12:59:04,App,Delivered
ORD000012734,2586,2586,2022-09-15 20:13:12,App,Delivered
ORD000012735,703,703,2021-07-11 12:38:22,App,Cancelled
ORD000012736,2097,2097,2022-02-13 13:05:33,Web,Delivered
ORD000012737,319,319,2021-10-21 01:09:52,Web,Delivered
ORD000012738,21,21,2024-12-07 12:24:35,Web,Delivered
ORD000012739,3505,3505,2023-03-30 14:10:21,Web,Delivered
ORD000012740,592,592,2024-04-30 19:48:07,App,Shipped
ORD000012741,4105,4105,2023-08-15 00:28:43,App,Delivered
ORD000012742,2197,2197,2022-02-08 14:45:53,App,Placed
ORD000012743,1461,1461,2022-12-05 03:33:22,Web,Placed
ORD000012744,2547,2547,2022-02-09 14:14:37,Web,Delivered
ORD000012745,1912,1912,2023-05-31 00:39:04,Web,Delivered
ORD000012746,3127,3127,2023-12-20 04:26:03,App,Returned
ORD000012747,4393,4393,2023-05-20 07:09:11,Store,Shipped
ORD000012748,2566,2566,2022-03-21 23:11:19,App,Delivered
ORD000012749,5349,5349,2023-03-13 12:44:42,Web,Delivered
ORD000012750,1271,1271,2024-09-18 08:00:57,App,Delivered
ORD000012751,282,282,2025-11-06 05:46:48,App,Shipped
ORD000012752,2817,2817,2021-04-16 17:36:23,App,Delivered
ORD000012753,4353,4353,2025-05-09 23:40:38,App,Delivered
ORD000012754,5213,5213,2021-09-22 13:42:51,App,Delivered
ORD000012755,1830,1830,2022-06-28 18:16:12,Web,Delivered
ORD000012756,553,553,2022-06-18 15:01:15,Web,Returned
ORD000012757,3740,3740,2025-01-05 23:13:36,Web,Shipped
ORD000012758,2965,2965,2025-02-15 08:54:52,Web,Delivered
ORD000012759,5617,5617,2021-11-01 08:38:21,App,Delivered
ORD000012760,3468,3468,2022-04-01 03:50:40,App,Delivered
ORD000012761,2925,2925,2021-09-17 21:07:53,App,Returned
ORD000012762,2808,2808,2024-07-01 02:57:50,Web,Cancelled
ORD000012763,2920,2920,2021-03-31 00:17:56,App,Cancelled
ORD000012764,3005,3005,2022-08-03 22:20:04,Web,Delivered
ORD000012765,1571,1571,2022-08-13 19:19:36,App,Delivered
ORD000012766,2297,2297,2021-07-07 09:18:49,Web,Delivered
ORD000012767,5963,5963,2025-07-15 03:42:54,App,Placed
ORD000012768,5757,5757,2024-10-15 09:07:06,App,Returned
ORD000012769,2337,2337,2023-07-16 23:03:45,Web,Delivered
ORD000012770,2457,2457,2025-01-11 05:25:51,App,Delivered
ORD000012771,4405,4405,2023-05-29 15:56:13,App,Placed
ORD000012772,61,61,2022-01-10 21:41:44,Web,Delivered
ORD000012773,3576,3576,2026-01-11 14:31:19,App,Delivered
ORD000012774,2829,2829,2023-05-04 09:10:57,App,Delivered
ORD000012775,2575,2575,2023-08-09 02:06:41,App,Shipped
ORD000012776,3383,3383,2022-05-22 08:42:41,Web,Placed
ORD000012777,3765,3765,2025-11-21 04:42:52,App,Returned
ORD000012778,2248,2248,2025-11-21 15:15:52,App,Cancelled
ORD000012779,3425,3425,2025-08-13 10:33:58,Web,Delivered
ORD000012780,1099,1099,2024-07-22 15:41:48,App,Placed
ORD000012781,2804,2804,2025-06-02 11:46:38,Web,Delivered
ORD000012782,5391,5391,2025-12-17 21:38:09,Web,Delivered
ORD000012783,5141,5141,2025-01-03 20:18:09,App,Placed
ORD000012784,3108,3108,2023-02-18 09:41:33,App,Delivered
ORD000012785,198,198,2025-04-30 06:54:14,Web,Delivered
ORD000012786,5273,5273,2025-09-03 06:23:50,App,Returned
ORD000012787,2092,2092,2021-05-17 15:37:28,App,Delivered
ORD000012788,2689,2689,2022-02-11 18:46:58,App,Delivered
ORD000012789,1569,1569,2021-05-31 00:19:59,App,Delivered
ORD000012790,871,871,2025-07-05 13:16:23,App,Delivered
ORD000012791,510,510,2021-10-19 22:52:45,App,Delivered
ORD000012792,2464,2464,2024-04-20 19:12:29,App,Placed
ORD000012793,4034,4034,2021-09-23 16:08:39,App,Delivered
ORD000012794,2457,2457,2022-07-14 02:03:20,Web,Delivered
ORD000012795,4392,4392,2022-05-05 22:37:40,Web,Shipped
ORD000012796,1889,1889,2021-04-17 20:34:39,Web,Placed
ORD000012797,2251,2251,2025-06-26 13:40:48,Web,Placed
ORD000012798,4672,4672,2025-03-11 10:47:33,Web,Delivered
ORD000012799,5011,5011,2022-06-24 21:00:25,Web,Delivered
ORD000012800,985,985,2023-06-18 06:36:57,App,Shipped
ORD000012801,796,796,2021-02-21 04:58:20,App,Delivered
ORD000012802,5855,5855,2023-05-03 20:19:37,App,Delivered
ORD000012803,848,848,2022-10-06 08:14:16,App,Delivered
ORD000012804,1392,1392,2023-11-20 03:26:52,Web,Placed
ORD000012805,5718,5718,2025-12-20 09:46:47,App,Delivered
ORD000012806,2994,2994,2021-02-26 08:53:31,App,Delivered
ORD000012807,4458,4458,2024-05-19 20:13:41,Web,Cancelled
ORD000012808,4572,4572,2023-03-07 21:40:39,Web,Shipped
ORD000012809,4400,4400,2022-04-17 15:10:08,App,Delivered
ORD000012810,2233,2233,2025-05-06 08:22:56,Web,Delivered
ORD000012811,2313,2313,2025-06-18 14:43:38,App,Returned
ORD000012812,1438,1438,2023-01-18 19:41:53,App,Returned
ORD000012813,402,402,2022-07-29 07:03:36,App,Delivered
ORD000012814,2221,2221,2025-04-18 17:53:58,Web,Returned
ORD000012815,5848,5848,2022-07-15 03:38:58,App,Delivered
ORD000012816,878,878,2021-03-27 19:56:45,Web,Shipped
ORD000012817,3155,3155,2022-02-11 02:23:44,App,Delivered
ORD000012818,5710,5710,2023-01-27 15:30:54,Web,Delivered
ORD000012819,5442,5442,2022-11-04 05:53:23,Web,Delivered
ORD000012820,907,907,2024-08-10 03:48:39,Web,Delivered
ORD000012821,4442,4442,2022-01-26 11:07:36,Web,Delivered
ORD000012822,1096,1096,2025-05-19 04:11:10,Web,Delivered
ORD000012823,3523,3523,2026-01-07 14:38:23,App,Cancelled
ORD000012824,1807,1807,2022-02-19 21:41:02,App,Delivered
ORD000012825,5997,5997,2024-09-27 00:25:49,App,Returned
ORD000012826,1677,1677,2021-05-23 08:38:59,Store,Delivered
ORD000012827,208,208,2022-05-13 16:25:41,Web,Delivered
ORD000012828,1366,1366,2021-06-28 13:50:08,Web,Returned
ORD000012829,5153,5153,2021-04-08 06:53:05,App,Delivered
ORD000012830,5502,5502,2022-06-30 22:48:18,Web,Delivered
ORD000012831,1410,1410,2021-07-09 05:27:44,Web,Delivered
ORD000012832,5085,5085,2022-04-18 03:03:38,App,Delivered
ORD000012833,2926,2926,2024-11-26 06:12:57,Web,Delivered
ORD000012834,4258,4258,2021-11-29 21:13:08,App,Cancelled
ORD000012835,2064,2064,2024-03-11 01:23:20,Web,Delivered
ORD000012836,2791,2791,2023-02-05 02:12:06,App,Returned
ORD000012837,246,246,2022-04-25 23:06:34,Web,Delivered
ORD000012838,5166,5166,2021-12-28 08:46:01,App,Delivered
ORD000012839,2603,2603,2021-04-22 07:07:19,App,Shipped
ORD000012840,5168,5168,2022-01-15 15:08:38,Web,Delivered
ORD000012841,5824,5824,2024-12-28 16:13:49,Web,Delivered
ORD000012842,3482,3482,2021-07-09 06:09:47,App,Delivered
ORD000012843,1478,1478,2024-06-12 02:17:27,App,Delivered
ORD000012844,2498,2498,2023-01-07 03:32:19,App,Delivered
ORD000012845,5309,5309,2021-12-06 12:13:46,App,Delivered
ORD000012846,5851,5851,2022-07-20 13:28:21,App,Returned
ORD000012847,1481,1481,2024-04-17 08:31:45,App,Delivered
ORD000012848,1788,1788,2025-02-06 20:01:26,Web,Delivered
ORD000012849,5069,5069,2021-03-29 13:11:16,App,Returned
ORD000012850,1813,1813,2022-01-02 00:55:31,Web,Cancelled
ORD000012851,4212,4212,2022-10-22 07:03:45,App,Shipped
ORD000012852,2924,2924,2023-09-09 16:13:21,Web,Delivered
ORD000012853,2562,2562,2021-06-02 11:24:40,App,Delivered
ORD000012854,2947,2947,2024-07-25 08:15:37,App,Delivered
ORD000012855,4109,4109,2022-04-23 11:26:10,App,Delivered
ORD000012856,2325,2325,2023-09-20 07:49:53,App,Shipped
ORD000012857,5372,5372,2025-08-25 20:43:05,App,Delivered
ORD000012858,916,916,2023-03-22 07:04:08,App,Delivered
ORD000012859,893,893,2024-09-17 18:46:02,App,Delivered
ORD000012860,4313,4313,2021-07-29 04:14:34,App,Delivered
ORD000012861,2797,2797,2024-01-27 17:43:00,Web,Delivered
ORD000012862,4390,4390,2024-05-21 12:26:22,Web,Delivered
ORD000012863,2816,2816,2023-04-23 11:21:52,Web,Delivered
ORD000012864,5286,5286,2021-10-05 14:24:15,App,Delivered
ORD000012865,5263,5263,2021-03-09 23:14:05,App,Delivered
ORD000012866,4594,4594,2023-11-19 01:34:06,Web,Shipped
ORD000012867,977,977,2022-06-22 13:54:33,Web,Returned
ORD000012868,750,750,2022-12-12 14:31:08,App,Delivered
ORD000012869,3556,3556,2025-06-03 22:50:05,App,Shipped
ORD000012870,3169,3169,2023-03-21 23:44:03,Web,Shipped
ORD000012871,4800,4800,2025-07-25 14:26:51,Web,Delivered
ORD000012872,3016,3016,2025-12-22 11:44:59,App,Delivered
ORD000012873,3627,3627,2021-03-13 09:38:08,App,Delivered
ORD000012874,269,269,2024-06-19 00:32:32,Web,Delivered
ORD000012875,3029,3029,2024-12-24 15:52:50,App,Delivered
ORD000012876,5657,5657,2023-04-10 10:44:51,Web,Delivered
ORD000012877,1012,1012,2021-12-07 15:25:14,App,Delivered
ORD000012878,2136,2136,2024-01-01 19:43:41,App,Placed
ORD000012879,5240,5240,2025-09-01 14:06:10,App,Delivered
ORD000012880,1249,1249,2025-12-23 07:11:06,App,Shipped
ORD000012881,3208,3208,2024-12-05 09:53:12,App,Delivered
ORD000012882,763,763,2023-12-30 08:05:55,Web,Delivered
ORD000012883,2972,2972,2024-11-26 17:16:20,App,Delivered
ORD000012884,723,723,2025-07-08 17:13:00,Web,Delivered
ORD000012885,1406,1406,2023-02-11 21:34:24,App,Shipped
ORD000012886,439,439,2024-09-11 21:17:10,App,Delivered
ORD000012887,315,315,2025-12-24 20:36:30,Web,Delivered
ORD000012888,2113,2113,2025-06-12 17:53:14,App,Shipped
ORD000012889,4997,4997,2022-07-15 16:36:38,Web,Shipped
ORD000012890,592,592,2021-09-01 09:33:17,App,Delivered
ORD000012891,5588,5588,2022-12-30 19:40:30,Web,Returned
ORD000012892,4741,4741,2021-08-27 08:21:01,App,Placed
ORD000012893,4291,4291,2022-01-31 13:56:38,Web,Delivered
ORD000012894,5534,5534,2023-03-16 12:28:19,Web,Delivered
ORD000012895,3671,3671,2025-11-03 19:42:41,Web,Delivered
ORD000012896,1910,1910,2022-11-08 22:34:43,App,Placed
ORD000012897,4097,4097,2022-03-19 01:37:04,Web,Delivered
ORD000012898,4464,4464,2022-05-06 16:07:43,App,Returned
ORD000012899,2424,2424,2024-06-19 19:50:48,App,Delivered
ORD000012900,3263,3263,2021-11-26 03:09:25,Web,Delivered
ORD000012901,4386,4386,2024-03-27 13:21:57,App,Placed
ORD000012902,4896,4896,2025-03-05 15:51:00,Web,Delivered
ORD000012903,3271,3271,2024-07-31 12:46:56,App,Shipped
ORD000012904,4331,4331,2024-11-03 04:04:03,App,Delivered
ORD000012905,1254,1254,2025-09-23 05:04:00,Web,Delivered
ORD000012906,3298,3298,2025-01-31 23:42:44,App,Delivered
ORD000012907,1454,1454,2024-12-25 17:44:28,App,Delivered
ORD000012908,196,196,2022-09-25 00:35:47,App,Delivered
ORD000012909,5587,5587,2022-08-20 15:38:08,Web,Returned
ORD000012910,790,790,2022-11-16 03:03:35,App,Cancelled
ORD000012911,2205,2205,2025-08-07 07:51:41,Web,Returned
ORD000012912,3068,3068,2024-11-01 13:18:15,App,Cancelled
ORD000012913,3554,3554,2022-11-11 23:24:47,Web,Delivered
ORD000012914,4450,4450,2025-09-19 23:32:00,App,Cancelled
ORD000012915,813,813,2021-07-25 03:06:00,Web,Delivered
ORD000012916,5805,5805,2025-04-20 13:11:33,App,Delivered
ORD000012917,4931,4931,2023-01-23 03:48:16,App,Shipped
ORD000012918,2581,2581,2024-11-14 00:48:54,App,Shipped
ORD000012919,1532,1532,2023-05-11 16:30:24,Web,Shipped
ORD000012920,405,405,2023-09-10 20:36:14,App,Shipped
ORD000012921,2748,2748,2025-06-09 20:59:35,Web,Delivered
ORD000012922,2845,2845,2025-10-03 22:32:10,Web,Delivered
ORD000012923,2337,2337,2021-03-15 06:29:59,Web,Placed
ORD000012924,5822,5822,2021-05-05 01:32:27,App,Delivered
ORD000012925,90,90,2023-08-15 21:57:04,App,Delivered
ORD000012926,1406,1406,2023-01-28 15:40:57,App,Placed
ORD000012927,5063,5063,2025-05-20 16:02:15,App,Delivered
ORD000012928,5421,5421,2022-11-05 23:55:23,App,Placed
ORD000012929,5562,5562,2021-09-19 05:29:39,App,Delivered
ORD000012930,3574,3574,2021-09-27 10:13:40,App,Delivered
ORD000012931,1618,1618,2021-09-16 21:35:25,Web,Delivered
ORD000012932,5505,5505,2024-07-02 16:38:36,App,Delivered
ORD000012933,3595,3595,2025-02-14 11:04:25,App,Placed
ORD000012934,1526,1526,2026-01-28 16:49:06,App,Delivered
ORD000012935,5369,5369,2025-09-18 00:56:51,App,Delivered
ORD000012936,1696,1696,2024-02-11 02:16:53,Web,Delivered
ORD000012937,3691,3691,2021-10-24 19:49:13,App,Placed
ORD000012938,4042,4042,2025-05-15 13:50:57,Web,Returned
ORD000012939,3163,3163,2023-10-31 19:06:15,Web,Delivered
ORD000012940,753,753,2023-07-23 11:13:27,Web,Returned
ORD000012941,716,716,2024-11-24 16:57:40,Web,Delivered
ORD000012942,2442,2442,2022-03-18 02:33:51,Web,Delivered
ORD000012943,3430,3430,2021-06-09 23:34:38,App,Shipped
ORD000012944,5269,5269,2024-07-08 04:11:30,Web,Cancelled
ORD000012945,475,475,2024-04-06 07:46:20,Web,Placed
ORD000012946,2822,2822,2025-01-23 05:44:42,Web,Returned
ORD000012947,1652,1652,2024-01-30 12:19:27,App,Delivered
ORD000012948,2118,2118,2025-07-07 04:46:09,App,Shipped
ORD000012949,4799,4799,2023-07-11 12:32:24,App,Delivered
ORD000012950,3761,3761,2024-11-09 12:25:18,Store,Cancelled
ORD000012951,2088,2088,2024-02-15 08:12:21,App,Delivered
ORD000012952,2902,2902,2025-09-14 18:20:51,App,Placed
ORD000012953,3101,3101,2021-07-19 12:29:40,App,Cancelled
ORD000012954,3593,3593,2024-05-03 09:58:17,Web,Delivered
ORD000012955,4373,4373,2025-05-31 21:40:36,Web,Placed
ORD000012956,5408,5408,2021-04-27 12:32:10,App,Returned
ORD000012957,3656,3656,2023-10-16 18:08:57,Web,Delivered
ORD000012958,183,183,2022-04-11 11:39:31,App,Delivered
ORD000012959,5035,5035,2025-07-21 21:50:59,Web,Delivered
ORD000012960,1623,1623,2023-06-11 23:11:21,Web,Delivered
ORD000012961,84,84,2024-08-09 02:01:38,Web,Delivered
ORD000012962,86,86,2022-07-16 10:50:31,App,Delivered
ORD000012963,1743,1743,2023-12-21 13:00:37,Web,Shipped
ORD000012964,1311,1311,2022-12-09 20:25:08,App,Shipped
ORD000012965,941,941,2021-04-09 17:40:53,App,Delivered
ORD000012966,1037,1037,2023-07-25 09:38:46,Web,Cancelled
ORD000012967,1401,1401,2021-06-24 19:26:36,App,Cancelled
ORD000012968,3481,3481,2024-03-01 02:11:53,App,Delivered
ORD000012969,4821,4821,2021-05-15 22:12:59,App,Delivered
ORD000012970,3012,3012,2021-12-14 02:38:33,App,Delivered
ORD000012971,5750,5750,2023-02-20 22:45:30,App,Delivered
ORD000012972,4714,4714,2022-07-15 17:16:21,App,Delivered
ORD000012973,3904,3904,2021-04-04 03:42:29,Store,Delivered
ORD000012974,725,725,2023-03-03 15:19:47,App,Delivered
ORD000012975,188,188,2022-08-13 04:24:57,App,Delivered
ORD000012976,5896,5896,2022-11-16 22:34:39,Web,Returned
ORD000012977,4831,4831,2023-11-12 13:28:05,Web,Delivered
ORD000012978,2773,2773,2025-07-23 12:27:55,Store,Shipped
ORD000012979,4613,4613,2024-04-17 14:11:02,Web,Delivered
ORD000012980,2581,2581,2022-11-26 22:28:40,Web,Delivered
ORD000012981,3701,3701,2023-02-10 20:01:58,App,Delivered
ORD000012982,2940,2940,2022-04-10 07:09:38,App,Cancelled
ORD000012983,1139,1139,2025-05-10 02:01:13,App,Returned
ORD000012984,204,204,2025-05-31 16:05:45,App,Delivered
ORD000012985,3381,3381,2024-02-23 03:20:45,App,Delivered
ORD000012986,1346,1346,2022-07-18 02:46:28,App,Shipped
ORD000012987,361,361,2023-07-10 06:00:38,App,Delivered
ORD000012988,5246,5246,2021-08-12 18:18:27,App,Delivered
ORD000012989,1144,1144,2023-05-22 22:03:10,App,Placed
ORD000012990,214,214,2025-08-02 18:53:30,App,Shipped
ORD000012991,1849,1849,2024-03-20 14:25:23,Web,Delivered
ORD000012992,3383,3383,2025-09-15 20:24:24,Web,Delivered
ORD000012993,642,642,2025-12-27 05:39:46,Web,Delivered
ORD000012994,606,606,2024-05-12 19:27:46,App,Delivered
ORD000012995,366,366,2025-05-05 21:48:13,App,Delivered
ORD000012996,1229,1229,2023-10-01 16:23:06,Web,Cancelled
ORD000012997,899,899,2022-01-25 20:28:06,App,Shipped
ORD000012998,4283,4283,2022-09-27 15:58:03,App,Returned
ORD000012999,2772,2772,2023-07-05 15:20:43,Web,Delivered
ORD000013000,3065,3065,2023-07-07 02:59:45,Web,Delivered
ORD000013001,2751,2751,2025-10-29 23:36:57,Web,Delivered
ORD000013002,5381,5381,2024-03-25 14:01:24,Web,Delivered
ORD000013003,90,90,2022-01-25 01:21:18,Web,Delivered
ORD000013004,989,989,2024-02-07 05:34:33,Web,Delivered
ORD000013005,2441,2441,2021-03-28 01:31:18,App,Delivered
ORD000013006,5270,5270,2023-11-26 07:40:23,App,Delivered
ORD000013007,5564,5564,2022-09-05 07:29:16,App,Delivered
ORD000013008,3212,3212,2025-09-10 05:32:14,App,Delivered
ORD000013009,293,293,2025-06-12 21:38:04,Web,Delivered
ORD000013010,1490,1490,2025-04-15 17:16:26,Web,Placed
ORD000013011,4727,4727,2021-12-04 11:18:07,App,Delivered
ORD000013012,3170,3170,2023-06-21 15:54:27,Web,Delivered
ORD000013013,4266,4266,2021-09-05 07:30:25,App,Shipped
ORD000013014,5430,5430,2022-03-04 01:50:31,App,Returned
ORD000013015,1450,1450,2022-03-26 14:43:52,Web,Placed
ORD000013016,4986,4986,2023-08-16 18:40:18,Web,Placed
ORD000013017,1091,1091,2023-03-04 18:21:13,App,Cancelled
ORD000013018,3630,3630,2025-08-02 05:02:35,Web,Cancelled
ORD000013019,2616,2616,2022-08-31 05:40:38,App,Delivered
ORD000013020,151,151,2024-01-18 12:32:33,Web,Returned
ORD000013021,5435,5435,2023-09-29 16:47:51,App,Returned
ORD000013022,984,984,2021-03-04 03:36:38,Web,Shipped
ORD000013023,1820,1820,2025-11-14 15:16:26,Web,Delivered
ORD000013024,977,977,2025-05-17 21:25:06,Web,Placed
ORD000013025,189,189,2021-02-20 22:47:35,App,Delivered
ORD000013026,2779,2779,2025-10-10 00:41:03,App,Placed
ORD000013027,3757,3757,2024-05-13 06:33:05,App,Shipped
ORD000013028,5725,5725,2023-07-30 14:28:33,App,Returned
ORD000013029,2572,2572,2022-10-30 11:28:14,App,Cancelled
ORD000013030,1187,1187,2024-06-13 19:47:58,App,Cancelled
ORD000013031,3902,3902,2023-01-20 20:24:52,Web,Placed
ORD000013032,3440,3440,2021-06-13 10:23:13,App,Delivered
ORD000013033,2565,2565,2024-11-10 18:50:53,App,Delivered
ORD000013034,4811,4811,2023-10-21 05:39:30,Web,Delivered
ORD000013035,1348,1348,2022-08-02 06:46:16,App,Delivered
ORD000013036,5313,5313,2022-09-08 03:32:31,App,Shipped
ORD000013037,5485,5485,2023-08-03 20:27:36,Web,Delivered
ORD000013038,3408,3408,2023-04-20 06:44:41,App,Cancelled
ORD000013039,2626,2626,2024-02-10 20:55:17,App,Delivered
ORD000013040,3753,3753,2023-10-10 12:35:33,Web,Delivered
ORD000013041,667,667,2024-10-23 23:59:15,Web,Delivered
ORD000013042,4684,4684,2023-11-16 17:52:17,App,Delivered
ORD000013043,773,773,2024-12-04 03:52:09,Web,Returned
ORD000013044,3205,3205,2025-12-10 08:56:11,Web,Delivered
ORD000013045,4950,4950,2023-01-29 16:00:28,Web,Delivered
ORD000013046,1165,1165,2022-01-04 06:36:53,App,Delivered
ORD000013047,4954,4954,2022-09-08 09:29:23,App,Shipped
ORD000013048,4595,4595,2023-05-02 07:40:42,Web,Placed
ORD000013049,649,649,2021-06-17 16:05:44,App,Delivered
ORD000013050,2224,2224,2025-02-22 13:51:16,App,Delivered
ORD000013051,4896,4896,2023-05-30 02:29:50,Store,Placed
ORD000013052,4947,4947,2021-09-03 11:19:43,App,Delivered
ORD000013053,1060,1060,2024-11-17 16:45:47,App,Delivered
ORD000013054,988,988,2021-06-10 09:03:01,Web,Returned
ORD000013055,2191,2191,2021-05-15 09:21:30,Web,Delivered
ORD000013056,4745,4745,2023-09-22 09:54:45,App,Placed
ORD000013057,4624,4624,2021-05-14 14:55:10,Web,Delivered
ORD000013058,1786,1786,2023-05-08 06:18:13,App,Delivered
ORD000013059,1528,1528,2022-03-14 13:08:13,App,Delivered
ORD000013060,4680,4680,2022-03-06 18:34:28,App,Delivered
ORD000013061,4320,4320,2023-03-03 05:30:10,App,Delivered
ORD000013062,1902,1902,2024-05-07 19:01:17,Web,Delivered
ORD000013063,2404,2404,2023-07-22 06:53:42,Web,Delivered
ORD000013064,2986,2986,2021-03-19 19:38:27,Web,Placed
ORD000013065,1851,1851,2022-05-17 06:56:23,App,Delivered
ORD000013066,1008,1008,2022-12-10 08:54:58,App,Delivered
ORD000013067,5156,5156,2022-05-13 02:29:26,App,Delivered
ORD000013068,546,546,2024-10-27 15:48:01,Web,Delivered
ORD000013069,525,525,2024-01-30 15:44:29,App,Shipped
ORD000013070,4011,4011,2025-06-14 10:45:34,App,Cancelled
ORD000013071,1738,1738,2022-10-27 13:01:09,Web,Delivered
ORD000013072,1081,1081,2023-01-21 10:24:38,App,Shipped
ORD000013073,2022,2022,2025-01-04 13:51:08,Web,Placed
ORD000013074,5563,5563,2025-05-15 18:23:31,Web,Returned
ORD000013075,1339,1339,2024-07-16 18:29:57,Web,Delivered
ORD000013076,2159,2159,2021-09-04 12:41:50,App,Delivered
ORD000013077,3188,3188,2024-11-27 21:17:35,Web,Shipped
ORD000013078,1331,1331,2023-04-10 22:18:52,App,Delivered
ORD000013079,771,771,2021-06-17 16:08:26,Web,Delivered
ORD000013080,5787,5787,2022-12-31 23:16:05,App,Cancelled
ORD000013081,1742,1742,2025-10-13 23:59:59,Web,Shipped
ORD000013082,4406,4406,2024-10-02 12:11:05,App,Delivered
ORD000013083,4190,4190,2022-12-18 22:51:47,App,Delivered
ORD000013084,5175,5175,2021-06-22 07:17:29,App,Delivered
ORD000013085,4113,4113,2024-02-09 12:37:45,App,Placed
ORD000013086,1359,1359,2024-04-03 12:14:31,Web,Delivered
ORD000013087,3134,3134,2024-04-02 08:29:21,App,Shipped
ORD000013088,2797,2797,2023-02-03 04:34:24,Web,Placed
ORD000013089,1597,1597,2025-10-12 17:12:47,App,Returned
ORD000013090,1981,1981,2025-01-03 20:53:53,Web,Delivered
ORD000013091,556,556,2025-08-01 05:00:42,Web,Delivered
ORD000013092,5447,5447,2024-04-05 03:56:39,App,Cancelled
ORD000013093,3965,3965,2021-08-23 02:03:32,Web,Delivered
ORD000013094,5248,5248,2023-07-21 04:09:53,Web,Delivered
ORD000013095,3572,3572,2024-02-20 11:23:54,App,Shipped
ORD000013096,3060,3060,2022-01-17 11:15:23,Web,Delivered
ORD000013097,4355,4355,2023-06-24 23:38:31,Web,Delivered
ORD000013098,2761,2761,2024-05-16 22:28:33,App,Cancelled
ORD000013099,835,835,2023-05-02 01:28:21,Web,Delivered
ORD000013100,1648,1648,2025-10-18 05:48:56,App,Shipped
ORD000013101,3060,3060,2021-12-21 21:13:50,App,Delivered
ORD000013102,867,867,2023-08-04 00:47:59,App,Returned
ORD000013103,904,904,2023-07-10 22:15:35,App,Placed
ORD000013104,2458,2458,2021-03-15 13:55:47,Web,Placed
ORD000013105,4984,4984,2023-05-11 22:05:39,App,Placed
ORD000013106,143,143,2024-03-23 19:03:35,App,Delivered
ORD000013107,5479,5479,2023-07-30 03:10:41,App,Placed
ORD000013108,3724,3724,2023-04-14 03:57:37,App,Delivered
ORD000013109,2787,2787,2022-06-24 23:14:26,App,Returned
ORD000013110,3391,3391,2024-01-02 19:50:50,App,Delivered
ORD000013111,2696,2696,2021-12-11 17:09:32,App,Shipped
ORD000013112,2760,2760,2022-03-09 23:10:54,App,Delivered
ORD000013113,3350,3350,2023-10-23 09:16:09,Web,Delivered
ORD000013114,3890,3890,2022-10-30 04:10:20,App,Placed
ORD000013115,3734,3734,2022-08-01 06:54:49,Web,Delivered
ORD000013116,5211,5211,2023-02-25 22:46:13,Web,Delivered
ORD000013117,1722,1722,2025-11-12 17:47:09,App,Delivered
ORD000013118,3154,3154,2021-11-16 23:35:58,App,Delivered
ORD000013119,4115,4115,2022-05-02 09:24:03,App,Delivered
ORD000013120,5499,5499,2021-06-15 18:40:40,Web,Shipped
ORD000013121,4741,4741,2023-07-13 13:04:16,Web,Placed
ORD000013122,2832,2832,2023-12-29 00:34:31,App,Delivered
ORD000013123,1705,1705,2024-05-31 16:57:55,App,Delivered
ORD000013124,458,458,2024-06-20 02:26:46,App,Delivered
ORD000013125,1277,1277,2023-07-01 05:33:14,App,Returned
ORD000013126,5313,5313,2021-07-23 13:24:17,App,Returned
ORD000013127,5777,5777,2024-11-12 16:20:02,Store,Delivered
ORD000013128,4775,4775,2025-12-24 19:26:56,App,Shipped
ORD000013129,3316,3316,2023-09-07 12:26:12,Web,Returned
ORD000013130,1609,1609,2023-07-30 18:16:28,App,Delivered
ORD000013131,3895,3895,2022-01-19 20:16:59,App,Delivered
ORD000013132,1097,1097,2023-12-31 04:50:34,App,Shipped
ORD000013133,627,627,2025-10-21 11:18:07,Web,Delivered
ORD000013134,1291,1291,2023-04-10 08:39:54,Web,Placed
ORD000013135,4718,4718,2024-05-26 04:57:29,App,Returned
ORD000013136,5288,5288,2022-02-23 13:25:16,App,Placed
ORD000013137,4824,4824,2025-10-21 14:06:19,Web,Shipped
ORD000013138,3412,3412,2022-12-09 21:40:07,App,Delivered
ORD000013139,2145,2145,2022-02-11 00:11:20,App,Cancelled
ORD000013140,900,900,2025-11-11 04:48:30,App,Delivered
ORD000013141,5712,5712,2024-10-24 03:22:42,App,Delivered
ORD000013142,698,698,2023-06-06 06:52:21,Web,Cancelled
ORD000013143,2931,2931,2025-07-21 15:11:48,App,Placed
ORD000013144,4056,4056,2025-05-13 12:05:43,Web,Delivered
ORD000013145,5699,5699,2025-01-19 03:59:21,App,Delivered
ORD000013146,4192,4192,2023-05-29 00:31:42,Web,Delivered
ORD000013147,3618,3618,2021-05-20 13:51:23,Web,Placed
ORD000013148,3441,3441,2022-06-07 18:24:08,App,Cancelled
ORD000013149,3417,3417,2024-07-03 02:32:04,Web,Returned
ORD000013150,3051,3051,2025-11-15 18:18:02,App,Delivered
ORD000013151,2490,2490,2021-03-02 12:59:27,App,Returned
ORD000013152,5795,5795,2024-10-19 13:59:30,App,Returned
ORD000013153,5277,5277,2021-11-24 01:21:44,App,Delivered
ORD000013154,793,793,2024-01-25 11:46:56,App,Delivered
ORD000013155,2076,2076,2021-09-20 18:38:19,App,Delivered
ORD000013156,3544,3544,2022-01-11 09:13:03,App,Delivered
ORD000013157,923,923,2022-04-10 22:12:50,Web,Delivered
ORD000013158,1482,1482,2023-04-17 20:29:58,Web,Placed
ORD000013159,742,742,2023-07-24 03:42:23,Web,Delivered
ORD000013160,5000,5000,2021-03-20 19:31:19,Web,Delivered
ORD000013161,2034,2034,2023-02-07 07:44:03,Web,Shipped
ORD000013162,1446,1446,2023-06-12 06:42:13,App,Delivered
ORD000013163,375,375,2025-07-31 01:34:39,App,Delivered
ORD000013164,2910,2910,2025-08-06 03:19:21,App,Shipped
ORD000013165,5769,5769,2021-06-01 03:17:25,App,Placed
ORD000013166,624,624,2021-11-08 12:54:52,App,Delivered
ORD000013167,1049,1049,2025-04-05 10:01:45,App,Shipped
ORD000013168,606,606,2022-04-20 16:52:22,App,Shipped
ORD000013169,2114,2114,2022-05-20 15:41:52,Web,Delivered
ORD000013170,2577,2577,2022-12-11 08:35:12,App,Delivered
ORD000013171,5741,5741,2025-05-22 10:01:57,App,Delivered
ORD000013172,5511,5511,2025-11-22 21:47:15,Web,Delivered
ORD000013173,278,278,2025-06-17 06:09:33,Web,Placed
ORD000013174,2058,2058,2022-08-07 07:51:09,Web,Returned
ORD000013175,1165,1165,2022-05-14 06:30:43,App,Cancelled
ORD000013176,3882,3882,2024-06-24 05:43:43,Web,Delivered
ORD000013177,4124,4124,2025-08-29 19:38:43,App,Placed
ORD000013178,3172,3172,2022-02-10 10:00:01,App,Delivered
ORD000013179,5307,5307,2021-10-24 14:59:24,App,Delivered
ORD000013180,2768,2768,2023-12-29 00:11:27,App,Delivered
ORD000013181,4945,4945,2024-11-12 20:01:25,App,Delivered
ORD000013182,261,261,2021-12-30 03:40:51,Web,Delivered
ORD000013183,4134,4134,2024-10-07 17:36:33,App,Cancelled
ORD000013184,5186,5186,2022-07-26 01:17:47,App,Placed
ORD000013185,5595,5595,2025-04-10 10:33:28,Web,Delivered
ORD000013186,3566,3566,2025-11-24 12:44:06,Web,Delivered
ORD000013187,3819,3819,2025-06-08 07:23:32,App,Delivered
ORD000013188,4563,4563,2022-06-14 08:04:39,Web,Returned
ORD000013189,2795,2795,2024-09-25 18:38:04,App,Delivered
ORD000013190,1204,1204,2025-07-07 19:14:33,Web,Delivered
ORD000013191,2013,2013,2025-04-08 11:51:49,Web,Returned
ORD000013192,1811,1811,2024-03-02 22:06:15,App,Delivered
ORD000013193,3609,3609,2024-10-23 01:01:30,Web,Delivered
ORD000013194,304,304,2021-05-01 12:28:04,App,Delivered
ORD000013195,1097,1097,2022-04-03 11:01:20,App,Delivered
ORD000013196,4029,4029,2021-09-20 13:25:22,App,Delivered
ORD000013197,3619,3619,2022-01-28 11:58:07,App,Delivered
ORD000013198,5043,5043,2022-02-03 13:58:36,App,Returned
ORD000013199,1167,1167,2024-01-07 13:39:50,Web,Delivered
ORD000013200,4310,4310,2022-08-31 19:27:26,Web,Delivered
ORD000013201,2353,2353,2021-11-12 07:49:43,Web,Returned
ORD000013202,5534,5534,2022-07-21 17:54:54,App,Returned
ORD000013203,5849,5849,2025-07-15 10:33:35,App,Delivered
ORD000013204,345,345,2024-07-12 01:03:53,Web,Delivered
ORD000013205,744,744,2024-04-11 01:31:42,App,Returned
ORD000013206,1622,1622,2023-11-02 11:40:32,Store,Placed
ORD000013207,2542,2542,2025-11-21 15:46:29,App,Returned
ORD000013208,5801,5801,2022-07-24 07:57:09,App,Cancelled
ORD000013209,1923,1923,2021-02-17 02:17:45,App,Delivered
ORD000013210,1149,1149,2023-12-05 11:20:14,App,Delivered
ORD000013211,2889,2889,2025-11-15 05:22:41,App,Placed
ORD000013212,5356,5356,2022-08-04 22:36:26,App,Delivered
ORD000013213,3951,3951,2022-02-27 19:52:53,App,Shipped
ORD000013214,657,657,2021-06-30 21:35:28,App,Delivered
ORD000013215,4713,4713,2024-07-21 21:17:44,Web,Delivered
ORD000013216,776,776,2021-07-21 06:16:39,App,Delivered
ORD000013217,1670,1670,2023-05-20 11:41:19,App,Delivered
ORD000013218,2008,2008,2023-01-14 20:13:27,App,Returned
ORD000013219,4598,4598,2021-07-25 15:51:08,App,Shipped
ORD000013220,1660,1660,2023-05-30 11:42:14,Store,Delivered
ORD000013221,607,607,2022-09-02 03:05:41,App,Delivered
ORD000013222,3704,3704,2025-10-12 18:18:36,Web,Returned
ORD000013223,430,430,2025-03-14 11:01:13,App,Delivered
ORD000013224,3373,3373,2025-10-07 12:42:55,Web,Delivered
ORD000013225,1005,1005,2022-05-27 20:26:48,Web,Delivered
ORD000013226,5366,5366,2022-12-09 02:12:02,Web,Delivered
ORD000013227,1613,1613,2023-02-12 15:02:19,Web,Delivered
ORD000013228,4190,4190,2022-02-10 08:03:13,App,Returned
ORD000013229,2363,2363,2024-06-25 17:36:03,App,Cancelled
ORD000013230,2201,2201,2025-11-09 08:02:27,App,Delivered
ORD000013231,5360,5360,2024-01-21 08:00:35,Web,Delivered
ORD000013232,2188,2188,2025-05-11 11:45:40,App,Delivered
ORD000013233,1621,1621,2024-05-12 23:14:08,App,Delivered
ORD000013234,4312,4312,2022-10-25 23:31:56,Web,Delivered
ORD000013235,2842,2842,2025-03-25 19:50:26,App,Placed
ORD000013236,4466,4466,2022-01-20 04:54:11,App,Placed
ORD000013237,972,972,2021-08-27 11:58:36,App,Delivered
ORD000013238,2289,2289,2021-06-17 00:53:22,App,Placed
ORD000013239,5077,5077,2025-08-22 12:21:14,App,Delivered
ORD000013240,1559,1559,2021-04-13 15:15:26,Web,Shipped
ORD000013241,2369,2369,2025-10-17 21:46:31,App,Delivered
ORD000013242,2093,2093,2023-05-10 23:14:04,App,Delivered
ORD000013243,4710,4710,2025-12-09 01:37:07,App,Delivered
ORD000013244,284,284,2026-01-08 16:45:01,App,Delivered
ORD000013245,2035,2035,2022-03-16 15:47:17,App,Delivered
ORD000013246,3656,3656,2025-09-10 22:56:32,Web,Delivered
ORD000013247,3625,3625,2024-07-07 17:57:28,App,Delivered
ORD000013248,1815,1815,2022-11-24 10:13:54,App,Returned
ORD000013249,5332,5332,2024-05-12 07:11:46,App,Delivered
ORD000013250,672,672,2021-05-19 17:15:35,App,Delivered
ORD000013251,2135,2135,2024-11-01 10:27:57,Web,Placed
ORD000013252,1483,1483,2023-02-11 04:40:03,Web,Delivered
ORD000013253,5448,5448,2022-11-21 15:21:48,Web,Shipped
ORD000013254,2347,2347,2023-05-09 18:03:13,App,Delivered
ORD000013255,14,14,2021-07-15 14:07:38,App,Delivered
ORD000013256,756,756,2022-12-04 15:58:19,App,Delivered
ORD000013257,169,169,2022-03-01 03:15:03,Store,Delivered
ORD000013258,2280,2280,2026-02-06 22:57:17,App,Placed
ORD000013259,1135,1135,2025-06-19 22:07:14,Web,Placed
ORD000013260,2662,2662,2024-08-09 15:44:32,App,Delivered
ORD000013261,4825,4825,2022-03-06 17:38:58,Web,Delivered
ORD000013262,240,240,2023-04-28 07:06:10,App,Placed
ORD000013263,2288,2288,2023-06-09 10:40:19,Web,Delivered
ORD000013264,4366,4366,2021-07-28 17:30:04,Web,Shipped
ORD000013265,2588,2588,2025-08-21 06:36:47,Web,Placed
ORD000013266,1310,1310,2024-09-04 23:31:36,Web,Delivered
ORD000013267,5686,5686,2023-07-14 20:45:04,Web,Delivered
ORD000013268,443,443,2024-06-19 23:56:48,Web,Placed
ORD000013269,725,725,2023-04-17 02:34:13,App,Delivered
ORD000013270,908,908,2024-06-21 13:47:09,App,Shipped
ORD000013271,1527,1527,2025-01-14 08:32:32,Web,Placed
ORD000013272,2418,2418,2022-02-20 07:38:52,App,Placed
ORD000013273,1144,1144,2024-12-02 23:42:15,App,Shipped
ORD000013274,75,75,2024-10-25 20:16:43,Web,Delivered
ORD000013275,2471,2471,2021-11-26 02:25:55,Store,Delivered
ORD000013276,70,70,2024-05-29 02:14:22,App,Delivered
ORD000013277,4841,4841,2025-05-25 20:49:16,Web,Delivered
ORD000013278,4066,4066,2026-01-28 01:14:15,App,Cancelled
ORD000013279,132,132,2024-12-18 09:50:03,App,Cancelled
ORD000013280,1122,1122,2025-10-02 04:58:32,Web,Delivered
ORD000013281,4198,4198,2023-12-12 22:53:33,App,Delivered
ORD000013282,1191,1191,2024-06-16 10:42:14,App,Shipped
ORD000013283,1129,1129,2022-06-26 07:34:59,App,Delivered
ORD000013284,598,598,2023-11-16 04:34:36,Web,Returned
ORD000013285,1573,1573,2023-12-06 22:46:30,App,Delivered
ORD000013286,5562,5562,2026-01-25 15:35:44,Store,Delivered
ORD000013287,672,672,2022-02-12 03:22:24,App,Shipped
ORD000013288,4731,4731,2023-02-05 03:29:36,Web,Delivered
ORD000013289,5020,5020,2025-06-25 08:20:49,Web,Delivered
ORD000013290,3716,3716,2024-05-12 02:14:17,App,Delivered
ORD000013291,3338,3338,2021-02-26 11:54:16,App,Placed
ORD000013292,3867,3867,2023-06-17 06:17:40,App,Delivered
ORD000013293,2900,2900,2023-03-05 08:49:04,Web,Shipped
ORD000013294,2309,2309,2024-02-07 14:59:45,App,Delivered
ORD000013295,5554,5554,2025-02-26 22:38:58,App,Delivered
ORD000013296,2464,2464,2023-06-09 01:10:59,App,Delivered
ORD000013297,5475,5475,2021-12-18 05:41:54,App,Delivered
ORD000013298,3991,3991,2021-09-15 18:34:26,Web,Delivered
ORD000013299,3533,3533,2022-07-26 18:33:47,Web,Delivered
ORD000013300,2749,2749,2021-04-12 16:10:54,App,Shipped
ORD000013301,5505,5505,2022-10-05 13:20:03,App,Delivered
ORD000013302,2591,2591,2021-04-07 01:49:43,Web,Delivered
ORD000013303,5395,5395,2023-01-07 20:32:32,App,Delivered
ORD000013304,3031,3031,2025-01-23 06:26:23,Web,Delivered
ORD000013305,3382,3382,2025-04-12 18:54:28,Web,Delivered
ORD000013306,1712,1712,2023-02-20 18:49:15,App,Shipped
ORD000013307,4145,4145,2022-10-19 13:55:04,Web,Delivered
ORD000013308,4540,4540,2023-11-12 19:11:07,Web,Placed
ORD000013309,172,172,2022-07-19 13:09:46,App,Placed
ORD000013310,5026,5026,2024-10-28 17:26:21,App,Delivered
ORD000013311,3038,3038,2021-07-23 22:04:17,App,Delivered
ORD000013312,5944,5944,2024-05-08 06:04:24,Web,Shipped
ORD000013313,3402,3402,2024-08-07 19:28:15,Web,Delivered
ORD000013314,4102,4102,2022-10-24 19:24:12,Web,Returned
ORD000013315,1228,1228,2023-08-26 02:23:25,App,Delivered
ORD000013316,2417,2417,2021-05-24 22:20:13,App,Delivered
ORD000013317,722,722,2023-08-24 07:14:27,Web,Delivered
ORD000013318,3620,3620,2022-08-31 19:51:10,App,Delivered
ORD000013319,931,931,2022-06-04 14:55:56,App,Delivered
ORD000013320,2329,2329,2021-05-20 13:18:33,App,Delivered
ORD000013321,1079,1079,2024-10-28 15:34:27,App,Delivered
ORD000013322,5289,5289,2021-07-29 15:27:45,App,Returned
ORD000013323,3385,3385,2024-04-02 14:28:46,App,Delivered
ORD000013324,2966,2966,2025-07-18 21:35:46,App,Delivered
ORD000013325,3550,3550,2024-09-24 20:21:05,App,Delivered
ORD000013326,2476,2476,2026-01-18 14:02:53,App,Returned
ORD000013327,1536,1536,2025-04-17 14:55:32,App,Delivered
ORD000013328,413,413,2024-09-11 14:55:00,App,Placed
ORD000013329,839,839,2024-01-07 00:47:03,Web,Delivered
ORD000013330,3688,3688,2025-02-23 07:26:02,App,Delivered
ORD000013331,1027,1027,2024-12-26 18:05:50,App,Shipped
ORD000013332,3669,3669,2021-03-20 22:06:47,Web,Delivered
ORD000013333,4781,4781,2023-12-19 11:14:36,Web,Delivered
ORD000013334,2836,2836,2022-09-12 04:21:40,Web,Returned
ORD000013335,5796,5796,2023-02-23 21:12:06,Web,Shipped
ORD000013336,60,60,2024-11-05 06:50:39,App,Delivered
ORD000013337,590,590,2023-12-21 19:59:14,App,Delivered
ORD000013338,2578,2578,2024-11-11 18:52:46,App,Delivered
ORD000013339,3169,3169,2021-06-07 05:25:53,App,Returned
ORD000013340,2035,2035,2023-04-28 04:15:14,App,Returned
ORD000013341,5186,5186,2021-06-23 12:19:58,App,Shipped
ORD000013342,4069,4069,2024-01-30 05:56:02,App,Delivered
ORD000013343,5151,5151,2023-05-27 23:29:42,App,Delivered
ORD000013344,5078,5078,2025-11-25 20:27:57,Web,Returned
ORD000013345,5870,5870,2021-11-14 03:11:02,App,Placed
ORD000013346,777,777,2024-10-26 05:47:11,Web,Returned
ORD000013347,148,148,2023-04-08 20:54:05,Web,Delivered
ORD000013348,47,47,2022-11-09 20:00:56,Web,Cancelled
ORD000013349,1268,1268,2025-10-24 08:22:54,App,Delivered
ORD000013350,1502,1502,2024-01-15 07:48:37,App,Delivered
ORD000013351,1619,1619,2024-03-06 09:42:28,App,Delivered
ORD000013352,1665,1665,2022-08-24 02:39:26,App,Delivered
ORD000013353,4041,4041,2022-01-06 02:22:06,App,Delivered
ORD000013354,3004,3004,2022-10-20 00:13:49,App,Delivered
ORD000013355,2023,2023,2023-07-20 04:58:36,App,Delivered
ORD000013356,210,210,2024-01-25 14:26:24,App,Delivered
ORD000013357,4283,4283,2022-06-01 10:39:51,App,Delivered
ORD000013358,5145,5145,2024-09-14 14:13:56,Web,Delivered
ORD000013359,1188,1188,2024-12-27 10:18:58,App,Cancelled
ORD000013360,3054,3054,2024-07-14 10:43:45,Web,Delivered
ORD000013361,35,35,2021-09-15 09:18:16,App,Shipped
ORD000013362,2044,2044,2025-12-31 23:43:32,App,Delivered
ORD000013363,1277,1277,2022-03-12 03:42:11,App,Delivered
ORD000013364,4571,4571,2025-06-09 19:16:58,App,Delivered
ORD000013365,4855,4855,2025-06-05 07:00:56,Web,Delivered
ORD000013366,4566,4566,2024-08-05 04:32:27,Web,Returned
ORD000013367,2955,2955,2025-08-28 18:02:43,App,Placed
ORD000013368,264,264,2024-12-07 07:27:19,App,Shipped
ORD000013369,1129,1129,2023-06-22 18:49:15,Store,Delivered
ORD000013370,3292,3292,2021-11-14 22:55:40,App,Delivered
ORD000013371,4863,4863,2023-06-15 07:42:00,App,Delivered
ORD000013372,407,407,2022-05-16 17:41:05,App,Delivered
ORD000013373,2694,2694,2022-12-05 05:43:15,App,Delivered
ORD000013374,1230,1230,2025-07-06 08:17:35,Web,Delivered
ORD000013375,5336,5336,2021-09-10 05:45:30,Web,Returned
ORD000013376,2112,2112,2021-11-30 06:59:43,Web,Delivered
ORD000013377,3017,3017,2021-08-30 21:44:21,Web,Delivered
ORD000013378,872,872,2021-07-31 19:25:45,Web,Placed
ORD000013379,4134,4134,2021-11-28 23:16:57,App,Cancelled
ORD000013380,4856,4856,2021-05-08 16:11:40,App,Returned
ORD000013381,4761,4761,2024-05-10 06:00:06,App,Returned
ORD000013382,4318,4318,2021-07-20 23:17:01,Web,Delivered
ORD000013383,5462,5462,2023-01-30 18:16:03,App,Delivered
ORD000013384,4866,4866,2021-12-19 07:14:15,Web,Delivered
ORD000013385,473,473,2024-11-16 13:36:28,App,Delivered
ORD000013386,3578,3578,2025-01-01 22:28:37,App,Delivered
ORD000013387,4675,4675,2022-11-22 13:09:08,App,Delivered
ORD000013388,3833,3833,2025-11-16 02:39:34,App,Delivered
ORD000013389,4331,4331,2022-07-29 19:24:02,Store,Returned
ORD000013390,2142,2142,2025-10-25 20:37:02,Web,Shipped
ORD000013391,2909,2909,2024-03-02 11:13:37,Web,Placed
ORD000013392,2887,2887,2023-10-05 15:03:08,App,Placed
ORD000013393,4745,4745,2024-09-15 12:27:37,Web,Placed
ORD000013394,5805,5805,2023-07-25 22:49:55,App,Delivered
ORD000013395,4112,4112,2024-08-21 22:09:54,App,Delivered
ORD000013396,1399,1399,2023-03-18 09:14:46,App,Delivered
ORD000013397,364,364,2024-07-19 21:18:58,Web,Delivered
ORD000013398,744,744,2025-05-12 11:24:16,Web,Placed
ORD000013399,3470,3470,2021-12-29 13:14:28,App,Delivered
ORD000013400,2458,2458,2023-09-28 13:10:52,App,Delivered
ORD000013401,3685,3685,2021-05-12 18:51:02,Web,Delivered
ORD000013402,2234,2234,2024-06-17 18:06:49,App,Cancelled
ORD000013403,4042,4042,2023-07-08 05:36:03,App,Returned
ORD000013404,470,470,2021-07-07 05:40:20,App,Delivered
ORD000013405,5500,5500,2022-01-18 05:23:45,Web,Delivered
ORD000013406,312,312,2022-12-09 22:43:54,App,Delivered
ORD000013407,2848,2848,2023-12-17 16:58:36,App,Delivered
ORD000013408,3150,3150,2023-12-26 23:29:06,Store,Shipped
ORD000013409,4631,4631,2026-01-15 03:46:56,App,Returned
ORD000013410,2170,2170,2025-07-31 20:17:45,Web,Shipped
ORD000013411,4324,4324,2022-01-18 16:54:08,Web,Delivered
ORD000013412,989,989,2022-10-23 11:45:17,Web,Delivered
ORD000013413,1432,1432,2021-11-12 00:09:04,App,Returned
ORD000013414,5295,5295,2025-03-02 05:01:15,Web,Shipped
ORD000013415,4111,4111,2021-06-16 09:08:56,App,Shipped
ORD000013416,214,214,2025-11-04 03:16:19,App,Delivered
ORD000013417,4699,4699,2023-12-27 18:23:30,App,Delivered
ORD000013418,4148,4148,2024-09-14 23:44:57,Web,Delivered
ORD000013419,5026,5026,2024-05-05 19:55:32,Web,Placed
ORD000013420,4153,4153,2023-01-08 06:22:30,App,Delivered
ORD000013421,1313,1313,2024-09-01 10:30:12,App,Delivered
ORD000013422,3221,3221,2021-10-25 09:14:10,App,Shipped
ORD000013423,2456,2456,2024-07-16 17:37:57,Store,Delivered
ORD000013424,4628,4628,2026-01-03 09:08:25,App,Placed
ORD000013425,3441,3441,2023-08-31 10:12:00,Web,Returned
ORD000013426,5733,5733,2023-02-09 21:08:38,App,Delivered
ORD000013427,2405,2405,2024-07-22 15:00:43,App,Delivered
ORD000013428,700,700,2025-12-13 05:27:47,Web,Shipped
ORD000013429,5153,5153,2024-08-09 19:40:10,App,Delivered
ORD000013430,1567,1567,2023-05-01 11:11:55,App,Placed
ORD000013431,4770,4770,2022-10-09 13:09:50,App,Returned
ORD000013432,1310,1310,2022-06-23 02:40:06,App,Cancelled
ORD000013433,4613,4613,2023-03-19 19:28:07,Web,Delivered
ORD000013434,681,681,2025-12-18 03:54:07,App,Delivered
ORD000013435,1709,1709,2025-09-26 12:42:23,Store,Placed
ORD000013436,4823,4823,2024-08-12 20:50:14,App,Delivered
ORD000013437,3901,3901,2021-02-13 20:47:15,Web,Delivered
ORD000013438,2165,2165,2023-04-14 11:52:08,Web,Placed
ORD000013439,4365,4365,2022-07-27 18:08:56,App,Shipped
ORD000013440,1788,1788,2021-11-30 17:33:43,Web,Delivered
ORD000013441,718,718,2025-11-18 08:39:35,App,Delivered
ORD000013442,721,721,2023-04-29 18:17:00,Web,Delivered
ORD000013443,3235,3235,2025-09-09 14:04:23,Web,Delivered
ORD000013444,3858,3858,2025-07-03 02:31:49,Web,Shipped
ORD000013445,2188,2188,2023-04-23 12:47:27,Web,Delivered
ORD000013446,3959,3959,2023-09-23 13:05:43,Web,Delivered
ORD000013447,3753,3753,2023-12-21 03:50:37,App,Delivered
ORD000013448,4240,4240,2023-05-20 22:04:39,App,Cancelled
ORD000013449,2270,2270,2023-01-14 21:29:06,Web,Delivered
ORD000013450,781,781,2022-08-02 13:25:22,Web,Delivered
ORD000013451,4988,4988,2024-10-07 04:33:00,Web,Delivered
ORD000013452,630,630,2023-01-12 11:24:46,App,Returned
ORD000013453,5730,5730,2021-06-26 11:02:57,Web,Delivered
ORD000013454,4531,4531,2025-02-05 11:55:01,Web,Delivered
ORD000013455,5665,5665,2022-08-22 14:18:21,App,Shipped
ORD000013456,3922,3922,2024-04-07 06:59:29,App,Placed
ORD000013457,3078,3078,2021-10-24 09:26:22,Web,Delivered
ORD000013458,3313,3313,2024-06-11 23:18:57,Web,Delivered
ORD000013459,3127,3127,2025-12-29 02:45:01,App,Placed
ORD000013460,2431,2431,2025-11-09 12:17:42,App,Placed
ORD000013461,3542,3542,2024-04-21 22:06:38,App,Delivered
ORD000013462,3143,3143,2022-12-13 22:25:55,App,Delivered
ORD000013463,1630,1630,2025-09-22 05:13:53,Web,Placed
ORD000013464,1474,1474,2021-10-05 14:08:39,Web,Delivered
ORD000013465,480,480,2024-04-21 15:58:20,App,Delivered
ORD000013466,5263,5263,2021-08-09 00:20:46,Web,Delivered
ORD000013467,2070,2070,2021-12-10 12:18:22,App,Returned
ORD000013468,561,561,2024-12-28 07:50:18,App,Delivered
ORD000013469,2696,2696,2023-02-08 05:28:07,App,Delivered
ORD000013470,5512,5512,2024-09-23 13:13:07,App,Delivered
ORD000013471,2660,2660,2025-05-29 11:33:47,Web,Delivered
ORD000013472,2760,2760,2025-03-03 12:29:40,Store,Delivered
ORD000013473,2004,2004,2024-09-20 05:22:07,Web,Returned
ORD000013474,4217,4217,2022-08-28 09:23:44,App,Delivered
ORD000013475,2787,2787,2024-09-02 01:10:25,Web,Cancelled
ORD000013476,3993,3993,2024-01-08 22:22:50,Web,Delivered
ORD000013477,1462,1462,2025-06-26 08:12:55,App,Delivered
ORD000013478,4847,4847,2022-10-08 00:42:23,App,Shipped
ORD000013479,4885,4885,2024-05-22 19:27:28,Web,Delivered
ORD000013480,5221,5221,2024-11-17 12:33:38,Store,Returned
ORD000013481,895,895,2022-01-04 20:52:36,App,Placed
ORD000013482,1007,1007,2025-11-17 19:16:43,Store,Delivered
ORD000013483,4283,4283,2022-03-24 06:12:35,App,Delivered
ORD000013484,5279,5279,2024-03-31 16:21:07,App,Delivered
ORD000013485,518,518,2024-03-05 16:12:42,App,Delivered
ORD000013486,5300,5300,2025-06-12 10:35:47,App,Delivered
ORD000013487,1001,1001,2025-08-18 08:53:55,Web,Returned
ORD000013488,3748,3748,2022-05-23 07:04:12,App,Delivered
ORD000013489,640,640,2021-05-28 12:00:12,Web,Shipped
ORD000013490,5928,5928,2023-07-12 22:14:54,App,Shipped
ORD000013491,730,730,2022-07-27 06:09:55,Store,Delivered
ORD000013492,4749,4749,2025-11-27 20:58:37,App,Delivered
ORD000013493,433,433,2025-10-31 04:55:02,App,Delivered
ORD000013494,3938,3938,2024-07-30 16:16:56,Web,Delivered
ORD000013495,2811,2811,2023-11-24 22:45:09,App,Cancelled
ORD000013496,2938,2938,2022-07-24 13:08:45,App,Delivered
ORD000013497,4197,4197,2024-06-06 11:15:45,App,Delivered
ORD000013498,1122,1122,2025-02-20 10:45:40,App,Delivered
ORD000013499,4944,4944,2024-05-14 01:13:51,App,Delivered
ORD000013500,2327,2327,2024-06-03 10:51:48,Store,Placed
ORD000013501,1879,1879,2021-02-12 14:27:30,App,Delivered
ORD000013502,5263,5263,2025-04-09 10:23:52,App,Cancelled
ORD000013503,3417,3417,2022-02-04 13:28:59,App,Delivered
ORD000013504,5981,5981,2021-03-23 22:33:06,Web,Delivered
ORD000013505,2943,2943,2021-02-15 18:33:20,Web,Delivered
ORD000013506,1615,1615,2021-10-01 21:03:54,Web,Delivered
ORD000013507,4526,4526,2023-03-08 12:46:10,Web,Delivered
ORD000013508,1063,1063,2021-08-25 10:51:29,App,Delivered
ORD000013509,2473,2473,2024-10-17 18:58:03,App,Delivered
ORD000013510,5468,5468,2023-02-16 00:03:03,App,Placed
ORD000013511,4525,4525,2024-04-02 14:23:30,App,Placed
ORD000013512,5406,5406,2023-02-28 00:17:46,App,Placed
ORD000013513,4551,4551,2025-11-06 18:11:21,App,Returned
ORD000013514,5444,5444,2025-10-20 23:38:50,App,Delivered
ORD000013515,519,519,2024-07-21 03:02:14,Web,Placed
ORD000013516,3425,3425,2021-05-23 14:13:07,Store,Delivered
ORD000013517,5935,5935,2023-06-24 14:25:39,App,Delivered
ORD000013518,5423,5423,2023-06-06 06:15:21,App,Delivered
ORD000013519,210,210,2024-04-07 03:37:43,App,Returned
ORD000013520,4687,4687,2022-10-12 17:38:27,App,Shipped
ORD000013521,4990,4990,2021-07-11 13:51:12,Web,Returned
ORD000013522,867,867,2024-09-09 00:20:30,Web,Returned
ORD000013523,3941,3941,2023-03-23 04:34:28,App,Delivered
ORD000013524,176,176,2021-10-09 09:17:52,App,Returned
ORD000013525,4857,4857,2023-05-17 18:38:51,Web,Shipped
ORD000013526,3530,3530,2022-08-09 21:36:57,Web,Delivered
ORD000013527,217,217,2025-06-26 13:58:54,App,Delivered
ORD000013528,5526,5526,2021-10-21 22:23:16,App,Returned
ORD000013529,2911,2911,2024-10-10 22:29:42,Web,Placed
ORD000013530,5527,5527,2021-07-07 07:26:13,App,Delivered
ORD000013531,604,604,2024-12-21 11:15:33,App,Returned
ORD000013532,5549,5549,2022-03-12 08:33:39,App,Placed
ORD000013533,1743,1743,2026-01-03 08:42:34,Web,Shipped
ORD000013534,3304,3304,2022-06-06 11:36:39,App,Delivered
ORD000013535,820,820,2025-06-13 10:24:46,App,Delivered
ORD000013536,5831,5831,2023-03-13 17:44:39,App,Delivered
ORD000013537,1062,1062,2023-10-10 16:05:17,App,Returned
ORD000013538,2472,2472,2023-08-06 07:04:05,Web,Delivered
ORD000013539,3471,3471,2023-08-08 10:57:27,Web,Delivered
ORD000013540,3013,3013,2023-02-28 03:37:31,Store,Cancelled
ORD000013541,2956,2956,2021-12-14 12:46:22,App,Delivered
ORD000013542,2627,2627,2025-03-22 18:26:16,App,Delivered
ORD000013543,185,185,2023-03-21 01:27:19,App,Delivered
ORD000013544,3449,3449,2022-06-28 21:00:46,App,Delivered
ORD000013545,602,602,2021-04-05 07:05:33,App,Placed
ORD000013546,1310,1310,2023-09-12 11:24:06,Web,Delivered
ORD000013547,1372,1372,2025-07-16 22:23:00,App,Cancelled
ORD000013548,2767,2767,2021-04-25 17:08:55,App,Delivered
ORD000013549,4626,4626,2021-07-02 05:42:28,App,Placed
ORD000013550,1013,1013,2025-09-22 05:42:14,App,Delivered
ORD000013551,1855,1855,2024-02-11 05:29:35,Web,Delivered
ORD000013552,7,7,2025-10-21 15:51:35,Web,Delivered
ORD000013553,188,188,2022-05-21 19:23:50,App,Shipped
ORD000013554,4046,4046,2022-06-18 10:30:45,App,Shipped
ORD000013555,1624,1624,2023-05-06 15:32:59,Web,Delivered
ORD000013556,1140,1140,2025-09-17 12:57:09,App,Returned
ORD000013557,63,63,2025-05-02 10:54:44,App,Delivered
ORD000013558,441,441,2023-07-18 17:15:11,App,Cancelled
ORD000013559,1368,1368,2021-09-04 04:40:27,Store,Delivered
ORD000013560,587,587,2023-03-14 12:23:57,App,Delivered
ORD000013561,379,379,2024-01-05 05:35:00,Web,Delivered
ORD000013562,5803,5803,2025-07-12 17:01:50,App,Delivered
ORD000013563,1256,1256,2022-02-13 03:38:58,Web,Placed
ORD000013564,2488,2488,2021-11-28 17:55:10,App,Delivered
ORD000013565,2442,2442,2024-11-21 00:12:14,Web,Returned
ORD000013566,3947,3947,2021-05-20 10:50:52,Web,Delivered
ORD000013567,737,737,2025-03-05 10:35:21,Web,Delivered
ORD000013568,3348,3348,2021-12-21 09:49:52,App,Delivered
ORD000013569,874,874,2025-06-26 04:03:41,Web,Delivered
ORD000013570,4800,4800,2025-07-03 07:56:58,Web,Shipped
ORD000013571,3239,3239,2024-06-09 21:18:32,Web,Placed
ORD000013572,99,99,2022-03-25 00:29:18,App,Delivered
ORD000013573,2460,2460,2022-09-20 11:46:22,Web,Delivered
ORD000013574,3300,3300,2025-09-16 19:54:44,Web,Delivered
ORD000013575,414,414,2022-04-25 15:57:52,App,Placed
ORD000013576,314,314,2021-11-22 09:42:38,App,Delivered
ORD000013577,2374,2374,2024-10-22 20:21:03,App,Delivered
ORD000013578,1786,1786,2022-01-02 13:25:09,App,Delivered
ORD000013579,1433,1433,2025-03-06 20:12:38,Web,Cancelled
ORD000013580,4519,4519,2021-10-23 04:32:07,App,Delivered
ORD000013581,4326,4326,2025-11-14 21:26:12,Web,Returned
ORD000013582,1595,1595,2022-05-17 15:28:26,Store,Delivered
ORD000013583,4773,4773,2023-03-16 23:18:57,App,Delivered
ORD000013584,3584,3584,2023-05-31 13:34:03,Web,Delivered
ORD000013585,4812,4812,2025-01-26 01:17:39,App,Delivered
ORD000013586,338,338,2021-10-13 09:28:53,App,Shipped
ORD000013587,4342,4342,2021-10-24 04:42:10,Web,Placed
ORD000013588,558,558,2024-11-23 02:44:08,Web,Shipped
ORD000013589,4300,4300,2025-09-05 23:15:53,Web,Returned
ORD000013590,1217,1217,2024-12-20 21:27:08,Web,Cancelled
ORD000013591,3911,3911,2021-06-29 06:45:42,App,Shipped
ORD000013592,3431,3431,2023-01-24 02:46:52,App,Delivered
ORD000013593,5674,5674,2025-08-30 04:34:00,App,Returned
ORD000013594,4770,4770,2025-04-20 23:27:45,App,Returned
ORD000013595,736,736,2024-11-09 06:41:22,App,Delivered
ORD000013596,3326,3326,2023-01-23 16:12:00,App,Delivered
ORD000013597,2332,2332,2022-04-17 08:32:49,Web,Delivered
ORD000013598,2266,2266,2022-12-21 06:07:06,App,Placed
ORD000013599,5732,5732,2023-01-08 07:41:54,App,Delivered
ORD000013600,4669,4669,2023-05-05 15:54:03,Web,Delivered
ORD000013601,3624,3624,2023-03-26 00:30:31,Store,Delivered
ORD000013602,182,182,2021-02-13 13:09:21,App,Shipped
ORD000013603,5691,5691,2022-09-18 07:16:56,App,Delivered
ORD000013604,5070,5070,2022-01-19 05:40:27,Web,Returned
ORD000013605,5037,5037,2022-01-19 07:23:29,Web,Delivered
ORD000013606,5343,5343,2022-09-18 16:50:38,Web,Delivered
ORD000013607,208,208,2021-03-10 02:02:23,App,Delivered
ORD000013608,2471,2471,2024-08-07 07:55:55,Store,Delivered
ORD000013609,1194,1194,2024-11-25 19:27:56,Web,Delivered
ORD000013610,4235,4235,2023-10-28 02:15:57,App,Shipped
ORD000013611,4350,4350,2021-10-24 20:13:03,App,Delivered
ORD000013612,1190,1190,2024-12-18 13:16:48,App,Placed
ORD000013613,4665,4665,2023-09-22 10:32:19,App,Cancelled
ORD000013614,1659,1659,2022-10-23 18:25:37,App,Delivered
ORD000013615,426,426,2024-04-12 21:57:00,Web,Delivered
ORD000013616,3578,3578,2022-09-25 22:19:27,Store,Shipped
ORD000013617,5257,5257,2023-12-07 07:08:48,App,Delivered
ORD000013618,1430,1430,2025-08-10 08:28:50,Web,Placed
ORD000013619,5030,5030,2022-08-15 03:36:43,App,Cancelled
ORD000013620,5065,5065,2022-03-14 02:11:03,Web,Delivered
ORD000013621,4858,4858,2025-10-13 20:02:01,App,Shipped
ORD000013622,569,569,2025-09-05 05:43:08,Web,Delivered
ORD000013623,2627,2627,2022-10-16 12:58:02,App,Delivered
ORD000013624,231,231,2023-01-09 12:41:08,App,Delivered
ORD000013625,995,995,2025-10-04 10:39:50,App,Delivered
ORD000013626,1657,1657,2022-03-19 04:56:56,App,Delivered
ORD000013627,4040,4040,2024-12-22 03:46:19,Web,Delivered
ORD000013628,5920,5920,2023-11-10 05:06:58,Web,Delivered
ORD000013629,790,790,2022-08-11 08:03:44,App,Shipped
ORD000013630,5512,5512,2022-02-27 00:55:26,App,Shipped
ORD000013631,5997,5997,2023-07-20 06:16:40,App,Placed
ORD000013632,2626,2626,2022-01-29 21:05:53,Store,Shipped
ORD000013633,5390,5390,2025-06-13 12:56:34,App,Returned
ORD000013634,1037,1037,2025-01-28 18:51:43,Web,Delivered
ORD000013635,4439,4439,2021-06-25 08:17:39,App,Delivered
ORD000013636,1613,1613,2021-08-23 08:01:59,App,Shipped
ORD000013637,339,339,2025-09-08 05:33:31,App,Delivered
ORD000013638,586,586,2022-07-02 19:14:51,Web,Delivered
ORD000013639,5606,5606,2023-01-11 17:57:32,App,Delivered
ORD000013640,422,422,2025-11-18 01:15:23,App,Delivered
ORD000013641,1314,1314,2025-11-10 13:31:49,App,Delivered
ORD000013642,1314,1314,2022-09-15 08:22:10,Web,Delivered
ORD000013643,5139,5139,2022-09-26 22:59:17,Web,Delivered
ORD000013644,3843,3843,2025-05-02 14:26:18,Web,Returned
ORD000013645,5748,5748,2022-02-07 02:11:38,App,Delivered
ORD000013646,1178,1178,2023-06-04 12:59:33,Web,Delivered
ORD000013647,1739,1739,2024-03-23 10:26:53,App,Cancelled
ORD000013648,1667,1667,2022-08-30 20:31:57,Web,Delivered
ORD000013649,4224,4224,2022-10-19 15:04:02,Store,Placed
ORD000013650,4529,4529,2024-03-01 07:35:24,Web,Shipped
ORD000013651,515,515,2023-03-27 18:16:35,Web,Delivered
ORD000013652,3330,3330,2023-11-12 11:23:06,App,Delivered
ORD000013653,5462,5462,2026-01-13 23:40:01,Web,Delivered
ORD000013654,4598,4598,2025-06-13 10:01:46,App,Delivered
ORD000013655,989,989,2022-11-20 19:54:34,Web,Delivered
ORD000013656,4513,4513,2021-04-04 09:47:43,App,Returned
ORD000013657,4196,4196,2024-08-23 03:19:15,App,Delivered
ORD000013658,1418,1418,2021-12-20 08:14:55,App,Cancelled
ORD000013659,4975,4975,2024-08-01 02:21:56,Web,Delivered
ORD000013660,5173,5173,2022-06-17 08:34:00,Web,Shipped
ORD000013661,2726,2726,2021-09-18 22:36:53,Web,Delivered
ORD000013662,2197,2197,2022-08-18 09:01:25,Web,Delivered
ORD000013663,2015,2015,2024-10-16 07:32:11,App,Delivered
ORD000013664,451,451,2022-10-06 07:59:26,App,Delivered
ORD000013665,5715,5715,2022-06-12 09:22:28,App,Returned
ORD000013666,534,534,2025-08-10 10:20:29,Web,Returned
ORD000013667,2916,2916,2021-08-16 06:26:35,App,Delivered
ORD000013668,4819,4819,2024-05-01 16:06:28,App,Delivered
ORD000013669,5486,5486,2022-04-16 13:32:20,App,Delivered
ORD000013670,5444,5444,2025-10-01 04:25:29,App,Cancelled
ORD000013671,4960,4960,2023-07-23 12:01:34,App,Delivered
ORD000013672,1544,1544,2022-02-05 16:12:18,Web,Delivered
ORD000013673,819,819,2025-11-27 13:27:04,App,Delivered
ORD000013674,1690,1690,2021-06-11 23:29:57,App,Delivered
ORD000013675,5683,5683,2025-09-15 07:44:19,Web,Delivered
ORD000013676,2294,2294,2021-05-03 09:12:10,App,Delivered
ORD000013677,1473,1473,2025-06-01 21:49:04,Web,Placed
ORD000013678,2202,2202,2024-12-15 03:19:09,App,Delivered
ORD000013679,246,246,2025-02-27 16:00:09,Web,Delivered
ORD000013680,815,815,2025-11-21 18:59:48,App,Delivered
ORD000013681,3115,3115,2024-05-12 03:18:44,Web,Shipped
ORD000013682,393,393,2022-10-06 20:15:55,App,Delivered
ORD000013683,4259,4259,2023-07-31 06:38:07,App,Placed
ORD000013684,4562,4562,2021-12-29 22:12:48,App,Delivered
ORD000013685,4608,4608,2025-02-26 09:48:57,App,Placed
ORD000013686,1171,1171,2025-06-28 04:49:21,App,Delivered
ORD000013687,4944,4944,2025-05-07 06:49:04,App,Delivered
ORD000013688,3228,3228,2024-08-24 15:59:24,Web,Delivered
ORD000013689,2563,2563,2021-12-11 05:04:30,Web,Delivered
ORD000013690,2194,2194,2023-05-08 07:30:31,Web,Delivered
ORD000013691,3584,3584,2023-09-24 21:13:47,App,Shipped
ORD000013692,3341,3341,2026-01-15 19:44:07,App,Returned
ORD000013693,2344,2344,2025-03-18 09:26:37,Web,Delivered
ORD000013694,2362,2362,2022-07-24 17:11:17,Web,Delivered
ORD000013695,2617,2617,2023-06-20 15:13:39,App,Shipped
ORD000013696,2525,2525,2024-03-27 18:11:59,App,Delivered
ORD000013697,1143,1143,2022-01-23 13:17:54,App,Delivered
ORD000013698,2582,2582,2021-03-17 02:17:07,Web,Delivered
ORD000013699,3635,3635,2023-12-14 09:59:49,App,Shipped
ORD000013700,4570,4570,2025-03-18 11:45:00,App,Delivered
ORD000013701,4824,4824,2025-09-06 02:58:21,App,Returned
ORD000013702,588,588,2022-02-23 22:41:10,App,Delivered
ORD000013703,5586,5586,2023-04-02 10:30:27,App,Delivered
ORD000013704,1190,1190,2021-07-16 05:14:22,App,Shipped
ORD000013705,4576,4576,2023-04-12 18:36:07,App,Delivered
ORD000013706,5503,5503,2021-07-04 14:32:37,Web,Delivered
ORD000013707,61,61,2023-08-25 08:01:47,Web,Delivered
ORD000013708,1841,1841,2024-06-28 00:36:23,App,Placed
ORD000013709,1303,1303,2025-05-02 18:24:31,Web,Delivered
ORD000013710,4684,4684,2021-11-16 21:49:30,Web,Delivered
ORD000013711,4305,4305,2021-02-22 17:34:32,App,Returned
ORD000013712,37,37,2024-04-14 19:51:21,App,Delivered
ORD000013713,1158,1158,2022-01-31 08:24:48,App,Placed
ORD000013714,4831,4831,2021-12-12 07:16:11,Web,Shipped
ORD000013715,2960,2960,2021-06-30 17:08:24,App,Delivered
ORD000013716,1421,1421,2023-06-25 20:25:31,Web,Returned
ORD000013717,3324,3324,2021-07-30 11:49:37,App,Delivered
ORD000013718,5623,5623,2023-07-20 11:37:40,App,Cancelled
ORD000013719,507,507,2022-11-20 15:41:49,App,Placed
ORD000013720,1615,1615,2022-11-11 12:20:04,App,Delivered
ORD000013721,1268,1268,2023-12-26 21:48:10,Web,Placed
ORD000013722,4926,4926,2025-10-26 14:09:27,App,Delivered
ORD000013723,973,973,2022-11-01 17:47:17,App,Delivered
ORD000013724,5487,5487,2026-01-04 14:52:50,Web,Delivered
ORD000013725,450,450,2023-07-25 18:29:35,Web,Delivered
ORD000013726,4216,4216,2021-08-20 18:25:18,Web,Cancelled
ORD000013727,3381,3381,2024-07-18 12:34:15,Web,Delivered
ORD000013728,4730,4730,2025-09-23 12:43:20,Web,Delivered
ORD000013729,212,212,2021-06-15 14:36:51,Web,Placed
ORD000013730,2332,2332,2024-03-20 06:11:06,Web,Returned
ORD000013731,3602,3602,2024-08-23 06:37:22,App,Delivered
ORD000013732,1065,1065,2025-11-24 23:51:11,Web,Delivered
ORD000013733,1447,1447,2023-11-29 05:38:37,App,Returned
ORD000013734,3017,3017,2022-08-05 23:50:40,Web,Shipped
ORD000013735,1533,1533,2025-10-13 22:18:56,App,Delivered
ORD000013736,2954,2954,2024-07-29 09:29:27,Web,Shipped
ORD000013737,1834,1834,2023-07-25 16:17:05,App,Delivered
ORD000013738,5750,5750,2022-11-02 10:26:02,Web,Delivered
ORD000013739,2408,2408,2024-08-25 06:11:40,Store,Delivered
ORD000013740,3306,3306,2025-02-17 14:49:25,App,Delivered
ORD000013741,5163,5163,2022-03-25 02:50:18,Web,Delivered
ORD000013742,5348,5348,2023-05-13 10:27:33,Web,Delivered
ORD000013743,4742,4742,2022-11-25 00:22:34,App,Placed
ORD000013744,1357,1357,2022-06-24 20:01:22,Web,Delivered
ORD000013745,2254,2254,2024-11-28 13:12:53,Web,Placed
ORD000013746,3998,3998,2023-12-07 08:10:57,Web,Shipped
ORD000013747,2137,2137,2024-10-16 17:22:52,Web,Delivered
ORD000013748,936,936,2025-07-31 23:05:55,Web,Placed
ORD000013749,1123,1123,2024-05-04 17:08:00,App,Delivered
ORD000013750,5157,5157,2023-10-12 19:44:04,App,Placed
ORD000013751,1510,1510,2022-08-30 02:20:07,Web,Cancelled
ORD000013752,711,711,2024-07-16 14:14:17,App,Cancelled
ORD000013753,994,994,2025-10-01 04:12:55,App,Delivered
ORD000013754,5476,5476,2024-03-19 06:16:23,Web,Delivered
ORD000013755,55,55,2022-02-12 00:15:51,Web,Delivered
ORD000013756,1641,1641,2025-04-17 16:31:40,App,Delivered
ORD000013757,2362,2362,2022-03-29 06:40:01,App,Delivered
ORD000013758,3176,3176,2021-11-05 05:41:42,App,Delivered
ORD000013759,1757,1757,2025-07-19 02:42:23,Web,Delivered
ORD000013760,5529,5529,2022-03-11 14:57:11,App,Returned
ORD000013761,776,776,2025-04-20 19:40:51,Web,Cancelled
ORD000013762,356,356,2024-08-15 13:18:05,App,Delivered
ORD000013763,3451,3451,2022-10-24 22:24:08,Web,Returned
ORD000013764,2743,2743,2021-06-13 13:21:14,App,Placed
ORD000013765,564,564,2021-12-04 22:44:59,App,Returned
ORD000013766,2395,2395,2025-01-04 08:18:58,App,Cancelled
ORD000013767,2893,2893,2024-05-06 15:09:03,Web,Delivered
ORD000013768,5018,5018,2021-03-07 12:50:43,Web,Delivered
ORD000013769,1527,1527,2025-02-12 00:32:43,App,Delivered
ORD000013770,4121,4121,2023-06-06 12:18:21,App,Delivered
ORD000013771,4188,4188,2021-12-04 14:17:00,App,Shipped
ORD000013772,2377,2377,2022-11-06 14:13:13,App,Delivered
ORD000013773,1562,1562,2024-04-28 05:39:28,Store,Shipped
ORD000013774,3020,3020,2023-01-26 13:36:19,App,Delivered
ORD000013775,4698,4698,2025-07-03 04:56:29,Web,Delivered
ORD000013776,5807,5807,2025-01-06 03:52:29,App,Shipped
ORD000013777,4438,4438,2022-12-26 02:14:40,Web,Delivered
ORD000013778,2945,2945,2024-07-21 11:15:33,Web,Delivered
ORD000013779,5568,5568,2023-04-09 19:26:56,Web,Shipped
ORD000013780,3992,3992,2025-01-26 15:23:56,App,Delivered
ORD000013781,542,542,2024-01-10 12:51:25,Web,Delivered
ORD000013782,2574,2574,2022-06-22 22:33:45,App,Delivered
ORD000013783,5527,5527,2024-08-27 06:24:56,Web,Returned
ORD000013784,1154,1154,2023-05-06 04:28:05,Web,Returned
ORD000013785,3590,3590,2022-01-19 14:59:50,App,Delivered
ORD000013786,1747,1747,2021-04-15 13:49:17,App,Delivered
ORD000013787,1173,1173,2025-02-03 01:19:10,App,Delivered
ORD000013788,1300,1300,2024-06-10 23:29:12,App,Placed
ORD000013789,3733,3733,2023-11-15 11:33:52,Web,Cancelled
ORD000013790,3268,3268,2025-11-01 04:08:15,App,Placed
ORD000013791,4505,4505,2021-04-16 05:32:52,App,Placed
ORD000013792,4979,4979,2025-05-31 21:27:51,Web,Delivered
ORD000013793,5756,5756,2025-07-29 05:37:11,Web,Delivered
ORD000013794,71,71,2021-06-13 18:59:30,Web,Returned
ORD000013795,1223,1223,2021-05-07 17:02:43,App,Delivered
ORD000013796,4641,4641,2025-04-12 04:33:15,App,Delivered
ORD000013797,4915,4915,2025-09-26 18:36:38,App,Delivered
ORD000013798,602,602,2022-08-07 09:24:35,Web,Delivered
ORD000013799,1489,1489,2023-01-28 01:25:13,App,Cancelled
ORD000013800,3162,3162,2023-12-14 00:24:49,Store,Delivered
ORD000013801,4981,4981,2021-10-04 21:40:26,Web,Delivered
ORD000013802,2895,2895,2022-06-07 16:22:06,App,Delivered
ORD000013803,1812,1812,2022-02-24 09:16:34,App,Placed
ORD000013804,5831,5831,2021-10-25 03:00:02,App,Delivered
ORD000013805,5048,5048,2026-01-15 21:55:53,App,Placed
ORD000013806,5688,5688,2021-11-02 06:59:27,App,Delivered
ORD000013807,1773,1773,2022-09-05 15:23:49,App,Shipped
ORD000013808,1,1,2023-07-18 12:38:45,Web,Delivered
ORD000013809,5287,5287,2024-06-18 09:26:07,App,Shipped
ORD000013810,4645,4645,2024-07-28 16:33:11,Web,Returned
ORD000013811,5906,5906,2024-04-29 23:13:29,Web,Delivered
ORD000013812,5064,5064,2021-11-28 07:51:17,Web,Delivered
ORD000013813,5362,5362,2024-11-27 10:20:01,Web,Delivered
ORD000013814,2182,2182,2025-11-04 12:16:51,App,Shipped
ORD000013815,3324,3324,2023-05-11 03:18:35,App,Delivered
ORD000013816,4965,4965,2021-10-31 10:53:25,App,Returned
ORD000013817,5899,5899,2022-04-15 09:17:03,App,Delivered
ORD000013818,2778,2778,2023-07-31 02:47:24,Web,Placed
ORD000013819,5192,5192,2024-01-19 14:45:43,Web,Delivered
ORD000013820,4617,4617,2023-02-18 07:57:01,Web,Delivered
ORD000013821,909,909,2021-11-04 16:13:04,App,Delivered
ORD000013822,1923,1923,2025-03-01 00:31:46,App,Delivered
ORD000013823,1987,1987,2025-12-26 22:53:55,App,Delivered
ORD000013824,5827,5827,2023-02-01 12:17:47,Store,Delivered
ORD000013825,4043,4043,2023-03-16 12:21:53,App,Delivered
ORD000013826,1838,1838,2024-03-25 13:57:57,Web,Delivered
ORD000013827,3642,3642,2021-08-05 17:21:11,App,Cancelled
ORD000013828,501,501,2023-06-09 16:00:34,App,Delivered
ORD000013829,1823,1823,2024-08-25 12:14:57,App,Delivered
ORD000013830,1332,1332,2021-07-04 13:20:52,Web,Returned
ORD000013831,4347,4347,2023-03-06 08:16:39,Web,Delivered
ORD000013832,2953,2953,2023-12-02 14:39:53,Web,Delivered
ORD000013833,1627,1627,2025-03-13 04:08:53,Web,Shipped
ORD000013834,1228,1228,2023-07-30 02:30:52,App,Delivered
ORD000013835,2056,2056,2025-03-01 10:40:44,App,Delivered
ORD000013836,2156,2156,2023-08-15 10:38:06,Web,Delivered
ORD000013837,5865,5865,2022-06-19 09:58:59,Web,Placed
ORD000013838,1878,1878,2022-07-30 10:58:10,Web,Delivered
ORD000013839,4062,4062,2021-03-22 07:52:43,Web,Delivered
ORD000013840,2865,2865,2023-07-14 03:56:03,App,Cancelled
ORD000013841,2571,2571,2026-02-11 22:54:35,Web,Shipped
ORD000013842,1397,1397,2024-04-13 13:35:15,Web,Delivered
ORD000013843,4482,4482,2023-01-09 06:26:46,Web,Delivered
ORD000013844,4279,4279,2021-03-23 16:41:10,App,Delivered
ORD000013845,2970,2970,2022-02-07 05:09:20,App,Delivered
ORD000013846,5299,5299,2023-07-23 05:11:07,App,Cancelled
ORD000013847,5111,5111,2025-10-04 14:20:30,App,Delivered
ORD000013848,5724,5724,2022-11-12 07:52:40,Web,Delivered
ORD000013849,3590,3590,2025-06-17 11:23:33,App,Placed
ORD000013850,1892,1892,2024-03-31 15:41:51,App,Shipped
ORD000013851,5132,5132,2023-08-08 20:14:31,App,Delivered
ORD000013852,1274,1274,2021-04-21 14:53:48,Web,Delivered
ORD000013853,2246,2246,2021-12-19 08:34:10,App,Shipped
ORD000013854,3711,3711,2024-06-13 11:20:45,Web,Delivered
ORD000013855,5568,5568,2021-08-26 11:52:02,App,Returned
ORD000013856,37,37,2023-09-04 11:06:43,App,Delivered
ORD000013857,2941,2941,2021-03-12 06:58:54,App,Delivered
ORD000013858,421,421,2021-09-29 08:10:05,App,Delivered
ORD000013859,3080,3080,2021-11-09 12:55:17,App,Delivered
ORD000013860,4216,4216,2025-08-25 22:50:33,App,Delivered
ORD000013861,4840,4840,2024-01-04 22:05:49,App,Delivered
ORD000013862,3809,3809,2024-01-05 07:08:22,App,Shipped
ORD000013863,2420,2420,2021-07-18 17:56:02,App,Returned
ORD000013864,2281,2281,2022-09-06 08:58:53,App,Placed
ORD000013865,5550,5550,2023-02-16 13:31:56,Web,Delivered
ORD000013866,2335,2335,2021-11-10 11:27:50,App,Delivered
ORD000013867,738,738,2025-10-04 06:23:56,Store,Delivered
ORD000013868,1419,1419,2025-03-19 06:01:55,App,Delivered
ORD000013869,5540,5540,2024-07-09 21:24:00,Web,Delivered
ORD000013870,4548,4548,2025-08-27 10:40:23,Web,Placed
ORD000013871,2042,2042,2024-09-11 08:17:13,Web,Returned
ORD000013872,1786,1786,2023-03-20 04:09:23,App,Shipped
ORD000013873,5392,5392,2024-05-08 21:35:12,Web,Returned
ORD000013874,5406,5406,2023-06-14 18:33:57,App,Delivered
ORD000013875,1063,1063,2025-01-03 12:55:22,Web,Placed
ORD000013876,5676,5676,2026-02-03 03:06:19,Web,Placed
ORD000013877,3569,3569,2023-10-18 08:57:58,Web,Delivered
ORD000013878,5061,5061,2022-10-12 10:27:01,App,Shipped
ORD000013879,5608,5608,2022-01-12 11:47:33,App,Delivered
ORD000013880,372,372,2024-08-28 17:48:23,Web,Delivered
ORD000013881,2597,2597,2021-09-17 02:11:01,Web,Delivered
ORD000013882,1003,1003,2024-05-28 19:56:09,App,Delivered
ORD000013883,5376,5376,2021-02-15 20:26:05,Web,Delivered
ORD000013884,2524,2524,2023-05-04 21:22:20,Web,Delivered
ORD000013885,4501,4501,2021-04-14 14:37:55,App,Placed
ORD000013886,5651,5651,2022-10-01 13:58:02,App,Delivered
ORD000013887,1419,1419,2024-07-31 10:55:22,Web,Delivered
ORD000013888,4677,4677,2026-01-29 23:08:34,Web,Delivered
ORD000013889,3202,3202,2022-12-21 19:49:29,Web,Delivered
ORD000013890,627,627,2024-03-25 21:43:07,App,Delivered
ORD000013891,1822,1822,2023-09-24 04:30:19,App,Delivered
ORD000013892,5393,5393,2025-11-15 08:27:00,Web,Placed
ORD000013893,4437,4437,2023-08-13 08:04:03,App,Shipped
ORD000013894,4308,4308,2024-12-07 02:47:47,App,Returned
ORD000013895,2962,2962,2022-08-04 07:23:32,App,Delivered
ORD000013896,1647,1647,2025-10-01 13:04:59,Web,Delivered
ORD000013897,2000,2000,2025-11-20 13:55:47,Store,Cancelled
ORD000013898,2636,2636,2023-04-06 12:47:14,App,Delivered
ORD000013899,2344,2344,2022-10-01 15:30:22,Web,Delivered
ORD000013900,5510,5510,2023-10-25 08:14:09,Web,Delivered
ORD000013901,3160,3160,2021-07-26 05:19:32,Web,Delivered
ORD000013902,1010,1010,2025-10-11 10:16:21,App,Delivered
ORD000013903,5009,5009,2022-07-27 22:35:06,Web,Placed
ORD000013904,3219,3219,2023-09-01 19:14:56,Web,Delivered
ORD000013905,5999,5999,2023-07-06 01:54:07,Web,Returned
ORD000013906,4151,4151,2021-04-25 14:10:44,App,Delivered
ORD000013907,5724,5724,2024-08-12 18:38:54,App,Placed
ORD000013908,2813,2813,2022-10-26 07:15:59,Web,Shipped
ORD000013909,3741,3741,2024-12-08 09:06:48,Web,Returned
ORD000013910,4977,4977,2021-07-07 22:25:21,App,Cancelled
ORD000013911,4039,4039,2021-05-18 06:43:14,Web,Shipped
ORD000013912,3835,3835,2025-09-23 10:05:15,App,Returned
ORD000013913,1800,1800,2026-02-04 20:20:45,App,Shipped
ORD000013914,2885,2885,2024-08-14 16:54:13,Web,Returned
ORD000013915,1323,1323,2021-07-14 08:56:52,Web,Cancelled
ORD000013916,5730,5730,2022-05-17 14:40:19,Web,Returned
ORD000013917,2610,2610,2024-03-07 02:37:09,App,Shipped
ORD000013918,725,725,2024-11-06 12:11:15,App,Delivered
ORD000013919,2412,2412,2023-07-06 05:04:20,App,Delivered
ORD000013920,1316,1316,2023-07-29 06:25:27,Web,Delivered
ORD000013921,1413,1413,2021-11-24 22:08:20,Store,Delivered
ORD000013922,4849,4849,2024-05-12 08:18:06,App,Delivered
ORD000013923,3543,3543,2021-03-18 16:37:19,Web,Delivered
ORD000013924,1555,1555,2024-10-06 20:10:05,App,Delivered
ORD000013925,426,426,2025-10-11 02:03:13,App,Placed
ORD000013926,3950,3950,2022-06-28 23:08:44,Web,Delivered
ORD000013927,4495,4495,2023-06-05 10:06:01,App,Delivered
ORD000013928,304,304,2025-11-21 06:03:48,App,Cancelled
ORD000013929,5833,5833,2021-10-05 11:29:52,Web,Placed
ORD000013930,104,104,2024-08-31 17:47:13,App,Delivered
ORD000013931,364,364,2023-03-08 22:55:33,App,Placed
ORD000013932,5202,5202,2021-07-26 16:41:31,App,Placed
ORD000013933,5951,5951,2025-11-14 00:27:11,App,Delivered
ORD000013934,4663,4663,2025-12-29 01:55:16,App,Delivered
ORD000013935,2848,2848,2022-10-14 01:13:06,Web,Shipped
ORD000013936,5868,5868,2025-09-04 18:42:18,App,Delivered
ORD000013937,2724,2724,2024-10-27 02:45:35,Web,Delivered
ORD000013938,3949,3949,2021-09-16 17:14:02,App,Delivered
ORD000013939,1109,1109,2024-03-18 13:37:23,App,Returned
ORD000013940,5339,5339,2024-10-04 08:57:46,Web,Delivered
ORD000013941,2416,2416,2021-11-19 16:01:00,Store,Delivered
ORD000013942,1898,1898,2023-03-12 10:19:58,App,Placed
ORD000013943,4821,4821,2023-10-19 17:29:11,Web,Returned
ORD000013944,715,715,2024-07-07 18:53:35,Store,Delivered
ORD000013945,2873,2873,2022-03-05 13:40:33,App,Placed
ORD000013946,5932,5932,2021-02-23 18:43:35,App,Returned
ORD000013947,5362,5362,2022-06-17 13:31:07,Web,Placed
ORD000013948,1203,1203,2025-05-27 10:34:50,App,Delivered
ORD000013949,92,92,2024-03-24 13:51:28,App,Delivered
ORD000013950,1524,1524,2021-08-29 06:24:35,Web,Returned
ORD000013951,5770,5770,2025-09-11 11:53:58,App,Returned
ORD000013952,5626,5626,2025-12-11 08:05:25,Web,Delivered
ORD000013953,4720,4720,2025-09-13 02:58:05,Web,Delivered
ORD000013954,3980,3980,2025-06-29 15:59:19,Web,Delivered
ORD000013955,169,169,2023-03-29 10:03:17,App,Delivered
ORD000013956,1320,1320,2025-03-28 10:26:49,Web,Delivered
ORD000013957,2241,2241,2022-01-18 14:30:33,App,Delivered
ORD000013958,5581,5581,2024-11-05 10:23:54,Web,Delivered
ORD000013959,870,870,2022-10-31 05:27:02,Store,Delivered
ORD000013960,2767,2767,2021-09-15 09:50:35,App,Delivered
ORD000013961,3358,3358,2023-07-27 23:27:23,App,Delivered
ORD000013962,3288,3288,2024-10-05 04:11:04,Web,Cancelled
ORD000013963,5576,5576,2021-05-25 01:44:10,App,Delivered
ORD000013964,975,975,2022-02-27 05:33:25,App,Delivered
ORD000013965,4457,4457,2021-03-12 19:07:06,Web,Shipped
ORD000013966,4139,4139,2023-05-13 22:30:47,Web,Delivered
ORD000013967,2229,2229,2021-06-06 09:20:56,Web,Delivered
ORD000013968,2559,2559,2023-06-01 06:47:06,App,Placed
ORD000013969,2510,2510,2022-10-09 23:29:49,App,Placed
ORD000013970,5979,5979,2022-02-14 06:14:25,App,Delivered
ORD000013971,2334,2334,2024-10-29 15:33:21,App,Delivered
ORD000013972,1321,1321,2025-08-24 17:54:12,Web,Shipped
ORD000013973,1580,1580,2024-06-12 09:23:57,Web,Cancelled
ORD000013974,1909,1909,2023-03-07 04:46:12,App,Delivered
ORD000013975,1785,1785,2021-10-10 23:46:03,App,Delivered
ORD000013976,1916,1916,2024-11-18 14:22:01,Store,Delivered
ORD000013977,2981,2981,2025-05-15 15:57:29,App,Returned
ORD000013978,257,257,2021-11-29 07:17:37,Web,Delivered
ORD000013979,1241,1241,2025-09-30 13:47:05,App,Delivered
ORD000013980,2570,2570,2022-02-08 10:02:59,Web,Delivered
ORD000013981,750,750,2023-04-15 01:36:40,App,Cancelled
ORD000013982,3323,3323,2024-08-22 08:36:51,App,Placed
ORD000013983,3287,3287,2023-08-09 11:58:40,App,Delivered
ORD000013984,4753,4753,2025-07-21 12:45:08,App,Delivered
ORD000013985,734,734,2022-06-20 19:10:37,App,Delivered
ORD000013986,2387,2387,2024-05-18 02:07:49,Web,Delivered
ORD000013987,4324,4324,2021-05-27 07:36:00,App,Returned
ORD000013988,1260,1260,2025-12-16 04:01:42,App,Returned
ORD000013989,2414,2414,2025-04-23 02:24:30,Web,Delivered
ORD000013990,2906,2906,2025-04-24 10:52:51,App,Placed
ORD000013991,2497,2497,2021-04-18 14:02:42,Web,Delivered
ORD000013992,2555,2555,2023-10-11 08:12:20,App,Placed
ORD000013993,3705,3705,2023-01-21 12:46:44,App,Delivered
ORD000013994,2110,2110,2022-04-03 02:33:27,Web,Delivered
ORD000013995,3403,3403,2022-12-22 18:48:09,App,Delivered
ORD000013996,4283,4283,2025-11-20 11:02:55,App,Placed
ORD000013997,5657,5657,2021-12-19 13:39:47,Store,Delivered
ORD000013998,1529,1529,2023-01-09 11:59:44,App,Delivered
ORD000013999,851,851,2025-11-25 01:02:44,App,Placed
ORD000014000,5441,5441,2023-02-10 23:41:36,App,Placed
