OrderPromoId,OrderId,PromotionId,DiscountINR
1,ORD000000001,3,480.42
2,ORD000000004,5,91.46
3,ORD000000012,4,383.31
4,ORD000000013,5,2083.64
5,ORD000000015,2,144.33
6,ORD000000019,4,23.15
7,ORD000000023,3,50.92
8,ORD000000024,5,632.88
9,ORD000000028,3,185.37
10,ORD000000029,5,160.35
11,ORD000000030,2,44.77
12,ORD000000031,1,7.14
13,ORD000000033,2,88.87
14,ORD000000035,5,10.63
15,ORD000000036,1,1094.8
16,ORD000000041,5,13.09
17,ORD000000043,4,578.45
18,ORD000000047,4,12.25
19,ORD000000051,5,387.64
20,ORD000000052,5,682.92
21,ORD000000053,3,869.24
22,ORD000000061,2,54.43
23,ORD000000062,2,14.41
24,ORD000000068,1,51.09
25,ORD000000069,3,201.64
26,ORD000000072,4,282.02
27,ORD000000078,2,474.53
28,ORD000000080,1,8.38
29,ORD000000081,1,429.2
30,ORD000000082,5,5.63
31,ORD000000085,5,30.0
32,ORD000000087,5,48.67
33,ORD000000093,5,15.11
34,ORD000000096,2,519.89
35,ORD000000097,4,42.38
36,ORD000000101,3,567.95
37,ORD000000102,4,614.95
38,ORD000000105,3,216.27
39,ORD000000108,3,3.89
40,ORD000000112,1,14.1
41,ORD000000118,4,546.33
42,ORD000000121,1,246.2
43,ORD000000122,2,9.51
44,ORD000000125,5,400.6
45,ORD000000127,4,314.04
46,ORD000000128,5,427.1
47,ORD000000129,5,71.17
48,ORD000000130,2,260.85
49,ORD000000132,2,241.84
50,ORD000000133,5,3779.72
51,ORD000000134,2,138.55
52,ORD000000138,1,82.17
53,ORD000000143,5,4.81
54,ORD000000149,3,162.85
55,ORD000000153,1,145.15
56,ORD000000156,2,9.38
57,ORD000000157,2,37.69
58,ORD000000158,4,18.65
59,ORD000000159,3,16.05
60,ORD000000161,5,32.52
61,ORD000000163,3,25.37
62,ORD000000164,4,481.17
63,ORD000000165,3,242.59
64,ORD000000166,3,401.1
65,ORD000000169,4,25.68
66,ORD000000170,1,48.73
67,ORD000000171,2,7.59
68,ORD000000172,4,791.04
69,ORD000000176,4,146.91
70,ORD000000179,4,20.71
71,ORD000000181,5,182.26
72,ORD000000183,1,100.02
73,ORD000000188,1,872.89
74,ORD000000189,1,750.41
75,ORD000000194,5,675.05
76,ORD000000195,4,4.0
77,ORD000000199,5,136.88
78,ORD000000203,4,128.79
79,ORD000000208,4,26.13
80,ORD000000210,3,6.34
81,ORD000000213,1,126.89
82,ORD000000216,2,1116.63
83,ORD000000219,2,163.97
84,ORD000000223,2,22.32
85,ORD000000232,4,1873.68
86,ORD000000234,3,214.52
87,ORD000000236,1,108.1
88,ORD000000239,1,898.39
89,ORD000000240,5,4492.26
90,ORD000000241,2,685.12
91,ORD000000243,2,21.27
92,ORD000000245,1,28.6
93,ORD000000246,2,10.45
94,ORD000000248,2,612.06
95,ORD000000251,2,1048.46
96,ORD000000254,4,119.98
97,ORD000000255,4,294.26
98,ORD000000261,3,86.37
99,ORD000000266,2,44.28
100,ORD000000273,1,4.13
101,ORD000000275,3,60.54
102,ORD000000280,2,28.8
103,ORD000000281,1,171.09
104,ORD000000282,4,15.25
105,ORD000000287,2,65.53
106,ORD000000288,4,11.89
107,ORD000000289,5,574.09
108,ORD000000290,5,30.83
109,ORD000000291,1,1585.66
110,ORD000000297,1,57.69
111,ORD000000298,5,155.41
112,ORD000000301,2,277.65
113,ORD000000302,4,457.31
114,ORD000000307,5,34.66
115,ORD000000309,2,7.29
116,ORD000000310,2,1177.25
117,ORD000000317,4,528.02
118,ORD000000319,2,335.6
119,ORD000000321,2,32.33
120,ORD000000322,2,1192.93
121,ORD000000323,4,671.05
122,ORD000000324,1,67.47
123,ORD000000326,3,410.21
124,ORD000000335,4,16.03
125,ORD000000336,2,17.6
126,ORD000000337,3,32.1
127,ORD000000338,3,14.07
128,ORD000000339,5,243.03
129,ORD000000340,5,50.12
130,ORD000000341,3,50.92
131,ORD000000345,4,1309.67
132,ORD000000347,3,28.73
133,ORD000000356,3,1389.75
134,ORD000000359,5,1639.29
135,ORD000000360,5,12.87
136,ORD000000362,3,888.32
137,ORD000000364,4,1290.03
138,ORD000000365,4,53.16
139,ORD000000368,5,132.93
140,ORD000000372,4,42.06
141,ORD000000374,4,30.0
142,ORD000000375,5,38.7
143,ORD000000376,2,77.17
144,ORD000000378,3,8.57
145,ORD000000380,4,1994.37
146,ORD000000384,2,10.16
147,ORD000000385,2,11.9
148,ORD000000388,3,166.22
149,ORD000000391,3,173.98
150,ORD000000392,3,7.27
151,ORD000000395,4,164.82
152,ORD000000400,1,22.79
153,ORD000000404,3,19.33
154,ORD000000407,3,647.22
155,ORD000000410,5,17.59
156,ORD000000421,5,515.3
157,ORD000000422,4,43.2
158,ORD000000423,1,91.34
159,ORD000000424,5,1082.64
160,ORD000000425,4,28.95
161,ORD000000428,5,62.06
162,ORD000000433,2,1139.73
163,ORD000000435,3,104.82
164,ORD000000437,1,12.95
165,ORD000000438,4,23.11
166,ORD000000441,5,45.31
167,ORD000000444,4,65.65
168,ORD000000446,5,474.98
169,ORD000000450,1,112.46
170,ORD000000452,3,32.77
171,ORD000000453,1,3.94
172,ORD000000460,3,15.73
173,ORD000000462,3,24.65
174,ORD000000467,4,9.95
175,ORD000000468,3,32.71
176,ORD000000470,2,7.53
177,ORD000000471,5,4.08
178,ORD000000472,2,479.7
179,ORD000000478,1,124.69
180,ORD000000479,2,11.52
181,ORD000000480,1,27.61
182,ORD000000484,5,36.15
183,ORD000000487,1,2045.44
184,ORD000000488,1,707.11
185,ORD000000490,4,1365.57
186,ORD000000492,5,19.5
187,ORD000000493,5,5.65
188,ORD000000499,5,61.11
189,ORD000000500,2,2940.31
190,ORD000000502,1,322.32
191,ORD000000511,2,135.44
192,ORD000000515,3,107.66
193,ORD000000516,2,63.26
194,ORD000000519,4,13.99
195,ORD000000520,3,28.39
196,ORD000000521,2,619.3
197,ORD000000522,3,32.68
198,ORD000000523,4,6.63
199,ORD000000525,2,9.66
200,ORD000000526,4,766.68
201,ORD000000528,3,76.93
202,ORD000000530,2,320.08
203,ORD000000534,2,253.79
204,ORD000000541,5,9.35
205,ORD000000552,3,338.5
206,ORD000000553,1,1514.73
207,ORD000000554,2,116.11
208,ORD000000556,2,13.74
209,ORD000000562,2,15.31
210,ORD000000566,5,1999.95
211,ORD000000572,1,1327.97
212,ORD000000575,2,48.85
213,ORD000000578,5,11.34
214,ORD000000579,1,425.84
215,ORD000000580,4,13.65
216,ORD000000581,2,5.2
217,ORD000000586,4,34.29
218,ORD000000587,4,1006.04
219,ORD000000592,4,3148.51
220,ORD000000602,3,627.19
221,ORD000000605,1,95.99
222,ORD000000607,2,103.19
223,ORD000000608,5,12.39
224,ORD000000609,5,49.6
225,ORD000000615,5,3.92
226,ORD000000617,3,346.57
227,ORD000000618,3,512.06
228,ORD000000626,4,53.83
229,ORD000000628,5,106.53
230,ORD000000633,1,571.87
231,ORD000000634,5,23.48
232,ORD000000638,4,20.48
233,ORD000000639,1,13.08
234,ORD000000640,4,475.06
235,ORD000000642,3,417.83
236,ORD000000648,2,41.6
237,ORD000000653,4,46.52
238,ORD000000659,5,12.04
239,ORD000000661,5,110.98
240,ORD000000664,1,149.89
241,ORD000000666,5,4.42
242,ORD000000680,3,61.56
243,ORD000000683,2,596.09
244,ORD000000686,2,9.96
245,ORD000000690,2,134.03
246,ORD000000705,2,588.49
247,ORD000000707,3,1615.05
248,ORD000000710,2,24.05
249,ORD000000712,5,427.15
250,ORD000000717,4,38.7
251,ORD000000719,5,172.92
252,ORD000000722,5,597.35
253,ORD000000724,5,133.41
254,ORD000000727,4,30.25
255,ORD000000728,3,295.5
256,ORD000000733,4,6.83
257,ORD000000739,1,31.93
258,ORD000000746,2,30.63
259,ORD000000748,5,75.24
260,ORD000000750,2,674.75
261,ORD000000753,1,17.75
262,ORD000000755,2,680.36
263,ORD000000757,3,378.55
264,ORD000000761,2,244.7
265,ORD000000762,5,43.97
266,ORD000000768,5,201.65
267,ORD000000769,2,57.92
268,ORD000000770,3,11.73
269,ORD000000774,1,8.82
270,ORD000000775,5,40.82
271,ORD000000777,1,11.69
272,ORD000000782,1,66.31
273,ORD000000783,4,49.97
274,ORD000000784,2,2.1
275,ORD000000796,3,594.59
276,ORD000000803,4,25.45
277,ORD000000807,1,842.33
278,ORD000000808,4,4.27
279,ORD000000809,1,228.57
280,ORD000000811,4,22.91
281,ORD000000816,2,683.63
282,ORD000000820,5,447.37
283,ORD000000823,3,73.66
284,ORD000000824,3,2314.08
285,ORD000000827,1,286.14
286,ORD000000828,5,56.78
287,ORD000000831,5,77.92
288,ORD000000835,3,18.73
289,ORD000000841,1,13.58
290,ORD000000844,3,15.79
291,ORD000000845,3,710.39
292,ORD000000846,3,99.88
293,ORD000000848,1,25.89
294,ORD000000851,1,291.49
295,ORD000000852,1,30.24
296,ORD000000853,3,4.1
297,ORD000000854,4,397.02
298,ORD000000855,1,1876.34
299,ORD000000858,4,56.2
300,ORD000000859,3,8.65
301,ORD000000863,5,1002.08
302,ORD000000867,2,619.72
303,ORD000000869,3,1901.73
304,ORD000000877,3,96.27
305,ORD000000878,3,127.37
306,ORD000000879,4,22.65
307,ORD000000880,5,2005.87
308,ORD000000883,2,33.56
309,ORD000000886,4,398.58
310,ORD000000888,4,1353.87
311,ORD000000891,3,23.74
312,ORD000000892,2,13.87
313,ORD000000898,2,25.04
314,ORD000000901,1,19.68
315,ORD000000903,5,62.76
316,ORD000000906,3,789.07
317,ORD000000909,1,89.62
318,ORD000000912,4,117.64
319,ORD000000913,2,223.04
320,ORD000000920,5,2369.76
321,ORD000000925,3,218.34
322,ORD000000926,2,121.82
323,ORD000000929,4,2563.38
324,ORD000000933,1,238.68
325,ORD000000943,1,7.33
326,ORD000000957,2,22.33
327,ORD000000958,2,393.63
328,ORD000000965,3,1259.89
329,ORD000000969,5,7.98
330,ORD000000970,2,1834.43
331,ORD000000971,1,24.73
332,ORD000000975,4,8.01
333,ORD000000976,1,123.78
334,ORD000000978,4,22.49
335,ORD000000979,1,40.26
336,ORD000000980,5,87.48
337,ORD000000981,1,431.47
338,ORD000000984,1,502.59
339,ORD000000987,4,88.46
340,ORD000000992,1,21.08
341,ORD000000993,3,825.7
342,ORD000000996,3,4.36
343,ORD000000997,3,5.09
344,ORD000000998,5,48.1
345,ORD000000999,2,1267.56
346,ORD000001006,3,111.95
347,ORD000001009,1,12.8
348,ORD000001015,1,1349.93
349,ORD000001019,3,5668.03
350,ORD000001024,1,230.03
351,ORD000001029,5,13.85
352,ORD000001030,5,7.3
353,ORD000001036,2,20.82
354,ORD000001044,4,58.75
355,ORD000001046,1,25.39
356,ORD000001047,4,33.06
357,ORD000001050,2,1208.42
358,ORD000001051,3,29.26
359,ORD000001052,5,381.69
360,ORD000001054,3,150.42
361,ORD000001055,2,95.22
362,ORD000001059,2,162.74
363,ORD000001060,3,15.71
364,ORD000001063,5,271.62
365,ORD000001064,1,2651.03
366,ORD000001065,2,2028.82
367,ORD000001067,4,12.0
368,ORD000001069,4,1736.17
369,ORD000001070,2,204.14
370,ORD000001073,2,30.96
371,ORD000001083,5,248.19
372,ORD000001084,4,53.56
373,ORD000001085,5,39.47
374,ORD000001087,2,43.28
375,ORD000001089,1,29.87
376,ORD000001094,3,542.03
377,ORD000001095,2,29.18
378,ORD000001096,3,64.98
379,ORD000001100,3,100.26
380,ORD000001102,2,68.86
381,ORD000001104,2,189.95
382,ORD000001110,1,8.96
383,ORD000001111,3,43.49
384,ORD000001114,4,177.09
385,ORD000001117,2,9.46
386,ORD000001119,5,73.46
387,ORD000001120,4,18.5
388,ORD000001121,4,45.94
389,ORD000001131,2,43.74
390,ORD000001137,5,659.79
391,ORD000001138,2,72.73
392,ORD000001142,4,686.54
393,ORD000001143,4,4520.97
394,ORD000001145,5,10.64
395,ORD000001146,4,30.08
396,ORD000001147,5,702.41
397,ORD000001149,4,674.66
398,ORD000001157,2,36.4
399,ORD000001158,4,55.02
400,ORD000001163,2,760.97
401,ORD000001164,4,8.73
402,ORD000001165,3,463.41
403,ORD000001168,4,94.03
404,ORD000001169,2,61.46
405,ORD000001170,2,4.05
406,ORD000001173,5,246.9
407,ORD000001174,5,10.1
408,ORD000001177,2,4.43
409,ORD000001178,4,70.0
410,ORD000001179,3,11.58
411,ORD000001180,3,73.21
412,ORD000001181,4,54.02
413,ORD000001187,5,765.24
414,ORD000001188,5,973.75
415,ORD000001194,3,957.11
416,ORD000001195,4,373.09
417,ORD000001200,1,93.27
418,ORD000001206,4,50.37
419,ORD000001214,4,2860.46
420,ORD000001215,5,3188.13
421,ORD000001216,2,37.0
422,ORD000001217,5,418.37
423,ORD000001220,4,186.95
424,ORD000001222,3,415.04
425,ORD000001224,5,25.88
426,ORD000001225,2,46.85
427,ORD000001227,4,922.16
428,ORD000001228,1,2040.57
429,ORD000001231,3,42.98
430,ORD000001232,2,1913.92
431,ORD000001237,5,207.81
432,ORD000001240,3,108.54
433,ORD000001241,1,361.92
434,ORD000001249,2,790.15
435,ORD000001253,5,57.83
436,ORD000001257,1,1152.1
437,ORD000001258,3,603.0
438,ORD000001261,2,259.93
439,ORD000001266,5,31.72
440,ORD000001267,4,327.6
441,ORD000001269,1,14.22
442,ORD000001271,1,10.49
443,ORD000001272,3,87.54
444,ORD000001275,2,2746.62
445,ORD000001279,4,2556.88
446,ORD000001280,5,824.35
447,ORD000001281,2,48.05
448,ORD000001288,2,7.59
449,ORD000001290,1,98.5
450,ORD000001293,1,119.22
451,ORD000001296,4,1391.45
452,ORD000001298,3,49.56
453,ORD000001302,1,47.89
454,ORD000001305,4,48.6
455,ORD000001308,3,21.76
456,ORD000001309,2,50.38
457,ORD000001312,1,13.5
458,ORD000001316,1,81.93
459,ORD000001318,3,108.27
460,ORD000001324,4,29.51
461,ORD000001328,4,637.51
462,ORD000001335,4,29.93
463,ORD000001336,1,1849.99
464,ORD000001339,5,389.57
465,ORD000001340,3,1469.66
466,ORD000001343,2,285.32
467,ORD000001344,2,745.52
468,ORD000001346,2,14.34
469,ORD000001347,5,22.49
470,ORD000001349,2,57.15
471,ORD000001350,2,84.99
472,ORD000001352,1,617.66
473,ORD000001355,2,330.95
474,ORD000001356,5,25.66
475,ORD000001358,2,5.96
476,ORD000001360,1,24.14
477,ORD000001365,4,47.67
478,ORD000001367,3,297.98
479,ORD000001369,1,617.89
480,ORD000001371,1,117.44
481,ORD000001372,3,164.25
482,ORD000001379,4,223.48
483,ORD000001380,3,265.47
484,ORD000001381,5,49.57
485,ORD000001382,2,43.24
486,ORD000001383,5,21.49
487,ORD000001384,3,68.06
488,ORD000001386,5,54.1
489,ORD000001387,5,6.26
490,ORD000001397,1,953.72
491,ORD000001399,1,61.47
492,ORD000001400,2,118.94
493,ORD000001403,2,1219.01
494,ORD000001406,4,288.38
495,ORD000001408,1,30.5
496,ORD000001409,1,838.32
497,ORD000001410,5,75.7
498,ORD000001412,4,10.02
499,ORD000001413,3,7.86
500,ORD000001424,5,230.07
501,ORD000001430,4,26.38
502,ORD000001433,3,9.06
503,ORD000001438,2,637.13
504,ORD000001441,1,260.78
505,ORD000001445,1,1252.15
506,ORD000001453,5,28.11
507,ORD000001456,4,49.31
508,ORD000001458,4,5.96
509,ORD000001459,1,34.6
510,ORD000001463,1,13.52
511,ORD000001464,5,33.84
512,ORD000001467,5,215.89
513,ORD000001472,5,73.02
514,ORD000001473,4,37.73
515,ORD000001481,3,565.91
516,ORD000001482,4,114.49
517,ORD000001486,2,1.92
518,ORD000001488,3,35.6
519,ORD000001491,4,123.89
520,ORD000001492,3,7.69
521,ORD000001497,1,7.02
522,ORD000001499,3,572.14
523,ORD000001502,4,14.2
524,ORD000001503,5,1634.31
525,ORD000001509,4,996.4
526,ORD000001512,5,25.46
527,ORD000001513,3,709.25
528,ORD000001514,5,21.96
529,ORD000001515,3,30.19
530,ORD000001516,5,52.37
531,ORD000001517,5,18.97
532,ORD000001518,5,27.72
533,ORD000001519,2,314.66
534,ORD000001521,2,627.92
535,ORD000001523,5,43.45
536,ORD000001533,1,18.32
537,ORD000001535,3,739.28
538,ORD000001541,4,162.91
539,ORD000001546,2,871.75
540,ORD000001550,3,910.4
541,ORD000001553,2,142.71
542,ORD000001555,4,19.89
543,ORD000001556,1,175.67
544,ORD000001563,5,365.73
545,ORD000001564,2,305.11
546,ORD000001566,1,2266.44
547,ORD000001569,3,29.35
548,ORD000001572,2,52.68
549,ORD000001577,1,15.96
550,ORD000001578,5,18.85
551,ORD000001580,4,65.55
552,ORD000001588,5,11.1
553,ORD000001590,5,177.27
554,ORD000001591,1,5.37
555,ORD000001595,3,46.47
556,ORD000001600,3,264.15
557,ORD000001602,2,30.43
558,ORD000001603,3,443.89
559,ORD000001606,3,73.22
560,ORD000001608,4,12.44
561,ORD000001609,5,70.18
562,ORD000001610,2,20.82
563,ORD000001614,2,13.77
564,ORD000001617,3,26.93
565,ORD000001618,5,105.08
566,ORD000001620,1,1472.71
567,ORD000001622,3,63.59
568,ORD000001626,4,147.43
569,ORD000001627,4,32.51
570,ORD000001630,2,32.95
571,ORD000001631,2,1821.32
572,ORD000001639,1,75.35
573,ORD000001640,1,26.1
574,ORD000001645,4,16.26
575,ORD000001648,2,1148.71
576,ORD000001652,4,1093.23
577,ORD000001653,3,47.28
578,ORD000001662,3,625.42
579,ORD000001681,3,87.54
580,ORD000001684,1,92.46
581,ORD000001685,5,23.33
582,ORD000001688,3,51.01
583,ORD000001690,4,48.99
584,ORD000001691,5,658.6
585,ORD000001692,4,348.16
586,ORD000001694,1,477.83
587,ORD000001696,4,38.61
588,ORD000001698,2,94.55
589,ORD000001702,1,161.96
590,ORD000001704,4,19.29
591,ORD000001707,3,187.35
592,ORD000001708,3,157.74
593,ORD000001709,4,22.44
594,ORD000001711,4,35.48
595,ORD000001714,2,30.97
596,ORD000001718,5,55.66
597,ORD000001719,1,57.02
598,ORD000001721,5,1440.91
599,ORD000001722,5,82.48
600,ORD000001723,5,25.71
601,ORD000001726,4,169.69
602,ORD000001727,2,1119.79
603,ORD000001729,1,12.55
604,ORD000001738,2,20.03
605,ORD000001739,1,1485.17
606,ORD000001740,4,22.34
607,ORD000001741,3,16.2
608,ORD000001742,3,29.7
609,ORD000001744,3,19.2
610,ORD000001747,2,38.39
611,ORD000001748,5,7.24
612,ORD000001750,5,1401.66
613,ORD000001754,2,12.8
614,ORD000001755,3,60.69
615,ORD000001756,5,203.34
616,ORD000001762,3,1621.64
617,ORD000001766,1,579.03
618,ORD000001767,4,522.09
619,ORD000001769,5,54.95
620,ORD000001770,5,338.71
621,ORD000001771,1,1790.6
622,ORD000001773,3,35.07
623,ORD000001774,3,135.09
624,ORD000001775,2,3162.6
625,ORD000001777,2,1043.21
626,ORD000001778,4,16.24
627,ORD000001780,1,1090.07
628,ORD000001785,2,46.1
629,ORD000001786,1,7.94
630,ORD000001794,2,39.36
631,ORD000001796,5,58.81
632,ORD000001797,2,1359.16
633,ORD000001799,2,91.34
634,ORD000001800,4,34.02
635,ORD000001802,5,99.37
636,ORD000001803,1,123.09
637,ORD000001817,3,250.35
638,ORD000001818,3,140.03
639,ORD000001820,2,167.52
640,ORD000001821,1,87.34
641,ORD000001822,5,7.75
642,ORD000001825,5,67.47
643,ORD000001827,1,45.71
644,ORD000001829,1,732.53
645,ORD000001836,4,554.76
646,ORD000001839,5,21.87
647,ORD000001843,3,16.16
648,ORD000001844,1,43.21
649,ORD000001845,5,1022.89
650,ORD000001849,4,299.58
651,ORD000001850,3,6.98
652,ORD000001855,3,488.95
653,ORD000001859,2,174.93
654,ORD000001860,1,31.44
655,ORD000001861,3,35.7
656,ORD000001869,1,39.41
657,ORD000001870,5,439.95
658,ORD000001874,4,9.66
659,ORD000001877,3,1.57
660,ORD000001881,3,6.55
661,ORD000001882,2,2079.26
662,ORD000001885,3,619.56
663,ORD000001887,3,8.89
664,ORD000001889,2,17.73
665,ORD000001895,5,10.76
666,ORD000001899,4,413.89
667,ORD000001902,3,432.65
668,ORD000001904,1,34.0
669,ORD000001905,1,40.39
670,ORD000001908,4,99.54
671,ORD000001911,1,43.4
672,ORD000001912,5,59.57
673,ORD000001916,4,1326.0
674,ORD000001919,1,32.42
675,ORD000001921,4,12.79
676,ORD000001923,2,168.88
677,ORD000001925,2,8.8
678,ORD000001927,5,382.9
679,ORD000001929,2,5.74
680,ORD000001930,4,109.79
681,ORD000001935,2,13.63
682,ORD000001937,1,1671.89
683,ORD000001940,2,881.68
684,ORD000001941,1,6.84
685,ORD000001944,5,189.77
686,ORD000001947,4,56.77
687,ORD000001948,1,20.17
688,ORD000001952,4,8.44
689,ORD000001953,2,381.55
690,ORD000001954,2,416.71
691,ORD000001957,5,661.05
692,ORD000001958,4,1443.34
693,ORD000001961,4,1500.9
694,ORD000001962,4,770.12
695,ORD000001969,1,39.44
696,ORD000001970,2,22.4
697,ORD000001980,4,155.65
698,ORD000001984,5,34.37
699,ORD000001987,5,616.88
700,ORD000001988,2,4.84
701,ORD000001992,1,44.62
702,ORD000002006,1,18.98
703,ORD000002008,1,37.96
704,ORD000002009,2,272.2
705,ORD000002012,4,79.3
706,ORD000002014,2,7.24
707,ORD000002018,4,2353.38
708,ORD000002020,2,34.87
709,ORD000002024,1,64.52
710,ORD000002026,1,469.93
711,ORD000002031,1,22.76
712,ORD000002035,4,232.17
713,ORD000002044,2,278.56
714,ORD000002045,1,3.02
715,ORD000002047,1,123.85
716,ORD000002048,2,19.75
717,ORD000002054,2,21.44
718,ORD000002055,3,873.0
719,ORD000002056,3,757.47
720,ORD000002057,2,462.87
721,ORD000002059,2,439.14
722,ORD000002065,2,8.34
723,ORD000002066,4,169.46
724,ORD000002071,1,54.35
725,ORD000002074,3,36.03
726,ORD000002077,1,295.05
727,ORD000002080,4,109.36
728,ORD000002083,1,34.38
729,ORD000002086,2,6.07
730,ORD000002096,5,1216.48
731,ORD000002097,4,107.89
732,ORD000002098,3,36.45
733,ORD000002100,4,26.47
734,ORD000002102,4,18.37
735,ORD000002104,2,325.9
736,ORD000002110,1,1128.65
737,ORD000002111,3,12.43
738,ORD000002114,5,9.03
739,ORD000002115,2,157.45
740,ORD000002118,4,54.1
741,ORD000002126,2,46.56
742,ORD000002129,5,351.7
743,ORD000002130,5,28.87
744,ORD000002131,1,661.3
745,ORD000002132,3,211.27
746,ORD000002134,4,521.57
747,ORD000002139,5,8.15
748,ORD000002140,4,208.61
749,ORD000002141,1,394.38
750,ORD000002152,1,74.35
751,ORD000002155,2,3.92
752,ORD000002156,5,23.63
753,ORD000002157,2,2602.57
754,ORD000002160,3,554.76
755,ORD000002162,3,91.08
756,ORD000002171,5,1166.53
757,ORD000002172,1,158.67
758,ORD000002174,3,243.82
759,ORD000002176,2,84.3
760,ORD000002180,2,10.16
761,ORD000002181,4,388.58
762,ORD000002183,4,326.69
763,ORD000002184,5,22.18
764,ORD000002185,5,715.97
765,ORD000002186,3,126.85
766,ORD000002188,4,30.0
767,ORD000002189,4,7.12
768,ORD000002193,4,30.24
769,ORD000002200,3,269.39
770,ORD000002201,5,37.88
771,ORD000002203,2,153.68
772,ORD000002204,5,311.6
773,ORD000002210,1,385.42
774,ORD000002215,1,243.76
775,ORD000002220,2,17.32
776,ORD000002221,2,1532.54
777,ORD000002224,4,397.54
778,ORD000002226,5,1369.78
779,ORD000002231,1,1540.59
780,ORD000002235,1,55.85
781,ORD000002236,1,2535.44
782,ORD000002241,3,3.38
783,ORD000002243,5,301.28
784,ORD000002244,4,265.25
785,ORD000002245,1,7.02
786,ORD000002248,1,248.77
787,ORD000002249,5,2280.46
788,ORD000002250,4,16.28
789,ORD000002253,5,6.26
790,ORD000002257,3,36.7
791,ORD000002262,5,20.23
792,ORD000002263,5,5.4
793,ORD000002270,4,1121.78
794,ORD000002272,3,49.34
795,ORD000002277,3,4.52
796,ORD000002280,5,8551.68
797,ORD000002282,3,301.83
798,ORD000002283,5,60.41
799,ORD000002284,3,855.67
800,ORD000002289,2,310.96
801,ORD000002290,1,546.85
802,ORD000002292,3,13.42
803,ORD000002294,4,20.67
804,ORD000002296,4,69.06
805,ORD000002298,4,663.32
806,ORD000002299,3,410.47
807,ORD000002301,3,35.13
808,ORD000002304,2,185.33
809,ORD000002310,3,110.81
810,ORD000002312,4,6.99
811,ORD000002314,5,734.18
812,ORD000002324,5,21.59
813,ORD000002327,2,47.93
814,ORD000002330,2,331.52
815,ORD000002332,1,1100.75
816,ORD000002333,1,11.81
817,ORD000002336,4,29.67
818,ORD000002337,4,201.43
819,ORD000002338,2,573.61
820,ORD000002347,1,62.71
821,ORD000002349,1,301.97
822,ORD000002350,4,485.76
823,ORD000002352,3,720.53
824,ORD000002355,2,20.88
825,ORD000002356,1,26.06
826,ORD000002359,4,32.45
827,ORD000002360,4,121.59
828,ORD000002365,2,552.43
829,ORD000002367,4,29.26
830,ORD000002371,5,466.98
831,ORD000002373,1,149.36
832,ORD000002383,1,48.54
833,ORD000002384,5,81.34
834,ORD000002386,4,52.92
835,ORD000002388,2,470.11
836,ORD000002389,1,12.16
837,ORD000002394,5,487.55
838,ORD000002395,3,86.66
839,ORD000002397,3,21.59
840,ORD000002400,3,206.21
841,ORD000002402,1,139.76
842,ORD000002405,1,20.5
843,ORD000002407,1,1056.06
844,ORD000002411,3,38.31
845,ORD000002417,3,429.1
846,ORD000002426,3,188.44
847,ORD000002432,4,422.84
848,ORD000002433,4,25.44
849,ORD000002438,5,17.57
850,ORD000002440,3,328.02
851,ORD000002442,1,284.73
852,ORD000002447,1,229.55
853,ORD000002448,5,5.95
854,ORD000002449,5,16.22
855,ORD000002451,5,43.1
856,ORD000002453,4,7.41
857,ORD000002454,5,39.14
858,ORD000002455,2,109.3
859,ORD000002457,1,607.13
860,ORD000002458,3,21.6
861,ORD000002460,5,296.26
862,ORD000002465,1,45.68
863,ORD000002467,1,302.37
864,ORD000002470,5,31.3
865,ORD000002471,5,41.03
866,ORD000002472,2,24.59
867,ORD000002474,4,55.59
868,ORD000002477,5,2.63
869,ORD000002480,2,156.04
870,ORD000002488,5,19.49
871,ORD000002489,5,47.11
872,ORD000002495,5,18.38
873,ORD000002496,3,23.19
874,ORD000002498,3,61.13
875,ORD000002499,1,16.35
876,ORD000002500,2,203.12
877,ORD000002502,3,558.96
878,ORD000002503,1,459.95
879,ORD000002505,2,86.54
880,ORD000002508,3,24.35
881,ORD000002509,4,127.03
882,ORD000002513,5,51.72
883,ORD000002516,2,38.49
884,ORD000002520,3,1655.11
885,ORD000002521,2,571.16
886,ORD000002523,2,4685.69
887,ORD000002527,2,765.9
888,ORD000002528,5,54.43
889,ORD000002529,1,336.79
890,ORD000002537,4,21.15
891,ORD000002539,5,830.31
892,ORD000002540,3,440.15
893,ORD000002543,5,17.41
894,ORD000002544,5,93.07
895,ORD000002550,3,235.13
896,ORD000002551,4,264.97
897,ORD000002554,3,214.47
898,ORD000002555,1,70.14
899,ORD000002557,1,31.21
900,ORD000002560,1,734.17
901,ORD000002561,2,8.85
902,ORD000002569,4,19.64
903,ORD000002570,3,39.01
904,ORD000002571,3,109.82
905,ORD000002572,1,8.56
906,ORD000002574,3,56.41
907,ORD000002578,2,35.02
908,ORD000002583,4,371.69
909,ORD000002585,1,48.39
910,ORD000002587,4,664.78
911,ORD000002592,4,297.12
912,ORD000002593,4,1057.23
913,ORD000002597,2,14.9
914,ORD000002598,5,2.13
915,ORD000002599,1,321.1
916,ORD000002602,3,359.7
917,ORD000002605,1,247.79
918,ORD000002610,2,701.82
919,ORD000002611,3,563.1
920,ORD000002614,2,350.84
921,ORD000002615,2,8.27
922,ORD000002616,1,16.92
923,ORD000002618,3,196.58
924,ORD000002622,4,25.34
925,ORD000002623,1,882.17
926,ORD000002624,5,39.1
927,ORD000002626,3,5.2
928,ORD000002627,4,2036.52
929,ORD000002631,2,734.71
930,ORD000002633,5,266.89
931,ORD000002634,4,605.77
932,ORD000002638,5,2584.88
933,ORD000002640,2,182.17
934,ORD000002642,5,9.43
935,ORD000002644,5,6.78
936,ORD000002648,3,7.12
937,ORD000002660,3,109.01
938,ORD000002661,5,72.05
939,ORD000002666,1,30.58
940,ORD000002667,5,38.41
941,ORD000002672,2,39.49
942,ORD000002675,3,49.24
943,ORD000002679,1,30.35
944,ORD000002680,4,6.0
945,ORD000002682,2,1190.94
946,ORD000002686,1,50.75
947,ORD000002689,5,96.1
948,ORD000002690,2,1168.7
949,ORD000002693,1,7.81
950,ORD000002694,2,82.46
951,ORD000002697,3,18.53
952,ORD000002698,4,70.31
953,ORD000002699,1,27.84
954,ORD000002702,1,885.96
955,ORD000002703,3,82.51
956,ORD000002706,3,548.24
957,ORD000002708,3,49.7
958,ORD000002709,1,83.47
959,ORD000002710,5,190.93
960,ORD000002711,1,386.05
961,ORD000002720,5,35.91
962,ORD000002721,3,761.13
963,ORD000002733,5,362.17
964,ORD000002736,4,29.76
965,ORD000002737,3,32.11
966,ORD000002739,5,54.05
967,ORD000002740,4,126.69
968,ORD000002741,4,27.96
969,ORD000002745,2,24.48
970,ORD000002747,2,82.07
971,ORD000002750,3,2699.33
972,ORD000002755,5,210.83
973,ORD000002757,1,16.63
974,ORD000002759,3,708.38
975,ORD000002762,3,19.03
976,ORD000002763,5,50.67
977,ORD000002769,1,120.15
978,ORD000002770,5,2556.56
979,ORD000002774,3,9.1
980,ORD000002775,4,636.03
981,ORD000002777,1,286.18
982,ORD000002783,3,11.35
983,ORD000002784,5,193.6
984,ORD000002786,3,103.45
985,ORD000002787,3,154.68
986,ORD000002789,1,44.41
987,ORD000002794,5,3.99
988,ORD000002795,5,226.11
989,ORD000002796,5,1014.1
990,ORD000002797,2,103.81
991,ORD000002798,4,181.79
992,ORD000002806,2,9.85
993,ORD000002807,4,91.62
994,ORD000002814,1,138.48
995,ORD000002816,3,350.23
996,ORD000002818,3,74.72
997,ORD000002821,2,754.38
998,ORD000002824,2,4383.71
999,ORD000002825,3,205.83
1000,ORD000002826,5,110.97
1001,ORD000002827,2,4.1
1002,ORD000002828,5,133.6
1003,ORD000002829,3,482.74
1004,ORD000002830,5,5.74
1005,ORD000002833,4,444.72
1006,ORD000002838,3,178.42
1007,ORD000002839,2,33.14
1008,ORD000002842,1,539.27
1009,ORD000002844,4,42.26
1010,ORD000002845,4,294.38
1011,ORD000002846,4,87.44
1012,ORD000002847,1,162.53
1013,ORD000002853,5,13.37
1014,ORD000002854,3,26.05
1015,ORD000002855,4,32.58
1016,ORD000002856,3,3.87
1017,ORD000002857,3,5.17
1018,ORD000002858,4,12.22
1019,ORD000002859,2,121.68
1020,ORD000002872,1,3.19
1021,ORD000002874,5,15.72
1022,ORD000002878,3,4.9
1023,ORD000002879,3,40.54
1024,ORD000002880,2,950.17
1025,ORD000002882,2,38.13
1026,ORD000002888,3,85.94
1027,ORD000002891,4,121.52
1028,ORD000002896,2,801.4
1029,ORD000002901,2,685.61
1030,ORD000002902,3,1294.28
1031,ORD000002906,5,35.41
1032,ORD000002908,5,38.25
1033,ORD000002913,3,22.52
1034,ORD000002915,3,28.95
1035,ORD000002917,5,1117.74
1036,ORD000002918,1,21.65
1037,ORD000002919,1,16.95
1038,ORD000002922,2,229.17
1039,ORD000002923,4,498.31
1040,ORD000002924,5,49.84
1041,ORD000002925,4,1265.96
1042,ORD000002926,1,60.58
1043,ORD000002930,4,3687.88
1044,ORD000002931,5,769.13
1045,ORD000002932,3,74.3
1046,ORD000002938,1,92.14
1047,ORD000002940,3,548.16
1048,ORD000002943,1,299.76
1049,ORD000002944,5,1185.47
1050,ORD000002947,5,504.36
1051,ORD000002957,2,1678.36
1052,ORD000002958,1,36.85
1053,ORD000002959,3,138.57
1054,ORD000002960,3,164.79
1055,ORD000002961,3,1375.17
1056,ORD000002962,2,46.49
1057,ORD000002966,5,1036.35
1058,ORD000002967,2,43.56
1059,ORD000002972,3,47.25
1060,ORD000002973,5,104.87
1061,ORD000002974,5,15.12
1062,ORD000002975,1,303.71
1063,ORD000002976,3,45.26
1064,ORD000002980,2,752.88
1065,ORD000002985,1,35.1
1066,ORD000002993,5,423.89
1067,ORD000002997,5,665.86
1068,ORD000002999,3,22.68
1069,ORD000003004,5,94.68
1070,ORD000003007,2,28.37
1071,ORD000003009,1,130.25
1072,ORD000003010,1,128.07
1073,ORD000003013,4,4.48
1074,ORD000003014,2,1288.13
1075,ORD000003020,3,46.58
1076,ORD000003023,3,207.96
1077,ORD000003024,3,64.71
1078,ORD000003026,1,304.58
1079,ORD000003027,3,5176.71
1080,ORD000003029,5,6.62
1081,ORD000003031,1,459.14
1082,ORD000003035,5,30.07
1083,ORD000003038,3,2.76
1084,ORD000003039,1,82.43
1085,ORD000003041,4,49.07
1086,ORD000003048,5,35.26
1087,ORD000003052,3,1176.79
1088,ORD000003053,2,221.5
1089,ORD000003055,3,358.05
1090,ORD000003059,3,26.5
1091,ORD000003061,5,4.29
1092,ORD000003067,2,38.58
1093,ORD000003068,3,5.8
1094,ORD000003069,3,3.84
1095,ORD000003070,5,421.13
1096,ORD000003072,3,309.69
1097,ORD000003074,4,25.43
1098,ORD000003075,2,22.16
1099,ORD000003077,2,66.23
1100,ORD000003078,5,24.98
1101,ORD000003086,4,71.88
1102,ORD000003087,2,24.09
1103,ORD000003093,1,13.71
1104,ORD000003094,2,9.75
1105,ORD000003103,1,23.61
1106,ORD000003104,4,264.19
1107,ORD000003106,1,46.86
1108,ORD000003110,1,8.96
1109,ORD000003111,1,444.23
1110,ORD000003112,3,42.4
1111,ORD000003119,5,42.26
1112,ORD000003124,2,2147.9
1113,ORD000003131,1,68.18
1114,ORD000003133,4,73.57
1115,ORD000003135,4,4132.52
1116,ORD000003139,5,318.37
1117,ORD000003145,3,59.63
1118,ORD000003146,1,570.38
1119,ORD000003147,4,5951.85
1120,ORD000003148,1,303.57
1121,ORD000003150,5,1281.04
1122,ORD000003153,5,2642.77
1123,ORD000003154,1,190.21
1124,ORD000003155,2,475.41
1125,ORD000003157,4,24.56
1126,ORD000003159,4,34.65
1127,ORD000003164,5,719.16
1128,ORD000003166,3,27.16
1129,ORD000003168,4,295.89
1130,ORD000003173,4,218.2
1131,ORD000003174,5,1274.7
1132,ORD000003176,5,2.89
1133,ORD000003182,3,76.82
1134,ORD000003183,2,207.83
1135,ORD000003185,1,44.66
1136,ORD000003186,3,370.5
1137,ORD000003189,5,40.18
1138,ORD000003191,4,49.91
1139,ORD000003195,4,297.92
1140,ORD000003197,3,22.17
1141,ORD000003202,1,89.15
1142,ORD000003206,5,288.45
1143,ORD000003207,1,40.67
1144,ORD000003208,1,1167.39
1145,ORD000003218,1,45.79
1146,ORD000003220,2,36.29
1147,ORD000003223,2,895.59
1148,ORD000003224,4,130.0
1149,ORD000003229,5,41.62
1150,ORD000003230,5,33.04
1151,ORD000003233,2,54.32
1152,ORD000003243,2,1306.21
1153,ORD000003248,5,431.06
1154,ORD000003252,5,58.66
1155,ORD000003254,2,9.24
1156,ORD000003255,1,1078.23
1157,ORD000003256,1,25.7
1158,ORD000003257,3,2052.82
1159,ORD000003259,2,52.0
1160,ORD000003261,1,61.16
1161,ORD000003263,3,143.01
1162,ORD000003264,5,990.38
1163,ORD000003265,2,32.3
1164,ORD000003295,2,1952.26
1165,ORD000003298,4,52.03
1166,ORD000003301,2,11.97
1167,ORD000003302,4,75.33
1168,ORD000003303,1,130.93
1169,ORD000003307,2,32.01
1170,ORD000003313,5,36.81
1171,ORD000003318,3,37.21
1172,ORD000003324,1,128.64
1173,ORD000003328,3,21.6
1174,ORD000003331,1,34.59
1175,ORD000003333,2,7.98
1176,ORD000003336,4,55.85
1177,ORD000003337,4,18.58
1178,ORD000003339,2,11.7
1179,ORD000003340,2,560.69
1180,ORD000003342,5,64.31
1181,ORD000003343,3,1101.86
1182,ORD000003347,5,13.44
1183,ORD000003348,3,165.03
1184,ORD000003349,5,110.01
1185,ORD000003352,2,7.85
1186,ORD000003357,1,1402.45
1187,ORD000003358,5,180.9
1188,ORD000003369,5,61.45
1189,ORD000003375,4,1565.22
1190,ORD000003377,2,225.26
1191,ORD000003388,3,219.07
1192,ORD000003393,5,39.83
1193,ORD000003395,1,3594.78
1194,ORD000003397,4,290.41
1195,ORD000003398,1,2528.67
1196,ORD000003399,4,25.49
1197,ORD000003409,5,1078.07
1198,ORD000003412,5,2.3
1199,ORD000003413,1,36.55
1200,ORD000003416,3,15.04
1201,ORD000003419,4,289.2
1202,ORD000003420,2,108.8
1203,ORD000003425,5,338.07
1204,ORD000003427,5,37.06
1205,ORD000003431,4,44.42
1206,ORD000003435,3,56.53
1207,ORD000003440,3,147.07
1208,ORD000003442,4,80.78
1209,ORD000003444,3,47.39
1210,ORD000003448,2,12.42
1211,ORD000003450,2,29.06
1212,ORD000003451,1,27.27
1213,ORD000003452,2,1063.87
1214,ORD000003460,5,22.13
1215,ORD000003463,4,79.33
1216,ORD000003470,2,4.44
1217,ORD000003476,2,839.39
1218,ORD000003483,2,24.72
1219,ORD000003484,1,487.15
1220,ORD000003495,1,319.95
1221,ORD000003499,3,106.06
1222,ORD000003505,5,272.19
1223,ORD000003511,2,2568.15
1224,ORD000003514,5,156.25
1225,ORD000003517,1,23.95
1226,ORD000003519,3,125.43
1227,ORD000003521,3,21.55
1228,ORD000003526,1,25.35
1229,ORD000003528,1,63.13
1230,ORD000003529,5,96.61
1231,ORD000003531,3,1448.29
1232,ORD000003532,5,4836.62
1233,ORD000003539,5,183.6
1234,ORD000003541,3,4415.0
1235,ORD000003542,3,253.52
1236,ORD000003543,4,429.9
1237,ORD000003544,5,108.41
1238,ORD000003547,5,23.88
1239,ORD000003553,4,3405.72
1240,ORD000003557,2,172.55
1241,ORD000003559,2,7490.39
1242,ORD000003560,5,1683.89
1243,ORD000003565,4,23.76
1244,ORD000003567,5,943.59
1245,ORD000003570,3,26.26
1246,ORD000003574,4,40.8
1247,ORD000003575,2,721.92
1248,ORD000003582,2,64.16
1249,ORD000003584,5,23.82
1250,ORD000003589,3,297.13
1251,ORD000003590,3,25.92
1252,ORD000003594,5,456.71
1253,ORD000003595,1,6.43
1254,ORD000003596,1,2704.97
1255,ORD000003605,2,29.41
1256,ORD000003612,5,18.62
1257,ORD000003613,5,76.3
1258,ORD000003616,2,216.36
1259,ORD000003620,4,4175.5
1260,ORD000003622,5,194.7
1261,ORD000003623,2,33.82
1262,ORD000003625,3,1121.65
1263,ORD000003628,5,49.77
1264,ORD000003630,3,53.63
1265,ORD000003635,1,19.59
1266,ORD000003636,4,788.94
1267,ORD000003642,4,779.95
1268,ORD000003643,5,262.99
1269,ORD000003645,5,382.26
1270,ORD000003650,2,270.49
1271,ORD000003651,1,506.74
1272,ORD000003653,5,1580.91
1273,ORD000003657,3,1510.91
1274,ORD000003660,3,12.65
1275,ORD000003662,5,919.29
1276,ORD000003665,2,8.7
1277,ORD000003669,2,1487.11
1278,ORD000003670,2,19.9
1279,ORD000003672,2,280.72
1280,ORD000003678,4,60.92
1281,ORD000003680,4,1080.78
1282,ORD000003681,2,11.7
1283,ORD000003686,2,106.89
1284,ORD000003689,3,1281.83
1285,ORD000003695,5,18.22
1286,ORD000003698,1,767.88
1287,ORD000003700,1,830.06
1288,ORD000003705,2,40.54
1289,ORD000003707,4,53.48
1290,ORD000003708,1,434.32
1291,ORD000003711,3,15.31
1292,ORD000003721,3,347.71
1293,ORD000003724,5,10.91
1294,ORD000003730,1,2025.06
1295,ORD000003732,2,21.86
1296,ORD000003741,2,21.24
1297,ORD000003742,2,279.91
1298,ORD000003744,4,1239.99
1299,ORD000003747,1,67.51
1300,ORD000003748,2,1094.49
1301,ORD000003750,4,26.43
1302,ORD000003756,3,170.26
1303,ORD000003759,3,10.62
1304,ORD000003760,4,320.51
1305,ORD000003763,5,20.19
1306,ORD000003765,5,42.19
1307,ORD000003772,5,161.99
1308,ORD000003775,3,94.11
1309,ORD000003776,4,206.69
1310,ORD000003777,4,14.88
1311,ORD000003781,4,16.15
1312,ORD000003787,2,55.28
1313,ORD000003788,4,30.38
1314,ORD000003789,1,71.43
1315,ORD000003792,1,326.51
1316,ORD000003795,5,8.76
1317,ORD000003799,1,119.53
1318,ORD000003803,2,143.67
1319,ORD000003805,4,35.99
1320,ORD000003806,3,357.3
1321,ORD000003808,2,287.19
1322,ORD000003814,2,43.54
1323,ORD000003822,4,108.53
1324,ORD000003828,5,30.58
1325,ORD000003835,5,774.31
1326,ORD000003848,2,32.6
1327,ORD000003853,2,14.13
1328,ORD000003855,4,19.32
1329,ORD000003858,2,15.08
1330,ORD000003859,5,21.08
1331,ORD000003860,4,49.05
1332,ORD000003864,4,28.78
1333,ORD000003866,4,25.88
1334,ORD000003869,1,175.8
1335,ORD000003870,2,94.61
1336,ORD000003872,4,8.35
1337,ORD000003876,5,16.97
1338,ORD000003881,2,89.56
1339,ORD000003884,2,3024.43
1340,ORD000003887,3,564.39
1341,ORD000003891,5,8.31
1342,ORD000003893,1,54.55
1343,ORD000003895,4,596.31
1344,ORD000003896,1,1262.72
1345,ORD000003897,5,25.56
1346,ORD000003900,2,62.99
1347,ORD000003905,3,37.37
1348,ORD000003908,4,119.44
1349,ORD000003911,5,50.15
1350,ORD000003914,5,298.16
1351,ORD000003925,5,19.35
1352,ORD000003926,1,2416.7
1353,ORD000003934,2,38.95
1354,ORD000003935,5,359.4
1355,ORD000003938,4,26.85
1356,ORD000003939,1,409.78
1357,ORD000003940,1,4.34
1358,ORD000003950,4,18.83
1359,ORD000003954,1,11.72
1360,ORD000003955,4,1143.62
1361,ORD000003957,3,162.21
1362,ORD000003959,1,22.34
1363,ORD000003961,1,23.68
1364,ORD000003967,5,568.44
1365,ORD000003970,4,133.02
1366,ORD000003974,3,76.23
1367,ORD000003976,5,11.26
1368,ORD000003978,2,12.47
1369,ORD000003983,5,12.53
1370,ORD000003986,5,700.36
1371,ORD000003987,2,750.59
1372,ORD000003991,2,6.56
1373,ORD000003992,3,27.89
1374,ORD000003995,2,108.88
1375,ORD000003996,1,1677.23
1376,ORD000003997,3,190.44
1377,ORD000003998,2,26.98
1378,ORD000004002,1,129.52
1379,ORD000004004,4,3.72
1380,ORD000004005,3,266.74
1381,ORD000004008,3,2169.55
1382,ORD000004009,4,1703.14
1383,ORD000004012,4,1452.77
1384,ORD000004016,5,1083.95
1385,ORD000004021,2,81.41
1386,ORD000004023,2,2481.08
1387,ORD000004024,2,43.14
1388,ORD000004027,2,849.93
1389,ORD000004028,4,17.87
1390,ORD000004029,4,239.6
1391,ORD000004030,5,5.05
1392,ORD000004033,1,289.14
1393,ORD000004035,4,34.6
1394,ORD000004036,3,25.74
1395,ORD000004038,2,236.43
1396,ORD000004039,4,1955.5
1397,ORD000004044,3,1557.28
1398,ORD000004050,3,425.41
1399,ORD000004057,3,212.88
1400,ORD000004061,3,89.73
1401,ORD000004065,5,2342.65
1402,ORD000004067,3,528.87
1403,ORD000004070,5,2393.91
1404,ORD000004071,2,18.27
1405,ORD000004072,3,42.94
1406,ORD000004076,3,30.67
1407,ORD000004077,2,47.45
1408,ORD000004078,5,17.15
1409,ORD000004080,3,20.97
1410,ORD000004086,5,37.71
1411,ORD000004087,1,26.65
1412,ORD000004089,1,158.35
1413,ORD000004091,4,99.72
1414,ORD000004095,4,1690.28
1415,ORD000004103,2,277.3
1416,ORD000004105,3,1097.09
1417,ORD000004108,1,32.32
1418,ORD000004110,4,11.17
1419,ORD000004111,3,24.79
1420,ORD000004114,4,67.38
1421,ORD000004116,4,1141.97
1422,ORD000004120,4,1578.69
1423,ORD000004121,2,117.0
1424,ORD000004124,5,17.28
1425,ORD000004125,3,90.58
1426,ORD000004128,1,349.43
1427,ORD000004132,3,49.05
1428,ORD000004133,3,25.2
1429,ORD000004135,5,309.55
1430,ORD000004136,5,45.18
1431,ORD000004137,1,201.36
1432,ORD000004147,1,24.61
1433,ORD000004151,3,16.57
1434,ORD000004152,2,1273.43
1435,ORD000004156,3,16.22
1436,ORD000004158,4,373.04
1437,ORD000004161,2,8.98
1438,ORD000004167,4,38.25
1439,ORD000004168,4,92.19
1440,ORD000004169,4,446.13
1441,ORD000004174,2,52.88
1442,ORD000004175,2,1333.28
1443,ORD000004177,1,805.07
1444,ORD000004178,1,48.35
1445,ORD000004179,5,62.3
1446,ORD000004181,5,282.81
1447,ORD000004183,2,578.05
1448,ORD000004187,2,1556.73
1449,ORD000004189,3,668.42
1450,ORD000004193,4,18.59
1451,ORD000004195,4,1185.57
1452,ORD000004196,1,45.94
1453,ORD000004197,3,1466.87
1454,ORD000004198,2,195.25
1455,ORD000004199,4,27.94
1456,ORD000004200,4,4.71
1457,ORD000004202,1,47.73
1458,ORD000004203,1,35.47
1459,ORD000004204,3,9.06
1460,ORD000004205,5,56.94
1461,ORD000004206,3,77.87
1462,ORD000004209,3,355.01
1463,ORD000004211,1,26.62
1464,ORD000004212,4,213.95
1465,ORD000004214,4,136.28
1466,ORD000004215,2,27.8
1467,ORD000004217,1,15.0
1468,ORD000004227,1,15.13
1469,ORD000004229,2,477.98
1470,ORD000004231,3,24.95
1471,ORD000004236,5,30.83
1472,ORD000004238,3,447.92
1473,ORD000004242,5,60.4
1474,ORD000004243,2,789.2
1475,ORD000004246,5,90.23
1476,ORD000004247,5,17.18
1477,ORD000004249,1,126.53
1478,ORD000004251,4,193.03
1479,ORD000004254,2,7.55
1480,ORD000004255,1,57.63
1481,ORD000004259,3,18.81
1482,ORD000004260,5,384.74
1483,ORD000004265,2,77.61
1484,ORD000004270,4,21.92
1485,ORD000004272,4,925.55
1486,ORD000004275,2,44.19
1487,ORD000004277,4,101.98
1488,ORD000004281,4,28.71
1489,ORD000004284,1,67.83
1490,ORD000004285,1,59.51
1491,ORD000004291,4,1761.48
1492,ORD000004292,2,8.75
1493,ORD000004293,1,336.28
1494,ORD000004294,3,22.89
1495,ORD000004297,4,2648.55
1496,ORD000004298,2,181.19
1497,ORD000004299,5,752.87
1498,ORD000004301,1,22.07
1499,ORD000004304,2,14.56
1500,ORD000004309,4,261.43
1501,ORD000004311,1,230.27
1502,ORD000004313,1,106.88
1503,ORD000004314,3,440.78
1504,ORD000004315,1,16.39
1505,ORD000004319,1,225.97
1506,ORD000004326,3,205.11
1507,ORD000004328,2,217.71
1508,ORD000004332,1,367.11
1509,ORD000004339,5,342.74
1510,ORD000004340,1,7.11
1511,ORD000004342,2,455.71
1512,ORD000004343,5,3587.54
1513,ORD000004345,1,179.93
1514,ORD000004347,3,515.65
1515,ORD000004348,1,279.13
1516,ORD000004353,2,38.59
1517,ORD000004356,1,1384.93
1518,ORD000004357,1,1596.36
1519,ORD000004358,2,35.59
1520,ORD000004359,2,185.21
1521,ORD000004360,2,57.68
1522,ORD000004365,3,579.22
1523,ORD000004367,4,2407.7
1524,ORD000004368,4,20.97
1525,ORD000004369,3,17.71
1526,ORD000004371,2,14.4
1527,ORD000004376,3,7.1
1528,ORD000004377,2,37.14
1529,ORD000004378,3,22.94
1530,ORD000004381,5,23.15
1531,ORD000004383,2,122.88
1532,ORD000004385,2,30.71
1533,ORD000004386,2,56.82
1534,ORD000004389,2,13.01
1535,ORD000004391,2,84.48
1536,ORD000004393,4,305.85
1537,ORD000004396,3,1856.55
1538,ORD000004397,5,175.13
1539,ORD000004401,1,53.91
1540,ORD000004409,3,249.6
1541,ORD000004410,3,25.73
1542,ORD000004411,4,1184.11
1543,ORD000004412,1,2149.14
1544,ORD000004413,4,68.99
1545,ORD000004414,4,48.22
1546,ORD000004416,4,16.48
1547,ORD000004417,2,2039.4
1548,ORD000004421,3,37.09
1549,ORD000004424,1,47.12
1550,ORD000004425,4,13.5
1551,ORD000004430,2,3.54
1552,ORD000004431,5,4.31
1553,ORD000004432,1,21.4
1554,ORD000004434,2,2570.36
1555,ORD000004442,3,270.81
1556,ORD000004445,3,24.7
1557,ORD000004449,3,24.92
1558,ORD000004452,2,100.0
1559,ORD000004453,5,41.83
1560,ORD000004455,5,36.19
1561,ORD000004458,3,79.02
1562,ORD000004460,4,19.34
1563,ORD000004463,2,125.28
1564,ORD000004464,3,1089.38
1565,ORD000004465,5,6.91
1566,ORD000004467,1,58.86
1567,ORD000004468,1,2690.87
1568,ORD000004474,3,619.11
1569,ORD000004476,2,321.63
1570,ORD000004482,5,1042.99
1571,ORD000004485,4,138.83
1572,ORD000004490,2,6.73
1573,ORD000004491,2,60.02
1574,ORD000004497,4,85.04
1575,ORD000004499,4,129.06
1576,ORD000004509,3,52.96
1577,ORD000004512,3,5.45
1578,ORD000004516,2,18.14
1579,ORD000004517,1,1.92
1580,ORD000004518,4,3.85
1581,ORD000004524,1,20.29
1582,ORD000004525,4,9.69
1583,ORD000004526,4,258.74
1584,ORD000004527,2,23.95
1585,ORD000004531,3,96.71
1586,ORD000004537,2,602.41
1587,ORD000004539,2,2521.58
1588,ORD000004542,1,8281.44
1589,ORD000004548,5,16.85
1590,ORD000004552,3,3.05
1591,ORD000004555,2,2880.56
1592,ORD000004556,1,14.02
1593,ORD000004561,1,56.88
1594,ORD000004563,2,38.86
1595,ORD000004570,5,8.88
1596,ORD000004572,4,151.62
1597,ORD000004575,2,28.3
1598,ORD000004577,5,1279.22
1599,ORD000004578,3,113.9
1600,ORD000004580,4,15.14
1601,ORD000004582,1,231.85
1602,ORD000004592,5,52.23
1603,ORD000004596,5,441.96
1604,ORD000004608,4,49.25
1605,ORD000004615,5,21.4
1606,ORD000004621,3,31.78
1607,ORD000004624,2,955.55
1608,ORD000004626,4,81.79
1609,ORD000004629,3,26.2
1610,ORD000004630,4,47.64
1611,ORD000004632,3,363.91
1612,ORD000004641,3,105.5
1613,ORD000004646,3,326.82
1614,ORD000004647,3,18.45
1615,ORD000004651,2,626.98
1616,ORD000004652,4,870.8
1617,ORD000004656,5,182.21
1618,ORD000004660,5,77.96
1619,ORD000004661,1,9.49
1620,ORD000004664,2,570.21
1621,ORD000004670,4,26.29
1622,ORD000004672,5,11.86
1623,ORD000004674,4,3.48
1624,ORD000004676,1,3577.53
1625,ORD000004677,3,2259.36
1626,ORD000004678,4,71.54
1627,ORD000004687,2,59.15
1628,ORD000004690,1,886.09
1629,ORD000004692,1,9752.6
1630,ORD000004697,4,199.5
1631,ORD000004699,2,36.58
1632,ORD000004701,1,532.39
1633,ORD000004702,3,11.75
1634,ORD000004703,5,31.19
1635,ORD000004708,2,134.19
1636,ORD000004711,1,28.15
1637,ORD000004712,3,1599.1
1638,ORD000004719,2,118.61
1639,ORD000004720,1,33.3
1640,ORD000004724,5,27.25
1641,ORD000004725,2,1165.48
1642,ORD000004727,3,93.28
1643,ORD000004730,5,502.29
1644,ORD000004731,4,440.0
1645,ORD000004732,2,45.58
1646,ORD000004735,4,51.58
1647,ORD000004736,3,542.44
1648,ORD000004741,5,14.69
1649,ORD000004743,1,4.99
1650,ORD000004748,4,362.0
1651,ORD000004749,5,245.0
1652,ORD000004751,5,724.42
1653,ORD000004752,2,30.76
1654,ORD000004753,2,1304.42
1655,ORD000004755,5,1169.03
1656,ORD000004758,1,46.74
1657,ORD000004763,3,4391.99
1658,ORD000004770,1,59.31
1659,ORD000004771,1,682.17
1660,ORD000004772,4,379.17
1661,ORD000004774,3,1788.03
1662,ORD000004777,5,60.33
1663,ORD000004784,5,72.47
1664,ORD000004787,3,59.48
1665,ORD000004789,1,16.41
1666,ORD000004799,2,9.28
1667,ORD000004801,3,61.15
1668,ORD000004804,5,7.0
1669,ORD000004805,5,6.56
1670,ORD000004807,4,263.21
1671,ORD000004811,4,398.21
1672,ORD000004815,2,62.22
1673,ORD000004819,3,611.78
1674,ORD000004820,3,660.18
1675,ORD000004829,2,73.38
1676,ORD000004831,5,12.99
1677,ORD000004834,5,43.85
1678,ORD000004837,1,104.04
1679,ORD000004839,4,11.52
1680,ORD000004840,4,484.59
1681,ORD000004841,5,1431.6
1682,ORD000004843,3,1259.72
1683,ORD000004845,2,54.44
1684,ORD000004846,3,19.56
1685,ORD000004850,2,24.61
1686,ORD000004854,2,18.07
1687,ORD000004856,1,154.27
1688,ORD000004865,1,310.23
1689,ORD000004866,1,193.76
1690,ORD000004867,4,103.56
1691,ORD000004868,5,69.06
1692,ORD000004870,2,40.14
1693,ORD000004871,5,32.94
1694,ORD000004872,4,310.06
1695,ORD000004874,2,348.74
1696,ORD000004876,2,34.28
1697,ORD000004881,4,3866.66
1698,ORD000004882,2,8.98
1699,ORD000004885,1,31.05
1700,ORD000004887,2,374.25
1701,ORD000004888,3,24.32
1702,ORD000004889,3,15.17
1703,ORD000004890,1,70.33
1704,ORD000004894,4,2.82
1705,ORD000004895,5,113.4
1706,ORD000004899,2,193.8
1707,ORD000004900,5,274.27
1708,ORD000004901,1,45.33
1709,ORD000004902,3,10.14
1710,ORD000004905,3,35.88
1711,ORD000004907,1,47.2
1712,ORD000004910,5,25.09
1713,ORD000004915,3,300.97
1714,ORD000004918,4,50.78
1715,ORD000004920,1,453.25
1716,ORD000004922,2,312.92
1717,ORD000004925,3,580.92
1718,ORD000004927,5,102.95
1719,ORD000004929,4,5046.94
1720,ORD000004936,4,5.68
1721,ORD000004937,2,16.84
1722,ORD000004938,2,79.71
1723,ORD000004941,4,177.43
1724,ORD000004942,4,187.05
1725,ORD000004944,4,141.8
1726,ORD000004946,4,20.46
1727,ORD000004948,4,3.75
1728,ORD000004949,2,79.99
1729,ORD000004950,4,16.23
1730,ORD000004953,1,39.32
1731,ORD000004955,3,255.78
1732,ORD000004961,1,14.44
1733,ORD000004963,4,821.74
1734,ORD000004964,1,3301.38
1735,ORD000004966,2,4269.1
1736,ORD000004970,3,706.18
1737,ORD000004972,4,989.85
1738,ORD000004975,5,898.08
1739,ORD000004976,5,600.54
1740,ORD000004979,4,657.13
1741,ORD000004982,5,129.06
1742,ORD000004983,4,2843.3
1743,ORD000004985,5,16.47
1744,ORD000004987,1,483.12
1745,ORD000004989,2,12.12
1746,ORD000004992,2,1416.61
1747,ORD000004998,1,96.14
1748,ORD000005001,4,688.44
1749,ORD000005002,3,49.09
1750,ORD000005007,2,246.01
1751,ORD000005009,5,263.38
1752,ORD000005017,5,322.38
1753,ORD000005021,4,35.02
1754,ORD000005022,1,38.28
1755,ORD000005023,2,202.8
1756,ORD000005030,1,47.28
1757,ORD000005032,3,343.38
1758,ORD000005041,2,204.79
1759,ORD000005042,5,2145.01
1760,ORD000005048,5,4221.85
1761,ORD000005059,4,12.88
1762,ORD000005061,1,27.64
1763,ORD000005066,1,192.41
1764,ORD000005068,1,971.21
1765,ORD000005071,5,19.76
1766,ORD000005077,2,4.57
1767,ORD000005079,4,13.87
1768,ORD000005085,3,517.52
1769,ORD000005088,4,180.56
1770,ORD000005089,1,10.41
1771,ORD000005092,5,1813.06
1772,ORD000005095,5,73.32
1773,ORD000005097,4,59.02
1774,ORD000005105,2,66.46
1775,ORD000005107,5,421.57
1776,ORD000005111,1,50.66
1777,ORD000005115,4,694.59
1778,ORD000005119,3,115.66
1779,ORD000005121,4,113.88
1780,ORD000005122,2,110.7
1781,ORD000005123,2,1259.15
1782,ORD000005129,3,29.53
1783,ORD000005134,3,39.45
1784,ORD000005135,2,116.35
1785,ORD000005136,4,20.41
1786,ORD000005138,1,24.57
1787,ORD000005139,1,1281.45
1788,ORD000005150,1,1073.14
1789,ORD000005151,3,4.95
1790,ORD000005152,5,30.6
1791,ORD000005155,2,28.14
1792,ORD000005162,3,39.53
1793,ORD000005170,4,6914.85
1794,ORD000005171,4,266.29
1795,ORD000005175,2,5.75
1796,ORD000005180,4,6.09
1797,ORD000005183,2,166.06
1798,ORD000005186,1,180.68
1799,ORD000005188,1,901.09
1800,ORD000005190,1,121.53
1801,ORD000005191,1,1361.52
1802,ORD000005193,3,187.12
1803,ORD000005199,2,96.19
1804,ORD000005201,2,41.67
1805,ORD000005207,4,596.08
1806,ORD000005208,1,593.82
1807,ORD000005210,1,66.76
1808,ORD000005213,5,2175.36
1809,ORD000005214,2,788.84
1810,ORD000005215,3,1073.99
1811,ORD000005216,2,12.35
1812,ORD000005217,2,407.82
1813,ORD000005223,3,222.1
1814,ORD000005227,1,30.39
1815,ORD000005228,1,38.07
1816,ORD000005230,4,83.29
1817,ORD000005243,1,2364.11
1818,ORD000005244,4,1324.46
1819,ORD000005249,4,145.97
1820,ORD000005252,2,377.24
1821,ORD000005256,5,77.93
1822,ORD000005260,1,6.01
1823,ORD000005261,3,258.2
1824,ORD000005262,3,693.47
1825,ORD000005265,1,470.33
1826,ORD000005266,3,804.48
1827,ORD000005270,3,69.74
1828,ORD000005272,3,820.04
1829,ORD000005274,3,342.05
1830,ORD000005279,4,99.94
1831,ORD000005281,5,10.54
1832,ORD000005284,5,22.63
1833,ORD000005289,3,472.77
1834,ORD000005292,3,23.55
1835,ORD000005295,4,539.74
1836,ORD000005297,3,344.18
1837,ORD000005301,5,637.55
1838,ORD000005304,2,13.69
1839,ORD000005305,5,15.51
1840,ORD000005306,2,90.25
1841,ORD000005310,1,506.09
1842,ORD000005321,3,55.79
1843,ORD000005323,3,27.77
1844,ORD000005324,5,588.19
1845,ORD000005325,4,432.8
1846,ORD000005326,1,25.72
1847,ORD000005327,5,22.52
1848,ORD000005329,1,34.0
1849,ORD000005330,2,248.95
1850,ORD000005334,2,547.61
1851,ORD000005335,2,847.9
1852,ORD000005337,4,863.69
1853,ORD000005341,4,711.85
1854,ORD000005342,1,1620.08
1855,ORD000005346,1,23.54
1856,ORD000005347,5,620.77
1857,ORD000005349,2,13.03
1858,ORD000005350,5,91.53
1859,ORD000005352,3,49.97
1860,ORD000005357,4,48.75
1861,ORD000005358,1,12.05
1862,ORD000005364,3,19.19
1863,ORD000005366,1,289.69
1864,ORD000005370,2,193.35
1865,ORD000005374,5,23.68
1866,ORD000005377,3,1455.23
1867,ORD000005378,1,432.36
1868,ORD000005380,4,20.18
1869,ORD000005381,3,14.22
1870,ORD000005385,4,222.49
1871,ORD000005386,5,1312.22
1872,ORD000005387,4,48.34
1873,ORD000005389,4,40.62
1874,ORD000005391,2,31.82
1875,ORD000005397,1,13.31
1876,ORD000005398,1,35.18
1877,ORD000005400,5,10.73
1878,ORD000005401,5,686.5
1879,ORD000005408,3,1489.88
1880,ORD000005409,1,1170.64
1881,ORD000005411,5,2085.16
1882,ORD000005416,3,10.86
1883,ORD000005419,5,333.28
1884,ORD000005420,1,11.83
1885,ORD000005428,4,77.11
1886,ORD000005431,3,22.77
1887,ORD000005434,3,42.17
1888,ORD000005439,3,307.42
1889,ORD000005443,3,73.18
1890,ORD000005445,1,838.91
1891,ORD000005446,3,30.45
1892,ORD000005455,3,26.33
1893,ORD000005456,2,16.33
1894,ORD000005460,3,1531.59
1895,ORD000005467,4,612.96
1896,ORD000005472,3,60.48
1897,ORD000005473,2,57.49
1898,ORD000005477,4,996.07
1899,ORD000005478,4,38.2
1900,ORD000005480,3,22.02
1901,ORD000005482,1,2366.5
1902,ORD000005486,1,6.14
1903,ORD000005491,5,192.78
1904,ORD000005494,1,19.45
1905,ORD000005498,1,222.03
1906,ORD000005499,4,27.97
1907,ORD000005503,4,801.44
1908,ORD000005504,5,13.95
1909,ORD000005506,4,42.77
1910,ORD000005507,5,1076.13
1911,ORD000005508,1,50.19
1912,ORD000005519,1,53.77
1913,ORD000005522,1,25.36
1914,ORD000005523,5,20.72
1915,ORD000005524,3,54.78
1916,ORD000005525,4,10.57
1917,ORD000005526,5,2536.56
1918,ORD000005528,2,3.3
1919,ORD000005530,3,567.31
1920,ORD000005533,2,34.79
1921,ORD000005534,2,1255.91
1922,ORD000005535,2,25.26
1923,ORD000005537,4,74.24
1924,ORD000005541,5,25.28
1925,ORD000005552,3,28.85
1926,ORD000005553,4,456.93
1927,ORD000005556,5,1519.45
1928,ORD000005560,3,42.26
1929,ORD000005562,5,427.04
1930,ORD000005566,2,24.72
1931,ORD000005568,4,127.53
1932,ORD000005582,4,37.81
1933,ORD000005585,1,11.05
1934,ORD000005586,4,214.6
1935,ORD000005587,4,97.82
1936,ORD000005591,3,219.46
1937,ORD000005595,3,10.03
1938,ORD000005597,5,340.07
1939,ORD000005604,3,635.04
1940,ORD000005607,3,19.48
1941,ORD000005611,3,246.33
1942,ORD000005612,5,999.59
1943,ORD000005613,4,16.64
1944,ORD000005614,4,23.22
1945,ORD000005615,5,9.16
1946,ORD000005616,4,291.26
1947,ORD000005617,2,142.39
1948,ORD000005618,4,91.92
1949,ORD000005624,2,1214.26
1950,ORD000005626,2,90.83
1951,ORD000005627,1,196.49
1952,ORD000005628,4,25.58
1953,ORD000005630,2,25.94
1954,ORD000005632,4,116.24
1955,ORD000005640,3,30.58
1956,ORD000005641,4,327.81
1957,ORD000005649,4,18.42
1958,ORD000005652,2,73.71
1959,ORD000005654,3,556.27
1960,ORD000005658,1,31.52
1961,ORD000005662,1,32.69
1962,ORD000005663,1,72.8
1963,ORD000005664,3,110.72
1964,ORD000005670,4,48.23
1965,ORD000005678,1,750.46
1966,ORD000005680,3,123.92
1967,ORD000005681,4,40.63
1968,ORD000005689,3,28.19
1969,ORD000005692,1,1210.59
1970,ORD000005697,2,885.35
1971,ORD000005701,5,29.33
1972,ORD000005704,4,66.8
1973,ORD000005705,2,1063.45
1974,ORD000005715,1,21.91
1975,ORD000005716,5,3.78
1976,ORD000005718,2,20.75
1977,ORD000005720,4,122.98
1978,ORD000005725,2,1226.35
1979,ORD000005727,5,13.95
1980,ORD000005730,5,1224.53
1981,ORD000005732,2,135.63
1982,ORD000005736,2,50.02
1983,ORD000005739,5,19.79
1984,ORD000005740,1,1083.87
1985,ORD000005745,1,904.04
1986,ORD000005748,2,362.54
1987,ORD000005751,3,22.57
1988,ORD000005753,1,30.94
1989,ORD000005755,4,386.14
1990,ORD000005756,1,10.95
1991,ORD000005758,1,196.16
1992,ORD000005761,1,27.25
1993,ORD000005762,3,1073.61
1994,ORD000005764,3,18.24
1995,ORD000005767,2,12.06
1996,ORD000005768,5,72.04
1997,ORD000005769,1,23.73
1998,ORD000005771,3,174.36
1999,ORD000005773,5,4559.79
2000,ORD000005774,1,253.28
2001,ORD000005781,1,176.39
2002,ORD000005782,5,22.97
2003,ORD000005793,5,2240.98
2004,ORD000005797,5,8.26
2005,ORD000005798,2,303.35
2006,ORD000005800,5,2807.06
2007,ORD000005803,2,770.61
2008,ORD000005805,5,24.29
2009,ORD000005806,2,552.93
2010,ORD000005808,5,70.85
2011,ORD000005812,5,261.64
2012,ORD000005813,3,13.16
2013,ORD000005817,2,686.26
2014,ORD000005818,5,9.88
2015,ORD000005824,4,626.05
2016,ORD000005827,1,18.5
2017,ORD000005828,2,4.52
2018,ORD000005830,3,125.84
2019,ORD000005833,2,2371.68
2020,ORD000005834,1,100.84
2021,ORD000005837,4,88.29
2022,ORD000005839,5,107.8
2023,ORD000005840,4,133.07
2024,ORD000005841,2,40.77
2025,ORD000005843,4,437.92
2026,ORD000005847,2,3.42
2027,ORD000005848,5,28.12
2028,ORD000005852,2,175.96
2029,ORD000005853,4,4.73
2030,ORD000005856,5,282.4
2031,ORD000005857,4,11.51
2032,ORD000005859,1,30.27
2033,ORD000005861,4,86.44
2034,ORD000005865,4,320.55
2035,ORD000005875,2,66.29
2036,ORD000005886,4,771.91
2037,ORD000005888,4,152.96
2038,ORD000005889,5,43.45
2039,ORD000005891,1,1013.94
2040,ORD000005894,1,676.94
2041,ORD000005898,3,596.08
2042,ORD000005900,3,646.46
2043,ORD000005902,3,72.4
2044,ORD000005903,2,1275.03
2045,ORD000005904,3,212.54
2046,ORD000005907,1,388.81
2047,ORD000005908,5,547.82
2048,ORD000005916,4,36.12
2049,ORD000005927,5,278.39
2050,ORD000005932,1,81.18
2051,ORD000005934,5,35.47
2052,ORD000005936,2,20.35
2053,ORD000005940,2,537.85
2054,ORD000005943,5,33.87
2055,ORD000005947,2,107.84
2056,ORD000005948,3,43.57
2057,ORD000005949,5,178.04
2058,ORD000005951,4,64.35
2059,ORD000005953,3,263.89
2060,ORD000005954,2,151.5
2061,ORD000005956,4,33.23
2062,ORD000005957,2,60.24
2063,ORD000005958,1,8.9
2064,ORD000005971,3,23.43
2065,ORD000005975,2,660.49
2066,ORD000005976,5,128.66
2067,ORD000005978,3,358.8
2068,ORD000005981,3,47.23
2069,ORD000005983,2,2414.23
2070,ORD000005984,1,225.5
2071,ORD000005987,2,501.86
2072,ORD000005988,4,319.3
2073,ORD000005991,1,124.92
2074,ORD000005992,2,7.84
2075,ORD000005994,5,346.39
2076,ORD000005995,5,1991.5
2077,ORD000005997,1,3.95
2078,ORD000005998,4,1854.75
2079,ORD000006004,1,131.37
2080,ORD000006006,3,91.17
2081,ORD000006008,4,10.82
2082,ORD000006013,5,691.04
2083,ORD000006019,3,182.29
2084,ORD000006020,1,11.05
2085,ORD000006022,2,106.4
2086,ORD000006027,3,242.09
2087,ORD000006032,2,8.2
2088,ORD000006034,4,973.93
2089,ORD000006036,1,48.09
2090,ORD000006037,2,77.82
2091,ORD000006038,3,102.54
2092,ORD000006041,2,37.96
2093,ORD000006044,4,24.02
2094,ORD000006047,1,445.8
2095,ORD000006048,4,15.29
2096,ORD000006049,5,35.81
2097,ORD000006051,5,25.13
2098,ORD000006054,3,19.55
2099,ORD000006058,4,23.65
2100,ORD000006060,2,24.84
2101,ORD000006061,5,1380.7
2102,ORD000006063,4,26.63
2103,ORD000006064,4,405.78
2104,ORD000006065,2,1662.93
2105,ORD000006069,4,40.16
2106,ORD000006070,3,1331.14
2107,ORD000006078,2,263.24
2108,ORD000006079,5,19.54
2109,ORD000006083,3,44.94
2110,ORD000006085,1,522.26
2111,ORD000006095,1,15.49
2112,ORD000006096,4,1252.32
2113,ORD000006097,5,26.94
2114,ORD000006100,1,7.9
2115,ORD000006101,2,202.45
2116,ORD000006105,4,1072.88
2117,ORD000006106,4,146.37
2118,ORD000006107,5,481.13
2119,ORD000006113,3,193.49
2120,ORD000006116,5,15.56
2121,ORD000006117,5,1381.68
2122,ORD000006122,2,72.0
2123,ORD000006123,5,10.65
2124,ORD000006129,2,17.4
2125,ORD000006132,3,53.55
2126,ORD000006134,2,505.38
2127,ORD000006138,3,7.83
2128,ORD000006143,2,37.93
2129,ORD000006144,1,86.53
2130,ORD000006147,5,30.49
2131,ORD000006148,2,386.67
2132,ORD000006152,3,1328.16
2133,ORD000006153,5,43.3
2134,ORD000006158,2,1004.99
2135,ORD000006160,5,8.31
2136,ORD000006166,2,14.2
2137,ORD000006169,1,46.87
2138,ORD000006170,1,1303.02
2139,ORD000006173,2,501.27
2140,ORD000006176,1,736.96
2141,ORD000006178,5,2014.22
2142,ORD000006180,3,2400.77
2143,ORD000006182,4,130.54
2144,ORD000006187,4,44.77
2145,ORD000006188,3,220.59
2146,ORD000006190,1,79.9
2147,ORD000006191,1,96.53
2148,ORD000006196,3,9.63
2149,ORD000006199,2,608.61
2150,ORD000006200,5,846.03
2151,ORD000006201,4,1159.36
2152,ORD000006207,2,202.67
2153,ORD000006209,3,1387.98
2154,ORD000006214,4,861.62
2155,ORD000006216,3,169.25
2156,ORD000006218,4,5.23
2157,ORD000006219,5,314.35
2158,ORD000006220,5,899.9
2159,ORD000006222,1,17.41
2160,ORD000006227,4,87.9
2161,ORD000006233,4,18.17
2162,ORD000006240,4,31.95
2163,ORD000006246,3,85.17
2164,ORD000006251,4,376.27
2165,ORD000006252,4,19.92
2166,ORD000006257,5,4.25
2167,ORD000006258,5,684.67
2168,ORD000006260,2,40.82
2169,ORD000006262,4,1193.34
2170,ORD000006265,1,745.1
2171,ORD000006266,2,27.08
2172,ORD000006267,4,17.37
2173,ORD000006268,2,193.57
2174,ORD000006269,5,20.39
2175,ORD000006273,2,1088.5
2176,ORD000006275,1,282.93
2177,ORD000006285,2,772.86
2178,ORD000006286,4,52.05
2179,ORD000006289,3,48.06
2180,ORD000006295,2,30.78
2181,ORD000006297,4,124.88
2182,ORD000006304,1,268.33
2183,ORD000006305,3,16.27
2184,ORD000006307,3,331.19
2185,ORD000006310,3,685.0
2186,ORD000006317,5,23.93
2187,ORD000006320,3,712.18
2188,ORD000006322,2,37.91
2189,ORD000006324,4,761.49
2190,ORD000006328,2,746.18
2191,ORD000006329,2,98.36
2192,ORD000006333,5,13.74
2193,ORD000006335,2,164.26
2194,ORD000006340,4,17.33
2195,ORD000006341,5,77.93
2196,ORD000006342,3,17.64
2197,ORD000006346,1,177.79
2198,ORD000006352,1,123.03
2199,ORD000006356,1,104.44
2200,ORD000006357,5,8.13
2201,ORD000006358,3,9.95
2202,ORD000006360,4,359.06
2203,ORD000006367,1,56.61
2204,ORD000006368,2,52.73
2205,ORD000006369,3,369.65
2206,ORD000006371,3,16.68
2207,ORD000006373,2,6.23
2208,ORD000006378,2,2130.28
2209,ORD000006380,2,29.71
2210,ORD000006381,1,20.33
2211,ORD000006382,3,182.31
2212,ORD000006385,5,34.09
2213,ORD000006389,1,81.25
2214,ORD000006391,3,1832.01
2215,ORD000006395,2,1389.82
2216,ORD000006401,2,1333.74
2217,ORD000006404,1,17.33
2218,ORD000006407,3,7.88
2219,ORD000006409,4,542.66
2220,ORD000006417,3,857.01
2221,ORD000006419,1,1336.52
2222,ORD000006421,2,16.75
2223,ORD000006424,5,45.89
2224,ORD000006427,1,21.69
2225,ORD000006428,5,27.85
2226,ORD000006429,1,1599.02
2227,ORD000006437,4,387.9
2228,ORD000006440,2,309.84
2229,ORD000006442,2,541.27
2230,ORD000006449,5,14.18
2231,ORD000006451,1,47.0
2232,ORD000006452,2,305.98
2233,ORD000006455,2,25.24
2234,ORD000006459,5,12.25
2235,ORD000006461,1,1279.4
2236,ORD000006462,1,19.82
2237,ORD000006463,2,1163.7
2238,ORD000006465,1,736.35
2239,ORD000006468,1,206.01
2240,ORD000006471,3,26.66
2241,ORD000006475,4,81.22
2242,ORD000006478,4,240.79
2243,ORD000006482,4,1437.44
2244,ORD000006483,4,141.5
2245,ORD000006485,2,9.93
2246,ORD000006488,4,48.05
2247,ORD000006489,5,1265.07
2248,ORD000006493,3,100.64
2249,ORD000006494,4,67.32
2250,ORD000006501,2,1113.5
2251,ORD000006504,3,27.54
2252,ORD000006508,2,2288.54
2253,ORD000006510,2,75.26
2254,ORD000006512,2,29.84
2255,ORD000006514,2,56.1
2256,ORD000006516,3,781.06
2257,ORD000006518,5,1184.54
2258,ORD000006519,5,5.79
2259,ORD000006524,5,691.53
2260,ORD000006526,1,1306.2
2261,ORD000006533,3,231.56
2262,ORD000006536,4,59.86
2263,ORD000006538,4,19.46
2264,ORD000006539,2,40.47
2265,ORD000006544,1,88.92
2266,ORD000006545,2,12.56
2267,ORD000006546,4,102.85
2268,ORD000006547,1,144.77
2269,ORD000006548,2,17.0
2270,ORD000006551,3,306.24
2271,ORD000006552,5,109.83
2272,ORD000006553,2,273.0
2273,ORD000006555,2,16.44
2274,ORD000006556,2,234.13
2275,ORD000006557,4,642.51
2276,ORD000006562,3,497.47
2277,ORD000006563,2,51.62
2278,ORD000006576,4,3340.51
2279,ORD000006580,3,39.77
2280,ORD000006584,1,206.36
2281,ORD000006592,4,1589.09
2282,ORD000006595,3,681.97
2283,ORD000006596,3,61.79
2284,ORD000006600,1,1360.79
2285,ORD000006601,2,47.63
2286,ORD000006606,2,398.42
2287,ORD000006610,4,1534.47
2288,ORD000006611,2,40.75
2289,ORD000006613,3,891.06
2290,ORD000006623,1,12.5
2291,ORD000006624,4,18.7
2292,ORD000006626,4,611.64
2293,ORD000006630,2,16.52
2294,ORD000006633,1,682.13
2295,ORD000006635,3,354.23
2296,ORD000006636,4,349.8
2297,ORD000006637,4,39.78
2298,ORD000006638,3,10.27
2299,ORD000006641,5,50.46
2300,ORD000006646,2,125.87
2301,ORD000006649,1,62.72
2302,ORD000006650,5,429.28
2303,ORD000006651,5,919.95
2304,ORD000006654,4,85.68
2305,ORD000006656,5,4099.99
2306,ORD000006658,1,207.41
2307,ORD000006659,2,21.45
2308,ORD000006660,1,762.04
2309,ORD000006664,3,37.36
2310,ORD000006672,4,4.94
2311,ORD000006675,5,23.31
2312,ORD000006680,3,14.42
2313,ORD000006685,3,27.12
2314,ORD000006686,1,5677.84
2315,ORD000006687,1,52.2
2316,ORD000006689,1,54.31
2317,ORD000006690,2,31.06
2318,ORD000006695,2,23.5
2319,ORD000006700,3,1122.79
2320,ORD000006701,2,132.36
2321,ORD000006702,3,89.21
2322,ORD000006703,4,274.67
2323,ORD000006705,1,163.61
2324,ORD000006710,4,310.37
2325,ORD000006712,4,7.49
2326,ORD000006715,5,12.87
2327,ORD000006716,4,1347.5
2328,ORD000006719,1,1031.23
2329,ORD000006720,2,1933.38
2330,ORD000006721,3,767.78
2331,ORD000006724,1,51.29
2332,ORD000006728,1,51.56
2333,ORD000006732,1,25.63
2334,ORD000006737,4,25.93
2335,ORD000006738,5,185.12
2336,ORD000006739,2,17.33
2337,ORD000006748,5,784.31
2338,ORD000006749,1,22.27
2339,ORD000006750,4,20.36
2340,ORD000006756,1,11.51
2341,ORD000006757,1,348.94
2342,ORD000006758,3,37.54
2343,ORD000006770,3,12.15
2344,ORD000006776,4,84.22
2345,ORD000006780,3,33.29
2346,ORD000006782,4,73.95
2347,ORD000006788,4,6.65
2348,ORD000006789,2,99.47
2349,ORD000006794,4,81.27
2350,ORD000006795,1,1040.37
2351,ORD000006796,4,1049.6
2352,ORD000006799,4,28.61
2353,ORD000006800,4,565.7
2354,ORD000006805,2,17.64
2355,ORD000006807,3,81.24
2356,ORD000006808,4,47.73
2357,ORD000006810,2,13.59
2358,ORD000006813,1,625.56
2359,ORD000006815,1,38.0
2360,ORD000006817,2,159.06
2361,ORD000006821,4,465.42
2362,ORD000006823,4,480.64
2363,ORD000006826,2,817.42
2364,ORD000006829,5,20.22
2365,ORD000006830,5,11.35
2366,ORD000006831,5,324.14
2367,ORD000006832,4,68.57
2368,ORD000006834,1,203.53
2369,ORD000006835,5,46.6
2370,ORD000006837,2,36.24
2371,ORD000006839,2,1054.72
2372,ORD000006840,3,86.66
2373,ORD000006842,3,80.13
2374,ORD000006845,4,24.4
2375,ORD000006846,1,1207.27
2376,ORD000006852,4,685.99
2377,ORD000006854,1,34.63
2378,ORD000006857,2,19.69
2379,ORD000006858,3,319.96
2380,ORD000006862,1,37.63
2381,ORD000006865,5,157.43
2382,ORD000006868,5,137.8
2383,ORD000006871,2,70.79
2384,ORD000006872,1,42.87
2385,ORD000006876,4,1995.03
2386,ORD000006877,4,115.27
2387,ORD000006878,3,764.78
2388,ORD000006880,1,6.45
2389,ORD000006883,5,24.23
2390,ORD000006887,1,3.89
2391,ORD000006888,4,104.04
2392,ORD000006894,3,57.59
2393,ORD000006895,3,517.01
2394,ORD000006899,3,55.93
2395,ORD000006901,4,178.84
2396,ORD000006904,5,655.24
2397,ORD000006906,5,59.31
2398,ORD000006907,4,55.1
2399,ORD000006909,4,945.7
2400,ORD000006910,1,96.33
2401,ORD000006912,1,24.89
2402,ORD000006917,5,22.06
2403,ORD000006918,1,11.01
2404,ORD000006920,1,413.71
2405,ORD000006925,4,157.84
2406,ORD000006927,2,75.66
2407,ORD000006931,3,565.66
2408,ORD000006934,1,7.05
2409,ORD000006935,2,1262.62
2410,ORD000006937,4,135.65
2411,ORD000006940,3,101.01
2412,ORD000006941,3,15.34
2413,ORD000006943,5,1224.26
2414,ORD000006944,5,177.07
2415,ORD000006946,3,130.76
2416,ORD000006949,5,424.69
2417,ORD000006951,3,63.5
2418,ORD000006953,5,8.9
2419,ORD000006955,5,12.95
2420,ORD000006957,1,104.23
2421,ORD000006959,2,1440.54
2422,ORD000006968,4,76.5
2423,ORD000006976,3,501.84
2424,ORD000006979,1,1806.54
2425,ORD000006980,3,75.17
2426,ORD000006989,2,50.49
2427,ORD000006990,3,31.44
2428,ORD000006993,1,39.78
2429,ORD000007000,5,24.24
2430,ORD000007002,2,4.22
2431,ORD000007003,3,313.27
2432,ORD000007009,5,853.11
2433,ORD000007010,5,43.59
2434,ORD000007013,2,180.82
2435,ORD000007016,2,66.43
2436,ORD000007017,5,1252.16
2437,ORD000007021,5,30.4
2438,ORD000007022,5,163.77
2439,ORD000007024,5,1318.55
2440,ORD000007025,4,101.88
2441,ORD000007027,5,96.24
2442,ORD000007035,3,5.27
2443,ORD000007036,5,41.36
2444,ORD000007039,5,2401.77
2445,ORD000007040,2,53.38
2446,ORD000007048,3,1513.64
2447,ORD000007056,5,28.77
2448,ORD000007061,5,3.94
2449,ORD000007063,2,583.59
2450,ORD000007066,5,6.61
2451,ORD000007074,1,310.58
2452,ORD000007075,1,112.89
2453,ORD000007077,4,25.45
2454,ORD000007078,4,2200.75
2455,ORD000007087,5,476.89
2456,ORD000007091,5,712.78
2457,ORD000007093,4,8.52
2458,ORD000007100,5,53.62
2459,ORD000007101,3,69.62
2460,ORD000007109,4,133.14
2461,ORD000007119,3,13.17
2462,ORD000007122,5,39.19
2463,ORD000007123,4,939.62
2464,ORD000007124,4,9.29
2465,ORD000007127,3,184.05
2466,ORD000007128,2,2835.19
2467,ORD000007130,4,12.59
2468,ORD000007132,1,16.59
2469,ORD000007133,2,37.74
2470,ORD000007134,4,35.64
2471,ORD000007136,1,23.49
2472,ORD000007138,5,8.48
2473,ORD000007141,2,5.27
2474,ORD000007143,3,4.09
2475,ORD000007145,4,681.48
2476,ORD000007146,2,592.0
2477,ORD000007150,5,18.35
2478,ORD000007155,4,512.38
2479,ORD000007157,2,27.09
2480,ORD000007164,5,1073.65
2481,ORD000007165,5,634.41
2482,ORD000007166,3,346.53
2483,ORD000007169,3,1093.27
2484,ORD000007170,3,9.03
2485,ORD000007172,4,38.21
2486,ORD000007174,4,81.1
2487,ORD000007179,4,5.59
2488,ORD000007180,4,17.26
2489,ORD000007181,1,205.2
2490,ORD000007185,3,434.31
2491,ORD000007188,4,72.05
2492,ORD000007189,3,810.57
2493,ORD000007194,2,7546.08
2494,ORD000007204,3,184.12
2495,ORD000007207,2,709.27
2496,ORD000007209,4,45.84
2497,ORD000007212,3,128.43
2498,ORD000007213,4,59.26
2499,ORD000007218,4,16.25
2500,ORD000007220,3,16.15
2501,ORD000007221,4,40.99
2502,ORD000007224,4,1123.07
2503,ORD000007225,4,2166.56
2504,ORD000007228,1,1306.12
2505,ORD000007230,5,161.65
2506,ORD000007232,3,860.52
2507,ORD000007235,5,31.0
2508,ORD000007237,4,27.37
2509,ORD000007238,3,3038.92
2510,ORD000007239,2,73.05
2511,ORD000007240,5,60.57
2512,ORD000007241,5,155.6
2513,ORD000007242,5,145.69
2514,ORD000007243,5,19.51
2515,ORD000007245,1,62.0
2516,ORD000007249,1,31.33
2517,ORD000007254,5,11.91
2518,ORD000007260,5,705.14
2519,ORD000007263,2,689.52
2520,ORD000007267,1,2631.75
2521,ORD000007270,2,204.11
2522,ORD000007276,2,1449.43
2523,ORD000007277,3,580.25
2524,ORD000007282,1,641.88
2525,ORD000007283,1,44.9
2526,ORD000007291,1,3.55
2527,ORD000007293,2,42.17
2528,ORD000007294,1,47.77
2529,ORD000007296,2,26.04
2530,ORD000007305,5,1113.98
2531,ORD000007309,1,9.88
2532,ORD000007310,2,6.76
2533,ORD000007314,5,290.81
2534,ORD000007315,2,32.91
2535,ORD000007316,3,57.53
2536,ORD000007317,1,25.55
2537,ORD000007321,4,3.54
2538,ORD000007322,5,19.77
2539,ORD000007325,3,244.69
2540,ORD000007326,5,352.11
2541,ORD000007327,2,10.06
2542,ORD000007331,4,62.55
2543,ORD000007336,1,16.14
2544,ORD000007340,5,925.08
2545,ORD000007347,3,18.17
2546,ORD000007357,1,1170.61
2547,ORD000007362,3,35.56
2548,ORD000007366,5,1090.71
2549,ORD000007368,2,37.4
2550,ORD000007369,3,95.11
2551,ORD000007371,5,198.65
2552,ORD000007373,1,31.32
2553,ORD000007375,5,23.29
2554,ORD000007378,4,2603.11
2555,ORD000007379,5,368.46
2556,ORD000007383,2,4539.14
2557,ORD000007385,3,78.76
2558,ORD000007392,4,1107.41
2559,ORD000007393,4,83.5
2560,ORD000007401,4,2806.12
2561,ORD000007406,5,16.51
2562,ORD000007412,3,345.24
2563,ORD000007413,1,103.01
2564,ORD000007416,5,49.77
2565,ORD000007417,2,100.68
2566,ORD000007419,4,93.94
2567,ORD000007427,3,164.98
2568,ORD000007435,5,3.02
2569,ORD000007438,4,132.31
2570,ORD000007441,4,28.66
2571,ORD000007442,2,3857.89
2572,ORD000007450,1,353.92
2573,ORD000007453,3,13.4
2574,ORD000007454,2,24.31
2575,ORD000007456,2,420.28
2576,ORD000007463,2,46.64
2577,ORD000007470,1,29.57
2578,ORD000007477,5,19.13
2579,ORD000007478,1,64.31
2580,ORD000007479,2,57.8
2581,ORD000007480,3,76.43
2582,ORD000007484,5,262.65
2583,ORD000007485,4,18.76
2584,ORD000007488,4,28.17
2585,ORD000007489,1,4.12
2586,ORD000007490,2,438.79
2587,ORD000007492,1,82.47
2588,ORD000007495,3,17.61
2589,ORD000007496,1,245.0
2590,ORD000007508,1,30.38
2591,ORD000007515,3,78.17
2592,ORD000007518,5,16.6
2593,ORD000007519,1,1297.7
2594,ORD000007522,1,89.41
2595,ORD000007525,5,23.27
2596,ORD000007528,2,1213.48
2597,ORD000007529,4,698.43
2598,ORD000007532,3,206.21
2599,ORD000007533,2,1772.49
2600,ORD000007539,4,1272.69
2601,ORD000007540,2,1382.3
2602,ORD000007547,3,91.04
2603,ORD000007548,4,22.64
2604,ORD000007553,1,146.66
2605,ORD000007557,5,449.88
2606,ORD000007558,2,344.43
2607,ORD000007560,1,705.86
2608,ORD000007561,2,4.54
2609,ORD000007565,2,26.35
2610,ORD000007567,2,40.47
2611,ORD000007570,4,24.93
2612,ORD000007574,1,672.5
2613,ORD000007575,2,14.79
2614,ORD000007577,5,99.7
2615,ORD000007583,3,513.03
2616,ORD000007588,5,37.31
2617,ORD000007589,3,2334.25
2618,ORD000007594,1,3458.68
2619,ORD000007595,2,6.97
2620,ORD000007597,4,47.98
2621,ORD000007598,1,15.63
2622,ORD000007604,4,54.2
2623,ORD000007609,4,400.86
2624,ORD000007612,2,30.51
2625,ORD000007618,2,89.17
2626,ORD000007620,2,141.86
2627,ORD000007629,2,224.28
2628,ORD000007634,2,133.0
2629,ORD000007639,2,302.41
2630,ORD000007640,1,5.56
2631,ORD000007645,4,60.74
2632,ORD000007649,2,110.28
2633,ORD000007650,2,103.46
2634,ORD000007653,3,131.53
2635,ORD000007654,2,255.77
2636,ORD000007661,1,61.84
2637,ORD000007667,3,34.65
2638,ORD000007669,2,44.14
2639,ORD000007674,1,366.36
2640,ORD000007677,1,61.55
2641,ORD000007678,1,666.62
2642,ORD000007679,1,269.17
2643,ORD000007682,5,174.74
2644,ORD000007683,2,4.72
2645,ORD000007684,1,30.98
2646,ORD000007693,3,5.24
2647,ORD000007696,1,9.72
2648,ORD000007699,5,70.14
2649,ORD000007700,5,344.31
2650,ORD000007703,5,97.54
2651,ORD000007707,4,435.2
2652,ORD000007717,1,10.58
2653,ORD000007718,3,695.14
2654,ORD000007722,5,218.07
2655,ORD000007725,1,867.67
2656,ORD000007728,2,987.98
2657,ORD000007732,2,322.66
2658,ORD000007733,1,24.82
2659,ORD000007734,3,156.04
2660,ORD000007735,2,47.39
2661,ORD000007736,4,45.71
2662,ORD000007739,2,24.61
2663,ORD000007741,4,53.73
2664,ORD000007742,4,11.66
2665,ORD000007743,5,7.92
2666,ORD000007744,4,23.49
2667,ORD000007745,2,357.57
2668,ORD000007746,2,21.27
2669,ORD000007752,1,5.11
2670,ORD000007753,1,31.8
2671,ORD000007754,4,14.36
2672,ORD000007755,2,1033.58
2673,ORD000007764,2,38.29
2674,ORD000007765,5,1978.39
2675,ORD000007776,3,228.68
2676,ORD000007781,2,242.7
2677,ORD000007782,2,16.89
2678,ORD000007789,2,31.77
2679,ORD000007791,2,367.68
2680,ORD000007802,5,114.34
2681,ORD000007805,5,64.64
2682,ORD000007806,5,1060.36
2683,ORD000007807,5,1178.17
2684,ORD000007811,3,1008.22
2685,ORD000007812,4,31.35
2686,ORD000007813,2,23.73
2687,ORD000007815,5,35.48
2688,ORD000007820,4,21.84
2689,ORD000007822,5,338.67
2690,ORD000007823,3,426.21
2691,ORD000007824,5,7.82
2692,ORD000007828,5,51.6
2693,ORD000007829,4,263.71
2694,ORD000007830,5,27.48
2695,ORD000007835,5,760.33
2696,ORD000007836,4,7.73
2697,ORD000007844,3,1409.96
2698,ORD000007846,5,16.95
2699,ORD000007847,5,71.45
2700,ORD000007859,1,16.7
2701,ORD000007865,3,3.35
2702,ORD000007866,1,1336.34
2703,ORD000007868,1,604.01
2704,ORD000007875,4,6.05
2705,ORD000007876,1,25.24
2706,ORD000007878,5,631.51
2707,ORD000007882,2,10.61
2708,ORD000007884,4,917.95
2709,ORD000007890,1,354.39
2710,ORD000007891,1,82.6
2711,ORD000007896,2,926.5
2712,ORD000007900,1,5.87
2713,ORD000007903,1,350.27
2714,ORD000007905,1,1614.34
2715,ORD000007908,5,1142.29
2716,ORD000007912,5,82.45
2717,ORD000007913,3,690.4
2718,ORD000007918,1,118.48
2719,ORD000007923,4,16.62
2720,ORD000007926,3,22.22
2721,ORD000007928,1,6.83
2722,ORD000007930,3,1042.53
2723,ORD000007931,5,1621.99
2724,ORD000007932,2,69.89
2725,ORD000007936,5,152.91
2726,ORD000007938,5,14.01
2727,ORD000007942,1,206.69
2728,ORD000007943,5,656.74
2729,ORD000007952,4,83.15
2730,ORD000007959,1,3.55
2731,ORD000007963,4,21.87
2732,ORD000007965,2,56.53
2733,ORD000007966,2,50.84
2734,ORD000007967,2,29.33
2735,ORD000007968,5,8.4
2736,ORD000007970,3,61.94
2737,ORD000007978,3,352.92
2738,ORD000007980,5,640.49
2739,ORD000007987,3,2704.7
2740,ORD000007990,3,442.85
2741,ORD000007991,5,1299.22
2742,ORD000007994,2,752.49
2743,ORD000008000,4,73.95
2744,ORD000008010,4,396.02
2745,ORD000008011,5,47.25
2746,ORD000008012,4,35.09
2747,ORD000008014,4,11.74
2748,ORD000008015,4,74.23
2749,ORD000008016,3,33.89
2750,ORD000008017,3,203.62
2751,ORD000008018,2,173.75
2752,ORD000008023,5,1304.1
2753,ORD000008024,4,1.95
2754,ORD000008029,3,529.97
2755,ORD000008030,2,84.33
2756,ORD000008031,2,26.27
2757,ORD000008032,2,100.41
2758,ORD000008037,4,363.38
2759,ORD000008042,2,370.39
2760,ORD000008047,3,53.71
2761,ORD000008048,1,67.45
2762,ORD000008050,5,214.97
2763,ORD000008058,4,668.66
2764,ORD000008059,5,1179.51
2765,ORD000008063,3,86.24
2766,ORD000008065,4,106.42
2767,ORD000008069,3,41.67
2768,ORD000008073,3,200.3
2769,ORD000008075,5,1198.99
2770,ORD000008079,3,50.11
2771,ORD000008080,1,1127.52
2772,ORD000008081,5,507.73
2773,ORD000008083,3,51.99
2774,ORD000008084,3,31.93
2775,ORD000008085,2,3742.89
2776,ORD000008094,5,640.11
2777,ORD000008095,1,12.92
2778,ORD000008097,2,113.47
2779,ORD000008098,4,79.17
2780,ORD000008100,4,51.04
2781,ORD000008101,4,4.44
2782,ORD000008107,5,843.21
2783,ORD000008111,3,966.7
2784,ORD000008113,2,56.99
2785,ORD000008114,4,134.0
2786,ORD000008118,4,901.36
2787,ORD000008123,2,628.12
2788,ORD000008124,2,353.18
2789,ORD000008125,5,1011.98
2790,ORD000008126,3,55.97
2791,ORD000008130,4,9.65
2792,ORD000008133,2,52.92
2793,ORD000008135,1,884.49
2794,ORD000008137,4,46.46
2795,ORD000008142,2,428.57
2796,ORD000008144,5,8.29
2797,ORD000008146,3,103.2
2798,ORD000008147,5,3.51
2799,ORD000008150,1,10.16
2800,ORD000008151,4,28.04
2801,ORD000008152,3,61.84
2802,ORD000008158,2,394.27
2803,ORD000008162,1,2252.8
2804,ORD000008164,1,39.57
2805,ORD000008168,4,1465.03
2806,ORD000008172,3,602.3
2807,ORD000008173,3,102.3
2808,ORD000008176,5,115.2
2809,ORD000008178,2,178.16
2810,ORD000008181,1,690.56
2811,ORD000008182,2,20.1
2812,ORD000008186,5,584.74
2813,ORD000008193,2,8.43
2814,ORD000008198,2,103.78
2815,ORD000008199,5,1427.33
2816,ORD000008200,2,15.28
2817,ORD000008207,1,2532.26
2818,ORD000008214,5,359.16
2819,ORD000008215,4,3.72
2820,ORD000008217,5,24.67
2821,ORD000008218,4,378.78
2822,ORD000008219,2,556.5
2823,ORD000008220,3,109.29
2824,ORD000008223,5,1356.34
2825,ORD000008224,2,29.84
2826,ORD000008227,5,213.21
2827,ORD000008228,3,275.4
2828,ORD000008233,1,58.29
2829,ORD000008235,4,1070.85
2830,ORD000008238,2,288.22
2831,ORD000008239,1,30.18
2832,ORD000008247,5,60.67
2833,ORD000008252,1,27.83
2834,ORD000008259,1,201.33
2835,ORD000008261,1,524.11
2836,ORD000008263,1,13.35
2837,ORD000008264,4,1000.94
2838,ORD000008265,2,40.78
2839,ORD000008269,1,333.9
2840,ORD000008270,1,18.05
2841,ORD000008271,2,5.56
2842,ORD000008279,3,314.55
2843,ORD000008284,2,37.69
2844,ORD000008303,1,478.96
2845,ORD000008304,3,1.62
2846,ORD000008305,3,34.42
2847,ORD000008307,1,400.83
2848,ORD000008308,3,19.0
2849,ORD000008312,3,5.24
2850,ORD000008313,2,496.58
2851,ORD000008314,2,482.78
2852,ORD000008326,1,43.43
2853,ORD000008327,4,86.75
2854,ORD000008328,2,4294.46
2855,ORD000008329,4,24.78
2856,ORD000008331,5,246.48
2857,ORD000008333,1,526.23
2858,ORD000008336,5,40.39
2859,ORD000008341,2,21.25
2860,ORD000008342,4,45.8
2861,ORD000008346,2,690.4
2862,ORD000008348,4,40.44
2863,ORD000008349,3,177.17
2864,ORD000008351,5,74.35
2865,ORD000008352,5,34.94
2866,ORD000008354,4,516.74
2867,ORD000008356,3,26.17
2868,ORD000008359,1,51.09
2869,ORD000008360,3,2222.45
2870,ORD000008369,1,348.82
2871,ORD000008374,3,48.05
2872,ORD000008375,4,25.73
2873,ORD000008376,2,297.8
2874,ORD000008377,5,1564.94
2875,ORD000008379,4,40.33
2876,ORD000008380,4,2873.85
2877,ORD000008381,1,23.83
2878,ORD000008382,3,1070.96
2879,ORD000008386,1,11.38
2880,ORD000008387,1,2032.59
2881,ORD000008388,3,2267.01
2882,ORD000008393,2,427.39
2883,ORD000008394,4,113.51
2884,ORD000008395,4,292.45
2885,ORD000008396,2,380.49
2886,ORD000008399,4,25.97
2887,ORD000008401,1,90.39
2888,ORD000008404,2,3035.78
2889,ORD000008407,5,37.74
2890,ORD000008408,1,18.13
2891,ORD000008409,4,108.1
2892,ORD000008410,4,66.81
2893,ORD000008414,2,1618.0
2894,ORD000008416,1,639.52
2895,ORD000008421,5,64.74
2896,ORD000008423,3,63.96
2897,ORD000008424,2,152.22
2898,ORD000008427,5,16.32
2899,ORD000008428,3,23.62
2900,ORD000008433,1,11.47
2901,ORD000008434,3,482.15
2902,ORD000008435,5,319.27
2903,ORD000008438,2,42.39
2904,ORD000008440,4,1664.43
2905,ORD000008445,5,2169.97
2906,ORD000008447,4,6.69
2907,ORD000008449,5,121.29
2908,ORD000008455,4,568.65
2909,ORD000008457,4,206.46
2910,ORD000008458,1,27.35
2911,ORD000008460,1,1757.26
2912,ORD000008461,3,996.52
2913,ORD000008462,3,219.34
2914,ORD000008466,3,491.94
2915,ORD000008467,4,24.8
2916,ORD000008474,3,737.15
2917,ORD000008479,3,22.36
2918,ORD000008480,3,222.33
2919,ORD000008481,1,49.75
2920,ORD000008483,3,1029.95
2921,ORD000008487,2,2850.55
2922,ORD000008489,5,143.43
2923,ORD000008492,5,8.36
2924,ORD000008494,4,121.65
2925,ORD000008502,2,412.22
2926,ORD000008503,2,31.05
2927,ORD000008504,4,10.36
2928,ORD000008510,3,79.73
2929,ORD000008513,5,9.08
2930,ORD000008519,3,14.07
2931,ORD000008523,1,1058.47
2932,ORD000008524,4,28.59
2933,ORD000008527,1,250.85
2934,ORD000008532,1,450.18
2935,ORD000008540,3,98.75
2936,ORD000008544,4,418.23
2937,ORD000008550,5,750.8
2938,ORD000008551,5,73.39
2939,ORD000008552,5,2406.32
2940,ORD000008553,2,149.14
2941,ORD000008558,1,33.0
2942,ORD000008560,3,942.79
2943,ORD000008563,2,52.89
2944,ORD000008572,2,158.75
2945,ORD000008576,3,158.34
2946,ORD000008577,4,277.06
2947,ORD000008581,4,703.77
2948,ORD000008587,1,820.2
2949,ORD000008589,1,119.57
2950,ORD000008594,5,1262.36
2951,ORD000008596,1,495.17
2952,ORD000008600,3,117.92
2953,ORD000008601,5,39.82
2954,ORD000008605,2,8.41
2955,ORD000008607,2,25.87
2956,ORD000008609,3,28.56
2957,ORD000008614,2,951.32
2958,ORD000008615,5,377.67
2959,ORD000008618,2,697.76
2960,ORD000008619,4,8.14
2961,ORD000008620,5,12.87
2962,ORD000008621,2,9.12
2963,ORD000008622,1,1323.13
2964,ORD000008625,4,14.37
2965,ORD000008626,2,45.31
2966,ORD000008627,1,308.92
2967,ORD000008631,4,183.58
2968,ORD000008632,2,387.21
2969,ORD000008633,1,11.41
2970,ORD000008635,3,177.5
2971,ORD000008641,5,560.75
2972,ORD000008642,4,109.32
2973,ORD000008643,1,9.65
2974,ORD000008649,5,637.79
2975,ORD000008652,4,78.41
2976,ORD000008653,4,16.59
2977,ORD000008656,5,27.63
2978,ORD000008661,4,54.13
2979,ORD000008664,2,205.85
2980,ORD000008668,5,3.22
2981,ORD000008669,1,2372.97
2982,ORD000008670,3,201.35
2983,ORD000008672,5,264.27
2984,ORD000008674,1,149.62
2985,ORD000008677,3,6.51
2986,ORD000008678,4,74.25
2987,ORD000008680,4,255.4
2988,ORD000008686,2,4.78
2989,ORD000008688,2,1309.18
2990,ORD000008692,5,15.8
2991,ORD000008694,5,20.77
2992,ORD000008695,2,80.27
2993,ORD000008697,1,100.61
2994,ORD000008698,2,95.83
2995,ORD000008704,2,1019.15
2996,ORD000008708,1,9.52
2997,ORD000008709,1,22.3
2998,ORD000008710,2,57.94
2999,ORD000008718,4,38.77
3000,ORD000008719,1,428.83
3001,ORD000008722,1,26.89
3002,ORD000008724,4,395.83
3003,ORD000008728,1,48.21
3004,ORD000008730,3,167.0
3005,ORD000008731,5,38.84
3006,ORD000008738,5,81.7
3007,ORD000008739,2,17.49
3008,ORD000008740,4,89.83
3009,ORD000008741,1,2105.59
3010,ORD000008742,4,281.2
3011,ORD000008744,1,843.96
3012,ORD000008745,3,273.39
3013,ORD000008746,5,3337.87
3014,ORD000008747,5,179.97
3015,ORD000008748,2,196.52
3016,ORD000008753,2,27.36
3017,ORD000008756,1,427.41
3018,ORD000008763,4,61.11
3019,ORD000008764,1,29.35
3020,ORD000008766,4,1107.25
3021,ORD000008767,2,70.66
3022,ORD000008770,3,298.96
3023,ORD000008771,1,2093.68
3024,ORD000008772,3,17.71
3025,ORD000008773,5,1212.1
3026,ORD000008780,3,90.2
3027,ORD000008782,3,362.67
3028,ORD000008783,1,181.82
3029,ORD000008785,1,23.35
3030,ORD000008789,5,256.9
3031,ORD000008794,3,108.29
3032,ORD000008795,2,682.09
3033,ORD000008803,5,37.38
3034,ORD000008813,5,32.02
3035,ORD000008816,5,405.8
3036,ORD000008817,4,51.41
3037,ORD000008823,5,19.58
3038,ORD000008825,4,5.26
3039,ORD000008833,1,307.81
3040,ORD000008838,4,8.75
3041,ORD000008839,3,28.17
3042,ORD000008843,1,328.02
3043,ORD000008848,5,17.93
3044,ORD000008852,4,23.77
3045,ORD000008853,1,685.06
3046,ORD000008854,1,120.36
3047,ORD000008856,5,824.59
3048,ORD000008857,5,1151.92
3049,ORD000008860,3,9.83
3050,ORD000008861,2,5.54
3051,ORD000008867,2,1666.59
3052,ORD000008869,2,63.64
3053,ORD000008872,5,30.77
3054,ORD000008875,1,53.39
3055,ORD000008878,2,216.8
3056,ORD000008882,1,33.84
3057,ORD000008885,4,625.5
3058,ORD000008886,4,19.81
3059,ORD000008888,4,368.57
3060,ORD000008891,4,541.22
3061,ORD000008897,5,543.82
3062,ORD000008899,2,701.96
3063,ORD000008904,3,89.22
3064,ORD000008915,4,449.59
3065,ORD000008916,2,49.57
3066,ORD000008921,5,152.54
3067,ORD000008922,1,40.92
3068,ORD000008932,3,11.52
3069,ORD000008936,4,2715.58
3070,ORD000008938,2,62.71
3071,ORD000008940,3,15.28
3072,ORD000008941,5,2963.01
3073,ORD000008943,5,23.97
3074,ORD000008944,5,1128.74
3075,ORD000008945,1,417.0
3076,ORD000008949,3,653.23
3077,ORD000008952,5,102.11
3078,ORD000008954,5,120.22
3079,ORD000008956,4,9.86
3080,ORD000008957,1,58.29
3081,ORD000008959,4,3806.53
3082,ORD000008962,5,35.42
3083,ORD000008969,5,41.62
3084,ORD000008977,5,6538.1
3085,ORD000008981,4,41.06
3086,ORD000008984,2,141.43
3087,ORD000008991,3,22.75
3088,ORD000008992,3,31.71
3089,ORD000008997,1,74.57
3090,ORD000009000,2,11.21
3091,ORD000009001,3,40.66
3092,ORD000009003,2,65.51
3093,ORD000009004,4,15.43
3094,ORD000009007,1,141.69
3095,ORD000009011,1,757.32
3096,ORD000009014,5,646.96
3097,ORD000009016,3,20.19
3098,ORD000009017,1,25.23
3099,ORD000009020,2,131.44
3100,ORD000009022,1,37.49
3101,ORD000009024,5,11.94
3102,ORD000009028,1,660.58
3103,ORD000009029,3,55.05
3104,ORD000009030,4,103.68
3105,ORD000009031,2,211.87
3106,ORD000009034,3,4.14
3107,ORD000009035,2,68.68
3108,ORD000009038,1,32.82
3109,ORD000009040,4,59.26
3110,ORD000009047,5,175.96
3111,ORD000009053,2,18.13
3112,ORD000009054,4,15.95
3113,ORD000009056,1,43.24
3114,ORD000009057,3,10.15
3115,ORD000009059,5,64.08
3116,ORD000009060,4,49.54
3117,ORD000009062,1,25.95
3118,ORD000009063,3,1167.27
3119,ORD000009067,5,143.52
3120,ORD000009069,3,12.51
3121,ORD000009074,1,3.71
3122,ORD000009079,2,645.8
3123,ORD000009081,2,91.91
3124,ORD000009084,2,1498.44
3125,ORD000009085,3,16.54
3126,ORD000009086,1,140.83
3127,ORD000009087,2,14.04
3128,ORD000009088,5,28.84
3129,ORD000009090,4,297.77
3130,ORD000009092,3,9.95
3131,ORD000009094,4,136.32
3132,ORD000009095,1,138.65
3133,ORD000009106,1,294.44
3134,ORD000009107,4,208.31
3135,ORD000009109,2,249.5
3136,ORD000009111,5,531.46
3137,ORD000009112,1,23.2
3138,ORD000009117,3,82.59
3139,ORD000009118,1,18.67
3140,ORD000009120,3,68.78
3141,ORD000009123,2,20.23
3142,ORD000009125,4,14.58
3143,ORD000009127,1,20.98
3144,ORD000009129,1,104.04
3145,ORD000009132,1,19.6
3146,ORD000009133,4,3.22
3147,ORD000009136,3,1530.48
3148,ORD000009137,3,138.73
3149,ORD000009143,1,8.35
3150,ORD000009146,5,32.39
3151,ORD000009151,5,27.61
3152,ORD000009152,1,14.96
3153,ORD000009154,5,967.31
3154,ORD000009155,5,38.7
3155,ORD000009157,2,76.97
3156,ORD000009158,5,308.1
3157,ORD000009160,1,458.49
3158,ORD000009161,4,261.52
3159,ORD000009165,4,391.03
3160,ORD000009167,5,16.13
3161,ORD000009168,3,60.09
3162,ORD000009173,2,10.87
3163,ORD000009174,1,11.78
3164,ORD000009179,1,412.2
3165,ORD000009180,4,24.46
3166,ORD000009182,5,793.79
3167,ORD000009183,3,1276.18
3168,ORD000009185,1,124.04
3169,ORD000009186,3,2002.44
3170,ORD000009188,2,24.35
3171,ORD000009190,1,84.65
3172,ORD000009191,5,23.51
3173,ORD000009192,1,255.42
3174,ORD000009195,5,241.98
3175,ORD000009197,5,2694.26
3176,ORD000009199,5,1212.11
3177,ORD000009200,5,16.02
3178,ORD000009203,2,7739.75
3179,ORD000009205,5,83.04
3180,ORD000009206,2,3554.1
3181,ORD000009212,1,241.22
3182,ORD000009214,4,3408.13
3183,ORD000009217,1,215.39
3184,ORD000009220,5,7.96
3185,ORD000009224,1,45.73
3186,ORD000009226,5,18.32
3187,ORD000009228,5,41.16
3188,ORD000009238,1,67.3
3189,ORD000009242,4,165.44
3190,ORD000009244,2,145.38
3191,ORD000009245,3,27.86
3192,ORD000009246,4,7772.78
3193,ORD000009247,2,569.06
3194,ORD000009250,5,72.29
3195,ORD000009261,5,1246.36
3196,ORD000009262,1,208.17
3197,ORD000009266,1,11.12
3198,ORD000009267,1,427.9
3199,ORD000009275,1,22.53
3200,ORD000009279,3,352.15
3201,ORD000009281,2,56.63
3202,ORD000009285,2,9.14
3203,ORD000009286,1,79.4
3204,ORD000009291,2,32.54
3205,ORD000009292,5,38.31
3206,ORD000009296,4,78.98
3207,ORD000009297,5,242.72
3208,ORD000009308,1,177.47
3209,ORD000009309,1,68.74
3210,ORD000009312,2,12.8
3211,ORD000009315,1,56.49
3212,ORD000009318,3,2794.21
3213,ORD000009324,5,20.96
3214,ORD000009326,3,79.29
3215,ORD000009331,5,498.37
3216,ORD000009336,2,126.17
3217,ORD000009342,4,336.41
3218,ORD000009344,2,79.16
3219,ORD000009345,1,16.22
3220,ORD000009355,3,317.8
3221,ORD000009359,3,75.82
3222,ORD000009360,4,125.05
3223,ORD000009361,3,6.88
3224,ORD000009364,4,3571.52
3225,ORD000009368,5,145.93
3226,ORD000009371,2,99.44
3227,ORD000009373,3,27.41
3228,ORD000009377,2,4.04
3229,ORD000009379,2,18.34
3230,ORD000009384,4,6.87
3231,ORD000009385,3,10.0
3232,ORD000009386,1,30.5
3233,ORD000009390,5,662.11
3234,ORD000009391,1,281.41
3235,ORD000009395,3,406.45
3236,ORD000009399,4,1673.46
3237,ORD000009403,1,2260.53
3238,ORD000009405,3,46.49
3239,ORD000009407,1,13.0
3240,ORD000009409,2,18.62
3241,ORD000009410,2,1723.45
3242,ORD000009411,1,15.37
3243,ORD000009413,3,60.78
3244,ORD000009414,3,82.29
3245,ORD000009422,4,16.96
3246,ORD000009424,4,61.25
3247,ORD000009433,5,32.46
3248,ORD000009434,4,328.56
3249,ORD000009437,3,108.31
3250,ORD000009439,4,637.83
3251,ORD000009443,3,81.43
3252,ORD000009444,3,19.04
3253,ORD000009445,2,32.4
3254,ORD000009452,1,231.46
3255,ORD000009457,3,679.22
3256,ORD000009461,4,1839.81
3257,ORD000009463,5,9.33
3258,ORD000009469,1,194.05
3259,ORD000009471,3,1152.41
3260,ORD000009477,2,70.08
3261,ORD000009478,4,35.44
3262,ORD000009484,3,18.74
3263,ORD000009485,5,2679.14
3264,ORD000009488,4,61.65
3265,ORD000009490,3,12.41
3266,ORD000009493,3,281.23
3267,ORD000009497,4,92.38
3268,ORD000009500,1,31.88
3269,ORD000009501,3,25.49
3270,ORD000009505,5,84.02
3271,ORD000009509,3,40.32
3272,ORD000009515,3,323.7
3273,ORD000009516,5,1419.07
3274,ORD000009517,4,106.25
3275,ORD000009518,3,53.39
3276,ORD000009519,4,198.58
3277,ORD000009520,4,402.85
3278,ORD000009521,3,173.98
3279,ORD000009522,5,6.33
3280,ORD000009527,3,1310.7
3281,ORD000009529,1,203.85
3282,ORD000009533,2,376.06
3283,ORD000009542,1,41.0
3284,ORD000009545,4,247.25
3285,ORD000009551,1,365.0
3286,ORD000009553,4,1928.25
3287,ORD000009554,5,605.32
3288,ORD000009555,3,142.79
3289,ORD000009566,2,49.55
3290,ORD000009567,2,66.77
3291,ORD000009568,3,42.24
3292,ORD000009575,1,140.6
3293,ORD000009579,1,63.57
3294,ORD000009593,4,3661.03
3295,ORD000009594,2,34.34
3296,ORD000009603,5,135.49
3297,ORD000009604,2,24.58
3298,ORD000009610,3,184.21
3299,ORD000009612,5,31.09
3300,ORD000009619,1,742.9
3301,ORD000009624,1,348.25
3302,ORD000009627,1,790.12
3303,ORD000009628,5,699.32
3304,ORD000009631,1,11.82
3305,ORD000009635,4,33.32
3306,ORD000009636,5,82.86
3307,ORD000009637,1,1362.37
3308,ORD000009638,4,159.81
3309,ORD000009639,1,1084.71
3310,ORD000009640,3,168.07
3311,ORD000009643,3,28.0
3312,ORD000009645,2,14.05
3313,ORD000009649,4,159.19
3314,ORD000009651,1,127.11
3315,ORD000009655,5,11.17
3316,ORD000009659,2,684.11
3317,ORD000009663,1,37.77
3318,ORD000009665,1,54.55
3319,ORD000009667,4,59.25
3320,ORD000009669,1,30.1
3321,ORD000009670,5,1086.58
3322,ORD000009672,3,475.53
3323,ORD000009673,1,281.8
3324,ORD000009674,4,592.35
3325,ORD000009679,2,912.41
3326,ORD000009681,2,26.39
3327,ORD000009685,4,1398.62
3328,ORD000009695,5,6.39
3329,ORD000009696,3,243.85
3330,ORD000009700,1,1093.97
3331,ORD000009704,3,38.8
3332,ORD000009709,4,5192.93
3333,ORD000009713,4,2.61
3334,ORD000009714,2,372.49
3335,ORD000009715,4,954.13
3336,ORD000009717,2,168.08
3337,ORD000009719,5,1.7
3338,ORD000009720,2,27.33
3339,ORD000009721,3,365.46
3340,ORD000009722,1,21.23
3341,ORD000009724,4,45.23
3342,ORD000009729,1,53.6
3343,ORD000009731,5,92.68
3344,ORD000009732,3,35.82
3345,ORD000009747,3,257.66
3346,ORD000009749,4,491.23
3347,ORD000009754,4,30.37
3348,ORD000009755,4,105.24
3349,ORD000009756,5,127.12
3350,ORD000009757,4,312.18
3351,ORD000009759,1,1438.69
3352,ORD000009760,3,986.1
3353,ORD000009763,3,25.68
3354,ORD000009765,5,77.33
3355,ORD000009766,4,1441.85
3356,ORD000009767,1,176.61
3357,ORD000009769,3,34.01
3358,ORD000009775,1,2.86
3359,ORD000009776,3,12.48
3360,ORD000009778,5,11.81
3361,ORD000009779,3,407.95
3362,ORD000009780,4,20.88
3363,ORD000009781,3,12.43
3364,ORD000009783,1,380.42
3365,ORD000009784,2,735.11
3366,ORD000009785,4,201.61
3367,ORD000009787,3,18.13
3368,ORD000009792,4,336.01
3369,ORD000009794,3,110.2
3370,ORD000009796,1,714.66
3371,ORD000009798,3,22.54
3372,ORD000009803,3,366.96
3373,ORD000009805,4,13.66
3374,ORD000009806,3,771.86
3375,ORD000009807,3,789.12
3376,ORD000009810,1,571.86
3377,ORD000009818,2,33.14
3378,ORD000009819,3,2506.78
3379,ORD000009821,3,54.27
3380,ORD000009828,5,821.17
3381,ORD000009829,1,59.04
3382,ORD000009830,5,36.54
3383,ORD000009835,4,35.81
3384,ORD000009837,2,142.03
3385,ORD000009842,4,1132.86
3386,ORD000009846,2,61.99
3387,ORD000009847,4,319.04
3388,ORD000009852,3,250.34
3389,ORD000009862,5,35.45
3390,ORD000009869,2,30.67
3391,ORD000009871,2,1203.0
3392,ORD000009878,3,1126.32
3393,ORD000009882,1,22.07
3394,ORD000009885,1,1256.69
3395,ORD000009886,4,978.12
3396,ORD000009889,1,1032.63
3397,ORD000009892,5,27.71
3398,ORD000009893,5,19.52
3399,ORD000009894,3,23.21
3400,ORD000009897,1,878.12
3401,ORD000009902,5,237.4
3402,ORD000009903,2,66.52
3403,ORD000009905,3,14.85
3404,ORD000009906,4,1549.24
3405,ORD000009908,2,14.16
3406,ORD000009909,2,72.82
3407,ORD000009911,3,1911.13
3408,ORD000009914,3,14.07
3409,ORD000009916,2,2441.66
3410,ORD000009917,4,44.63
3411,ORD000009918,3,100.75
3412,ORD000009919,1,8.46
3413,ORD000009920,3,196.05
3414,ORD000009921,5,7.75
3415,ORD000009924,1,17.12
3416,ORD000009926,5,4157.19
3417,ORD000009927,5,86.73
3418,ORD000009929,2,518.05
3419,ORD000009931,4,645.86
3420,ORD000009935,2,178.92
3421,ORD000009936,5,26.01
3422,ORD000009937,4,596.43
3423,ORD000009939,5,625.29
3424,ORD000009942,4,121.99
3425,ORD000009944,5,970.77
3426,ORD000009945,2,58.34
3427,ORD000009948,1,519.02
3428,ORD000009951,3,86.79
3429,ORD000009960,4,41.89
3430,ORD000009967,2,26.52
3431,ORD000009972,5,6.2
3432,ORD000009975,2,820.07
3433,ORD000009977,5,299.66
3434,ORD000009979,1,2001.98
3435,ORD000009980,2,1295.11
3436,ORD000009982,1,1038.22
3437,ORD000009984,2,26.78
3438,ORD000009986,3,150.92
3439,ORD000009987,1,14.26
3440,ORD000009988,4,659.52
3441,ORD000009990,1,13.75
3442,ORD000009996,5,558.86
3443,ORD000009997,5,628.09
3444,ORD000009998,2,63.71
3445,ORD000009999,1,358.35
3446,ORD000010001,4,79.24
3447,ORD000010005,1,103.36
3448,ORD000010011,2,57.25
3449,ORD000010012,1,122.09
3450,ORD000010016,5,89.49
3451,ORD000010022,5,59.68
3452,ORD000010027,4,17.49
3453,ORD000010029,5,37.46
3454,ORD000010045,1,8.37
3455,ORD000010048,2,2725.42
3456,ORD000010057,4,683.64
3457,ORD000010058,4,231.42
3458,ORD000010060,1,90.81
3459,ORD000010068,1,7.89
3460,ORD000010073,4,9.56
3461,ORD000010075,4,32.18
3462,ORD000010076,2,219.44
3463,ORD000010079,4,2247.49
3464,ORD000010082,3,1210.56
3465,ORD000010085,3,591.0
3466,ORD000010087,1,59.42
3467,ORD000010091,3,23.2
3468,ORD000010093,3,539.39
3469,ORD000010096,1,197.73
3470,ORD000010097,4,1222.59
3471,ORD000010099,5,201.6
3472,ORD000010100,1,54.92
3473,ORD000010102,3,44.26
3474,ORD000010105,4,735.48
3475,ORD000010108,1,1371.22
3476,ORD000010111,2,6.1
3477,ORD000010113,1,405.22
3478,ORD000010114,5,2501.81
3479,ORD000010116,4,14.75
3480,ORD000010120,2,48.47
3481,ORD000010130,2,78.28
3482,ORD000010134,1,539.81
3483,ORD000010135,5,193.34
3484,ORD000010136,5,26.88
3485,ORD000010137,2,32.34
3486,ORD000010138,4,23.07
3487,ORD000010139,1,1777.22
3488,ORD000010140,3,20.59
3489,ORD000010149,4,32.77
3490,ORD000010153,1,23.21
3491,ORD000010155,1,129.11
3492,ORD000010165,5,1175.81
3493,ORD000010166,5,40.42
3494,ORD000010168,5,141.02
3495,ORD000010170,1,28.19
3496,ORD000010175,1,39.78
3497,ORD000010179,2,28.15
3498,ORD000010180,5,8.99
3499,ORD000010181,2,1439.53
3500,ORD000010186,5,51.83
3501,ORD000010188,3,308.39
3502,ORD000010189,2,180.2
3503,ORD000010193,2,111.9
3504,ORD000010194,4,133.44
3505,ORD000010197,4,36.43
3506,ORD000010201,5,24.53
3507,ORD000010202,5,34.97
3508,ORD000010205,3,728.33
3509,ORD000010211,5,31.68
3510,ORD000010220,3,34.71
3511,ORD000010221,1,56.68
3512,ORD000010231,3,1064.08
3513,ORD000010237,5,28.7
3514,ORD000010244,3,9.15
3515,ORD000010247,4,338.56
3516,ORD000010248,4,14.72
3517,ORD000010250,4,73.32
3518,ORD000010253,1,64.15
3519,ORD000010254,3,236.73
3520,ORD000010261,4,61.19
3521,ORD000010262,3,4.55
3522,ORD000010265,2,779.55
3523,ORD000010271,5,14.8
3524,ORD000010273,5,3731.45
3525,ORD000010275,3,716.76
3526,ORD000010277,1,10.59
3527,ORD000010284,2,221.45
3528,ORD000010285,3,76.81
3529,ORD000010288,4,18.76
3530,ORD000010295,1,176.75
3531,ORD000010296,5,200.28
3532,ORD000010298,4,57.42
3533,ORD000010304,2,175.36
3534,ORD000010305,2,253.92
3535,ORD000010310,2,36.26
3536,ORD000010312,4,6.62
3537,ORD000010314,3,22.13
3538,ORD000010315,4,84.58
3539,ORD000010316,2,544.91
3540,ORD000010317,2,569.98
3541,ORD000010319,1,33.36
3542,ORD000010320,5,6.36
3543,ORD000010335,5,8.92
3544,ORD000010342,4,24.3
3545,ORD000010343,1,37.92
3546,ORD000010344,4,49.73
3547,ORD000010346,5,674.24
3548,ORD000010347,3,5.95
3549,ORD000010349,4,892.61
3550,ORD000010350,1,81.81
3551,ORD000010351,2,1694.17
3552,ORD000010354,5,17.73
3553,ORD000010356,4,185.08
3554,ORD000010358,3,991.21
3555,ORD000010359,1,692.86
3556,ORD000010365,1,517.75
3557,ORD000010367,2,253.9
3558,ORD000010371,1,45.02
3559,ORD000010372,5,747.99
3560,ORD000010374,2,89.01
3561,ORD000010379,5,12.33
3562,ORD000010382,1,581.69
3563,ORD000010383,5,10.76
3564,ORD000010385,2,288.59
3565,ORD000010389,4,395.87
3566,ORD000010390,2,1763.59
3567,ORD000010392,2,66.58
3568,ORD000010394,4,34.2
3569,ORD000010395,3,59.83
3570,ORD000010397,2,1331.13
3571,ORD000010399,3,129.63
3572,ORD000010408,3,39.09
3573,ORD000010409,1,7.19
3574,ORD000010416,2,45.18
3575,ORD000010421,3,69.33
3576,ORD000010429,2,161.99
3577,ORD000010431,3,144.75
3578,ORD000010433,1,19.04
3579,ORD000010436,4,24.83
3580,ORD000010437,4,90.12
3581,ORD000010439,1,786.49
3582,ORD000010442,4,51.96
3583,ORD000010443,4,20.98
3584,ORD000010445,2,1154.65
3585,ORD000010447,5,42.41
3586,ORD000010448,5,41.68
3587,ORD000010450,2,86.36
3588,ORD000010451,1,969.11
3589,ORD000010455,4,86.81
3590,ORD000010456,1,2747.84
3591,ORD000010457,5,51.53
3592,ORD000010458,4,1126.51
3593,ORD000010468,2,703.21
3594,ORD000010472,3,1107.95
3595,ORD000010476,4,5.51
3596,ORD000010478,2,13.24
3597,ORD000010479,2,16.34
3598,ORD000010480,4,2852.88
3599,ORD000010484,3,27.97
3600,ORD000010487,2,48.26
3601,ORD000010493,2,47.12
3602,ORD000010496,3,23.03
3603,ORD000010501,4,337.21
3604,ORD000010506,5,171.01
3605,ORD000010511,3,414.34
3606,ORD000010513,4,20.24
3607,ORD000010515,4,13.05
3608,ORD000010519,5,25.74
3609,ORD000010526,1,6.8
3610,ORD000010527,2,56.51
3611,ORD000010531,3,2467.75
3612,ORD000010533,2,539.88
3613,ORD000010536,1,33.54
3614,ORD000010542,5,394.39
3615,ORD000010544,5,241.71
3616,ORD000010545,1,222.69
3617,ORD000010548,2,346.62
3618,ORD000010550,1,448.84
3619,ORD000010554,5,7.76
3620,ORD000010555,2,8.9
3621,ORD000010557,4,59.38
3622,ORD000010558,4,363.11
3623,ORD000010560,3,232.69
3624,ORD000010561,1,454.79
3625,ORD000010566,2,193.33
3626,ORD000010569,2,83.09
3627,ORD000010570,4,131.7
3628,ORD000010574,5,346.18
3629,ORD000010575,4,150.23
3630,ORD000010576,4,7.81
3631,ORD000010579,5,1428.37
3632,ORD000010580,4,1137.03
3633,ORD000010581,3,78.55
3634,ORD000010584,4,176.4
3635,ORD000010585,5,19.28
3636,ORD000010587,4,68.94
3637,ORD000010588,3,202.57
3638,ORD000010595,3,698.06
3639,ORD000010602,5,136.67
3640,ORD000010603,1,51.41
3641,ORD000010604,1,835.82
3642,ORD000010608,4,2384.49
3643,ORD000010609,3,47.94
3644,ORD000010610,3,63.63
3645,ORD000010612,3,14.03
3646,ORD000010615,1,1199.98
3647,ORD000010618,1,308.63
3648,ORD000010619,1,12.25
3649,ORD000010622,5,14.94
3650,ORD000010623,2,52.24
3651,ORD000010625,2,12.79
3652,ORD000010633,3,269.4
3653,ORD000010636,3,1035.08
3654,ORD000010637,4,299.1
3655,ORD000010640,4,121.66
3656,ORD000010643,3,15.65
3657,ORD000010648,3,101.52
3658,ORD000010650,4,1409.16
3659,ORD000010651,2,2400.07
3660,ORD000010652,5,1150.11
3661,ORD000010655,3,115.36
3662,ORD000010658,3,105.1
3663,ORD000010662,2,82.33
3664,ORD000010664,5,116.09
3665,ORD000010680,1,164.98
3666,ORD000010683,3,18.38
3667,ORD000010684,3,497.93
3668,ORD000010685,4,681.19
3669,ORD000010686,5,218.48
3670,ORD000010687,5,13.03
3671,ORD000010691,1,133.3
3672,ORD000010693,3,76.49
3673,ORD000010698,1,1578.12
3674,ORD000010712,1,83.5
3675,ORD000010714,5,70.69
3676,ORD000010715,2,28.68
3677,ORD000010717,3,7.71
3678,ORD000010726,3,530.27
3679,ORD000010730,1,81.19
3680,ORD000010733,2,300.74
3681,ORD000010736,5,161.79
3682,ORD000010738,2,65.67
3683,ORD000010740,2,30.56
3684,ORD000010742,3,974.2
3685,ORD000010743,1,112.48
3686,ORD000010747,1,412.17
3687,ORD000010749,3,175.05
3688,ORD000010754,5,16.23
3689,ORD000010758,1,11.41
3690,ORD000010764,3,37.6
3691,ORD000010766,4,251.2
3692,ORD000010768,1,721.23
3693,ORD000010770,1,41.1
3694,ORD000010776,4,19.78
3695,ORD000010779,3,36.06
3696,ORD000010784,5,63.0
3697,ORD000010786,5,10.06
3698,ORD000010788,5,32.57
3699,ORD000010790,2,40.23
3700,ORD000010791,4,12.55
3701,ORD000010793,4,325.77
3702,ORD000010795,5,13.54
3703,ORD000010797,1,62.97
3704,ORD000010800,5,272.01
3705,ORD000010801,1,679.44
3706,ORD000010804,5,1142.32
3707,ORD000010805,2,194.55
3708,ORD000010806,2,100.48
3709,ORD000010807,2,158.12
3710,ORD000010810,5,507.54
3711,ORD000010811,1,9.87
3712,ORD000010812,5,372.79
3713,ORD000010814,5,10.9
3714,ORD000010815,4,179.41
3715,ORD000010818,4,106.57
3716,ORD000010820,2,231.39
3717,ORD000010821,5,59.51
3718,ORD000010824,1,5036.23
3719,ORD000010825,2,25.17
3720,ORD000010827,1,29.71
3721,ORD000010829,4,1013.68
3722,ORD000010834,2,170.31
3723,ORD000010839,5,785.86
3724,ORD000010840,2,286.89
3725,ORD000010844,4,165.01
3726,ORD000010853,4,42.83
3727,ORD000010859,1,101.52
3728,ORD000010863,3,22.0
3729,ORD000010870,4,204.42
3730,ORD000010872,5,4771.41
3731,ORD000010873,4,563.51
3732,ORD000010874,2,23.02
3733,ORD000010878,1,172.61
3734,ORD000010882,4,13.23
3735,ORD000010883,2,26.27
3736,ORD000010884,5,335.31
3737,ORD000010885,5,289.47
3738,ORD000010889,4,56.44
3739,ORD000010896,1,10.71
3740,ORD000010904,4,1179.67
3741,ORD000010905,5,487.55
3742,ORD000010906,4,158.92
3743,ORD000010913,1,138.23
3744,ORD000010916,5,2522.05
3745,ORD000010917,1,49.82
3746,ORD000010920,5,2052.18
3747,ORD000010924,2,247.78
3748,ORD000010926,3,14.6
3749,ORD000010933,1,71.89
3750,ORD000010935,1,66.46
3751,ORD000010936,2,5.42
3752,ORD000010940,3,229.45
3753,ORD000010945,2,1155.26
3754,ORD000010946,2,1479.02
3755,ORD000010948,1,44.81
3756,ORD000010949,3,808.9
3757,ORD000010951,1,32.13
3758,ORD000010955,3,1430.63
3759,ORD000010958,5,18.16
3760,ORD000010959,3,1121.24
3761,ORD000010960,4,3.18
3762,ORD000010963,2,611.84
3763,ORD000010968,4,105.89
3764,ORD000010969,1,84.9
3765,ORD000010977,1,26.73
3766,ORD000010980,2,23.26
3767,ORD000010985,1,2755.21
3768,ORD000010989,3,221.13
3769,ORD000010990,5,109.92
3770,ORD000010991,4,858.11
3771,ORD000010998,1,209.33
3772,ORD000010999,5,334.47
3773,ORD000011008,5,62.97
3774,ORD000011009,2,163.91
3775,ORD000011010,2,256.77
3776,ORD000011013,4,603.52
3777,ORD000011014,2,1673.29
3778,ORD000011016,4,180.51
3779,ORD000011019,4,142.82
3780,ORD000011027,5,1734.6
3781,ORD000011034,1,2800.6
3782,ORD000011037,2,2712.94
3783,ORD000011042,5,65.57
3784,ORD000011045,1,7.1
3785,ORD000011048,5,186.14
3786,ORD000011049,5,21.33
3787,ORD000011056,1,52.65
3788,ORD000011060,5,48.3
3789,ORD000011061,5,46.09
3790,ORD000011062,4,270.5
3791,ORD000011067,4,63.07
3792,ORD000011072,5,108.34
3793,ORD000011073,1,46.41
3794,ORD000011076,5,15.69
3795,ORD000011079,2,186.29
3796,ORD000011083,4,1134.93
3797,ORD000011084,1,87.63
3798,ORD000011089,3,626.16
3799,ORD000011090,3,316.52
3800,ORD000011091,3,16.25
3801,ORD000011094,1,9.35
3802,ORD000011098,5,15.89
3803,ORD000011102,5,5.41
3804,ORD000011106,2,2.31
3805,ORD000011108,1,351.93
3806,ORD000011110,1,110.49
3807,ORD000011114,2,302.17
3808,ORD000011115,4,24.01
3809,ORD000011117,3,505.81
3810,ORD000011120,5,328.32
3811,ORD000011124,2,2278.54
3812,ORD000011129,2,21.17
3813,ORD000011133,3,22.72
3814,ORD000011134,5,17.55
3815,ORD000011141,1,333.24
3816,ORD000011145,5,28.71
3817,ORD000011153,1,770.95
3818,ORD000011159,4,5.07
3819,ORD000011168,1,24.1
3820,ORD000011172,4,26.31
3821,ORD000011173,2,152.74
3822,ORD000011178,3,281.32
3823,ORD000011179,1,495.02
3824,ORD000011180,5,55.22
3825,ORD000011181,4,1169.38
3826,ORD000011183,2,34.31
3827,ORD000011184,4,261.67
3828,ORD000011185,3,1267.9
3829,ORD000011192,4,4.05
3830,ORD000011194,5,119.59
3831,ORD000011196,1,728.7
3832,ORD000011202,4,75.54
3833,ORD000011204,3,304.68
3834,ORD000011206,3,14.04
3835,ORD000011207,1,18.81
3836,ORD000011216,1,17.65
3837,ORD000011220,2,1258.49
3838,ORD000011224,3,34.54
3839,ORD000011227,4,74.35
3840,ORD000011230,1,29.67
3841,ORD000011231,4,116.42
3842,ORD000011234,1,42.91
3843,ORD000011237,3,405.3
3844,ORD000011238,3,127.6
3845,ORD000011240,5,15.1
3846,ORD000011243,2,689.71
3847,ORD000011248,4,248.65
3848,ORD000011250,3,2232.72
3849,ORD000011252,5,336.75
3850,ORD000011256,5,38.33
3851,ORD000011260,5,26.6
3852,ORD000011261,3,22.37
3853,ORD000011262,2,68.4
3854,ORD000011264,3,6.17
3855,ORD000011267,1,1052.59
3856,ORD000011268,3,772.57
3857,ORD000011269,2,90.39
3858,ORD000011274,3,35.34
3859,ORD000011276,5,36.73
3860,ORD000011277,3,5.99
3861,ORD000011278,2,527.21
3862,ORD000011281,2,46.86
3863,ORD000011287,2,60.97
3864,ORD000011294,4,55.28
3865,ORD000011295,2,53.55
3866,ORD000011299,4,109.41
3867,ORD000011302,1,321.63
3868,ORD000011303,3,191.13
3869,ORD000011308,2,12.69
3870,ORD000011314,1,360.79
3871,ORD000011315,4,13.18
3872,ORD000011316,2,497.78
3873,ORD000011318,2,5.68
3874,ORD000011325,1,170.23
3875,ORD000011330,5,23.15
3876,ORD000011331,5,60.26
3877,ORD000011335,3,436.66
3878,ORD000011342,1,525.56
3879,ORD000011343,1,45.49
3880,ORD000011349,4,1112.43
3881,ORD000011354,3,1164.69
3882,ORD000011355,1,284.77
3883,ORD000011359,5,33.5
3884,ORD000011366,2,1915.84
3885,ORD000011367,3,143.06
3886,ORD000011368,3,36.08
3887,ORD000011371,5,1330.13
3888,ORD000011372,5,782.29
3889,ORD000011373,2,370.59
3890,ORD000011375,1,17.74
3891,ORD000011378,2,323.35
3892,ORD000011382,2,86.83
3893,ORD000011384,1,524.69
3894,ORD000011385,1,1141.71
3895,ORD000011394,5,80.4
3896,ORD000011401,2,380.07
3897,ORD000011402,3,143.63
3898,ORD000011405,1,186.4
3899,ORD000011410,1,219.24
3900,ORD000011416,5,88.5
3901,ORD000011421,5,9.33
3902,ORD000011422,2,1580.52
3903,ORD000011427,2,221.86
3904,ORD000011435,5,83.63
3905,ORD000011438,4,831.09
3906,ORD000011439,3,254.21
3907,ORD000011440,3,667.13
3908,ORD000011442,3,764.91
3909,ORD000011444,1,1473.29
3910,ORD000011445,3,40.55
3911,ORD000011450,4,59.99
3912,ORD000011454,1,12.86
3913,ORD000011456,3,80.36
3914,ORD000011457,2,276.4
3915,ORD000011463,1,360.91
3916,ORD000011464,3,211.73
3917,ORD000011465,4,6.33
3918,ORD000011466,5,23.18
3919,ORD000011469,3,8.75
3920,ORD000011470,5,362.48
3921,ORD000011472,5,612.26
3922,ORD000011473,3,550.06
3923,ORD000011477,1,8.09
3924,ORD000011482,2,16.28
3925,ORD000011485,1,41.47
3926,ORD000011487,4,278.4
3927,ORD000011488,4,21.28
3928,ORD000011503,4,73.36
3929,ORD000011504,5,72.0
3930,ORD000011505,1,37.21
3931,ORD000011506,4,74.0
3932,ORD000011510,2,1332.1
3933,ORD000011518,2,13.17
3934,ORD000011522,2,850.34
3935,ORD000011523,5,30.21
3936,ORD000011529,1,23.68
3937,ORD000011530,2,136.39
3938,ORD000011532,2,1209.89
3939,ORD000011535,4,25.33
3940,ORD000011538,4,166.62
3941,ORD000011540,5,13.3
3942,ORD000011541,2,594.44
3943,ORD000011551,3,46.0
3944,ORD000011555,5,639.86
3945,ORD000011556,1,2493.74
3946,ORD000011558,1,15.41
3947,ORD000011560,2,33.98
3948,ORD000011571,1,53.08
3949,ORD000011575,2,54.62
3950,ORD000011576,2,19.27
3951,ORD000011577,2,9.73
3952,ORD000011579,3,18.02
3953,ORD000011581,4,963.54
3954,ORD000011583,4,819.0
3955,ORD000011586,2,242.68
3956,ORD000011588,1,197.79
3957,ORD000011599,2,57.53
3958,ORD000011603,5,60.71
3959,ORD000011606,3,24.16
3960,ORD000011609,4,1403.16
3961,ORD000011615,1,8382.5
3962,ORD000011618,2,173.0
3963,ORD000011620,5,376.7
3964,ORD000011622,2,3.6
3965,ORD000011624,3,1330.84
3966,ORD000011625,4,103.78
3967,ORD000011629,4,62.75
3968,ORD000011634,4,55.31
3969,ORD000011635,4,607.64
3970,ORD000011641,1,86.54
3971,ORD000011643,3,24.07
3972,ORD000011644,1,110.54
3973,ORD000011646,3,994.57
3974,ORD000011647,2,2834.74
3975,ORD000011648,5,70.09
3976,ORD000011649,4,9.43
3977,ORD000011653,5,1346.59
3978,ORD000011656,1,1490.87
3979,ORD000011657,3,92.79
3980,ORD000011659,5,71.42
3981,ORD000011660,2,46.39
3982,ORD000011663,3,572.45
3983,ORD000011668,1,1702.14
3984,ORD000011671,5,2.31
3985,ORD000011674,3,29.79
3986,ORD000011677,5,148.0
3987,ORD000011681,5,12.41
3988,ORD000011685,2,1861.24
3989,ORD000011686,1,30.67
3990,ORD000011690,5,66.19
3991,ORD000011692,4,46.24
3992,ORD000011694,3,1062.5
3993,ORD000011695,1,78.33
3994,ORD000011697,4,11.45
3995,ORD000011699,4,2544.6
3996,ORD000011702,3,1287.57
3997,ORD000011703,3,710.59
3998,ORD000011705,4,19.59
3999,ORD000011706,4,6.66
4000,ORD000011708,1,45.58
4001,ORD000011712,2,63.17
4002,ORD000011713,5,68.91
4003,ORD000011714,5,307.98
4004,ORD000011720,5,25.99
4005,ORD000011727,5,23.22
4006,ORD000011728,1,10.18
4007,ORD000011730,1,507.6
4008,ORD000011732,4,1015.11
4009,ORD000011733,5,71.63
4010,ORD000011735,3,50.64
4011,ORD000011736,3,36.73
4012,ORD000011738,3,24.19
4013,ORD000011742,5,73.51
4014,ORD000011744,4,20.43
4015,ORD000011746,1,39.64
4016,ORD000011749,5,102.72
4017,ORD000011751,3,12.32
4018,ORD000011752,2,6.47
4019,ORD000011755,5,52.67
4020,ORD000011756,2,12.01
4021,ORD000011760,5,273.31
4022,ORD000011763,4,246.74
4023,ORD000011764,4,24.86
4024,ORD000011765,1,304.3
4025,ORD000011766,1,6.04
4026,ORD000011768,2,36.21
4027,ORD000011769,4,201.91
4028,ORD000011783,5,334.15
4029,ORD000011784,1,17.58
4030,ORD000011785,5,9513.64
4031,ORD000011790,3,102.62
4032,ORD000011794,1,195.93
4033,ORD000011795,2,18.51
4034,ORD000011796,4,9.77
4035,ORD000011797,4,215.74
4036,ORD000011800,1,760.33
4037,ORD000011801,2,28.8
4038,ORD000011807,4,12.36
4039,ORD000011808,4,3062.4
4040,ORD000011811,2,83.1
4041,ORD000011815,1,10.18
4042,ORD000011816,2,50.23
4043,ORD000011822,1,656.29
4044,ORD000011825,3,38.64
4045,ORD000011827,1,17.41
4046,ORD000011828,5,33.78
4047,ORD000011831,2,68.72
4048,ORD000011835,3,169.11
4049,ORD000011836,4,32.26
4050,ORD000011837,3,8.13
4051,ORD000011844,2,34.11
4052,ORD000011847,3,108.97
4053,ORD000011851,5,35.96
4054,ORD000011852,5,611.95
4055,ORD000011853,5,27.15
4056,ORD000011855,2,38.76
4057,ORD000011856,2,153.78
4058,ORD000011857,5,59.78
4059,ORD000011860,4,807.25
4060,ORD000011861,2,242.04
4061,ORD000011863,2,371.99
4062,ORD000011864,2,474.72
4063,ORD000011865,4,10.86
4064,ORD000011867,1,1909.35
4065,ORD000011868,2,673.75
4066,ORD000011869,1,38.26
4067,ORD000011875,1,28.3
4068,ORD000011878,1,12.44
4069,ORD000011879,4,304.28
4070,ORD000011885,2,78.34
4071,ORD000011886,3,2348.97
4072,ORD000011890,5,36.08
4073,ORD000011891,2,1838.05
4074,ORD000011894,3,10.62
4075,ORD000011896,1,393.25
4076,ORD000011897,1,29.57
4077,ORD000011899,5,28.38
4078,ORD000011902,1,1125.97
4079,ORD000011903,3,615.28
4080,ORD000011904,1,926.54
4081,ORD000011905,2,90.3
4082,ORD000011906,1,31.81
4083,ORD000011907,1,14.74
4084,ORD000011908,4,46.26
4085,ORD000011909,4,54.26
4086,ORD000011910,5,39.52
4087,ORD000011913,4,47.32
4088,ORD000011915,4,27.73
4089,ORD000011916,3,2029.02
4090,ORD000011918,2,102.94
4091,ORD000011919,2,60.98
4092,ORD000011920,2,125.2
4093,ORD000011923,4,32.58
4094,ORD000011927,1,140.31
4095,ORD000011930,3,2931.72
4096,ORD000011931,2,28.18
4097,ORD000011934,1,578.42
4098,ORD000011936,3,1209.43
4099,ORD000011940,2,617.11
4100,ORD000011941,2,1091.13
4101,ORD000011943,4,299.1
4102,ORD000011944,2,109.58
4103,ORD000011945,5,741.97
4104,ORD000011951,4,2229.16
4105,ORD000011952,5,31.31
4106,ORD000011953,1,52.14
4107,ORD000011957,4,74.89
4108,ORD000011958,2,212.76
4109,ORD000011961,3,38.28
4110,ORD000011966,3,72.44
4111,ORD000011970,1,9.65
4112,ORD000011976,1,28.19
4113,ORD000011981,5,332.38
4114,ORD000011985,1,234.03
4115,ORD000011989,1,1784.09
4116,ORD000011998,4,2223.62
4117,ORD000012000,4,55.19
4118,ORD000012004,1,65.42
4119,ORD000012005,1,105.25
4120,ORD000012006,5,26.64
4121,ORD000012007,1,2802.15
4122,ORD000012009,4,299.66
4123,ORD000012019,2,15.56
4124,ORD000012022,1,117.64
4125,ORD000012037,3,193.39
4126,ORD000012039,5,12.26
4127,ORD000012040,2,320.19
4128,ORD000012041,5,43.14
4129,ORD000012042,2,139.6
4130,ORD000012051,4,215.2
4131,ORD000012053,3,138.7
4132,ORD000012055,5,5.74
4133,ORD000012056,4,42.36
4134,ORD000012060,5,11.53
4135,ORD000012063,5,38.57
4136,ORD000012065,5,277.78
4137,ORD000012072,2,369.44
4138,ORD000012074,3,9.54
4139,ORD000012078,1,46.83
4140,ORD000012081,5,497.89
4141,ORD000012083,5,28.39
4142,ORD000012095,2,2311.23
4143,ORD000012103,3,6.06
4144,ORD000012109,2,33.13
4145,ORD000012120,1,472.53
4146,ORD000012122,3,19.01
4147,ORD000012134,5,31.37
4148,ORD000012135,4,6.98
4149,ORD000012136,2,970.95
4150,ORD000012137,2,109.28
4151,ORD000012140,4,10.73
4152,ORD000012148,4,338.82
4153,ORD000012152,2,219.24
4154,ORD000012155,5,62.57
4155,ORD000012156,4,15.54
4156,ORD000012157,2,39.88
4157,ORD000012159,4,82.08
4158,ORD000012160,4,641.49
4159,ORD000012163,4,17.96
4160,ORD000012165,4,112.88
4161,ORD000012173,3,627.98
4162,ORD000012177,1,20.21
4163,ORD000012181,4,206.99
4164,ORD000012184,5,1003.16
4165,ORD000012186,4,24.54
4166,ORD000012189,1,8.22
4167,ORD000012193,5,6.68
4168,ORD000012197,1,34.42
4169,ORD000012200,3,10.88
4170,ORD000012202,5,283.82
4171,ORD000012203,1,45.11
4172,ORD000012205,4,421.84
4173,ORD000012210,4,46.92
4174,ORD000012212,1,350.84
4175,ORD000012215,3,101.7
4176,ORD000012217,5,70.98
4177,ORD000012218,4,112.14
4178,ORD000012220,1,44.86
4179,ORD000012227,2,1022.26
4180,ORD000012231,1,38.0
4181,ORD000012236,1,46.11
4182,ORD000012237,3,146.69
4183,ORD000012241,1,1070.85
4184,ORD000012243,2,2278.4
4185,ORD000012245,3,23.43
4186,ORD000012248,4,302.82
4187,ORD000012250,2,112.11
4188,ORD000012251,5,8.24
4189,ORD000012252,1,28.38
4190,ORD000012253,2,72.69
4191,ORD000012256,1,152.16
4192,ORD000012258,4,454.61
4193,ORD000012259,4,200.0
4194,ORD000012265,4,1198.38
4195,ORD000012266,1,22.89
4196,ORD000012269,3,228.21
4197,ORD000012270,5,13.4
4198,ORD000012271,1,7.86
4199,ORD000012272,2,40.27
4200,ORD000012274,3,1451.83
4201,ORD000012275,3,2172.04
4202,ORD000012277,1,249.09
4203,ORD000012279,1,170.35
4204,ORD000012280,4,55.74
4205,ORD000012283,1,10.9
4206,ORD000012285,5,86.97
4207,ORD000012288,4,349.04
4208,ORD000012290,5,2287.9
4209,ORD000012293,2,340.05
4210,ORD000012298,1,266.04
4211,ORD000012300,4,23.73
4212,ORD000012302,3,26.05
4213,ORD000012303,5,212.68
4214,ORD000012307,4,40.18
4215,ORD000012308,5,326.7
4216,ORD000012316,5,49.84
4217,ORD000012320,5,985.3
4218,ORD000012325,4,131.54
4219,ORD000012328,2,78.49
4220,ORD000012331,5,4.16
4221,ORD000012340,1,204.9
4222,ORD000012342,2,26.57
4223,ORD000012345,5,97.0
4224,ORD000012353,4,840.02
4225,ORD000012354,5,102.92
4226,ORD000012355,4,29.44
4227,ORD000012358,5,25.77
4228,ORD000012364,2,33.25
4229,ORD000012366,5,14.79
4230,ORD000012373,3,2852.31
4231,ORD000012379,4,437.03
4232,ORD000012380,4,8.85
4233,ORD000012382,5,176.54
4234,ORD000012391,4,13.51
4235,ORD000012394,5,122.79
4236,ORD000012395,3,19.87
4237,ORD000012396,2,138.21
4238,ORD000012402,1,91.22
4239,ORD000012405,1,55.11
4240,ORD000012408,1,58.88
4241,ORD000012410,4,14.11
4242,ORD000012411,4,113.38
4243,ORD000012412,2,16.48
4244,ORD000012414,5,366.23
4245,ORD000012415,4,67.08
4246,ORD000012416,3,51.3
4247,ORD000012419,3,187.07
4248,ORD000012424,1,200.26
4249,ORD000012426,2,213.37
4250,ORD000012430,2,46.72
4251,ORD000012432,4,81.87
4252,ORD000012434,1,191.16
4253,ORD000012435,3,88.26
4254,ORD000012437,2,17.75
4255,ORD000012439,5,139.29
4256,ORD000012442,4,174.82
4257,ORD000012443,3,8.0
4258,ORD000012445,5,24.29
4259,ORD000012446,2,1393.92
4260,ORD000012449,4,827.14
4261,ORD000012450,4,64.17
4262,ORD000012452,3,59.08
4263,ORD000012453,1,5.32
4264,ORD000012458,4,11.19
4265,ORD000012459,1,9.48
4266,ORD000012464,1,688.17
4267,ORD000012465,5,40.94
4268,ORD000012467,3,12.18
4269,ORD000012468,1,364.76
4270,ORD000012472,5,25.42
4271,ORD000012475,4,41.68
4272,ORD000012477,2,500.73
4273,ORD000012479,1,591.64
4274,ORD000012480,5,1597.23
4275,ORD000012484,4,7.69
4276,ORD000012487,5,132.42
4277,ORD000012494,1,43.17
4278,ORD000012495,5,389.16
4279,ORD000012496,3,65.24
4280,ORD000012498,3,136.03
4281,ORD000012501,5,67.72
4282,ORD000012502,3,77.78
4283,ORD000012506,5,24.13
4284,ORD000012507,2,16.58
4285,ORD000012508,4,17.49
4286,ORD000012510,1,24.61
4287,ORD000012514,4,29.45
4288,ORD000012517,5,24.39
4289,ORD000012518,1,1375.75
4290,ORD000012529,5,32.95
4291,ORD000012532,5,730.8
4292,ORD000012533,4,54.95
4293,ORD000012536,4,781.65
4294,ORD000012542,3,802.17
4295,ORD000012550,3,96.67
4296,ORD000012552,3,26.86
4297,ORD000012553,4,645.39
4298,ORD000012561,3,612.74
4299,ORD000012562,2,63.98
4300,ORD000012563,2,10.35
4301,ORD000012571,3,141.95
4302,ORD000012573,4,66.37
4303,ORD000012576,2,74.31
4304,ORD000012579,4,680.68
4305,ORD000012582,1,65.87
4306,ORD000012588,2,25.74
4307,ORD000012592,2,2.88
4308,ORD000012593,5,199.79
4309,ORD000012598,2,548.52
4310,ORD000012599,3,530.07
4311,ORD000012611,3,343.91
4312,ORD000012612,1,94.32
4313,ORD000012614,5,146.61
4314,ORD000012616,2,172.34
4315,ORD000012618,3,306.77
4316,ORD000012625,5,21.44
4317,ORD000012628,2,16.35
4318,ORD000012629,1,10.87
4319,ORD000012630,5,5.28
4320,ORD000012631,2,148.96
4321,ORD000012632,5,865.83
4322,ORD000012634,5,7.58
4323,ORD000012638,3,19.38
4324,ORD000012639,3,10.59
4325,ORD000012646,2,12.38
4326,ORD000012649,4,157.38
4327,ORD000012655,4,139.88
4328,ORD000012656,2,686.34
4329,ORD000012657,2,775.22
4330,ORD000012658,1,40.77
4331,ORD000012660,5,95.4
4332,ORD000012665,1,178.38
4333,ORD000012672,1,876.81
4334,ORD000012674,5,76.12
4335,ORD000012676,1,481.6
4336,ORD000012682,4,28.01
4337,ORD000012686,2,58.63
4338,ORD000012691,3,10.97
4339,ORD000012699,4,142.12
4340,ORD000012700,3,13.11
4341,ORD000012701,5,27.11
4342,ORD000012710,4,111.51
4343,ORD000012712,3,31.16
4344,ORD000012716,2,344.41
4345,ORD000012723,5,17.35
4346,ORD000012724,5,340.57
4347,ORD000012730,2,87.01
4348,ORD000012739,1,53.2
4349,ORD000012741,3,52.34
4350,ORD000012742,2,173.07
4351,ORD000012749,2,11.75
4352,ORD000012750,2,258.11
4353,ORD000012754,1,62.1
4354,ORD000012755,2,30.22
4355,ORD000012757,1,392.45
4356,ORD000012758,4,143.48
4357,ORD000012759,1,3.51
4358,ORD000012763,2,125.06
4359,ORD000012764,5,83.29
4360,ORD000012767,2,10.93
4361,ORD000012777,5,52.73
4362,ORD000012781,2,189.39
4363,ORD000012782,4,71.88
4364,ORD000012785,4,8.93
4365,ORD000012786,2,5.41
4366,ORD000012787,3,35.5
4367,ORD000012791,1,29.76
4368,ORD000012793,1,28.37
4369,ORD000012794,2,371.41
4370,ORD000012797,1,24.45
4371,ORD000012799,4,81.9
4372,ORD000012802,4,1104.96
4373,ORD000012811,3,196.36
4374,ORD000012813,4,22.92
4375,ORD000012815,2,19.26
4376,ORD000012821,2,21.43
4377,ORD000012823,5,33.53
4378,ORD000012826,5,1596.33
4379,ORD000012827,5,60.78
4380,ORD000012829,4,15.51
4381,ORD000012840,3,1812.54
4382,ORD000012848,5,180.02
4383,ORD000012850,1,2006.06
4384,ORD000012851,2,397.09
4385,ORD000012852,1,52.49
4386,ORD000012854,5,62.67
4387,ORD000012856,2,413.54
4388,ORD000012857,5,174.82
4389,ORD000012858,3,396.87
4390,ORD000012866,1,58.27
4391,ORD000012868,4,634.68
4392,ORD000012870,2,138.33
4393,ORD000012871,3,295.9
4394,ORD000012873,2,91.0
4395,ORD000012876,4,409.16
4396,ORD000012879,2,76.65
4397,ORD000012881,3,1932.03
4398,ORD000012886,5,10.82
4399,ORD000012892,5,39.41
4400,ORD000012895,3,1167.81
4401,ORD000012900,4,758.4
4402,ORD000012902,3,61.49
4403,ORD000012903,5,18.41
4404,ORD000012906,4,687.66
4405,ORD000012911,5,92.96
4406,ORD000012912,1,11.76
4407,ORD000012915,4,17.23
4408,ORD000012918,1,40.37
4409,ORD000012920,1,103.7
4410,ORD000012922,2,41.41
4411,ORD000012924,4,75.46
4412,ORD000012930,2,64.22
4413,ORD000012934,4,41.54
4414,ORD000012935,5,4.42
4415,ORD000012937,1,126.97
4416,ORD000012939,5,120.13
4417,ORD000012940,5,176.51
4418,ORD000012941,4,841.76
4419,ORD000012942,5,45.3
4420,ORD000012943,1,29.84
4421,ORD000012944,1,31.01
4422,ORD000012946,1,488.59
4423,ORD000012952,5,233.33
4424,ORD000012953,2,53.13
4425,ORD000012954,4,362.99
4426,ORD000012956,4,8.33
4427,ORD000012957,5,50.83
4428,ORD000012965,5,1985.16
4429,ORD000012970,4,237.84
4430,ORD000012976,5,26.23
4431,ORD000012982,4,145.75
4432,ORD000012983,4,83.54
4433,ORD000012984,1,446.61
4434,ORD000012987,2,3.31
4435,ORD000012988,4,73.54
4436,ORD000012989,5,228.82
4437,ORD000012991,4,238.45
4438,ORD000012994,1,2306.24
4439,ORD000012999,3,380.87
4440,ORD000013003,4,422.23
4441,ORD000013004,3,38.23
4442,ORD000013005,5,29.76
4443,ORD000013009,1,74.11
4444,ORD000013010,3,2120.39
4445,ORD000013013,1,15.01
4446,ORD000013014,3,16.37
4447,ORD000013016,3,807.86
4448,ORD000013017,3,166.71
4449,ORD000013025,3,11.48
4450,ORD000013026,1,274.29
4451,ORD000013027,5,34.16
4452,ORD000013033,2,1233.66
4453,ORD000013034,3,1599.75
4454,ORD000013035,1,2570.3
4455,ORD000013036,1,18.68
4456,ORD000013041,1,154.08
4457,ORD000013042,4,2806.75
4458,ORD000013043,4,2103.07
4459,ORD000013044,1,536.15
4460,ORD000013046,3,95.41
4461,ORD000013056,3,19.27
4462,ORD000013057,3,61.66
4463,ORD000013058,5,405.6
4464,ORD000013059,4,3.88
4465,ORD000013063,5,589.42
4466,ORD000013071,2,20.03
4467,ORD000013073,1,1246.13
4468,ORD000013074,3,43.19
4469,ORD000013076,1,226.95
4470,ORD000013078,5,262.92
4471,ORD000013081,1,24.14
4472,ORD000013083,2,40.99
4473,ORD000013087,1,2567.04
4474,ORD000013091,1,640.56
4475,ORD000013094,4,309.01
4476,ORD000013095,3,15.18
4477,ORD000013096,5,1181.52
4478,ORD000013098,5,139.05
4479,ORD000013099,2,14.97
4480,ORD000013100,1,27.76
4481,ORD000013109,5,8.5
4482,ORD000013111,1,6.65
4483,ORD000013113,1,1180.38
4484,ORD000013115,1,1162.61
4485,ORD000013116,1,195.77
4486,ORD000013121,3,19.05
4487,ORD000013122,3,1547.19
4488,ORD000013124,1,93.87
4489,ORD000013125,3,545.93
4490,ORD000013126,3,22.91
4491,ORD000013127,2,3089.28
4492,ORD000013128,4,543.88
4493,ORD000013132,3,452.27
4494,ORD000013135,4,125.75
4495,ORD000013137,3,56.82
4496,ORD000013141,1,2149.29
4497,ORD000013146,4,78.11
4498,ORD000013147,2,239.01
4499,ORD000013150,4,25.36
4500,ORD000013151,2,172.07
4501,ORD000013154,5,32.39
4502,ORD000013155,2,27.08
4503,ORD000013156,2,331.96
4504,ORD000013157,4,8.25
4505,ORD000013159,5,9.14
4506,ORD000013160,3,548.84
4507,ORD000013161,4,27.55
4508,ORD000013162,3,223.7
4509,ORD000013166,4,30.95
4510,ORD000013172,2,1086.59
4511,ORD000013173,4,159.75
4512,ORD000013178,1,452.59
4513,ORD000013180,5,5.85
4514,ORD000013184,1,70.94
4515,ORD000013192,4,191.17
4516,ORD000013199,4,351.48
4517,ORD000013205,2,9.03
4518,ORD000013208,5,63.4
4519,ORD000013209,1,591.74
4520,ORD000013214,1,113.08
4521,ORD000013217,3,94.99
4522,ORD000013225,4,1422.26
4523,ORD000013228,1,50.85
4524,ORD000013231,5,8.49
4525,ORD000013232,4,33.9
4526,ORD000013233,3,476.05
4527,ORD000013238,1,41.79
4528,ORD000013240,2,8.99
4529,ORD000013243,1,610.33
4530,ORD000013246,5,1833.75
4531,ORD000013247,5,659.98
4532,ORD000013248,4,105.27
4533,ORD000013251,5,55.87
4534,ORD000013254,3,703.97
4535,ORD000013258,3,709.76
4536,ORD000013261,5,303.8
4537,ORD000013262,1,27.98
4538,ORD000013263,1,3200.96
4539,ORD000013266,5,70.34
4540,ORD000013267,4,1011.97
4541,ORD000013274,1,13.23
4542,ORD000013276,1,13.09
4543,ORD000013277,4,56.35
4544,ORD000013279,4,85.49
4545,ORD000013287,4,818.69
4546,ORD000013288,4,2818.54
4547,ORD000013290,2,262.64
4548,ORD000013291,5,1149.49
4549,ORD000013292,1,337.42
4550,ORD000013296,4,177.4
4551,ORD000013299,5,208.76
4552,ORD000013300,1,424.19
4553,ORD000013304,3,4.58
4554,ORD000013324,1,1118.69
4555,ORD000013325,3,92.08
4556,ORD000013326,4,118.35
4557,ORD000013330,2,798.31
4558,ORD000013331,5,106.51
4559,ORD000013332,4,1239.36
4560,ORD000013335,2,53.83
4561,ORD000013340,1,121.54
4562,ORD000013341,2,64.76
4563,ORD000013343,1,17.99
4564,ORD000013346,4,12.06
4565,ORD000013348,4,1263.49
4566,ORD000013349,3,44.43
4567,ORD000013350,2,82.08
4568,ORD000013351,3,150.51
4569,ORD000013356,4,11.78
4570,ORD000013360,5,37.99
4571,ORD000013364,5,31.17
4572,ORD000013371,4,51.74
4573,ORD000013374,4,92.68
4574,ORD000013380,3,262.54
4575,ORD000013381,5,32.88
4576,ORD000013384,1,76.11
4577,ORD000013385,3,106.72
4578,ORD000013394,2,287.94
4579,ORD000013399,3,749.32
4580,ORD000013401,4,87.88
4581,ORD000013411,4,86.9
4582,ORD000013412,1,28.86
4583,ORD000013414,2,202.2
4584,ORD000013415,5,132.13
4585,ORD000013418,2,672.61
4586,ORD000013420,1,211.84
4587,ORD000013422,4,11.22
4588,ORD000013425,2,115.17
4589,ORD000013428,2,87.68
4590,ORD000013429,4,43.32
4591,ORD000013431,2,70.46
4592,ORD000013439,4,329.82
4593,ORD000013440,4,75.64
4594,ORD000013444,5,136.48
4595,ORD000013450,1,153.11
4596,ORD000013451,1,18.94
4597,ORD000013452,5,64.53
4598,ORD000013455,5,1076.93
4599,ORD000013459,1,1982.05
4600,ORD000013460,2,77.04
4601,ORD000013463,1,112.9
4602,ORD000013465,1,694.12
4603,ORD000013466,3,502.27
4604,ORD000013469,5,73.34
4605,ORD000013471,4,97.04
4606,ORD000013474,1,54.54
4607,ORD000013475,2,147.23
4608,ORD000013477,1,29.36
4609,ORD000013480,1,963.83
4610,ORD000013481,3,586.22
4611,ORD000013482,1,466.23
4612,ORD000013490,1,646.94
4613,ORD000013493,2,221.05
4614,ORD000013494,3,283.81
4615,ORD000013499,4,127.71
4616,ORD000013501,1,22.08
4617,ORD000013503,4,113.27
4618,ORD000013504,3,1632.65
4619,ORD000013509,2,96.81
4620,ORD000013517,2,1586.2
4621,ORD000013520,5,39.96
4622,ORD000013522,5,2395.79
4623,ORD000013529,1,140.94
4624,ORD000013538,3,178.65
4625,ORD000013539,5,33.82
4626,ORD000013541,4,243.73
4627,ORD000013542,5,196.23
4628,ORD000013545,2,2472.69
4629,ORD000013549,2,26.97
4630,ORD000013551,5,44.06
4631,ORD000013553,5,12.87
4632,ORD000013555,2,1861.24
4633,ORD000013557,4,720.7
4634,ORD000013558,5,33.54
4635,ORD000013561,4,9.33
4636,ORD000013564,4,206.4
4637,ORD000013565,1,767.25
4638,ORD000013567,3,1165.72
4639,ORD000013568,2,13.29
4640,ORD000013571,4,16.48
4641,ORD000013575,5,341.19
4642,ORD000013582,1,58.14
4643,ORD000013584,4,392.9
4644,ORD000013589,3,68.3
4645,ORD000013590,5,311.86
4646,ORD000013591,5,24.45
4647,ORD000013592,4,37.34
4648,ORD000013593,4,1061.11
4649,ORD000013596,5,157.42
4650,ORD000013597,4,2662.83
4651,ORD000013598,2,24.23
4652,ORD000013599,3,1713.57
4653,ORD000013600,4,13.53
4654,ORD000013603,2,23.76
4655,ORD000013609,2,72.79
4656,ORD000013611,2,111.32
4657,ORD000013612,4,49.13
4658,ORD000013613,5,255.27
4659,ORD000013614,3,2407.91
4660,ORD000013617,2,56.44
4661,ORD000013618,2,100.02
4662,ORD000013619,4,48.19
4663,ORD000013622,2,13.67
4664,ORD000013624,2,328.9
4665,ORD000013625,3,3.51
4666,ORD000013626,2,31.65
4667,ORD000013628,4,1189.23
4668,ORD000013636,3,769.67
4669,ORD000013639,1,161.92
4670,ORD000013640,2,38.64
4671,ORD000013641,4,144.42
4672,ORD000013643,5,34.29
4673,ORD000013644,2,83.08
4674,ORD000013647,3,1621.25
4675,ORD000013648,2,72.34
4676,ORD000013649,4,700.5
4677,ORD000013652,3,51.53
4678,ORD000013657,3,21.11
4679,ORD000013659,2,139.48
4680,ORD000013663,2,24.49
4681,ORD000013664,2,251.31
4682,ORD000013665,3,60.66
4683,ORD000013667,5,73.79
4684,ORD000013669,2,45.5
4685,ORD000013672,4,30.67
4686,ORD000013674,3,175.14
4687,ORD000013676,4,65.69
4688,ORD000013677,3,177.91
4689,ORD000013680,1,16.8
4690,ORD000013681,2,45.04
4691,ORD000013682,5,37.39
4692,ORD000013683,3,854.55
4693,ORD000013686,2,86.78
4694,ORD000013691,2,3.64
4695,ORD000013693,3,174.85
4696,ORD000013695,5,29.44
4697,ORD000013698,3,779.44
4698,ORD000013703,5,39.69
4699,ORD000013705,3,1900.4
4700,ORD000013707,2,13.26
4701,ORD000013708,1,26.82
4702,ORD000013709,3,20.62
4703,ORD000013713,1,379.84
4704,ORD000013719,3,188.99
4705,ORD000013725,4,255.44
4706,ORD000013732,2,1563.87
4707,ORD000013736,5,11.87
4708,ORD000013739,1,70.92
4709,ORD000013740,3,5134.12
4710,ORD000013742,4,198.36
4711,ORD000013746,4,1807.16
4712,ORD000013749,1,43.97
4713,ORD000013759,2,762.5
4714,ORD000013762,5,8.28
4715,ORD000013765,3,219.49
4716,ORD000013769,3,161.97
4717,ORD000013770,3,130.38
4718,ORD000013772,2,6.94
4719,ORD000013773,4,249.38
4720,ORD000013776,1,4.06
4721,ORD000013778,2,244.03
4722,ORD000013781,2,1409.77
4723,ORD000013783,2,35.64
4724,ORD000013784,3,737.94
4725,ORD000013785,5,34.0
4726,ORD000013787,5,16.0
4727,ORD000013788,4,66.32
4728,ORD000013792,3,2119.56
4729,ORD000013793,1,257.31
4730,ORD000013799,5,25.36
4731,ORD000013802,1,263.67
4732,ORD000013805,3,2871.35
4733,ORD000013806,5,1163.78
4734,ORD000013807,3,239.71
4735,ORD000013810,1,499.32
4736,ORD000013812,4,10.13
4737,ORD000013817,5,12.99
4738,ORD000013818,1,216.41
4739,ORD000013819,2,217.39
4740,ORD000013820,2,31.93
4741,ORD000013825,3,300.79
4742,ORD000013827,5,326.09
4743,ORD000013833,1,6.33
4744,ORD000013834,4,106.71
4745,ORD000013838,4,271.99
4746,ORD000013841,1,339.27
4747,ORD000013843,5,125.7
4748,ORD000013844,5,424.45
4749,ORD000013847,4,790.39
4750,ORD000013852,1,1505.04
4751,ORD000013857,4,42.19
4752,ORD000013864,4,15.09
4753,ORD000013865,1,258.24
4754,ORD000013870,2,109.99
4755,ORD000013871,2,438.72
4756,ORD000013872,4,1261.41
4757,ORD000013875,1,270.99
4758,ORD000013879,2,60.4
4759,ORD000013882,4,437.31
4760,ORD000013884,4,1059.36
4761,ORD000013887,1,1013.47
4762,ORD000013889,1,17.17
4763,ORD000013891,5,27.94
4764,ORD000013893,5,6.77
4765,ORD000013894,4,2396.59
4766,ORD000013895,4,1767.28
4767,ORD000013902,1,7.18
4768,ORD000013903,3,613.02
4769,ORD000013905,2,106.05
4770,ORD000013906,2,25.81
4771,ORD000013909,1,7.88
4772,ORD000013912,5,20.23
4773,ORD000013914,5,170.35
4774,ORD000013920,4,1524.11
4775,ORD000013922,2,138.19
4776,ORD000013927,4,65.93
4777,ORD000013935,4,97.22
4778,ORD000013936,4,417.91
4779,ORD000013937,3,39.96
4780,ORD000013946,3,38.62
4781,ORD000013948,5,527.92
4782,ORD000013952,5,22.32
4783,ORD000013955,2,1052.9
4784,ORD000013957,4,60.46
4785,ORD000013958,4,170.24
4786,ORD000013959,2,427.66
4787,ORD000013960,2,1336.26
4788,ORD000013963,4,109.0
4789,ORD000013964,2,933.91
4790,ORD000013967,3,60.51
4791,ORD000013971,1,277.32
4792,ORD000013972,3,358.81
4793,ORD000013974,4,19.92
4794,ORD000013976,4,40.19
4795,ORD000013977,2,2.01
4796,ORD000013980,2,58.37
4797,ORD000013982,3,9.85
4798,ORD000013984,5,1317.04
4799,ORD000013985,4,212.93
4800,ORD000013993,3,234.91
4801,ORD000013994,1,79.51
4802,ORD000013997,4,81.02
4803,ORD000013998,1,39.11
