product_id,product_name,brand,product_type_code,mrp_amount,selling_price_amount,is_private_label,updated_at
PROD00000001,Adidas Cookware Type 1,Adidas,PT00025,5054,4936,False,2025-07-06 09:00:00
PROD00000002,Tata Face Care Type 2,Tata,PT00038,58784,48388,False,2026-01-17 09:00:00
PROD00000003,Nike Double Door Type 2,Nike,PT00080,196,170,False,2025-08-29 09:00:00
PROD00000004,Britannia Shoes Type 2,Britannia,PT00022,1571,1290,False,2025-09-28 09:00:00
PROD00000005,Himalaya Kids Learning Type 1,Himalaya,PT00055,9971,8900,False,2025-10-22 09:00:00
PROD00000006,Tata Cycling Type 2,Tata,PT00072,11100,8634,False,2025-09-27 09:00:00
PROD00000007,Dell Mobile Accessories Type 2,Dell,PT00004,328,248,True,2025-08-14 09:00:00
PROD00000008,BIBA Laptops Type 2,BIBA,PT00006,9611,7020,True,2025-10-06 09:00:00
PROD00000009,Lakme Laptops Type 2,Lakme,PT00006,9421,6483,False,2025-11-09 09:00:00
PROD00000010,Adidas Shoes Type 2,Adidas,PT00022,1472,1363,False,2025-04-30 09:00:00
PROD00000011,Tata Women Tops Type 2,Tata,PT00018,3309,2783,False,2025-02-08 09:00:00
PROD00000012,Realme Double Door Type 1,Realme,PT00079,8682,6970,False,2025-10-12 09:00:00
PROD00000013,Cosco Body Care Type 2,Cosco,PT00040,8714,7500,False,2025-03-19 09:00:00
PROD00000014,Dell Camping Type 1,Dell,PT00069,299,260,False,2026-01-03 09:00:00
PROD00000015,BIBA Sandals Type 1,BIBA,PT00023,27955,23243,False,2025-02-08 09:00:00
PROD00000016,Cosco Kids Learning Type 2,Cosco,PT00056,1335,999,False,2025-09-06 09:00:00
PROD00000017,OnePlus Body Care Type 2,OnePlus,PT00040,8936,8128,False,2025-04-04 09:00:00
PROD00000018,Lakme Hair Oil Type 2,Lakme,PT00044,7369,6087,True,2025-08-27 09:00:00
PROD00000019,Scholastic Computer Accessories Type 2,Scholastic,PT00008,33347,30731,False,2025-02-09 09:00:00
PROD00000020,HP Tables Type 2,HP,PT00032,6212,4224,False,2025-12-05 09:00:00
PROD00000021,Sony Laptops Type 2,Sony,PT00006,9212,7268,False,2025-05-04 09:00:00
PROD00000022,Cosco Lipstick Type 2,Cosco,PT00046,244,199,True,2026-01-03 09:00:00
PROD00000023,Philips Comics Type 1,Philips,PT00051,502,435,False,2025-12-27 09:00:00
PROD00000024,Pigeon Camping Type 1,Pigeon,PT00069,309,254,False,2025-07-28 09:00:00
PROD00000025,Pigeon Headphones Type 2,Pigeon,PT00010,392,328,False,2025-07-22 09:00:00
PROD00000026,Whirlpool Mobile Accessories Type 1,Whirlpool,PT00003,224,223,True,2025-04-28 09:00:00
PROD00000027,Sony Foundation Type 1,Sony,PT00047,10223,8227,False,2025-02-16 09:00:00
PROD00000028,boAt Foundation Type 2,boAt,PT00048,336,253,False,2025-03-31 09:00:00
PROD00000029,Decathlon Shampoo Type 2,Decathlon,PT00042,902,684,False,2025-02-09 09:00:00
PROD00000030,Havells Shoes Type 2,Havells,PT00022,1664,1369,False,2025-06-02 09:00:00
PROD00000031,Sony Single Door Type 2,Sony,PT00078,2088,1428,False,2025-05-30 09:00:00
PROD00000032,Lenovo Dresses Type 1,Lenovo,PT00019,292,211,True,2025-07-25 09:00:00
PROD00000033,boAt Top Load Type 2,boAt,PT00076,7672,7145,False,2025-07-28 09:00:00
PROD00000034,Samsung Hair Oil Type 1,Samsung,PT00043,2381,1842,True,2025-11-25 09:00:00
PROD00000035,Sony Lipstick Type 2,Sony,PT00046,254,208,False,2025-06-11 09:00:00
PROD00000036,Xiaomi Single Door Type 2,Xiaomi,PT00078,1859,1416,False,2025-10-22 09:00:00
PROD00000037,Lakme Speakers Type 2,Lakme,PT00012,431,328,True,2025-09-16 09:00:00
PROD00000038,BIBA Double Door Type 1,BIBA,PT00079,9719,7801,False,2025-11-10 09:00:00
PROD00000039,Maybelline Exam Prep Type 1,Maybelline,PT00053,20421,18622,False,2025-12-15 09:00:00
PROD00000040,Haldiram Cookware Type 2,Haldiram,PT00026,1381,1230,False,2025-10-04 09:00:00
PROD00000041,Adidas Women Tops Type 1,Adidas,PT00017,99478,91703,False,2025-07-05 09:00:00
PROD00000042,Samsung Body Care Type 2,Samsung,PT00040,8730,7742,False,2025-12-07 09:00:00
PROD00000043,Adidas Headphones Type 2,Adidas,PT00010,367,310,False,2025-07-03 09:00:00
PROD00000044,Puma Novels Type 2,Puma,PT00050,7747,6217,False,2025-12-14 09:00:00
PROD00000045,HP Chips Type 2,HP,PT00058,380,279,False,2025-04-12 09:00:00
PROD00000046,Pigeon Computer Accessories Type 1,Pigeon,PT00007,1580,1271,False,2026-01-14 09:00:00
PROD00000047,Haldiram Shoes Type 2,Haldiram,PT00022,1400,1362,False,2026-01-09 09:00:00
PROD00000048,Lakme Shampoo Type 2,Lakme,PT00042,865,703,False,2025-09-04 09:00:00
PROD00000049,Sony Top Load Type 2,Sony,PT00076,7151,6347,False,2026-01-17 09:00:00
PROD00000050,Puma Foundation Type 1,Puma,PT00047,9381,8369,False,2025-08-18 09:00:00
PROD00000051,Havells Cardio Type 1,Havells,PT00067,2968,2875,True,2025-09-16 09:00:00
PROD00000052,Amul Mobile Accessories Type 1,Amul,PT00003,243,202,False,2025-06-26 09:00:00
PROD00000053,Decathlon Sofas Type 2,Decathlon,PT00030,832,784,False,2025-02-14 09:00:00
PROD00000054,Havells Face Care Type 2,Havells,PT00038,57593,50212,False,2025-06-19 09:00:00
PROD00000055,Apple Dumbbells Type 2,Apple,PT00066,1501,1364,False,2025-12-18 09:00:00
PROD00000056,Puma Hair Oil Type 1,Puma,PT00043,2379,1688,False,2025-08-31 09:00:00
PROD00000057,Maybelline Wall Decor Type 2,Maybelline,PT00034,919,770,False,2025-07-25 09:00:00
PROD00000058,Dell Computer Accessories Type 1,Dell,PT00007,1483,1241,False,2026-01-05 09:00:00
PROD00000059,Lenovo Camping Type 1,Lenovo,PT00069,313,256,False,2025-03-20 09:00:00
PROD00000060,FabIndia Cycling Type 2,FabIndia,PT00072,11048,9449,False,2025-08-06 09:00:00
PROD00000061,Realme Double Door Type 1,Realme,PT00079,9659,7756,False,2025-11-15 09:00:00
PROD00000062,Nike Front Load Type 1,Nike,PT00073,1805,1665,False,2025-10-11 09:00:00
PROD00000063,Dell Sofas Type 1,Dell,PT00029,10327,7749,False,2025-10-07 09:00:00
PROD00000064,LG Dumbbells Type 1,LG,PT00065,208,197,False,2025-10-08 09:00:00
PROD00000065,Cosco Men Tops Type 1,Cosco,PT00013,263,239,False,2025-09-11 09:00:00
PROD00000066,Adidas Storage Type 1,Adidas,PT00027,10642,8614,False,2025-05-11 09:00:00
PROD00000067,Nike Hair Oil Type 2,Nike,PT00044,7725,6649,False,2025-04-22 09:00:00
PROD00000068,Pigeon Men Tops Type 2,Pigeon,PT00014,9381,8101,False,2026-01-21 09:00:00
PROD00000069,Amul Speakers Type 2,Amul,PT00012,455,310,False,2025-02-22 09:00:00
PROD00000070,Prestige Cookware Type 2,Prestige,PT00026,1294,1155,False,2025-09-10 09:00:00
PROD00000071,Pigeon Women Tops Type 2,Pigeon,PT00018,2864,2666,False,2025-09-24 09:00:00
PROD00000072,BIBA Wall Decor Type 2,BIBA,PT00034,952,715,False,2025-04-07 09:00:00
PROD00000073,Whirlpool Headphones Type 1,Whirlpool,PT00009,80653,63375,False,2025-12-31 09:00:00
PROD00000074,Godrej Women Tops Type 2,Godrej,PT00018,3325,2545,False,2025-07-23 09:00:00
PROD00000075,Lenovo Pulses Type 1,Lenovo,PT00063,8826,6511,False,2025-12-21 09:00:00
PROD00000076,OnePlus Hair Oil Type 2,OnePlus,PT00044,7511,6455,False,2026-01-18 09:00:00
PROD00000077,Apple Single Door Type 1,Apple,PT00077,93384,77815,False,2025-09-03 09:00:00
PROD00000078,Prestige Headphones Type 1,Prestige,PT00009,66642,66033,False,2025-04-30 09:00:00
PROD00000079,Samsung Biscuits Type 1,Samsung,PT00059,68249,58281,False,2025-08-02 09:00:00
PROD00000080,Samsung Face Care Type 1,Samsung,PT00037,1720,1476,False,2025-07-14 09:00:00
PROD00000081,Penguin Biscuits Type 2,Penguin,PT00060,888,790,False,2026-01-24 09:00:00
PROD00000082,Havells Novels Type 1,Havells,PT00049,10922,9738,False,2025-08-06 09:00:00
PROD00000083,LG Chips Type 2,LG,PT00058,312,274,False,2025-05-28 09:00:00
PROD00000084,Nivea Dresses Type 1,Nivea,PT00019,247,248,False,2025-06-16 09:00:00
PROD00000085,Dell Lighting Type 2,Dell,PT00036,10931,8081,False,2025-04-07 09:00:00
PROD00000086,HP Speakers Type 1,HP,PT00011,157,138,False,2025-08-01 09:00:00
PROD00000087,Nike Cookware Type 1,Nike,PT00025,5762,4257,False,2025-02-12 09:00:00
PROD00000088,Prestige Mobile Accessories Type 1,Prestige,PT00003,272,215,False,2025-07-18 09:00:00
PROD00000089,OnePlus Exam Prep Type 2,OnePlus,PT00054,3729,3099,True,2025-08-12 09:00:00
PROD00000090,Scholastic Men Bottoms Type 1,Scholastic,PT00015,45484,43205,False,2025-06-14 09:00:00
PROD00000091,Dell Hair Oil Type 1,Dell,PT00043,2190,1659,False,2025-04-12 09:00:00
PROD00000092,Lakme Sofas Type 2,Lakme,PT00030,905,822,False,2025-12-11 09:00:00
PROD00000093,Havells Novels Type 2,Havells,PT00050,6280,5830,False,2025-03-01 09:00:00
PROD00000094,Whirlpool Dresses Type 1,Whirlpool,PT00019,298,234,False,2025-04-05 09:00:00
PROD00000095,Nivea Cardio Type 1,Nivea,PT00067,3613,2524,False,2025-06-20 09:00:00
PROD00000096,Britannia Foundation Type 1,Britannia,PT00047,8485,7565,False,2025-04-11 09:00:00
PROD00000097,Britannia Lipstick Type 2,Britannia,PT00046,239,205,False,2025-09-10 09:00:00
PROD00000098,Samsung Biscuits Type 2,Samsung,PT00060,949,770,False,2025-11-07 09:00:00
PROD00000099,Decathlon Mobile Accessories Type 1,Decathlon,PT00003,269,198,False,2025-12-09 09:00:00
PROD00000100,Lakme Headphones Type 2,Lakme,PT00010,418,335,False,2025-11-20 09:00:00
PROD00000101,Whirlpool Cycling Type 1,Whirlpool,PT00071,783,612,False,2025-10-26 09:00:00
PROD00000102,boAt Kids Learning Type 1,boAt,PT00055,12029,9351,False,2025-12-17 09:00:00
PROD00000103,Nike Sofas Type 1,Nike,PT00029,9255,8282,False,2025-12-10 09:00:00
PROD00000104,HP Top Load Type 2,HP,PT00076,7535,6286,False,2025-07-08 09:00:00
PROD00000105,Tata Sofas Type 1,Tata,PT00029,8590,7793,False,2025-12-06 09:00:00
PROD00000106,Lakme Face Care Type 2,Lakme,PT00038,54220,47379,False,2026-02-01 09:00:00
PROD00000107,Amul Dresses Type 2,Amul,PT00020,12428,10527,False,2025-02-16 09:00:00
PROD00000108,Pigeon Women Tops Type 2,Pigeon,PT00018,2935,2427,False,2025-08-04 09:00:00
PROD00000109,Godrej Mobile Accessories Type 2,Godrej,PT00004,336,250,False,2025-12-05 09:00:00
PROD00000110,Prestige Dumbbells Type 2,Prestige,PT00066,1708,1349,False,2025-10-12 09:00:00
PROD00000111,Tata Smartphones Type 2,Tata,PT00002,6073,6262,False,2026-01-28 09:00:00
PROD00000112,Britannia Mobile Accessories Type 2,Britannia,PT00004,361,291,False,2025-11-06 09:00:00
PROD00000113,Maybelline Men Tops Type 1,Maybelline,PT00013,303,255,False,2026-01-24 09:00:00
PROD00000114,Xiaomi Cardio Type 1,Xiaomi,PT00067,3386,2706,False,2026-01-19 09:00:00
PROD00000115,BIBA Kids Learning Type 2,BIBA,PT00056,1171,1007,True,2025-09-16 09:00:00
PROD00000116,Havells Rice Type 2,Havells,PT00062,4153,3658,False,2025-10-28 09:00:00
PROD00000117,Penguin Cardio Type 2,Penguin,PT00068,8737,7323,False,2025-05-16 09:00:00
PROD00000118,Maybelline Headphones Type 1,Maybelline,PT00009,80389,59688,False,2025-08-24 09:00:00
PROD00000119,Decathlon Body Care Type 2,Decathlon,PT00040,8598,6875,False,2025-11-01 09:00:00
PROD00000120,Nivea Top Load Type 2,Nivea,PT00076,7212,6551,False,2025-10-06 09:00:00
PROD00000121,Prestige Camping Type 2,Prestige,PT00070,6331,6106,False,2025-07-21 09:00:00
PROD00000122,Realme Wall Decor Type 1,Realme,PT00033,939,858,False,2025-09-05 09:00:00
PROD00000123,Dell Face Care Type 2,Dell,PT00038,64128,50108,True,2025-11-15 09:00:00
PROD00000124,LG Shampoo Type 2,LG,PT00042,839,648,True,2025-03-12 09:00:00
PROD00000125,Himalaya Men Tops Type 2,Himalaya,PT00014,9679,8571,False,2025-04-03 09:00:00
PROD00000126,Cosco Cookware Type 2,Cosco,PT00026,1336,1095,False,2025-04-28 09:00:00
PROD00000127,Lenovo Cookware Type 2,Lenovo,PT00026,1488,1228,False,2025-09-25 09:00:00
PROD00000128,Scholastic Foundation Type 1,Scholastic,PT00047,8723,7614,True,2025-07-29 09:00:00
PROD00000129,Philips Body Care Type 1,Philips,PT00039,373,304,False,2025-03-31 09:00:00
PROD00000130,Decathlon Camping Type 1,Decathlon,PT00069,310,283,False,2025-11-11 09:00:00
PROD00000131,Haldiram Headphones Type 1,Haldiram,PT00009,77751,61082,False,2026-01-23 09:00:00
PROD00000132,Haldiram Dresses Type 1,Haldiram,PT00019,272,239,False,2025-07-30 09:00:00
PROD00000133,boAt Men Tops Type 1,boAt,PT00013,316,235,False,2025-05-06 09:00:00
PROD00000134,Penguin Face Care Type 1,Penguin,PT00037,1718,1410,False,2025-04-23 09:00:00
PROD00000135,Apple Storage Type 1,Apple,PT00027,8839,8659,False,2025-07-02 09:00:00
PROD00000136,Pigeon Cycling Type 1,Pigeon,PT00071,762,594,False,2025-05-23 09:00:00
PROD00000137,Philips Laptops Type 2,Philips,PT00006,9269,6652,False,2025-09-04 09:00:00
PROD00000138,Tata Single Door Type 2,Tata,PT00078,1804,1639,False,2025-04-27 09:00:00
PROD00000139,HP Mobile Accessories Type 1,HP,PT00003,276,209,False,2025-05-14 09:00:00
PROD00000140,Adidas Camping Type 2,Adidas,PT00070,7791,5647,False,2025-12-15 09:00:00
PROD00000141,Amul Cardio Type 2,Amul,PT00068,10146,7648,True,2025-09-11 09:00:00
PROD00000142,Dell Sandals Type 1,Dell,PT00023,27675,21541,False,2025-04-03 09:00:00
PROD00000143,Cosco Mobile Accessories Type 2,Cosco,PT00004,359,282,False,2025-11-30 09:00:00
PROD00000144,Puma Men Tops Type 1,Puma,PT00013,270,228,False,2025-12-14 09:00:00
PROD00000145,Amul Rice Type 1,Amul,PT00061,1244,1078,False,2025-05-20 09:00:00
PROD00000146,Tata Sandals Type 2,Tata,PT00024,602,487,False,2025-05-02 09:00:00
PROD00000147,Puma Dresses Type 1,Puma,PT00019,297,208,False,2025-09-10 09:00:00
PROD00000148,BIBA Dresses Type 1,BIBA,PT00019,269,204,True,2026-02-01 09:00:00
PROD00000149,Britannia Kids Learning Type 2,Britannia,PT00056,1344,1053,True,2025-04-23 09:00:00
PROD00000150,LG Pulses Type 1,LG,PT00063,7879,6654,False,2026-01-09 09:00:00
PROD00000151,Samsung Smartphones Type 2,Samsung,PT00002,7037,5863,True,2025-08-06 09:00:00
PROD00000152,Philips Shoes Type 1,Philips,PT00021,420,383,False,2025-06-29 09:00:00
PROD00000153,Lenovo Biscuits Type 2,Lenovo,PT00060,916,832,False,2025-10-18 09:00:00
PROD00000154,Lakme Hair Oil Type 1,Lakme,PT00043,1948,1602,False,2025-10-22 09:00:00
PROD00000155,boAt Hair Oil Type 2,boAt,PT00044,7481,7086,False,2025-07-05 09:00:00
PROD00000156,Cosco Lighting Type 1,Cosco,PT00035,4617,4006,False,2025-04-24 09:00:00
PROD00000157,Prestige Shampoo Type 2,Prestige,PT00042,748,689,False,2025-12-28 09:00:00
PROD00000158,Puma Men Tops Type 2,Puma,PT00014,9300,8033,False,2026-02-04 09:00:00
PROD00000159,Sony Single Door Type 1,Sony,PT00077,80864,71736,True,2025-04-08 09:00:00
PROD00000160,Himalaya Shampoo Type 1,Himalaya,PT00041,5700,5677,False,2025-12-04 09:00:00
PROD00000161,Philips Front Load Type 1,Philips,PT00073,2183,1589,False,2025-02-17 09:00:00
PROD00000162,Nike Camping Type 2,Nike,PT00070,6631,5440,False,2025-02-08 09:00:00
PROD00000163,Haldiram Sofas Type 2,Haldiram,PT00030,1021,742,False,2025-10-25 09:00:00
PROD00000164,Adidas Kids Learning Type 2,Adidas,PT00056,1156,948,False,2025-02-21 09:00:00
PROD00000165,Amul Dumbbells Type 2,Amul,PT00066,1722,1414,True,2025-03-30 09:00:00
PROD00000166,Philips Dresses Type 2,Philips,PT00020,11259,9871,False,2025-05-27 09:00:00
PROD00000167,Whirlpool Shampoo Type 1,Whirlpool,PT00041,5850,5519,False,2025-06-20 09:00:00
PROD00000168,Cosco Cookware Type 2,Cosco,PT00026,1354,1135,False,2025-09-04 09:00:00
PROD00000169,boAt Storage Type 1,boAt,PT00027,8893,7739,False,2025-11-29 09:00:00
PROD00000170,boAt Novels Type 1,boAt,PT00049,10089,8675,False,2025-11-18 09:00:00
PROD00000171,Pigeon Cycling Type 2,Pigeon,PT00072,10323,7864,False,2025-08-29 09:00:00
PROD00000172,Pigeon Dresses Type 1,Pigeon,PT00019,272,236,True,2025-07-05 09:00:00
PROD00000173,Samsung Kids Learning Type 1,Samsung,PT00055,10638,8889,False,2025-04-28 09:00:00
PROD00000174,Samsung Tables Type 2,Samsung,PT00032,4969,4332,False,2025-11-30 09:00:00
PROD00000175,Nike Lighting Type 1,Nike,PT00035,4796,3797,False,2025-03-25 09:00:00
PROD00000176,Realme Shoes Type 1,Realme,PT00021,507,364,False,2026-01-03 09:00:00
PROD00000177,Himalaya Comics Type 2,Himalaya,PT00052,302,283,False,2026-01-02 09:00:00
PROD00000178,Puma Comics Type 1,Puma,PT00051,593,402,False,2025-12-28 09:00:00
PROD00000179,Himalaya Lipstick Type 1,Himalaya,PT00045,479,395,False,2025-06-06 09:00:00
PROD00000180,Adidas Double Door Type 2,Adidas,PT00080,193,154,False,2025-02-22 09:00:00
PROD00000181,Realme Mobile Accessories Type 2,Realme,PT00004,288,270,False,2026-01-13 09:00:00
PROD00000182,Puma Sofas Type 2,Puma,PT00030,923,818,False,2025-10-13 09:00:00
PROD00000183,Lenovo Sandals Type 1,Lenovo,PT00023,24800,22173,False,2025-04-11 09:00:00
PROD00000184,Himalaya Double Door Type 2,Himalaya,PT00080,177,180,True,2025-11-12 09:00:00
PROD00000185,Xiaomi Lipstick Type 2,Xiaomi,PT00046,203,178,False,2025-08-06 09:00:00
PROD00000186,Prestige Dresses Type 2,Prestige,PT00020,11692,10645,False,2025-06-08 09:00:00
PROD00000187,Nivea Tables Type 2,Nivea,PT00032,4891,4302,False,2025-03-05 09:00:00
PROD00000188,Dell Shoes Type 2,Dell,PT00022,1382,1369,False,2025-11-17 09:00:00
PROD00000189,Amul Mobile Accessories Type 1,Amul,PT00003,232,215,False,2026-01-24 09:00:00
PROD00000190,Godrej Cookware Type 2,Godrej,PT00026,1346,1061,False,2025-09-21 09:00:00
PROD00000191,HP Face Care Type 1,HP,PT00037,1445,1358,False,2025-09-05 09:00:00
PROD00000192,Havells Men Bottoms Type 2,Havells,PT00016,1208,1001,False,2025-06-10 09:00:00
PROD00000193,Maybelline Biscuits Type 2,Maybelline,PT00060,889,765,False,2025-12-24 09:00:00
PROD00000194,Himalaya Kids Learning Type 2,Himalaya,PT00056,1250,1062,False,2025-08-03 09:00:00
PROD00000195,Lenovo Hair Oil Type 2,Lenovo,PT00044,8272,6652,False,2025-11-26 09:00:00
PROD00000196,LG Novels Type 1,LG,PT00049,10075,9889,False,2025-08-11 09:00:00
PROD00000197,Himalaya Exam Prep Type 2,Himalaya,PT00054,3611,3196,False,2025-11-27 09:00:00
PROD00000198,FabIndia Front Load Type 2,FabIndia,PT00074,222,178,False,2025-12-06 09:00:00
PROD00000199,Adidas Computer Accessories Type 1,Adidas,PT00007,1736,1376,False,2025-12-25 09:00:00
PROD00000200,Godrej Men Tops Type 2,Godrej,PT00014,10729,7851,False,2025-07-27 09:00:00
PROD00000201,boAt Smartphones Type 2,boAt,PT00002,7112,5676,False,2025-04-30 09:00:00
PROD00000202,Nike Smartphones Type 1,Nike,PT00001,4950,3714,False,2026-01-16 09:00:00
PROD00000203,boAt Front Load Type 1,boAt,PT00073,1997,1813,False,2025-11-10 09:00:00
PROD00000204,Philips Tables Type 2,Philips,PT00032,5116,4583,False,2025-09-15 09:00:00
PROD00000205,Maybelline Cycling Type 1,Maybelline,PT00071,740,648,True,2025-03-13 09:00:00
PROD00000206,Tata Pulses Type 1,Tata,PT00063,9211,6876,False,2025-09-01 09:00:00
PROD00000207,Nike Chips Type 2,Nike,PT00058,321,265,False,2025-05-12 09:00:00
PROD00000208,Xiaomi Comics Type 2,Xiaomi,PT00052,273,245,False,2025-05-05 09:00:00
PROD00000209,Whirlpool Shampoo Type 1,Whirlpool,PT00041,6204,5343,False,2025-09-29 09:00:00
PROD00000210,OnePlus Sandals Type 2,OnePlus,PT00024,504,495,False,2025-11-19 09:00:00
PROD00000211,Whirlpool Exam Prep Type 1,Whirlpool,PT00053,22344,20030,False,2025-06-06 09:00:00
PROD00000212,Puma Kids Learning Type 1,Puma,PT00055,12351,8699,False,2025-08-19 09:00:00
PROD00000213,BIBA Front Load Type 2,BIBA,PT00074,212,197,False,2026-01-19 09:00:00
PROD00000214,Decathlon Storage Type 1,Decathlon,PT00027,8366,7960,False,2025-04-27 09:00:00
PROD00000215,OnePlus Cycling Type 2,OnePlus,PT00072,11347,8819,False,2025-05-17 09:00:00
PROD00000216,FabIndia Women Tops Type 2,FabIndia,PT00018,3387,2728,False,2025-06-19 09:00:00
PROD00000217,Sony Sandals Type 2,Sony,PT00024,501,475,True,2025-06-07 09:00:00
PROD00000218,Himalaya Face Care Type 1,Himalaya,PT00037,1645,1359,False,2025-06-17 09:00:00
PROD00000219,LG Body Care Type 1,LG,PT00039,355,274,False,2025-10-27 09:00:00
PROD00000220,Apple Men Bottoms Type 2,Apple,PT00016,1238,1139,False,2025-03-28 09:00:00
PROD00000221,Maybelline Exam Prep Type 1,Maybelline,PT00053,23389,17030,False,2025-11-28 09:00:00
PROD00000222,Lenovo Camping Type 1,Lenovo,PT00069,327,284,False,2025-05-12 09:00:00
PROD00000223,Lenovo Hair Oil Type 1,Lenovo,PT00043,2241,1710,False,2025-05-20 09:00:00
PROD00000224,Lenovo Sofas Type 2,Lenovo,PT00030,957,742,False,2025-11-25 09:00:00
PROD00000225,Xiaomi Shoes Type 1,Xiaomi,PT00021,482,427,False,2025-04-21 09:00:00
PROD00000226,BIBA Laptops Type 1,BIBA,PT00005,864,752,False,2025-11-10 09:00:00
PROD00000227,Penguin Dresses Type 2,Penguin,PT00020,10332,9167,False,2025-09-26 09:00:00
PROD00000228,Decathlon Pulses Type 2,Decathlon,PT00064,4352,3674,False,2025-02-15 09:00:00
PROD00000229,LG Pulses Type 1,LG,PT00063,8510,7069,False,2025-07-01 09:00:00
PROD00000230,FabIndia Single Door Type 1,FabIndia,PT00077,94594,74694,False,2025-10-30 09:00:00
PROD00000231,Prestige Chips Type 1,Prestige,PT00057,864,698,True,2026-01-03 09:00:00
PROD00000232,Maybelline Sofas Type 1,Maybelline,PT00029,8791,7584,False,2026-01-19 09:00:00
PROD00000233,Realme Lighting Type 1,Realme,PT00035,5193,4554,False,2025-09-28 09:00:00
PROD00000234,Maybelline Computer Accessories Type 1,Maybelline,PT00007,1568,1391,False,2025-03-06 09:00:00
PROD00000235,Samsung Women Tops Type 1,Samsung,PT00017,94575,93817,False,2025-05-05 09:00:00
PROD00000236,boAt Dresses Type 2,boAt,PT00020,12036,9195,False,2025-02-10 09:00:00
PROD00000237,LG Biscuits Type 1,LG,PT00059,59092,55756,True,2025-03-07 09:00:00
PROD00000238,Apple Lipstick Type 1,Apple,PT00045,519,423,False,2025-04-22 09:00:00
PROD00000239,Whirlpool Biscuits Type 2,Whirlpool,PT00060,895,731,False,2026-01-10 09:00:00
PROD00000240,Nike Mobile Accessories Type 2,Nike,PT00004,322,248,False,2025-10-13 09:00:00
PROD00000241,Prestige Foundation Type 2,Prestige,PT00048,341,249,False,2025-03-07 09:00:00
PROD00000242,HP Face Care Type 2,HP,PT00038,51168,49942,False,2025-12-29 09:00:00
PROD00000243,Penguin Laptops Type 1,Penguin,PT00005,813,795,False,2025-08-07 09:00:00
PROD00000244,Nike Sofas Type 2,Nike,PT00030,1031,795,False,2025-05-27 09:00:00
PROD00000245,Amul Lipstick Type 2,Amul,PT00046,221,207,False,2025-07-08 09:00:00
PROD00000246,Prestige Cookware Type 2,Prestige,PT00026,1376,1233,False,2025-07-11 09:00:00
PROD00000247,Havells Cookware Type 1,Havells,PT00025,5541,4998,False,2025-10-28 09:00:00
PROD00000248,boAt Lipstick Type 2,boAt,PT00046,219,179,False,2025-02-12 09:00:00
PROD00000249,Nike Single Door Type 2,Nike,PT00078,1711,1605,False,2025-04-01 09:00:00
PROD00000250,Prestige Lipstick Type 2,Prestige,PT00046,204,199,False,2025-02-15 09:00:00
PROD00000251,Amul Computer Accessories Type 2,Amul,PT00008,40269,28249,False,2026-01-02 09:00:00
PROD00000252,Godrej Speakers Type 1,Godrej,PT00011,163,132,False,2026-01-23 09:00:00
PROD00000253,HP Exam Prep Type 1,HP,PT00053,24094,17118,False,2025-07-27 09:00:00
PROD00000254,Havells Chips Type 2,Havells,PT00058,322,309,False,2025-09-13 09:00:00
PROD00000255,Havells Women Tops Type 1,Havells,PT00017,94038,93291,False,2025-06-07 09:00:00
PROD00000256,Samsung Hair Oil Type 1,Samsung,PT00043,2079,1738,False,2025-07-06 09:00:00
PROD00000257,BIBA Body Care Type 2,BIBA,PT00040,8982,6940,False,2025-12-13 09:00:00
PROD00000258,Scholastic Single Door Type 1,Scholastic,PT00077,80126,78497,False,2025-08-27 09:00:00
PROD00000259,HP Headphones Type 2,HP,PT00010,385,360,False,2026-01-21 09:00:00
PROD00000260,boAt Foundation Type 2,boAt,PT00048,283,270,False,2025-09-11 09:00:00
PROD00000261,Lakme Storage Type 1,Lakme,PT00027,8714,8485,True,2025-09-18 09:00:00
PROD00000262,Sony Speakers Type 2,Sony,PT00012,402,357,False,2025-12-29 09:00:00
PROD00000263,Samsung Storage Type 2,Samsung,PT00028,650,513,False,2026-01-30 09:00:00
PROD00000264,Godrej Double Door Type 1,Godrej,PT00079,9610,7328,False,2025-12-13 09:00:00
PROD00000265,Philips Sandals Type 1,Philips,PT00023,25434,22420,False,2026-01-25 09:00:00
PROD00000266,Havells Body Care Type 2,Havells,PT00040,9409,7888,False,2025-08-20 09:00:00
PROD00000267,Maybelline Dumbbells Type 2,Maybelline,PT00066,1642,1438,False,2025-04-14 09:00:00
PROD00000268,Havells Cookware Type 1,Havells,PT00025,5980,4406,False,2025-08-18 09:00:00
PROD00000269,Apple Cardio Type 1,Apple,PT00067,3463,2632,False,2025-07-19 09:00:00
PROD00000270,HP Cycling Type 2,HP,PT00072,11377,8520,False,2025-12-04 09:00:00
PROD00000271,Prestige Speakers Type 1,Prestige,PT00011,182,142,False,2025-11-25 09:00:00
PROD00000272,Sony Front Load Type 1,Sony,PT00073,2200,1605,False,2025-08-24 09:00:00
PROD00000273,Puma Kids Learning Type 2,Puma,PT00056,1163,1013,False,2025-05-10 09:00:00
PROD00000274,Prestige Shoes Type 1,Prestige,PT00021,422,357,False,2025-11-28 09:00:00
PROD00000275,BIBA Computer Accessories Type 2,BIBA,PT00008,40976,28626,False,2025-10-22 09:00:00
PROD00000276,Havells Speakers Type 2,Havells,PT00012,400,334,True,2025-07-22 09:00:00
PROD00000277,OnePlus Storage Type 2,OnePlus,PT00028,691,502,False,2025-12-03 09:00:00
PROD00000278,Xiaomi Camping Type 2,Xiaomi,PT00070,6309,5939,False,2025-03-27 09:00:00
PROD00000279,Penguin Single Door Type 2,Penguin,PT00078,1895,1556,False,2025-07-08 09:00:00
PROD00000280,Philips Laptops Type 1,Philips,PT00005,837,826,False,2025-08-27 09:00:00
PROD00000281,Maybelline Wall Decor Type 2,Maybelline,PT00034,882,690,False,2025-09-05 09:00:00
PROD00000282,Sony Biscuits Type 1,Sony,PT00059,72782,53970,False,2026-01-06 09:00:00
PROD00000283,BIBA Double Door Type 1,BIBA,PT00079,9813,7002,False,2025-05-21 09:00:00
PROD00000284,Lenovo Front Load Type 1,Lenovo,PT00073,1868,1686,True,2025-10-26 09:00:00
PROD00000285,Adidas Laptops Type 1,Adidas,PT00005,983,800,False,2025-07-22 09:00:00
PROD00000286,Xiaomi Cookware Type 1,Xiaomi,PT00025,5230,4380,False,2025-07-25 09:00:00
PROD00000287,Havells Dumbbells Type 1,Havells,PT00065,218,197,False,2025-03-24 09:00:00
PROD00000288,Puma Foundation Type 1,Puma,PT00047,9535,7960,False,2025-05-17 09:00:00
PROD00000289,Scholastic Cardio Type 2,Scholastic,PT00068,8449,7524,False,2025-08-19 09:00:00
PROD00000290,Xiaomi Foundation Type 1,Xiaomi,PT00047,10400,8119,False,2025-06-06 09:00:00
PROD00000291,Maybelline Camping Type 1,Maybelline,PT00069,371,296,False,2025-10-13 09:00:00
PROD00000292,FabIndia Sandals Type 1,FabIndia,PT00023,27551,19510,False,2025-04-08 09:00:00
PROD00000293,Philips Rice Type 1,Philips,PT00061,1243,1131,False,2025-09-02 09:00:00
PROD00000294,Sony Face Care Type 1,Sony,PT00037,1523,1353,False,2026-01-09 09:00:00
PROD00000295,Puma Face Care Type 1,Puma,PT00037,1754,1399,False,2025-02-22 09:00:00
PROD00000296,Britannia Shoes Type 2,Britannia,PT00022,1421,1361,False,2025-08-18 09:00:00
PROD00000297,Xiaomi Hair Oil Type 2,Xiaomi,PT00044,8760,6702,True,2025-08-03 09:00:00
PROD00000298,Lakme Exam Prep Type 1,Lakme,PT00053,24067,18638,False,2025-05-04 09:00:00
PROD00000299,Haldiram Front Load Type 2,Haldiram,PT00074,246,186,False,2025-02-08 09:00:00
PROD00000300,Lenovo Tables Type 1,Lenovo,PT00031,37316,31806,False,2025-06-27 09:00:00
PROD00000301,OnePlus Kids Learning Type 2,OnePlus,PT00056,1291,969,False,2025-11-03 09:00:00
PROD00000302,Puma Biscuits Type 2,Puma,PT00060,951,712,False,2025-04-27 09:00:00
PROD00000303,Pigeon Tables Type 2,Pigeon,PT00032,5323,4485,False,2025-06-20 09:00:00
PROD00000304,Godrej Computer Accessories Type 2,Godrej,PT00008,36412,33594,False,2025-03-24 09:00:00
PROD00000305,Lakme Pulses Type 2,Lakme,PT00064,4601,3733,False,2025-06-01 09:00:00
PROD00000306,Sony Camping Type 1,Sony,PT00069,313,277,True,2025-11-18 09:00:00
PROD00000307,Scholastic Laptops Type 2,Scholastic,PT00006,9335,7683,False,2025-07-19 09:00:00
PROD00000308,Havells Pulses Type 1,Havells,PT00063,8297,7688,False,2025-09-02 09:00:00
PROD00000309,Cosco Body Care Type 2,Cosco,PT00040,9463,8225,False,2025-02-26 09:00:00
PROD00000310,Philips Storage Type 1,Philips,PT00027,9886,8074,False,2025-08-14 09:00:00
PROD00000311,FabIndia Biscuits Type 2,FabIndia,PT00060,1022,828,False,2025-03-24 09:00:00
PROD00000312,Tata Dresses Type 2,Tata,PT00020,12454,8990,True,2025-10-21 09:00:00
PROD00000313,Britannia Storage Type 2,Britannia,PT00028,626,544,False,2025-03-17 09:00:00
PROD00000314,FabIndia Novels Type 2,FabIndia,PT00050,6277,5659,True,2025-10-30 09:00:00
PROD00000315,Samsung Storage Type 1,Samsung,PT00027,9564,7736,False,2025-09-04 09:00:00
PROD00000316,Sony Body Care Type 1,Sony,PT00039,337,315,False,2025-07-25 09:00:00
PROD00000317,Britannia Speakers Type 2,Britannia,PT00012,399,322,False,2025-11-25 09:00:00
PROD00000318,Adidas Double Door Type 1,Adidas,PT00079,8956,7706,False,2025-10-11 09:00:00
PROD00000319,FabIndia Headphones Type 1,FabIndia,PT00009,77730,57443,False,2025-10-20 09:00:00
PROD00000320,Himalaya Lipstick Type 1,Himalaya,PT00045,502,419,False,2025-02-06 09:00:00
PROD00000321,Pigeon Wall Decor Type 2,Pigeon,PT00034,923,657,False,2025-11-18 09:00:00
PROD00000322,BIBA Cookware Type 2,BIBA,PT00026,1250,1129,False,2025-08-01 09:00:00
PROD00000323,OnePlus Tables Type 1,OnePlus,PT00031,34216,28817,False,2025-03-14 09:00:00
PROD00000324,Puma Rice Type 1,Puma,PT00061,1183,1073,False,2025-07-08 09:00:00
PROD00000325,Decathlon Cookware Type 1,Decathlon,PT00025,6029,4945,False,2025-09-03 09:00:00
PROD00000326,boAt Cookware Type 1,boAt,PT00025,5491,4928,False,2025-06-24 09:00:00
PROD00000327,BIBA Single Door Type 1,BIBA,PT00077,82710,78308,False,2025-10-11 09:00:00
PROD00000328,Lakme Face Care Type 1,Lakme,PT00037,1579,1288,False,2025-06-22 09:00:00
PROD00000329,Puma Exam Prep Type 2,Puma,PT00054,3568,3121,False,2025-11-24 09:00:00
PROD00000330,Apple Dresses Type 2,Apple,PT00020,11472,10490,False,2025-11-03 09:00:00
PROD00000331,Himalaya Novels Type 2,Himalaya,PT00050,6822,5658,False,2025-09-17 09:00:00
PROD00000332,Pigeon Sofas Type 2,Pigeon,PT00030,967,733,False,2025-05-25 09:00:00
PROD00000333,Sony Computer Accessories Type 1,Sony,PT00007,1472,1257,True,2025-10-31 09:00:00
PROD00000334,Britannia Speakers Type 1,Britannia,PT00011,171,130,False,2025-04-20 09:00:00
PROD00000335,Xiaomi Shoes Type 1,Xiaomi,PT00021,424,418,False,2025-06-28 09:00:00
PROD00000336,Lakme Face Care Type 2,Lakme,PT00038,62046,51154,False,2025-08-17 09:00:00
PROD00000337,Tata Laptops Type 2,Tata,PT00006,7812,7802,False,2025-06-28 09:00:00
PROD00000338,Samsung Men Tops Type 1,Samsung,PT00013,308,236,True,2025-07-05 09:00:00
PROD00000339,Pigeon Dumbbells Type 2,Pigeon,PT00066,1650,1456,False,2025-07-30 09:00:00
PROD00000340,Dell Kids Learning Type 1,Dell,PT00055,9806,9449,False,2025-06-20 09:00:00
PROD00000341,Pigeon Cardio Type 2,Pigeon,PT00068,8143,6965,False,2025-12-18 09:00:00
PROD00000342,Prestige Laptops Type 1,Prestige,PT00005,840,763,False,2025-03-27 09:00:00
PROD00000343,Godrej Shoes Type 1,Godrej,PT00021,444,351,False,2025-05-01 09:00:00
PROD00000344,Dell Men Bottoms Type 1,Dell,PT00015,52835,41735,False,2025-02-13 09:00:00
PROD00000345,Decathlon Rice Type 2,Decathlon,PT00062,4696,4176,False,2025-09-23 09:00:00
PROD00000346,Puma Computer Accessories Type 1,Puma,PT00007,1618,1284,False,2025-10-05 09:00:00
PROD00000347,Penguin Women Tops Type 2,Penguin,PT00018,3195,2688,False,2025-10-26 09:00:00
PROD00000348,Maybelline Laptops Type 2,Maybelline,PT00006,7853,7620,False,2025-03-08 09:00:00
PROD00000349,Dell Hair Oil Type 2,Dell,PT00044,7801,6944,False,2025-03-15 09:00:00
PROD00000350,Godrej Smartphones Type 1,Godrej,PT00001,5018,3745,False,2025-05-18 09:00:00
PROD00000351,Himalaya Kids Learning Type 2,Himalaya,PT00056,1131,1049,False,2025-03-03 09:00:00
PROD00000352,Prestige Storage Type 1,Prestige,PT00027,8541,7417,False,2025-07-14 09:00:00
PROD00000353,Maybelline Tables Type 2,Maybelline,PT00032,5249,4647,False,2026-01-19 09:00:00
PROD00000354,Prestige Double Door Type 2,Prestige,PT00080,215,177,False,2025-08-06 09:00:00
PROD00000355,Decathlon Lipstick Type 2,Decathlon,PT00046,214,175,False,2025-08-13 09:00:00
PROD00000356,Nike Men Bottoms Type 2,Nike,PT00016,1217,1009,False,2025-11-23 09:00:00
PROD00000357,Lenovo Single Door Type 2,Lenovo,PT00078,1651,1662,False,2025-04-24 09:00:00
PROD00000358,Sony Men Bottoms Type 1,Sony,PT00015,51041,39776,False,2025-09-09 09:00:00
PROD00000359,Amul Cycling Type 1,Amul,PT00071,795,591,True,2025-11-05 09:00:00
PROD00000360,Tata Storage Type 1,Tata,PT00027,10419,7810,False,2025-05-01 09:00:00
PROD00000361,Decathlon Kids Learning Type 1,Decathlon,PT00055,10660,8471,False,2025-08-27 09:00:00
PROD00000362,Pigeon Single Door Type 1,Pigeon,PT00077,80150,77242,False,2025-04-27 09:00:00
PROD00000363,Cosco Shoes Type 1,Cosco,PT00021,471,392,False,2025-08-16 09:00:00
PROD00000364,Scholastic Top Load Type 1,Scholastic,PT00075,98717,85165,False,2025-05-14 09:00:00
PROD00000365,Lakme Men Bottoms Type 2,Lakme,PT00016,1268,1018,False,2025-08-20 09:00:00
PROD00000366,Cosco Women Tops Type 2,Cosco,PT00018,2703,2622,False,2025-04-01 09:00:00
PROD00000367,Penguin Shampoo Type 2,Penguin,PT00042,757,664,False,2025-07-07 09:00:00
PROD00000368,Apple Camping Type 2,Apple,PT00070,7503,5807,False,2025-09-07 09:00:00
PROD00000369,boAt Biscuits Type 1,boAt,PT00059,71355,51073,False,2025-03-26 09:00:00
PROD00000370,Realme Front Load Type 1,Realme,PT00073,2231,1539,False,2025-10-28 09:00:00
PROD00000371,Dell Men Bottoms Type 1,Dell,PT00015,45961,41029,False,2025-10-18 09:00:00
PROD00000372,Puma Computer Accessories Type 1,Puma,PT00007,1644,1499,False,2025-05-30 09:00:00
PROD00000373,Scholastic Biscuits Type 2,Scholastic,PT00060,864,770,True,2026-01-13 09:00:00
PROD00000374,Lenovo Cookware Type 2,Lenovo,PT00026,1472,1193,False,2025-06-13 09:00:00
PROD00000375,Scholastic Cardio Type 2,Scholastic,PT00068,9810,7061,False,2025-12-19 09:00:00
PROD00000376,Nivea Lipstick Type 2,Nivea,PT00046,213,181,False,2025-12-11 09:00:00
PROD00000377,Amul Chips Type 1,Amul,PT00057,706,681,False,2026-01-15 09:00:00
PROD00000378,Philips Mobile Accessories Type 2,Philips,PT00004,356,243,False,2025-07-07 09:00:00
PROD00000379,Nivea Wall Decor Type 2,Nivea,PT00034,801,644,False,2025-06-21 09:00:00
PROD00000380,Decathlon Headphones Type 1,Decathlon,PT00009,63772,63250,False,2025-04-05 09:00:00
PROD00000381,Realme Tables Type 1,Realme,PT00031,33613,31609,False,2025-08-12 09:00:00
PROD00000382,Pigeon Exam Prep Type 1,Pigeon,PT00053,22312,19167,False,2025-09-09 09:00:00
PROD00000383,Tata Headphones Type 2,Tata,PT00010,407,329,False,2025-05-11 09:00:00
PROD00000384,HP Men Tops Type 1,HP,PT00013,276,224,False,2026-01-21 09:00:00
PROD00000385,BIBA Body Care Type 1,BIBA,PT00039,384,272,False,2025-08-13 09:00:00
PROD00000386,Prestige Kids Learning Type 1,Prestige,PT00055,12166,9957,False,2025-04-21 09:00:00
PROD00000387,Adidas Laptops Type 2,Adidas,PT00006,9564,7291,False,2025-04-14 09:00:00
PROD00000388,Whirlpool Headphones Type 2,Whirlpool,PT00010,369,369,False,2025-04-07 09:00:00
PROD00000389,Whirlpool Dumbbells Type 2,Whirlpool,PT00066,1695,1346,False,2025-04-24 09:00:00
PROD00000390,Nivea Cardio Type 2,Nivea,PT00068,8446,7979,False,2025-07-03 09:00:00
PROD00000391,Prestige Cycling Type 2,Prestige,PT00072,10098,8176,False,2025-10-30 09:00:00
PROD00000392,Maybelline Top Load Type 2,Maybelline,PT00076,7160,5976,False,2026-01-16 09:00:00
PROD00000393,Godrej Cardio Type 1,Godrej,PT00067,3197,2683,False,2025-09-26 09:00:00
PROD00000394,Puma Top Load Type 1,Puma,PT00075,104536,81781,False,2025-08-07 09:00:00
PROD00000395,Whirlpool Shampoo Type 2,Whirlpool,PT00042,916,685,False,2025-07-09 09:00:00
PROD00000396,Puma Camping Type 2,Puma,PT00070,7729,5691,True,2025-07-10 09:00:00
PROD00000397,boAt Biscuits Type 2,boAt,PT00060,953,716,False,2025-05-04 09:00:00
PROD00000398,Lenovo Dresses Type 2,Lenovo,PT00020,12153,10362,True,2025-09-09 09:00:00
PROD00000399,Whirlpool Speakers Type 1,Whirlpool,PT00011,149,133,False,2026-01-12 09:00:00
PROD00000400,boAt Foundation Type 1,boAt,PT00047,10408,8034,False,2025-05-21 09:00:00
PROD00000401,Lakme Cardio Type 2,Lakme,PT00068,9536,7491,False,2025-02-21 09:00:00
PROD00000402,Tata Headphones Type 2,Tata,PT00010,430,316,False,2025-08-04 09:00:00
PROD00000403,Amul Double Door Type 1,Amul,PT00079,9332,6887,False,2025-11-21 09:00:00
PROD00000404,Penguin Speakers Type 2,Penguin,PT00012,413,315,False,2025-08-22 09:00:00
PROD00000405,HP Mobile Accessories Type 2,HP,PT00004,323,246,False,2025-06-22 09:00:00
PROD00000406,Samsung Top Load Type 2,Samsung,PT00076,8476,6765,False,2025-11-01 09:00:00
PROD00000407,Whirlpool Biscuits Type 1,Whirlpool,PT00059,71489,50989,False,2025-12-23 09:00:00
PROD00000408,boAt Men Tops Type 1,boAt,PT00013,314,252,False,2025-12-19 09:00:00
PROD00000409,Maybelline Cookware Type 2,Maybelline,PT00026,1332,1102,False,2025-04-30 09:00:00
PROD00000410,Sony Lipstick Type 2,Sony,PT00046,246,190,False,2025-12-22 09:00:00
PROD00000411,Dell Sandals Type 2,Dell,PT00024,600,495,False,2025-09-28 09:00:00
PROD00000412,OnePlus Wall Decor Type 1,OnePlus,PT00033,861,731,False,2025-05-01 09:00:00
PROD00000413,Philips Body Care Type 2,Philips,PT00040,9901,8268,False,2025-09-26 09:00:00
PROD00000414,Britannia Lighting Type 2,Britannia,PT00036,10960,8894,False,2025-12-12 09:00:00
PROD00000415,HP Sandals Type 2,HP,PT00024,543,440,False,2025-12-16 09:00:00
PROD00000416,Lenovo Smartphones Type 1,Lenovo,PT00001,4230,4005,False,2025-06-21 09:00:00
PROD00000417,OnePlus Men Bottoms Type 2,OnePlus,PT00016,1369,963,True,2025-03-25 09:00:00
PROD00000418,Decathlon Smartphones Type 1,Decathlon,PT00001,5096,3847,False,2025-06-05 09:00:00
PROD00000419,Havells Chips Type 2,Havells,PT00058,351,267,False,2025-07-26 09:00:00
PROD00000420,Havells Lighting Type 2,Havells,PT00036,9581,8708,False,2026-01-11 09:00:00
PROD00000421,FabIndia Kids Learning Type 1,FabIndia,PT00055,12202,9666,False,2025-11-11 09:00:00
PROD00000422,Puma Comics Type 2,Puma,PT00052,296,271,False,2025-10-01 09:00:00
PROD00000423,Whirlpool Sandals Type 1,Whirlpool,PT00023,28150,22272,False,2025-04-27 09:00:00
PROD00000424,Amul Sandals Type 1,Amul,PT00023,26738,22321,False,2025-02-06 09:00:00
PROD00000425,Whirlpool Men Bottoms Type 1,Whirlpool,PT00015,45901,44596,False,2025-05-20 09:00:00
PROD00000426,Lenovo Cardio Type 2,Lenovo,PT00068,9012,8026,False,2025-03-25 09:00:00
PROD00000427,FabIndia Storage Type 1,FabIndia,PT00027,9224,8450,False,2025-09-30 09:00:00
PROD00000428,Realme Double Door Type 1,Realme,PT00079,8400,7239,False,2026-01-24 09:00:00
PROD00000429,Adidas Shoes Type 2,Adidas,PT00022,1356,1405,False,2025-10-12 09:00:00
PROD00000430,Philips Speakers Type 2,Philips,PT00012,429,338,False,2025-05-26 09:00:00
PROD00000431,Britannia Laptops Type 1,Britannia,PT00005,1001,827,False,2025-10-21 09:00:00
PROD00000432,Prestige Dresses Type 1,Prestige,PT00019,251,226,False,2025-08-30 09:00:00
PROD00000433,Amul Rice Type 2,Amul,PT00062,4287,4052,True,2025-02-07 09:00:00
PROD00000434,Realme Sofas Type 2,Realme,PT00030,910,721,False,2025-10-17 09:00:00
PROD00000435,Scholastic Men Bottoms Type 2,Scholastic,PT00016,1223,985,False,2025-05-01 09:00:00
PROD00000436,Penguin Chips Type 2,Penguin,PT00058,302,267,False,2025-02-05 09:00:00
PROD00000437,Havells Body Care Type 1,Havells,PT00039,372,261,False,2025-11-21 09:00:00
PROD00000438,Nike Shampoo Type 1,Nike,PT00041,6982,4982,False,2025-03-23 09:00:00
PROD00000439,Whirlpool Mobile Accessories Type 2,Whirlpool,PT00004,337,290,False,2026-01-18 09:00:00
PROD00000440,FabIndia Lighting Type 2,FabIndia,PT00036,10994,7786,False,2025-03-04 09:00:00
PROD00000441,Xiaomi Top Load Type 1,Xiaomi,PT00075,111618,89458,False,2025-10-09 09:00:00
PROD00000442,Haldiram Dresses Type 2,Haldiram,PT00020,11866,10368,False,2026-01-24 09:00:00
PROD00000443,FabIndia Chips Type 2,FabIndia,PT00058,338,297,False,2025-09-30 09:00:00
PROD00000444,LG Biscuits Type 2,LG,PT00060,857,743,False,2025-02-08 09:00:00
PROD00000445,Maybelline Face Care Type 2,Maybelline,PT00038,58542,47091,False,2026-01-07 09:00:00
PROD00000446,Godrej Shampoo Type 1,Godrej,PT00041,6194,5295,False,2025-10-26 09:00:00
PROD00000447,Pigeon Pulses Type 2,Pigeon,PT00064,3822,3732,False,2026-01-29 09:00:00
PROD00000448,Cosco Sandals Type 2,Cosco,PT00024,480,492,False,2025-05-20 09:00:00
PROD00000449,Havells Shoes Type 1,Havells,PT00021,418,375,False,2025-06-24 09:00:00
PROD00000450,Lenovo Top Load Type 2,Lenovo,PT00076,8464,6143,False,2026-01-04 09:00:00
PROD00000451,Philips Laptops Type 2,Philips,PT00006,8341,7562,False,2025-10-27 09:00:00
PROD00000452,Himalaya Mobile Accessories Type 1,Himalaya,PT00003,236,202,False,2025-10-03 09:00:00
PROD00000453,Cosco Kids Learning Type 1,Cosco,PT00055,10284,9919,False,2025-11-02 09:00:00
PROD00000454,Realme Pulses Type 1,Realme,PT00063,7835,6643,False,2025-06-22 09:00:00
PROD00000455,Haldiram Wall Decor Type 1,Haldiram,PT00033,885,816,False,2025-07-11 09:00:00
PROD00000456,Realme Cycling Type 2,Realme,PT00072,9240,9227,False,2026-01-26 09:00:00
PROD00000457,Amul Cookware Type 2,Amul,PT00026,1356,1055,True,2026-01-10 09:00:00
PROD00000458,Britannia Computer Accessories Type 1,Britannia,PT00007,1730,1489,False,2025-09-07 09:00:00
PROD00000459,Cosco Face Care Type 1,Cosco,PT00037,1843,1384,False,2025-06-11 09:00:00
PROD00000460,Dell Speakers Type 1,Dell,PT00011,150,128,False,2025-04-10 09:00:00
PROD00000461,Godrej Mobile Accessories Type 1,Godrej,PT00003,274,213,False,2025-10-14 09:00:00
PROD00000462,Sony Cookware Type 1,Sony,PT00025,5127,4606,False,2025-05-22 09:00:00
PROD00000463,Godrej Double Door Type 1,Godrej,PT00079,9320,7141,False,2025-07-19 09:00:00
PROD00000464,Whirlpool Novels Type 2,Whirlpool,PT00050,6964,6404,False,2025-09-30 09:00:00
PROD00000465,Amul Dumbbells Type 1,Amul,PT00065,197,183,False,2025-12-13 09:00:00
PROD00000466,Prestige Face Care Type 2,Prestige,PT00038,60650,47805,True,2025-03-28 09:00:00
PROD00000467,Nivea Laptops Type 2,Nivea,PT00006,7545,6655,False,2025-04-03 09:00:00
PROD00000468,Scholastic Pulses Type 2,Scholastic,PT00064,4579,3171,False,2026-01-08 09:00:00
PROD00000469,Lenovo Cardio Type 2,Lenovo,PT00068,8649,6912,False,2025-09-08 09:00:00
PROD00000470,Scholastic Hair Oil Type 2,Scholastic,PT00044,7970,6469,True,2025-09-29 09:00:00
PROD00000471,Xiaomi Double Door Type 1,Xiaomi,PT00079,9341,7163,True,2025-06-29 09:00:00
PROD00000472,Prestige Biscuits Type 1,Prestige,PT00059,70331,59993,False,2025-08-14 09:00:00
PROD00000473,Tata Cardio Type 1,Tata,PT00067,3504,2641,False,2025-05-28 09:00:00
PROD00000474,Philips Top Load Type 1,Philips,PT00075,101935,92894,False,2025-06-13 09:00:00
PROD00000475,HP Shampoo Type 1,HP,PT00041,6100,5534,False,2025-03-05 09:00:00
PROD00000476,FabIndia Wall Decor Type 2,FabIndia,PT00034,839,682,False,2025-05-03 09:00:00
PROD00000477,Britannia Double Door Type 1,Britannia,PT00079,9376,6721,False,2025-05-31 09:00:00
PROD00000478,Pigeon Headphones Type 2,Pigeon,PT00010,378,369,False,2025-07-10 09:00:00
PROD00000479,Cosco Camping Type 2,Cosco,PT00070,6540,5402,False,2025-11-02 09:00:00
PROD00000480,Whirlpool Men Bottoms Type 2,Whirlpool,PT00016,1355,1075,False,2025-02-22 09:00:00
PROD00000481,Philips Top Load Type 2,Philips,PT00076,7892,6541,False,2025-09-14 09:00:00
PROD00000482,Nivea Sandals Type 2,Nivea,PT00024,585,469,True,2025-04-02 09:00:00
PROD00000483,Puma Women Tops Type 2,Puma,PT00018,3243,2669,True,2025-07-07 09:00:00
PROD00000484,Tata Laptops Type 1,Tata,PT00005,830,706,False,2025-09-06 09:00:00
PROD00000485,LG Men Tops Type 1,LG,PT00013,271,255,False,2025-10-17 09:00:00
PROD00000486,Samsung Sandals Type 2,Samsung,PT00024,484,476,False,2025-05-01 09:00:00
PROD00000487,Tata Cycling Type 2,Tata,PT00072,9909,9339,False,2026-01-14 09:00:00
PROD00000488,Dell Lighting Type 2,Dell,PT00036,10285,8347,False,2025-04-26 09:00:00
PROD00000489,Himalaya Computer Accessories Type 1,Himalaya,PT00007,1816,1429,False,2025-09-28 09:00:00
PROD00000490,Britannia Exam Prep Type 2,Britannia,PT00054,4263,3420,False,2025-12-10 09:00:00
PROD00000491,Himalaya Pulses Type 2,Himalaya,PT00064,4599,3403,True,2025-03-11 09:00:00
PROD00000492,Nivea Foundation Type 2,Nivea,PT00048,330,244,False,2025-09-05 09:00:00
PROD00000493,Dell Chips Type 2,Dell,PT00058,324,270,False,2025-10-31 09:00:00
PROD00000494,OnePlus Novels Type 1,OnePlus,PT00049,10491,8974,False,2025-07-17 09:00:00
PROD00000495,Haldiram Foundation Type 2,Haldiram,PT00048,287,243,False,2025-02-23 09:00:00
PROD00000496,Sony Top Load Type 1,Sony,PT00075,111474,79553,False,2025-04-21 09:00:00
PROD00000497,Maybelline Camping Type 2,Maybelline,PT00070,6743,5877,False,2025-02-18 09:00:00
PROD00000498,Amul Hair Oil Type 1,Amul,PT00043,2097,1864,False,2025-07-13 09:00:00
PROD00000499,Havells Men Tops Type 2,Havells,PT00014,9956,8475,False,2025-04-13 09:00:00
PROD00000500,Havells Pulses Type 1,Havells,PT00063,8831,6966,False,2025-09-05 09:00:00
PROD00000501,Apple Cardio Type 2,Apple,PT00068,9026,7205,False,2025-10-14 09:00:00
PROD00000502,Sony Mobile Accessories Type 1,Sony,PT00003,243,202,False,2025-05-30 09:00:00
PROD00000503,Nivea Cardio Type 1,Nivea,PT00067,3443,3053,False,2025-05-05 09:00:00
PROD00000504,Britannia Dumbbells Type 1,Britannia,PT00065,217,182,False,2025-07-06 09:00:00
PROD00000505,Samsung Speakers Type 2,Samsung,PT00012,458,368,False,2025-02-11 09:00:00
PROD00000506,Puma Kids Learning Type 2,Puma,PT00056,1321,1076,False,2025-06-03 09:00:00
PROD00000507,OnePlus Double Door Type 1,OnePlus,PT00079,9489,8033,False,2025-08-30 09:00:00
PROD00000508,BIBA Sofas Type 2,BIBA,PT00030,873,776,False,2025-08-13 09:00:00
PROD00000509,LG Speakers Type 1,LG,PT00011,181,143,False,2025-11-03 09:00:00
PROD00000510,BIBA Speakers Type 1,BIBA,PT00011,152,138,False,2025-03-24 09:00:00
PROD00000511,Amul Men Bottoms Type 1,Amul,PT00015,45765,41174,False,2025-07-30 09:00:00
PROD00000512,Puma Double Door Type 1,Puma,PT00079,9785,7394,False,2025-06-07 09:00:00
PROD00000513,Tata Men Bottoms Type 1,Tata,PT00015,49700,43895,False,2025-12-04 09:00:00
PROD00000514,Puma Face Care Type 1,Puma,PT00037,1678,1262,False,2025-04-02 09:00:00
PROD00000515,Godrej Single Door Type 1,Godrej,PT00077,81628,66291,False,2025-09-18 09:00:00
PROD00000516,Penguin Tables Type 1,Penguin,PT00031,32663,30656,False,2025-07-13 09:00:00
PROD00000517,Xiaomi Cycling Type 2,Xiaomi,PT00072,10136,9441,False,2025-04-23 09:00:00
PROD00000518,Tata Cycling Type 2,Tata,PT00072,11233,8815,False,2025-02-05 09:00:00
PROD00000519,LG Hair Oil Type 1,LG,PT00043,1950,1818,False,2025-02-12 09:00:00
PROD00000520,BIBA Lighting Type 1,BIBA,PT00035,4584,3841,True,2025-05-26 09:00:00
PROD00000521,Tata Sandals Type 2,Tata,PT00024,527,437,True,2025-02-15 09:00:00
PROD00000522,Decathlon Chips Type 2,Decathlon,PT00058,374,278,True,2025-04-08 09:00:00
PROD00000523,Samsung Comics Type 2,Samsung,PT00052,280,249,False,2025-08-23 09:00:00
PROD00000524,Lakme Face Care Type 2,Lakme,PT00038,52959,50063,True,2025-12-22 09:00:00
PROD00000525,Decathlon Comics Type 2,Decathlon,PT00052,282,255,False,2025-11-21 09:00:00
PROD00000526,Dell Speakers Type 2,Dell,PT00012,378,365,False,2025-03-17 09:00:00
PROD00000527,Decathlon Cookware Type 2,Decathlon,PT00026,1231,1236,False,2025-07-22 09:00:00
PROD00000528,Maybelline Dresses Type 2,Maybelline,PT00020,10757,8795,False,2025-05-30 09:00:00
PROD00000529,Pigeon Chips Type 2,Pigeon,PT00058,327,261,False,2025-07-13 09:00:00
PROD00000530,Pigeon Pulses Type 1,Pigeon,PT00063,8570,7079,False,2026-01-01 09:00:00
PROD00000531,Penguin Body Care Type 1,Penguin,PT00039,381,300,False,2026-01-06 09:00:00
PROD00000532,Penguin Headphones Type 2,Penguin,PT00010,428,356,False,2025-04-27 09:00:00
PROD00000533,Tata Double Door Type 1,Tata,PT00079,9809,7597,False,2025-08-02 09:00:00
PROD00000534,Nike Tables Type 1,Nike,PT00031,37867,33328,False,2025-07-18 09:00:00
PROD00000535,Britannia Chips Type 1,Britannia,PT00057,739,704,False,2025-03-04 09:00:00
PROD00000536,Philips Front Load Type 1,Philips,PT00073,2107,1538,False,2025-03-26 09:00:00
PROD00000537,Apple Smartphones Type 2,Apple,PT00002,6249,5169,False,2026-01-13 09:00:00
PROD00000538,Xiaomi Tables Type 2,Xiaomi,PT00032,5201,4576,False,2025-08-29 09:00:00
PROD00000539,Samsung Double Door Type 2,Samsung,PT00080,195,176,False,2025-03-31 09:00:00
PROD00000540,Pigeon Rice Type 2,Pigeon,PT00062,5041,3843,False,2025-08-03 09:00:00
PROD00000541,FabIndia Pulses Type 1,FabIndia,PT00063,7941,7333,False,2025-04-16 09:00:00
PROD00000542,Adidas Cookware Type 2,Adidas,PT00026,1274,1246,False,2025-04-29 09:00:00
PROD00000543,Prestige Foundation Type 2,Prestige,PT00048,313,263,False,2025-06-13 09:00:00
PROD00000544,Nivea Speakers Type 2,Nivea,PT00012,406,372,False,2025-09-21 09:00:00
PROD00000545,Dell Foundation Type 1,Dell,PT00047,9295,8509,False,2025-05-30 09:00:00
PROD00000546,Britannia Foundation Type 2,Britannia,PT00048,303,269,False,2025-05-31 09:00:00
PROD00000547,Haldiram Men Bottoms Type 2,Haldiram,PT00016,1402,1150,False,2025-05-01 09:00:00
PROD00000548,Prestige Laptops Type 2,Prestige,PT00006,9255,7188,False,2025-11-10 09:00:00
PROD00000549,Havells Double Door Type 2,Havells,PT00080,198,150,False,2025-12-18 09:00:00
PROD00000550,Havells Single Door Type 2,Havells,PT00078,1839,1452,False,2026-02-04 09:00:00
PROD00000551,HP Dumbbells Type 2,HP,PT00066,1764,1356,False,2025-07-04 09:00:00
PROD00000552,Adidas Foundation Type 1,Adidas,PT00047,8841,7288,False,2025-04-21 09:00:00
PROD00000553,Lenovo Top Load Type 2,Lenovo,PT00076,7388,7087,True,2025-03-30 09:00:00
PROD00000554,Pigeon Lipstick Type 1,Pigeon,PT00045,429,371,False,2025-05-02 09:00:00
PROD00000555,Sony Camping Type 2,Sony,PT00070,7232,6388,False,2025-06-26 09:00:00
PROD00000556,Cosco Computer Accessories Type 1,Cosco,PT00007,1449,1428,False,2025-06-19 09:00:00
PROD00000557,Samsung Men Tops Type 2,Samsung,PT00014,9789,8149,False,2025-05-07 09:00:00
PROD00000558,Cosco Kids Learning Type 1,Cosco,PT00055,12080,9596,False,2025-09-02 09:00:00
PROD00000559,Britannia Novels Type 1,Britannia,PT00049,11152,8909,False,2025-11-01 09:00:00
PROD00000560,Nivea Lighting Type 2,Nivea,PT00036,10510,8598,False,2026-01-21 09:00:00
PROD00000561,Dell Sandals Type 2,Dell,PT00024,547,442,False,2025-08-18 09:00:00
PROD00000562,LG Dumbbells Type 1,LG,PT00065,193,185,False,2025-05-31 09:00:00
PROD00000563,LG Headphones Type 1,LG,PT00009,79457,60886,False,2025-12-09 09:00:00
PROD00000564,Godrej Sandals Type 1,Godrej,PT00023,28071,21680,False,2026-01-05 09:00:00
PROD00000565,LG Women Tops Type 1,LG,PT00017,96445,87312,False,2025-04-16 09:00:00
PROD00000566,LG Foundation Type 1,LG,PT00047,9794,8206,False,2025-07-11 09:00:00
PROD00000567,BIBA Shampoo Type 2,BIBA,PT00042,766,737,False,2025-08-29 09:00:00
PROD00000568,HP Storage Type 1,HP,PT00027,9987,7484,False,2026-01-25 09:00:00
PROD00000569,OnePlus Shampoo Type 1,OnePlus,PT00041,5806,4882,True,2025-06-22 09:00:00
PROD00000570,Whirlpool Sofas Type 2,Whirlpool,PT00030,1045,723,False,2025-08-05 09:00:00
PROD00000571,Whirlpool Body Care Type 2,Whirlpool,PT00040,9608,8295,False,2025-08-29 09:00:00
PROD00000572,Himalaya Lipstick Type 2,Himalaya,PT00046,241,199,False,2025-08-06 09:00:00
PROD00000573,Pigeon Chips Type 2,Pigeon,PT00058,332,310,False,2025-08-01 09:00:00
PROD00000574,HP Camping Type 2,HP,PT00070,7057,5402,False,2025-11-04 09:00:00
PROD00000575,Dell Men Tops Type 1,Dell,PT00013,287,213,False,2025-05-31 09:00:00
PROD00000576,Realme Smartphones Type 2,Realme,PT00002,7348,5480,False,2025-02-17 09:00:00
PROD00000577,Decathlon Rice Type 1,Decathlon,PT00061,1347,1052,False,2025-11-21 09:00:00
PROD00000578,Amul Shampoo Type 1,Amul,PT00041,6318,5092,False,2026-01-24 09:00:00
PROD00000579,Havells Men Tops Type 2,Havells,PT00014,11312,8492,False,2026-01-13 09:00:00
PROD00000580,Decathlon Exam Prep Type 1,Decathlon,PT00053,23519,16791,False,2025-10-18 09:00:00
PROD00000581,Philips Front Load Type 1,Philips,PT00073,2230,1641,False,2025-03-20 09:00:00
PROD00000582,Sony Hair Oil Type 1,Sony,PT00043,2007,1715,True,2025-09-18 09:00:00
PROD00000583,Dell Top Load Type 2,Dell,PT00076,7134,6361,False,2025-03-07 09:00:00
PROD00000584,FabIndia Kids Learning Type 1,FabIndia,PT00055,11552,9027,False,2025-10-13 09:00:00
PROD00000585,Pigeon Exam Prep Type 1,Pigeon,PT00053,24735,17154,False,2025-03-14 09:00:00
PROD00000586,OnePlus Rice Type 2,OnePlus,PT00062,4288,3916,True,2025-07-21 09:00:00
PROD00000587,LG Dresses Type 1,LG,PT00019,283,214,False,2025-08-08 09:00:00
PROD00000588,Puma Sandals Type 2,Puma,PT00024,534,480,False,2026-02-04 09:00:00
PROD00000589,Nike Men Bottoms Type 1,Nike,PT00015,45305,38102,False,2025-07-04 09:00:00
PROD00000590,Havells Pulses Type 2,Havells,PT00064,3665,3198,False,2025-06-22 09:00:00
PROD00000591,Samsung Lipstick Type 2,Samsung,PT00046,224,209,False,2025-06-05 09:00:00
PROD00000592,Nike Dresses Type 2,Nike,PT00020,10559,10469,False,2025-07-16 09:00:00
PROD00000593,Decathlon Cycling Type 1,Decathlon,PT00071,705,571,False,2025-11-28 09:00:00
PROD00000594,Puma Single Door Type 1,Puma,PT00077,80933,67784,True,2025-04-28 09:00:00
PROD00000595,Scholastic Cycling Type 1,Scholastic,PT00071,689,640,False,2025-07-14 09:00:00
PROD00000596,boAt Speakers Type 1,boAt,PT00011,161,140,False,2025-09-23 09:00:00
PROD00000597,Apple Shampoo Type 2,Apple,PT00042,869,771,False,2025-05-21 09:00:00
PROD00000598,Himalaya Novels Type 2,Himalaya,PT00050,6182,5339,False,2025-09-13 09:00:00
PROD00000599,Xiaomi Dresses Type 1,Xiaomi,PT00019,303,215,False,2025-07-24 09:00:00
PROD00000600,Realme Top Load Type 2,Realme,PT00076,7283,6289,False,2025-07-10 09:00:00
PROD00000601,BIBA Single Door Type 2,BIBA,PT00078,1848,1669,False,2025-12-15 09:00:00
PROD00000602,Apple Wall Decor Type 2,Apple,PT00034,865,658,False,2025-06-08 09:00:00
PROD00000603,Dell Double Door Type 2,Dell,PT00080,213,179,False,2025-06-26 09:00:00
PROD00000604,boAt Front Load Type 1,boAt,PT00073,2141,1720,True,2025-03-15 09:00:00
PROD00000605,OnePlus Cycling Type 1,OnePlus,PT00071,787,618,True,2025-08-02 09:00:00
PROD00000606,Lakme Shampoo Type 2,Lakme,PT00042,793,656,False,2025-07-31 09:00:00
PROD00000607,Philips Biscuits Type 1,Philips,PT00059,59569,53051,False,2025-12-31 09:00:00
PROD00000608,Nike Storage Type 2,Nike,PT00028,614,491,False,2025-09-09 09:00:00
PROD00000609,Nivea Double Door Type 1,Nivea,PT00079,8663,7442,False,2026-01-03 09:00:00
PROD00000610,Prestige Men Tops Type 2,Prestige,PT00014,10892,9248,False,2025-07-11 09:00:00
PROD00000611,Puma Biscuits Type 1,Puma,PT00059,69975,58423,False,2025-04-21 09:00:00
PROD00000612,Haldiram Face Care Type 1,Haldiram,PT00037,1810,1511,False,2025-09-16 09:00:00
PROD00000613,OnePlus Women Tops Type 2,OnePlus,PT00018,3325,2468,False,2025-09-09 09:00:00
PROD00000614,Penguin Laptops Type 2,Penguin,PT00006,9177,6727,False,2025-03-07 09:00:00
PROD00000615,Cosco Laptops Type 2,Cosco,PT00006,7636,6890,True,2025-06-07 09:00:00
PROD00000616,Haldiram Dumbbells Type 1,Haldiram,PT00065,235,189,False,2025-07-11 09:00:00
PROD00000617,Havells Double Door Type 1,Havells,PT00079,8147,7439,False,2025-03-06 09:00:00
PROD00000618,Tata Chips Type 2,Tata,PT00058,305,259,False,2025-04-17 09:00:00
PROD00000619,Adidas Lighting Type 2,Adidas,PT00036,10658,9147,False,2025-04-02 09:00:00
PROD00000620,Cosco Kids Learning Type 2,Cosco,PT00056,1096,1001,False,2025-05-22 09:00:00
PROD00000621,Amul Laptops Type 1,Amul,PT00005,825,815,False,2025-03-03 09:00:00
PROD00000622,Xiaomi Comics Type 1,Xiaomi,PT00051,489,449,False,2025-09-13 09:00:00
PROD00000623,Penguin Sofas Type 1,Penguin,PT00029,10448,8535,False,2025-05-22 09:00:00
PROD00000624,Tata Biscuits Type 1,Tata,PT00059,68300,57238,False,2026-01-10 09:00:00
PROD00000625,Scholastic Wall Decor Type 1,Scholastic,PT00033,1069,749,False,2025-06-16 09:00:00
PROD00000626,Adidas Cookware Type 2,Adidas,PT00026,1362,1174,False,2025-05-15 09:00:00
PROD00000627,Decathlon Pulses Type 1,Decathlon,PT00063,8367,6752,False,2025-10-13 09:00:00
PROD00000628,Apple Front Load Type 2,Apple,PT00074,214,189,False,2025-11-16 09:00:00
PROD00000629,Lakme Comics Type 1,Lakme,PT00051,521,415,True,2025-03-23 09:00:00
PROD00000630,Tata Storage Type 2,Tata,PT00028,662,500,False,2026-01-28 09:00:00
PROD00000631,Godrej Tables Type 2,Godrej,PT00032,6228,4916,False,2025-06-10 09:00:00
PROD00000632,Apple Dresses Type 2,Apple,PT00020,12345,10401,False,2025-12-31 09:00:00
PROD00000633,Havells Face Care Type 1,Havells,PT00037,1812,1488,False,2025-03-02 09:00:00
PROD00000634,Realme Chips Type 2,Realme,PT00058,344,261,False,2025-08-09 09:00:00
PROD00000635,HP Single Door Type 2,HP,PT00078,1957,1680,False,2026-01-01 09:00:00
PROD00000636,Penguin Rice Type 2,Penguin,PT00062,4835,4127,False,2025-10-24 09:00:00
PROD00000637,Lakme Face Care Type 2,Lakme,PT00038,59301,44623,False,2025-07-09 09:00:00
PROD00000638,FabIndia Cardio Type 2,FabIndia,PT00068,9554,7809,False,2025-04-06 09:00:00
PROD00000639,Himalaya Kids Learning Type 2,Himalaya,PT00056,1263,942,False,2025-12-19 09:00:00
PROD00000640,Havells Pulses Type 1,Havells,PT00063,8822,7422,False,2025-02-28 09:00:00
PROD00000641,Sony Exam Prep Type 2,Sony,PT00054,3977,3111,False,2025-12-10 09:00:00
PROD00000642,Maybelline Dresses Type 2,Maybelline,PT00020,10850,8977,False,2025-04-17 09:00:00
PROD00000643,Apple Front Load Type 2,Apple,PT00074,249,200,False,2025-05-18 09:00:00
PROD00000644,Nike Pulses Type 1,Nike,PT00063,8498,7793,False,2025-04-13 09:00:00
PROD00000645,Pigeon Tables Type 2,Pigeon,PT00032,5339,4984,False,2025-11-27 09:00:00
PROD00000646,Decathlon Double Door Type 2,Decathlon,PT00080,187,153,False,2025-09-07 09:00:00
PROD00000647,Maybelline Body Care Type 2,Maybelline,PT00040,8720,7913,False,2025-08-31 09:00:00
PROD00000648,Himalaya Lighting Type 2,Himalaya,PT00036,9552,9106,False,2025-02-16 09:00:00
PROD00000649,boAt Headphones Type 1,boAt,PT00009,67389,63791,False,2025-12-25 09:00:00
PROD00000650,Puma Hair Oil Type 2,Puma,PT00044,7155,7097,False,2025-08-06 09:00:00
PROD00000651,Godrej Lighting Type 2,Godrej,PT00036,9064,8712,False,2025-09-09 09:00:00
PROD00000652,FabIndia Sofas Type 2,FabIndia,PT00030,894,771,False,2025-12-11 09:00:00
PROD00000653,HP Mobile Accessories Type 2,HP,PT00004,324,259,False,2026-01-30 09:00:00
PROD00000654,Havells Comics Type 2,Havells,PT00052,285,274,False,2025-02-10 09:00:00
PROD00000655,Samsung Speakers Type 1,Samsung,PT00011,147,124,False,2025-10-19 09:00:00
PROD00000656,FabIndia Men Tops Type 2,FabIndia,PT00014,10553,7808,False,2025-07-30 09:00:00
PROD00000657,Samsung Lighting Type 1,Samsung,PT00035,4852,4396,False,2025-06-01 09:00:00
PROD00000658,OnePlus Kids Learning Type 2,OnePlus,PT00056,1323,994,False,2025-06-21 09:00:00
PROD00000659,Penguin Wall Decor Type 1,Penguin,PT00033,1063,752,False,2025-04-18 09:00:00
PROD00000660,Britannia Body Care Type 2,Britannia,PT00040,9178,7854,False,2025-09-06 09:00:00
PROD00000661,Whirlpool Cookware Type 1,Whirlpool,PT00025,5368,4977,False,2026-02-01 09:00:00
PROD00000662,Himalaya Camping Type 2,Himalaya,PT00070,7358,5565,False,2025-12-05 09:00:00
PROD00000663,Lakme Novels Type 1,Lakme,PT00049,11839,9223,False,2025-12-10 09:00:00
PROD00000664,Tata Kids Learning Type 2,Tata,PT00056,1324,1041,False,2025-12-21 09:00:00
PROD00000665,Scholastic Headphones Type 2,Scholastic,PT00010,355,332,False,2025-12-02 09:00:00
PROD00000666,Lenovo Chips Type 1,Lenovo,PT00057,857,625,False,2025-05-07 09:00:00
PROD00000667,Xiaomi Double Door Type 1,Xiaomi,PT00079,9844,6878,False,2025-05-30 09:00:00
PROD00000668,Haldiram Women Tops Type 1,Haldiram,PT00017,110142,96017,False,2025-10-19 09:00:00
PROD00000669,Whirlpool Women Tops Type 2,Whirlpool,PT00018,2752,2816,False,2025-08-18 09:00:00
PROD00000670,BIBA Men Tops Type 2,BIBA,PT00014,11143,9248,False,2025-05-03 09:00:00
PROD00000671,Philips Men Bottoms Type 1,Philips,PT00015,52075,44145,False,2025-04-06 09:00:00
PROD00000672,OnePlus Laptops Type 2,OnePlus,PT00006,8891,6987,True,2025-02-11 09:00:00
PROD00000673,BIBA Wall Decor Type 2,BIBA,PT00034,879,764,False,2025-11-15 09:00:00
PROD00000674,Haldiram Men Tops Type 2,Haldiram,PT00014,9228,9007,False,2025-05-31 09:00:00
PROD00000675,Scholastic Shoes Type 1,Scholastic,PT00021,431,411,False,2025-06-25 09:00:00
PROD00000676,FabIndia Wall Decor Type 2,FabIndia,PT00034,911,759,False,2026-01-25 09:00:00
PROD00000677,Haldiram Front Load Type 1,Haldiram,PT00073,1846,1547,False,2026-01-03 09:00:00
PROD00000678,Maybelline Dresses Type 2,Maybelline,PT00020,10488,9988,False,2025-06-24 09:00:00
PROD00000679,Adidas Wall Decor Type 2,Adidas,PT00034,874,739,False,2025-10-12 09:00:00
PROD00000680,LG Double Door Type 2,LG,PT00080,186,159,False,2025-09-07 09:00:00
PROD00000681,Scholastic Men Tops Type 2,Scholastic,PT00014,10769,7621,False,2025-12-03 09:00:00
PROD00000682,Adidas Computer Accessories Type 1,Adidas,PT00007,1548,1383,False,2025-10-16 09:00:00
PROD00000683,Prestige Headphones Type 2,Prestige,PT00010,415,319,True,2026-01-07 09:00:00
PROD00000684,Lenovo Kids Learning Type 1,Lenovo,PT00055,11514,9532,False,2025-06-19 09:00:00
PROD00000685,Himalaya Lipstick Type 2,Himalaya,PT00046,217,195,False,2025-11-16 09:00:00
PROD00000686,Whirlpool Mobile Accessories Type 1,Whirlpool,PT00003,272,202,False,2025-10-26 09:00:00
PROD00000687,OnePlus Top Load Type 1,OnePlus,PT00075,101158,82971,True,2025-09-07 09:00:00
PROD00000688,Amul Top Load Type 2,Amul,PT00076,8521,6878,False,2025-03-06 09:00:00
PROD00000689,boAt Hair Oil Type 2,boAt,PT00044,7639,6748,False,2025-04-23 09:00:00
PROD00000690,Prestige Computer Accessories Type 1,Prestige,PT00007,1566,1260,False,2025-03-27 09:00:00
PROD00000691,Sony Storage Type 2,Sony,PT00028,617,572,False,2025-03-29 09:00:00
PROD00000692,Lenovo Sandals Type 2,Lenovo,PT00024,526,494,False,2025-06-03 09:00:00
PROD00000693,Scholastic Dresses Type 2,Scholastic,PT00020,12534,9251,False,2025-04-24 09:00:00
PROD00000694,boAt Exam Prep Type 2,boAt,PT00054,3872,3504,False,2025-07-05 09:00:00
PROD00000695,Cosco Rice Type 2,Cosco,PT00062,5001,4111,False,2025-12-30 09:00:00
PROD00000696,Whirlpool Computer Accessories Type 1,Whirlpool,PT00007,1522,1297,False,2025-10-17 09:00:00
PROD00000697,Havells Lighting Type 2,Havells,PT00036,9497,7899,False,2025-05-17 09:00:00
PROD00000698,Whirlpool Foundation Type 1,Whirlpool,PT00047,9085,7377,False,2025-04-06 09:00:00
PROD00000699,Decathlon Shoes Type 2,Decathlon,PT00022,1518,1177,False,2025-03-24 09:00:00
PROD00000700,BIBA Mobile Accessories Type 2,BIBA,PT00004,316,295,True,2026-01-28 09:00:00
PROD00000701,OnePlus Shampoo Type 1,OnePlus,PT00041,5529,5609,False,2025-03-08 09:00:00
PROD00000702,Nivea Front Load Type 2,Nivea,PT00074,198,177,False,2025-05-27 09:00:00
PROD00000703,Sony Biscuits Type 2,Sony,PT00060,991,787,False,2025-12-08 09:00:00
PROD00000704,Haldiram Cookware Type 1,Haldiram,PT00025,5173,4919,False,2025-09-30 09:00:00
PROD00000705,Prestige Shampoo Type 1,Prestige,PT00041,6229,4757,False,2025-02-14 09:00:00
PROD00000706,Apple Kids Learning Type 1,Apple,PT00055,11792,8417,False,2025-05-18 09:00:00
PROD00000707,Whirlpool Dresses Type 2,Whirlpool,PT00020,11237,10119,False,2025-04-13 09:00:00
PROD00000708,Xiaomi Novels Type 1,Xiaomi,PT00049,12416,9988,False,2025-09-20 09:00:00
PROD00000709,Sony Wall Decor Type 2,Sony,PT00034,844,657,True,2025-02-28 09:00:00
PROD00000710,Himalaya Cardio Type 2,Himalaya,PT00068,8258,8135,False,2025-11-01 09:00:00
PROD00000711,HP Computer Accessories Type 1,HP,PT00007,1698,1294,False,2025-05-29 09:00:00
PROD00000712,Havells Mobile Accessories Type 1,Havells,PT00003,231,221,True,2025-04-16 09:00:00
PROD00000713,Xiaomi Laptops Type 2,Xiaomi,PT00006,8433,7264,False,2025-09-30 09:00:00
PROD00000714,Lakme Lighting Type 2,Lakme,PT00036,9636,8071,False,2025-06-29 09:00:00
PROD00000715,Nike Shoes Type 1,Nike,PT00021,413,414,False,2025-10-08 09:00:00
PROD00000716,FabIndia Mobile Accessories Type 1,FabIndia,PT00003,237,194,False,2025-06-30 09:00:00
PROD00000717,Puma Lighting Type 1,Puma,PT00035,4636,3964,False,2025-06-01 09:00:00
PROD00000718,Whirlpool Sandals Type 1,Whirlpool,PT00023,25968,21616,False,2025-08-21 09:00:00
PROD00000719,Haldiram Headphones Type 2,Haldiram,PT00010,370,362,False,2025-06-21 09:00:00
PROD00000720,Penguin Cookware Type 1,Penguin,PT00025,5295,4431,False,2025-05-18 09:00:00
PROD00000721,Lakme Body Care Type 1,Lakme,PT00039,357,264,False,2025-11-05 09:00:00
PROD00000722,Prestige Body Care Type 1,Prestige,PT00039,374,285,False,2025-05-27 09:00:00
PROD00000723,Realme Hair Oil Type 1,Realme,PT00043,2293,1737,False,2025-12-10 09:00:00
PROD00000724,Cosco Front Load Type 2,Cosco,PT00074,251,197,False,2025-10-22 09:00:00
PROD00000725,Samsung Tables Type 1,Samsung,PT00031,40654,30257,False,2025-12-15 09:00:00
PROD00000726,Cosco Camping Type 1,Cosco,PT00069,345,302,False,2025-07-16 09:00:00
PROD00000727,Himalaya Shampoo Type 2,Himalaya,PT00042,783,663,False,2025-06-16 09:00:00
PROD00000728,Tata Cycling Type 1,Tata,PT00071,672,582,False,2025-04-10 09:00:00
PROD00000729,Haldiram Front Load Type 2,Haldiram,PT00074,246,192,False,2025-06-02 09:00:00
PROD00000730,BIBA Speakers Type 1,BIBA,PT00011,177,133,False,2025-06-17 09:00:00
PROD00000731,Prestige Single Door Type 1,Prestige,PT00077,83594,68979,False,2025-07-13 09:00:00
PROD00000732,Haldiram Single Door Type 1,Haldiram,PT00077,77256,68098,False,2026-01-26 09:00:00
PROD00000733,Britannia Biscuits Type 1,Britannia,PT00059,68703,54879,False,2025-03-17 09:00:00
PROD00000734,Dell Men Bottoms Type 2,Dell,PT00016,1281,1078,False,2025-08-12 09:00:00
PROD00000735,Cosco Shampoo Type 1,Cosco,PT00041,6768,5383,False,2025-02-06 09:00:00
PROD00000736,Penguin Rice Type 1,Penguin,PT00061,1417,1168,False,2025-07-25 09:00:00
PROD00000737,Maybelline Speakers Type 2,Maybelline,PT00012,453,371,False,2025-08-22 09:00:00
PROD00000738,Apple Storage Type 1,Apple,PT00027,10174,7912,False,2025-07-03 09:00:00
PROD00000739,Himalaya Headphones Type 1,Himalaya,PT00009,76274,65290,False,2025-03-23 09:00:00
PROD00000740,Godrej Top Load Type 1,Godrej,PT00075,113967,81612,False,2025-06-19 09:00:00
PROD00000741,Dell Cardio Type 1,Dell,PT00067,3240,2717,False,2025-08-12 09:00:00
PROD00000742,Godrej Biscuits Type 1,Godrej,PT00059,60503,60051,True,2025-09-21 09:00:00
PROD00000743,Haldiram Women Tops Type 2,Haldiram,PT00018,3368,2419,False,2025-03-07 09:00:00
PROD00000744,HP Dresses Type 2,HP,PT00020,11831,8951,False,2025-02-08 09:00:00
PROD00000745,Maybelline Single Door Type 1,Maybelline,PT00077,86758,67590,False,2025-06-05 09:00:00
PROD00000746,Adidas Top Load Type 1,Adidas,PT00075,91907,85084,False,2025-11-22 09:00:00
PROD00000747,OnePlus Shampoo Type 1,OnePlus,PT00041,6704,5232,False,2025-06-20 09:00:00
PROD00000748,Apple Double Door Type 1,Apple,PT00079,9601,6715,False,2025-06-06 09:00:00
PROD00000749,Xiaomi Kids Learning Type 2,Xiaomi,PT00056,1378,986,False,2025-05-22 09:00:00
PROD00000750,Philips Tables Type 1,Philips,PT00031,34673,32275,False,2025-12-03 09:00:00
PROD00000751,Adidas Novels Type 1,Adidas,PT00049,12310,9194,False,2025-04-03 09:00:00
PROD00000752,OnePlus Pulses Type 2,OnePlus,PT00064,4255,3754,False,2025-05-30 09:00:00
PROD00000753,boAt Lipstick Type 2,boAt,PT00046,225,204,False,2025-06-04 09:00:00
PROD00000754,Whirlpool Tables Type 1,Whirlpool,PT00031,34428,32141,False,2025-07-21 09:00:00
PROD00000755,Lakme Pulses Type 2,Lakme,PT00064,3916,3647,False,2025-11-09 09:00:00
PROD00000756,Apple Women Tops Type 1,Apple,PT00017,111379,87159,False,2025-07-06 09:00:00
PROD00000757,LG Body Care Type 1,LG,PT00039,301,303,False,2025-05-18 09:00:00
PROD00000758,Nike Single Door Type 1,Nike,PT00077,75636,73412,False,2025-11-02 09:00:00
PROD00000759,Maybelline Shampoo Type 2,Maybelline,PT00042,749,712,False,2025-02-05 09:00:00
PROD00000760,Tata Rice Type 1,Tata,PT00061,1336,1126,False,2025-07-13 09:00:00
PROD00000761,Tata Sofas Type 1,Tata,PT00029,8411,7997,False,2025-02-14 09:00:00
PROD00000762,Philips Dumbbells Type 2,Philips,PT00066,1760,1299,False,2026-01-15 09:00:00
PROD00000763,Nike Laptops Type 1,Nike,PT00005,925,751,False,2025-04-27 09:00:00
PROD00000764,Maybelline Speakers Type 1,Maybelline,PT00011,157,123,False,2025-08-03 09:00:00
PROD00000765,Whirlpool Cardio Type 1,Whirlpool,PT00067,3247,2990,False,2025-05-05 09:00:00
PROD00000766,Lenovo Exam Prep Type 1,Lenovo,PT00053,21130,19243,False,2025-11-14 09:00:00
PROD00000767,Sony Top Load Type 2,Sony,PT00076,7263,7106,False,2025-06-16 09:00:00
PROD00000768,Decathlon Rice Type 2,Decathlon,PT00062,4297,4182,False,2026-02-03 09:00:00
PROD00000769,LG Dumbbells Type 1,LG,PT00065,190,196,False,2025-04-25 09:00:00
PROD00000770,Xiaomi Exam Prep Type 2,Xiaomi,PT00054,4368,3385,True,2026-01-25 09:00:00
PROD00000771,Puma Women Tops Type 1,Puma,PT00017,110247,86276,False,2025-07-05 09:00:00
PROD00000772,FabIndia Chips Type 1,FabIndia,PT00057,751,710,False,2025-11-17 09:00:00
PROD00000773,Lakme Dumbbells Type 2,Lakme,PT00066,1781,1312,False,2025-02-10 09:00:00
PROD00000774,Maybelline Shoes Type 2,Maybelline,PT00022,1437,1329,True,2025-08-23 09:00:00
PROD00000775,Samsung Sofas Type 1,Samsung,PT00029,10171,8498,False,2025-07-17 09:00:00
PROD00000776,Himalaya Tables Type 2,Himalaya,PT00032,6115,4564,False,2025-04-18 09:00:00
PROD00000777,LG Shoes Type 2,LG,PT00022,1460,1237,False,2025-03-02 09:00:00
PROD00000778,Havells Shoes Type 1,Havells,PT00021,514,365,False,2026-01-03 09:00:00
PROD00000779,Dell Men Tops Type 2,Dell,PT00014,11074,9017,False,2025-09-18 09:00:00
PROD00000780,Pigeon Wall Decor Type 1,Pigeon,PT00033,943,880,False,2025-10-03 09:00:00
PROD00000781,Scholastic Sofas Type 1,Scholastic,PT00029,8984,8188,False,2025-05-18 09:00:00
PROD00000782,Prestige Pulses Type 1,Prestige,PT00063,7557,6956,False,2025-04-08 09:00:00
PROD00000783,Lakme Women Tops Type 2,Lakme,PT00018,3081,2573,False,2025-05-25 09:00:00
PROD00000784,Xiaomi Lipstick Type 1,Xiaomi,PT00045,509,409,False,2025-11-20 09:00:00
PROD00000785,Pigeon Wall Decor Type 1,Pigeon,PT00033,911,867,False,2025-06-12 09:00:00
PROD00000786,Godrej Foundation Type 2,Godrej,PT00048,310,259,False,2025-11-24 09:00:00
PROD00000787,Scholastic Men Bottoms Type 1,Scholastic,PT00015,52235,45259,False,2025-06-04 09:00:00
PROD00000788,FabIndia Dumbbells Type 2,FabIndia,PT00066,1871,1445,False,2025-05-12 09:00:00
PROD00000789,Pigeon Women Tops Type 1,Pigeon,PT00017,111270,91940,False,2025-05-14 09:00:00
PROD00000790,Amul Sandals Type 1,Amul,PT00023,26513,22673,False,2025-09-04 09:00:00
PROD00000791,Himalaya Wall Decor Type 1,Himalaya,PT00033,946,842,False,2025-12-26 09:00:00
PROD00000792,BIBA Camping Type 2,BIBA,PT00070,7287,5906,False,2025-03-04 09:00:00
PROD00000793,Tata Cardio Type 1,Tata,PT00067,3263,2911,False,2025-08-26 09:00:00
PROD00000794,Havells Lighting Type 1,Havells,PT00035,5140,4010,False,2025-03-15 09:00:00
PROD00000795,boAt Face Care Type 2,boAt,PT00038,63280,46461,False,2025-09-12 09:00:00
PROD00000796,Penguin Chips Type 1,Penguin,PT00057,714,681,False,2025-08-18 09:00:00
PROD00000797,Penguin Pulses Type 1,Penguin,PT00063,8007,7664,False,2025-05-09 09:00:00
PROD00000798,OnePlus Hair Oil Type 1,OnePlus,PT00043,2369,1806,False,2025-05-04 09:00:00
PROD00000799,Apple Exam Prep Type 1,Apple,PT00053,24780,18385,False,2025-11-07 09:00:00
PROD00000800,Cosco Headphones Type 1,Cosco,PT00009,67447,62210,False,2025-11-13 09:00:00
PROD00000801,Lenovo Body Care Type 1,Lenovo,PT00039,319,273,False,2025-03-28 09:00:00
PROD00000802,Haldiram Sofas Type 1,Haldiram,PT00029,9800,8268,False,2025-06-28 09:00:00
PROD00000803,Tata Lighting Type 2,Tata,PT00036,11208,8471,False,2025-06-21 09:00:00
PROD00000804,Puma Foundation Type 2,Puma,PT00048,349,270,False,2025-12-31 09:00:00
PROD00000805,Nike Top Load Type 2,Nike,PT00076,8025,5978,True,2025-05-28 09:00:00
PROD00000806,HP Lighting Type 1,HP,PT00035,4702,4326,False,2025-06-11 09:00:00
PROD00000807,Nivea Laptops Type 1,Nivea,PT00005,818,731,False,2025-08-21 09:00:00
PROD00000808,Decathlon Chips Type 1,Decathlon,PT00057,867,637,False,2025-08-18 09:00:00
PROD00000809,Tata Hair Oil Type 1,Tata,PT00043,1979,1683,True,2025-12-22 09:00:00
PROD00000810,Xiaomi Face Care Type 1,Xiaomi,PT00037,1826,1383,False,2026-01-12 09:00:00
PROD00000811,Dell Smartphones Type 2,Dell,PT00002,7261,5355,False,2026-01-16 09:00:00
PROD00000812,Scholastic Front Load Type 1,Scholastic,PT00073,2111,1686,False,2025-08-29 09:00:00
PROD00000813,Godrej Double Door Type 1,Godrej,PT00079,8167,7023,False,2025-02-16 09:00:00
PROD00000814,Apple Storage Type 2,Apple,PT00028,630,533,False,2025-06-08 09:00:00
PROD00000815,Lakme Laptops Type 2,Lakme,PT00006,8100,7573,False,2025-06-12 09:00:00
PROD00000816,Dell Shampoo Type 1,Dell,PT00041,6874,5611,False,2025-12-21 09:00:00
PROD00000817,Lakme Mobile Accessories Type 1,Lakme,PT00003,236,214,False,2025-06-07 09:00:00
PROD00000818,Britannia Body Care Type 2,Britannia,PT00040,9346,8098,False,2025-07-25 09:00:00
PROD00000819,Scholastic Sandals Type 2,Scholastic,PT00024,606,444,False,2025-03-01 09:00:00
PROD00000820,Pigeon Biscuits Type 2,Pigeon,PT00060,884,829,True,2025-12-21 09:00:00
PROD00000821,Samsung Shampoo Type 1,Samsung,PT00041,6256,5708,False,2025-12-25 09:00:00
PROD00000822,Realme Cookware Type 2,Realme,PT00026,1339,1046,False,2025-09-14 09:00:00
PROD00000823,Himalaya Foundation Type 1,Himalaya,PT00047,9789,7493,False,2025-09-22 09:00:00
PROD00000824,Prestige Double Door Type 1,Prestige,PT00079,8949,7232,False,2025-02-10 09:00:00
PROD00000825,Godrej Body Care Type 2,Godrej,PT00040,9335,7750,False,2025-06-04 09:00:00
PROD00000826,Realme Hair Oil Type 2,Realme,PT00044,7613,6860,False,2025-12-11 09:00:00
PROD00000827,Puma Smartphones Type 1,Puma,PT00001,4840,3691,False,2025-04-10 09:00:00
PROD00000828,Lakme Hair Oil Type 2,Lakme,PT00044,7763,6791,False,2025-07-26 09:00:00
PROD00000829,Britannia Men Bottoms Type 2,Britannia,PT00016,1260,1008,False,2025-11-17 09:00:00
PROD00000830,boAt Headphones Type 1,boAt,PT00009,73311,55877,False,2025-07-24 09:00:00
PROD00000831,Godrej Kids Learning Type 2,Godrej,PT00056,1255,969,False,2025-03-24 09:00:00
PROD00000832,Himalaya Dumbbells Type 1,Himalaya,PT00065,202,198,False,2025-06-26 09:00:00
PROD00000833,Whirlpool Smartphones Type 2,Whirlpool,PT00002,6253,5936,False,2025-11-16 09:00:00
PROD00000834,Whirlpool Headphones Type 1,Whirlpool,PT00009,63511,54803,False,2025-08-09 09:00:00
PROD00000835,Himalaya Double Door Type 1,Himalaya,PT00079,8550,7540,False,2025-10-21 09:00:00
PROD00000836,Samsung Sandals Type 2,Samsung,PT00024,597,420,False,2025-04-30 09:00:00
PROD00000837,FabIndia Hair Oil Type 1,FabIndia,PT00043,1921,1640,False,2025-12-27 09:00:00
PROD00000838,Prestige Face Care Type 2,Prestige,PT00038,57284,50027,True,2025-09-07 09:00:00
PROD00000839,Penguin Sofas Type 1,Penguin,PT00029,8910,8108,False,2025-07-06 09:00:00
PROD00000840,Nike Headphones Type 2,Nike,PT00010,379,315,False,2025-12-09 09:00:00
PROD00000841,Apple Mobile Accessories Type 2,Apple,PT00004,301,253,False,2025-06-23 09:00:00
PROD00000842,Lenovo Hair Oil Type 2,Lenovo,PT00044,7382,6641,False,2025-12-07 09:00:00
PROD00000843,BIBA Pulses Type 1,BIBA,PT00063,9115,7636,False,2025-03-19 09:00:00
PROD00000844,Britannia Hair Oil Type 2,Britannia,PT00044,8708,7025,False,2026-01-28 09:00:00
PROD00000845,Lenovo Face Care Type 1,Lenovo,PT00037,1578,1299,False,2025-07-10 09:00:00
PROD00000846,LG Dumbbells Type 1,LG,PT00065,211,189,False,2025-08-18 09:00:00
PROD00000847,LG Rice Type 1,LG,PT00061,1181,1071,False,2025-12-30 09:00:00
PROD00000848,Scholastic Laptops Type 2,Scholastic,PT00006,8722,7724,True,2026-01-11 09:00:00
PROD00000849,Adidas Tables Type 1,Adidas,PT00031,36154,28986,True,2025-02-19 09:00:00
PROD00000850,LG Camping Type 1,LG,PT00069,367,292,False,2025-03-27 09:00:00
PROD00000851,boAt Novels Type 1,boAt,PT00049,10394,9019,False,2025-12-23 09:00:00
PROD00000852,Cosco Lighting Type 1,Cosco,PT00035,5053,4152,False,2025-07-29 09:00:00
PROD00000853,Haldiram Shampoo Type 1,Haldiram,PT00041,6792,5009,False,2025-06-16 09:00:00
PROD00000854,Tata Body Care Type 2,Tata,PT00040,8338,6925,False,2025-10-30 09:00:00
PROD00000855,Godrej Cookware Type 1,Godrej,PT00025,5130,4781,False,2025-09-03 09:00:00
PROD00000856,Tata Front Load Type 1,Tata,PT00073,2007,1574,False,2025-07-31 09:00:00
PROD00000857,Pigeon Storage Type 1,Pigeon,PT00027,9330,7335,False,2025-03-25 09:00:00
PROD00000858,Havells Rice Type 1,Havells,PT00061,1295,1080,False,2025-03-06 09:00:00
PROD00000859,LG Front Load Type 2,LG,PT00074,245,192,False,2025-11-30 09:00:00
PROD00000860,Decathlon Headphones Type 1,Decathlon,PT00009,68851,57596,True,2025-04-28 09:00:00
PROD00000861,Decathlon Kids Learning Type 1,Decathlon,PT00055,12370,9298,False,2025-05-01 09:00:00
PROD00000862,Haldiram Storage Type 1,Haldiram,PT00027,9180,7554,False,2025-07-28 09:00:00
PROD00000863,Realme Novels Type 2,Realme,PT00050,6432,5368,False,2025-07-04 09:00:00
PROD00000864,Decathlon Lipstick Type 1,Decathlon,PT00045,456,384,False,2025-03-09 09:00:00
PROD00000865,Cosco Headphones Type 2,Cosco,PT00010,417,316,False,2025-06-25 09:00:00
PROD00000866,Lakme Lipstick Type 1,Lakme,PT00045,427,395,False,2025-06-05 09:00:00
PROD00000867,Apple Women Tops Type 2,Apple,PT00018,3236,2426,False,2025-03-20 09:00:00
PROD00000868,Maybelline Mobile Accessories Type 2,Maybelline,PT00004,322,282,False,2025-09-24 09:00:00
PROD00000869,Tata Rice Type 2,Tata,PT00062,4733,3643,False,2025-08-10 09:00:00
PROD00000870,Adidas Front Load Type 1,Adidas,PT00073,2186,1577,False,2025-03-23 09:00:00
PROD00000871,Havells Sofas Type 1,Havells,PT00029,10261,8689,False,2025-08-11 09:00:00
PROD00000872,BIBA Women Tops Type 1,BIBA,PT00017,111624,86528,False,2025-05-25 09:00:00
PROD00000873,Decathlon Top Load Type 1,Decathlon,PT00075,100547,85280,False,2025-04-21 09:00:00
PROD00000874,Lenovo Storage Type 1,Lenovo,PT00027,9472,7259,False,2025-12-01 09:00:00
PROD00000875,Godrej Face Care Type 1,Godrej,PT00037,1800,1346,False,2025-06-20 09:00:00
PROD00000876,Tata Dresses Type 2,Tata,PT00020,11002,9661,False,2025-10-20 09:00:00
PROD00000877,BIBA Tables Type 2,BIBA,PT00032,5752,5006,False,2026-01-02 09:00:00
PROD00000878,Scholastic Cardio Type 2,Scholastic,PT00068,8503,7851,False,2025-11-05 09:00:00
PROD00000879,HP Cycling Type 2,HP,PT00072,9654,9241,False,2025-04-10 09:00:00
PROD00000880,Puma Exam Prep Type 1,Puma,PT00053,23133,17728,False,2025-04-18 09:00:00
PROD00000881,Pigeon Kids Learning Type 1,Pigeon,PT00055,11836,8846,True,2025-11-30 09:00:00
PROD00000882,Dell Computer Accessories Type 1,Dell,PT00007,1483,1442,True,2025-02-23 09:00:00
PROD00000883,Havells Rice Type 2,Havells,PT00062,4845,3601,False,2025-07-24 09:00:00
PROD00000884,Philips Storage Type 1,Philips,PT00027,9194,8071,False,2026-01-16 09:00:00
PROD00000885,Puma Lighting Type 2,Puma,PT00036,9213,8238,False,2025-04-07 09:00:00
PROD00000886,Nivea Lighting Type 2,Nivea,PT00036,9936,8814,False,2025-11-07 09:00:00
PROD00000887,Decathlon Chips Type 2,Decathlon,PT00058,308,305,True,2025-08-19 09:00:00
PROD00000888,Britannia Cycling Type 2,Britannia,PT00072,9385,8923,False,2025-10-20 09:00:00
PROD00000889,Puma Speakers Type 1,Puma,PT00011,154,132,False,2025-10-28 09:00:00
PROD00000890,Lenovo Rice Type 2,Lenovo,PT00062,4621,3456,False,2025-10-06 09:00:00
PROD00000891,Nike Front Load Type 1,Nike,PT00073,1859,1566,False,2025-07-25 09:00:00
PROD00000892,Prestige Cycling Type 2,Prestige,PT00072,10611,8202,False,2026-01-15 09:00:00
PROD00000893,Samsung Women Tops Type 1,Samsung,PT00017,113671,88326,False,2025-07-12 09:00:00
PROD00000894,Lakme Top Load Type 2,Lakme,PT00076,7543,7130,True,2025-12-28 09:00:00
PROD00000895,Nivea Tables Type 2,Nivea,PT00032,5390,4335,False,2025-05-11 09:00:00
PROD00000896,HP Exam Prep Type 2,HP,PT00054,3581,3498,False,2025-04-10 09:00:00
PROD00000897,LG Pulses Type 2,LG,PT00064,4302,3735,False,2025-03-25 09:00:00
PROD00000898,Nike Headphones Type 2,Nike,PT00010,425,303,False,2025-04-07 09:00:00
PROD00000899,Puma Headphones Type 1,Puma,PT00009,75252,62072,False,2025-03-20 09:00:00
PROD00000900,Nivea Hair Oil Type 2,Nivea,PT00044,8908,6789,False,2025-04-27 09:00:00
PROD00000901,OnePlus Pulses Type 1,OnePlus,PT00063,7560,6872,False,2025-11-15 09:00:00
PROD00000902,Realme Exam Prep Type 2,Realme,PT00054,3959,3560,True,2025-11-07 09:00:00
PROD00000903,Godrej Women Tops Type 1,Godrej,PT00017,109890,84256,False,2025-09-13 09:00:00
PROD00000904,FabIndia Women Tops Type 1,FabIndia,PT00017,98457,88928,False,2025-08-22 09:00:00
PROD00000905,Tata Headphones Type 1,Tata,PT00009,66118,55676,False,2025-10-06 09:00:00
PROD00000906,Prestige Storage Type 2,Prestige,PT00028,592,498,False,2025-04-29 09:00:00
PROD00000907,Philips Biscuits Type 2,Philips,PT00060,831,712,False,2025-02-13 09:00:00
PROD00000908,Nivea Men Bottoms Type 2,Nivea,PT00016,1130,1101,False,2025-08-30 09:00:00
PROD00000909,Adidas Lighting Type 1,Adidas,PT00035,4939,4356,False,2026-01-12 09:00:00
PROD00000910,Philips Face Care Type 1,Philips,PT00037,1734,1270,False,2025-09-18 09:00:00
PROD00000911,Lenovo Computer Accessories Type 2,Lenovo,PT00008,38440,33232,False,2025-11-08 09:00:00
PROD00000912,OnePlus Dumbbells Type 2,OnePlus,PT00066,1644,1454,False,2025-05-17 09:00:00
PROD00000913,Adidas Mobile Accessories Type 2,Adidas,PT00004,348,262,False,2025-02-21 09:00:00
PROD00000914,Maybelline Shampoo Type 2,Maybelline,PT00042,919,742,False,2025-05-16 09:00:00
PROD00000915,boAt Mobile Accessories Type 1,boAt,PT00003,258,196,False,2025-02-19 09:00:00
PROD00000916,Nike Dumbbells Type 1,Nike,PT00065,214,180,True,2025-10-27 09:00:00
PROD00000917,Penguin Biscuits Type 1,Penguin,PT00059,65265,50327,False,2025-08-18 09:00:00
PROD00000918,Nike Cookware Type 2,Nike,PT00026,1402,1060,False,2025-06-02 09:00:00
PROD00000919,Amul Cardio Type 2,Amul,PT00068,10009,8043,False,2025-12-22 09:00:00
PROD00000920,Philips Body Care Type 1,Philips,PT00039,318,307,False,2025-10-30 09:00:00
PROD00000921,Cosco Hair Oil Type 1,Cosco,PT00043,2334,1847,False,2025-11-26 09:00:00
PROD00000922,Decathlon Novels Type 2,Decathlon,PT00050,6590,5567,True,2025-09-28 09:00:00
PROD00000923,Scholastic Single Door Type 1,Scholastic,PT00077,82083,65012,False,2025-12-18 09:00:00
PROD00000924,Nivea Chips Type 2,Nivea,PT00058,372,300,False,2025-10-20 09:00:00
PROD00000925,Realme Sandals Type 2,Realme,PT00024,515,444,False,2025-07-26 09:00:00
PROD00000926,Nike Rice Type 1,Nike,PT00061,1432,1158,False,2025-06-20 09:00:00
PROD00000927,Penguin Rice Type 2,Penguin,PT00062,4355,3497,False,2026-01-21 09:00:00
PROD00000928,Samsung Shampoo Type 2,Samsung,PT00042,867,671,False,2025-05-04 09:00:00
PROD00000929,Sony Biscuits Type 1,Sony,PT00059,62064,50083,False,2025-07-03 09:00:00
PROD00000930,Cosco Storage Type 1,Cosco,PT00027,10512,8553,False,2025-02-10 09:00:00
PROD00000931,Decathlon Front Load Type 2,Decathlon,PT00074,251,178,False,2025-07-28 09:00:00
PROD00000932,Nivea Headphones Type 1,Nivea,PT00009,67457,65870,False,2025-06-24 09:00:00
PROD00000933,Amul Single Door Type 1,Amul,PT00077,87790,78280,False,2025-11-22 09:00:00
PROD00000934,Lenovo Wall Decor Type 1,Lenovo,PT00033,1041,791,False,2025-09-09 09:00:00
PROD00000935,Dell Lighting Type 1,Dell,PT00035,5362,4023,False,2025-03-23 09:00:00
PROD00000936,Apple Chips Type 2,Apple,PT00058,352,287,False,2025-06-26 09:00:00
PROD00000937,Scholastic Single Door Type 1,Scholastic,PT00077,77205,76022,False,2025-02-17 09:00:00
PROD00000938,Xiaomi Camping Type 1,Xiaomi,PT00069,364,255,False,2025-04-22 09:00:00
PROD00000939,Whirlpool Cookware Type 2,Whirlpool,PT00026,1350,1118,False,2026-01-16 09:00:00
PROD00000940,Lenovo Front Load Type 2,Lenovo,PT00074,226,184,False,2025-11-17 09:00:00
PROD00000941,Scholastic Kids Learning Type 2,Scholastic,PT00056,1185,1037,False,2026-01-30 09:00:00
PROD00000942,Haldiram Comics Type 1,Haldiram,PT00051,538,471,False,2025-08-19 09:00:00
PROD00000943,Havells Mobile Accessories Type 2,Havells,PT00004,299,271,False,2025-04-15 09:00:00
PROD00000944,Himalaya Pulses Type 1,Himalaya,PT00063,7996,7767,False,2025-09-25 09:00:00
PROD00000945,Godrej Lipstick Type 2,Godrej,PT00046,217,182,False,2025-06-06 09:00:00
PROD00000946,Himalaya Headphones Type 1,Himalaya,PT00009,66440,57477,False,2025-09-02 09:00:00
PROD00000947,Xiaomi Shampoo Type 2,Xiaomi,PT00042,749,639,False,2025-07-28 09:00:00
PROD00000948,Tata Tables Type 2,Tata,PT00032,5538,5053,False,2025-02-08 09:00:00
PROD00000949,FabIndia Speakers Type 2,FabIndia,PT00012,391,375,False,2025-11-08 09:00:00
PROD00000950,Maybelline Shoes Type 1,Maybelline,PT00021,473,363,False,2025-03-24 09:00:00
PROD00000951,Scholastic Laptops Type 2,Scholastic,PT00006,9322,7475,False,2026-01-26 09:00:00
PROD00000952,Cosco Sofas Type 2,Cosco,PT00030,869,747,False,2025-11-26 09:00:00
PROD00000953,Penguin Lipstick Type 2,Penguin,PT00046,243,171,False,2025-02-05 09:00:00
PROD00000954,Cosco Comics Type 2,Cosco,PT00052,298,270,False,2025-08-19 09:00:00
PROD00000955,LG Cookware Type 2,LG,PT00026,1458,1137,True,2025-04-03 09:00:00
PROD00000956,Whirlpool Chips Type 1,Whirlpool,PT00057,755,670,False,2025-09-09 09:00:00
PROD00000957,Godrej Chips Type 2,Godrej,PT00058,364,280,False,2025-07-10 09:00:00
PROD00000958,Lakme Foundation Type 2,Lakme,PT00048,316,255,False,2025-07-30 09:00:00
PROD00000959,Godrej Front Load Type 1,Godrej,PT00073,1920,1625,False,2025-11-15 09:00:00
PROD00000960,HP Women Tops Type 1,HP,PT00017,111336,96094,False,2025-03-04 09:00:00
PROD00000961,Scholastic Biscuits Type 2,Scholastic,PT00060,810,757,False,2025-11-01 09:00:00
PROD00000962,Puma Comics Type 2,Puma,PT00052,278,245,False,2025-12-31 09:00:00
PROD00000963,Philips Dumbbells Type 2,Philips,PT00066,1643,1347,True,2025-07-27 09:00:00
PROD00000964,Scholastic Mobile Accessories Type 1,Scholastic,PT00003,264,207,False,2025-09-07 09:00:00
PROD00000965,Realme Chips Type 1,Realme,PT00057,774,620,False,2025-08-26 09:00:00
PROD00000966,LG Sandals Type 2,LG,PT00024,610,496,False,2025-12-09 09:00:00
PROD00000967,Realme Dresses Type 1,Realme,PT00019,283,214,False,2025-09-21 09:00:00
PROD00000968,BIBA Double Door Type 2,BIBA,PT00080,214,165,False,2025-07-16 09:00:00
PROD00000969,Lakme Cardio Type 2,Lakme,PT00068,10102,7452,False,2025-05-28 09:00:00
PROD00000970,Nivea Speakers Type 2,Nivea,PT00012,421,354,False,2025-02-04 09:00:00
PROD00000971,Himalaya Dumbbells Type 2,Himalaya,PT00066,1508,1425,False,2025-05-30 09:00:00
PROD00000972,Scholastic Biscuits Type 1,Scholastic,PT00059,62328,53728,False,2025-06-01 09:00:00
PROD00000973,LG Shampoo Type 2,LG,PT00042,840,749,False,2025-09-24 09:00:00
PROD00000974,Puma Headphones Type 1,Puma,PT00009,77465,55842,False,2025-02-12 09:00:00
PROD00000975,HP Speakers Type 1,HP,PT00011,179,135,False,2025-11-09 09:00:00
PROD00000976,Realme Shoes Type 2,Realme,PT00022,1424,1283,False,2025-07-18 09:00:00
PROD00000977,Puma Cookware Type 2,Puma,PT00026,1521,1148,False,2025-03-26 09:00:00
PROD00000978,Nike Camping Type 2,Nike,PT00070,6391,6138,False,2025-03-02 09:00:00
PROD00000979,BIBA Rice Type 1,BIBA,PT00061,1164,1174,False,2025-12-23 09:00:00
PROD00000980,Whirlpool Camping Type 1,Whirlpool,PT00069,327,282,True,2025-04-25 09:00:00
PROD00000981,Prestige Face Care Type 2,Prestige,PT00038,55115,44052,False,2025-07-03 09:00:00
PROD00000982,Pigeon Wall Decor Type 1,Pigeon,PT00033,938,832,False,2025-11-23 09:00:00
PROD00000983,Penguin Laptops Type 2,Penguin,PT00006,8373,6501,True,2025-12-12 09:00:00
PROD00000984,FabIndia Hair Oil Type 2,FabIndia,PT00044,7956,6813,False,2025-07-16 09:00:00
PROD00000985,Amul Shampoo Type 2,Amul,PT00042,764,691,False,2025-12-01 09:00:00
PROD00000986,Philips Rice Type 2,Philips,PT00062,4506,3616,False,2025-06-22 09:00:00
PROD00000987,Cosco Sandals Type 1,Cosco,PT00023,27472,22337,False,2026-01-14 09:00:00
PROD00000988,Realme Wall Decor Type 2,Realme,PT00034,826,732,False,2025-03-28 09:00:00
PROD00000989,Philips Sandals Type 2,Philips,PT00024,479,418,False,2025-05-05 09:00:00
PROD00000990,Scholastic Headphones Type 1,Scholastic,PT00009,74282,55479,True,2025-03-12 09:00:00
PROD00000991,Whirlpool Cardio Type 1,Whirlpool,PT00067,3459,2979,False,2025-08-30 09:00:00
PROD00000992,Penguin Sofas Type 2,Penguin,PT00030,933,842,False,2025-05-30 09:00:00
PROD00000993,Maybelline Lighting Type 2,Maybelline,PT00036,10861,8964,False,2025-06-08 09:00:00
PROD00000994,FabIndia Body Care Type 1,FabIndia,PT00039,326,272,False,2025-08-28 09:00:00
PROD00000995,Nivea Biscuits Type 1,Nivea,PT00059,60381,52540,False,2025-07-28 09:00:00
PROD00000996,Scholastic Cookware Type 1,Scholastic,PT00025,5586,4395,False,2025-03-13 09:00:00
PROD00000997,Maybelline Shoes Type 1,Maybelline,PT00021,482,427,True,2025-09-03 09:00:00
PROD00000998,Apple Cookware Type 1,Apple,PT00025,5889,4963,True,2025-05-21 09:00:00
PROD00000999,Whirlpool Foundation Type 2,Whirlpool,PT00048,341,289,False,2026-01-10 09:00:00
PROD00001000,Scholastic Men Tops Type 2,Scholastic,PT00014,9490,9088,False,2025-05-20 09:00:00
PROD00001001,Adidas Chips Type 2,Adidas,PT00058,385,295,False,2025-11-26 09:00:00
PROD00001002,BIBA Face Care Type 2,BIBA,PT00038,50069,50660,False,2025-07-03 09:00:00
PROD00001003,Nivea Men Tops Type 1,Nivea,PT00013,258,245,False,2025-02-24 09:00:00
PROD00001004,Maybelline Double Door Type 2,Maybelline,PT00080,214,151,False,2025-07-18 09:00:00
PROD00001005,OnePlus Lighting Type 1,OnePlus,PT00035,4750,4251,False,2025-04-02 09:00:00
PROD00001006,Realme Computer Accessories Type 2,Realme,PT00008,33670,30932,False,2025-02-21 09:00:00
PROD00001007,Prestige Biscuits Type 1,Prestige,PT00059,72744,51004,False,2025-03-17 09:00:00
PROD00001008,Amul Laptops Type 1,Amul,PT00005,959,713,False,2025-06-11 09:00:00
PROD00001009,Sony Camping Type 2,Sony,PT00070,6401,6074,True,2025-12-15 09:00:00
PROD00001010,Whirlpool Women Tops Type 1,Whirlpool,PT00017,113745,86090,False,2025-10-26 09:00:00
PROD00001011,Scholastic Wall Decor Type 1,Scholastic,PT00033,995,794,False,2025-06-01 09:00:00
PROD00001012,Samsung Hair Oil Type 2,Samsung,PT00044,8294,6463,False,2025-02-10 09:00:00
PROD00001013,Xiaomi Mobile Accessories Type 1,Xiaomi,PT00003,279,197,False,2025-02-22 09:00:00
PROD00001014,BIBA Smartphones Type 2,BIBA,PT00002,6175,5615,False,2025-05-24 09:00:00
PROD00001015,Tata Cardio Type 1,Tata,PT00067,3503,2614,True,2025-03-26 09:00:00
PROD00001016,Maybelline Kids Learning Type 1,Maybelline,PT00055,11803,9803,True,2025-12-11 09:00:00
PROD00001017,Havells Camping Type 1,Havells,PT00069,307,256,True,2025-10-19 09:00:00
PROD00001018,Nike Mobile Accessories Type 2,Nike,PT00004,352,288,False,2025-05-03 09:00:00
PROD00001019,Pigeon Biscuits Type 1,Pigeon,PT00059,61532,54988,False,2025-05-14 09:00:00
PROD00001020,Adidas Dresses Type 2,Adidas,PT00020,13099,8902,False,2025-09-08 09:00:00
PROD00001021,Penguin Top Load Type 2,Penguin,PT00076,8624,6837,True,2025-03-09 09:00:00
PROD00001022,LG Sandals Type 1,LG,PT00023,27051,19803,False,2025-04-10 09:00:00
PROD00001023,Xiaomi Dresses Type 1,Xiaomi,PT00019,292,213,False,2025-03-14 09:00:00
PROD00001024,Tata Dumbbells Type 1,Tata,PT00065,211,175,False,2025-07-16 09:00:00
PROD00001025,BIBA Shoes Type 1,BIBA,PT00021,496,400,False,2026-01-22 09:00:00
PROD00001026,boAt Chips Type 2,boAt,PT00058,326,277,False,2025-06-25 09:00:00
PROD00001027,BIBA Dumbbells Type 1,BIBA,PT00065,227,181,False,2025-11-07 09:00:00
PROD00001028,Tata Face Care Type 1,Tata,PT00037,1719,1242,False,2025-07-01 09:00:00
PROD00001029,LG Dumbbells Type 2,LG,PT00066,1872,1548,False,2025-10-20 09:00:00
PROD00001030,LG Sandals Type 1,LG,PT00023,26599,19769,False,2025-07-14 09:00:00
PROD00001031,Prestige Single Door Type 1,Prestige,PT00077,95426,67250,False,2025-02-08 09:00:00
PROD00001032,Lakme Smartphones Type 2,Lakme,PT00002,7375,5750,False,2025-09-18 09:00:00
PROD00001033,Philips Headphones Type 1,Philips,PT00009,64112,64943,False,2025-05-29 09:00:00
PROD00001034,Dell Chips Type 2,Dell,PT00058,349,302,False,2025-02-20 09:00:00
PROD00001035,Decathlon Laptops Type 2,Decathlon,PT00006,9284,7586,False,2025-02-15 09:00:00
PROD00001036,Lakme Kids Learning Type 1,Lakme,PT00055,11881,9342,False,2025-10-06 09:00:00
PROD00001037,Whirlpool Rice Type 1,Whirlpool,PT00061,1310,1171,False,2025-07-03 09:00:00
PROD00001038,FabIndia Dresses Type 2,FabIndia,PT00020,10604,9691,False,2025-11-07 09:00:00
PROD00001039,Penguin Foundation Type 1,Penguin,PT00047,9724,7943,False,2025-04-15 09:00:00
PROD00001040,Philips Mobile Accessories Type 1,Philips,PT00003,271,219,False,2025-03-09 09:00:00
PROD00001041,Dell Tables Type 2,Dell,PT00032,6156,4246,False,2025-12-06 09:00:00
PROD00001042,Samsung Smartphones Type 1,Samsung,PT00001,4508,3825,False,2025-05-07 09:00:00
PROD00001043,HP Comics Type 2,HP,PT00052,333,237,False,2025-02-23 09:00:00
PROD00001044,Apple Tables Type 2,Apple,PT00032,5653,4970,False,2026-01-26 09:00:00
PROD00001045,Adidas Headphones Type 2,Adidas,PT00010,374,318,False,2025-12-14 09:00:00
PROD00001046,Amul Men Tops Type 2,Amul,PT00014,8960,8952,False,2025-11-10 09:00:00
PROD00001047,Prestige Smartphones Type 2,Prestige,PT00002,7566,5233,False,2025-02-20 09:00:00
PROD00001048,Tata Speakers Type 1,Tata,PT00011,174,122,False,2025-11-16 09:00:00
PROD00001049,Himalaya Dumbbells Type 1,Himalaya,PT00065,221,188,False,2025-05-11 09:00:00
PROD00001050,Penguin Storage Type 2,Penguin,PT00028,665,487,False,2025-03-29 09:00:00
PROD00001051,Godrej Body Care Type 2,Godrej,PT00040,8303,7142,False,2026-01-18 09:00:00
PROD00001052,Scholastic Computer Accessories Type 2,Scholastic,PT00008,40815,27597,False,2025-11-21 09:00:00
PROD00001053,Puma Sofas Type 2,Puma,PT00030,858,796,False,2025-03-10 09:00:00
PROD00001054,Pigeon Hair Oil Type 2,Pigeon,PT00044,8768,6872,False,2025-06-18 09:00:00
PROD00001055,Maybelline Storage Type 2,Maybelline,PT00028,699,509,False,2025-10-16 09:00:00
PROD00001056,Realme Smartphones Type 1,Realme,PT00001,5022,4114,False,2025-02-13 09:00:00
PROD00001057,Samsung Biscuits Type 2,Samsung,PT00060,993,783,True,2025-12-25 09:00:00
PROD00001058,Cosco Men Tops Type 2,Cosco,PT00014,10589,8500,False,2025-12-14 09:00:00
PROD00001059,Pigeon Cardio Type 2,Pigeon,PT00068,8793,8073,False,2025-02-12 09:00:00
PROD00001060,Havells Storage Type 1,Havells,PT00027,8680,8448,False,2025-04-17 09:00:00
PROD00001061,Nivea Double Door Type 1,Nivea,PT00079,8705,7754,False,2025-02-26 09:00:00
PROD00001062,Britannia Men Tops Type 1,Britannia,PT00013,264,227,False,2025-09-11 09:00:00
PROD00001063,Godrej Men Bottoms Type 1,Godrej,PT00015,55619,39484,False,2025-05-07 09:00:00
PROD00001064,Nivea Front Load Type 2,Nivea,PT00074,216,205,False,2026-01-30 09:00:00
PROD00001065,Cosco Laptops Type 1,Cosco,PT00005,907,731,False,2025-04-17 09:00:00
PROD00001066,Lakme Face Care Type 1,Lakme,PT00037,1837,1497,False,2026-01-14 09:00:00
PROD00001067,boAt Mobile Accessories Type 2,boAt,PT00004,304,275,False,2025-03-03 09:00:00
PROD00001068,Xiaomi Dumbbells Type 1,Xiaomi,PT00065,211,171,False,2025-05-29 09:00:00
PROD00001069,Lakme Men Tops Type 1,Lakme,PT00013,251,227,False,2025-02-24 09:00:00
PROD00001070,Lakme Headphones Type 1,Lakme,PT00009,71086,56641,False,2025-05-31 09:00:00
PROD00001071,HP Kids Learning Type 2,HP,PT00056,1315,1018,False,2025-09-22 09:00:00
PROD00001072,Dell Lipstick Type 1,Dell,PT00045,426,372,False,2025-03-22 09:00:00
PROD00001073,Whirlpool Laptops Type 1,Whirlpool,PT00005,858,836,False,2025-11-02 09:00:00
PROD00001074,Puma Sandals Type 1,Puma,PT00023,24911,20538,False,2025-05-20 09:00:00
PROD00001075,Pigeon Smartphones Type 2,Pigeon,PT00002,7152,5411,False,2026-01-30 09:00:00
PROD00001076,Tata Dumbbells Type 1,Tata,PT00065,229,175,False,2026-01-19 09:00:00
PROD00001077,Dell Sofas Type 1,Dell,PT00029,9071,7386,False,2026-01-16 09:00:00
PROD00001078,Dell Smartphones Type 1,Dell,PT00001,5244,4136,False,2025-06-11 09:00:00
PROD00001079,Philips Front Load Type 1,Philips,PT00073,2148,1803,False,2025-04-05 09:00:00
PROD00001080,Godrej Body Care Type 1,Godrej,PT00039,315,285,True,2025-06-20 09:00:00
PROD00001081,Realme Hair Oil Type 1,Realme,PT00043,2074,1710,False,2025-12-23 09:00:00
PROD00001082,Haldiram Novels Type 2,Haldiram,PT00050,7156,5629,False,2025-11-16 09:00:00
PROD00001083,Amul Laptops Type 2,Amul,PT00006,8252,7077,False,2025-11-27 09:00:00
PROD00001084,Decathlon Mobile Accessories Type 1,Decathlon,PT00003,225,196,False,2025-06-20 09:00:00
PROD00001085,Apple Double Door Type 1,Apple,PT00079,9334,7155,False,2025-03-21 09:00:00
PROD00001086,Britannia Cardio Type 1,Britannia,PT00067,3677,2537,False,2025-08-10 09:00:00
PROD00001087,Samsung Men Tops Type 1,Samsung,PT00013,293,223,False,2025-05-22 09:00:00
PROD00001088,Britannia Wall Decor Type 1,Britannia,PT00033,938,880,False,2025-02-22 09:00:00
PROD00001089,Whirlpool Women Tops Type 2,Whirlpool,PT00018,2752,2498,False,2025-02-19 09:00:00
PROD00001090,Havells Chips Type 2,Havells,PT00058,373,296,False,2025-06-23 09:00:00
PROD00001091,Whirlpool Shoes Type 1,Whirlpool,PT00021,489,421,False,2025-12-06 09:00:00
PROD00001092,Cosco Mobile Accessories Type 2,Cosco,PT00004,286,248,False,2025-12-21 09:00:00
PROD00001093,Lakme Computer Accessories Type 1,Lakme,PT00007,1781,1487,False,2025-08-22 09:00:00
PROD00001094,Decathlon Shoes Type 1,Decathlon,PT00021,475,388,False,2025-11-20 09:00:00
PROD00001095,Haldiram Single Door Type 1,Haldiram,PT00077,90274,67438,False,2026-01-01 09:00:00
PROD00001096,Samsung Novels Type 2,Samsung,PT00050,7446,5502,False,2025-12-12 09:00:00
PROD00001097,Himalaya Dumbbells Type 1,Himalaya,PT00065,229,182,False,2025-11-22 09:00:00
PROD00001098,Lakme Women Tops Type 1,Lakme,PT00017,100869,84969,False,2025-12-30 09:00:00
PROD00001099,Nivea Body Care Type 2,Nivea,PT00040,10182,7191,False,2025-12-06 09:00:00
PROD00001100,Maybelline Face Care Type 1,Maybelline,PT00037,1721,1475,False,2025-10-12 09:00:00
PROD00001101,Penguin Shoes Type 1,Penguin,PT00021,482,411,False,2025-10-10 09:00:00
PROD00001102,Nivea Speakers Type 2,Nivea,PT00012,411,370,False,2025-12-23 09:00:00
PROD00001103,Whirlpool Body Care Type 1,Whirlpool,PT00039,326,312,False,2025-12-28 09:00:00
PROD00001104,Xiaomi Hair Oil Type 1,Xiaomi,PT00043,2020,1661,False,2025-11-08 09:00:00
PROD00001105,Whirlpool Novels Type 2,Whirlpool,PT00050,7000,5698,False,2025-07-13 09:00:00
PROD00001106,Apple Cycling Type 2,Apple,PT00072,11442,8969,False,2025-08-04 09:00:00
PROD00001107,Amul Rice Type 2,Amul,PT00062,4936,3948,False,2025-07-27 09:00:00
PROD00001108,Pigeon Body Care Type 2,Pigeon,PT00040,8252,7264,False,2025-02-09 09:00:00
PROD00001109,Nivea Foundation Type 1,Nivea,PT00047,10257,7401,False,2025-12-27 09:00:00
PROD00001110,Britannia Camping Type 1,Britannia,PT00069,362,273,False,2025-08-29 09:00:00
PROD00001111,Penguin Shoes Type 1,Penguin,PT00021,486,370,False,2025-10-11 09:00:00
PROD00001112,Lenovo Headphones Type 1,Lenovo,PT00009,69780,64053,False,2025-02-25 09:00:00
PROD00001113,Samsung Face Care Type 1,Samsung,PT00037,1589,1373,False,2025-10-19 09:00:00
PROD00001114,Maybelline Front Load Type 2,Maybelline,PT00074,251,187,False,2025-12-23 09:00:00
PROD00001115,Maybelline Computer Accessories Type 1,Maybelline,PT00007,1591,1375,False,2025-12-15 09:00:00
PROD00001116,Prestige Speakers Type 2,Prestige,PT00012,373,365,False,2025-07-26 09:00:00
PROD00001117,Sony Men Bottoms Type 2,Sony,PT00016,1192,1021,False,2025-06-17 09:00:00
PROD00001118,OnePlus Foundation Type 1,OnePlus,PT00047,9545,8672,False,2025-10-27 09:00:00
PROD00001119,Himalaya Men Bottoms Type 2,Himalaya,PT00016,1189,1096,False,2025-11-22 09:00:00
PROD00001120,Scholastic Men Bottoms Type 2,Scholastic,PT00016,1387,1103,True,2025-10-26 09:00:00
PROD00001121,boAt Sofas Type 1,boAt,PT00029,10524,8109,False,2025-07-27 09:00:00
PROD00001122,Realme Headphones Type 1,Realme,PT00009,71731,58080,False,2025-07-12 09:00:00
PROD00001123,Himalaya Double Door Type 1,Himalaya,PT00079,9862,6860,False,2025-08-20 09:00:00
PROD00001124,Cosco Lipstick Type 1,Cosco,PT00045,492,396,False,2025-05-22 09:00:00
PROD00001125,Havells Men Tops Type 2,Havells,PT00014,10244,7674,False,2025-04-24 09:00:00
PROD00001126,FabIndia Double Door Type 1,FabIndia,PT00079,7848,6682,True,2025-06-14 09:00:00
PROD00001127,Scholastic Dresses Type 1,Scholastic,PT00019,267,216,False,2025-09-18 09:00:00
PROD00001128,HP Men Tops Type 1,HP,PT00013,310,215,False,2025-06-17 09:00:00
PROD00001129,Himalaya Tables Type 2,Himalaya,PT00032,5168,4790,False,2025-07-16 09:00:00
PROD00001130,Cosco Top Load Type 1,Cosco,PT00075,115271,84819,False,2025-11-13 09:00:00
PROD00001131,Himalaya Body Care Type 1,Himalaya,PT00039,337,310,False,2025-03-29 09:00:00
PROD00001132,Adidas Pulses Type 2,Adidas,PT00064,4099,3401,False,2025-12-18 09:00:00
PROD00001133,Havells Foundation Type 1,Havells,PT00047,10076,7695,False,2025-05-17 09:00:00
PROD00001134,Havells Cardio Type 2,Havells,PT00068,8654,6909,False,2025-11-03 09:00:00
PROD00001135,Philips Shampoo Type 1,Philips,PT00041,6525,5668,False,2025-10-29 09:00:00
PROD00001136,OnePlus Laptops Type 1,OnePlus,PT00005,856,801,False,2025-04-22 09:00:00
PROD00001137,Himalaya Double Door Type 2,Himalaya,PT00080,186,151,False,2025-03-12 09:00:00
PROD00001138,Pigeon Smartphones Type 2,Pigeon,PT00002,7378,6205,False,2025-05-01 09:00:00
PROD00001139,Dell Novels Type 2,Dell,PT00050,7362,6371,False,2025-04-20 09:00:00
PROD00001140,Lakme Men Bottoms Type 1,Lakme,PT00015,47244,42587,False,2025-04-15 09:00:00
PROD00001141,Maybelline Sandals Type 2,Maybelline,PT00024,601,417,False,2025-11-08 09:00:00
PROD00001142,Samsung Wall Decor Type 2,Samsung,PT00034,922,663,False,2025-08-08 09:00:00
PROD00001143,Sony Lipstick Type 1,Sony,PT00045,473,386,False,2025-11-11 09:00:00
PROD00001144,Prestige Dresses Type 1,Prestige,PT00019,246,237,False,2025-11-15 09:00:00
PROD00001145,LG Lipstick Type 1,LG,PT00045,488,409,False,2025-07-13 09:00:00
PROD00001146,HP Shampoo Type 1,HP,PT00041,5856,5553,False,2025-04-28 09:00:00
PROD00001147,Sony Dresses Type 2,Sony,PT00020,11612,9347,False,2026-01-24 09:00:00
PROD00001148,OnePlus Laptops Type 1,OnePlus,PT00005,891,815,False,2025-11-05 09:00:00
PROD00001149,Apple Rice Type 1,Apple,PT00061,1235,1014,False,2025-04-23 09:00:00
PROD00001150,boAt Tables Type 2,boAt,PT00032,5972,4911,False,2025-10-01 09:00:00
PROD00001151,Haldiram Computer Accessories Type 2,Haldiram,PT00008,36553,33662,True,2025-02-08 09:00:00
PROD00001152,FabIndia Sofas Type 2,FabIndia,PT00030,991,754,False,2025-12-26 09:00:00
PROD00001153,Prestige Pulses Type 2,Prestige,PT00064,4383,3207,False,2025-05-11 09:00:00
PROD00001154,Apple Novels Type 1,Apple,PT00049,11989,9656,False,2025-11-04 09:00:00
PROD00001155,Amul Front Load Type 1,Amul,PT00073,1838,1629,False,2025-12-15 09:00:00
PROD00001156,Decathlon Biscuits Type 2,Decathlon,PT00060,831,798,True,2025-09-14 09:00:00
PROD00001157,HP Shoes Type 1,HP,PT00021,429,366,False,2026-01-29 09:00:00
PROD00001158,Sony Laptops Type 2,Sony,PT00006,9230,6692,False,2025-02-06 09:00:00
PROD00001159,Adidas Hair Oil Type 1,Adidas,PT00043,2353,1639,False,2025-02-15 09:00:00
PROD00001160,Maybelline Comics Type 1,Maybelline,PT00051,578,479,False,2025-04-28 09:00:00
PROD00001161,LG Exam Prep Type 1,LG,PT00053,24395,18449,False,2025-02-18 09:00:00
PROD00001162,Cosco Men Bottoms Type 1,Cosco,PT00015,48674,45026,False,2025-11-02 09:00:00
PROD00001163,Cosco Shoes Type 1,Cosco,PT00021,518,361,False,2025-06-26 09:00:00
PROD00001164,Nike Laptops Type 1,Nike,PT00005,1038,714,False,2025-09-22 09:00:00
PROD00001165,FabIndia Kids Learning Type 2,FabIndia,PT00056,1338,1123,False,2025-08-05 09:00:00
PROD00001166,BIBA Chips Type 2,BIBA,PT00058,308,309,False,2025-03-27 09:00:00
PROD00001167,Whirlpool Cardio Type 1,Whirlpool,PT00067,3537,3027,False,2025-11-02 09:00:00
PROD00001168,Philips Chips Type 1,Philips,PT00057,717,623,True,2025-07-13 09:00:00
PROD00001169,Realme Biscuits Type 1,Realme,PT00059,64847,57146,False,2026-01-03 09:00:00
PROD00001170,Apple Headphones Type 2,Apple,PT00010,449,368,False,2025-12-27 09:00:00
PROD00001171,Xiaomi Hair Oil Type 2,Xiaomi,PT00044,8735,6346,False,2025-02-10 09:00:00
PROD00001172,Samsung Front Load Type 2,Samsung,PT00074,234,201,False,2025-05-15 09:00:00
PROD00001173,OnePlus Cycling Type 2,OnePlus,PT00072,11394,8422,False,2025-09-29 09:00:00
PROD00001174,Havells Shampoo Type 1,Havells,PT00041,5608,5395,False,2025-06-11 09:00:00
PROD00001175,Puma Pulses Type 1,Puma,PT00063,7591,7731,False,2025-02-25 09:00:00
PROD00001176,Philips Biscuits Type 1,Philips,PT00059,68807,55946,False,2025-06-15 09:00:00
PROD00001177,Whirlpool Tables Type 2,Whirlpool,PT00032,5726,4300,False,2025-11-09 09:00:00
PROD00001178,FabIndia Front Load Type 2,FabIndia,PT00074,215,196,False,2025-07-19 09:00:00
PROD00001179,Realme Comics Type 1,Realme,PT00051,521,414,False,2025-03-11 09:00:00
PROD00001180,Dell Cookware Type 2,Dell,PT00026,1484,1173,False,2025-11-08 09:00:00
PROD00001181,LG Lighting Type 2,LG,PT00036,9799,8287,False,2025-10-14 09:00:00
PROD00001182,Lakme Speakers Type 2,Lakme,PT00012,438,350,False,2025-02-21 09:00:00
PROD00001183,Prestige Speakers Type 2,Prestige,PT00012,379,339,False,2025-04-17 09:00:00
PROD00001184,Himalaya Rice Type 2,Himalaya,PT00062,4276,4154,False,2025-10-03 09:00:00
PROD00001185,Britannia Men Bottoms Type 2,Britannia,PT00016,1349,1004,False,2026-01-12 09:00:00
PROD00001186,Xiaomi Double Door Type 1,Xiaomi,PT00079,8700,7400,False,2025-07-08 09:00:00
PROD00001187,Tata Storage Type 2,Tata,PT00028,617,574,False,2025-11-21 09:00:00
PROD00001188,Britannia Men Bottoms Type 1,Britannia,PT00015,49920,40478,False,2025-12-01 09:00:00
PROD00001189,Puma Top Load Type 2,Puma,PT00076,8348,6931,False,2026-01-24 09:00:00
PROD00001190,Whirlpool Headphones Type 2,Whirlpool,PT00010,378,312,False,2025-03-24 09:00:00
PROD00001191,Whirlpool Kids Learning Type 2,Whirlpool,PT00056,1159,988,False,2025-07-23 09:00:00
PROD00001192,Puma Rice Type 2,Puma,PT00062,4461,3726,True,2026-01-04 09:00:00
PROD00001193,Haldiram Lighting Type 2,Haldiram,PT00036,9894,8205,False,2026-01-25 09:00:00
PROD00001194,Whirlpool Cycling Type 1,Whirlpool,PT00071,725,613,False,2025-02-27 09:00:00
PROD00001195,Penguin Storage Type 1,Penguin,PT00027,9613,8535,False,2025-10-21 09:00:00
PROD00001196,Pigeon Front Load Type 2,Pigeon,PT00074,207,206,False,2025-10-04 09:00:00
PROD00001197,Cosco Computer Accessories Type 2,Cosco,PT00008,39265,32201,False,2025-12-02 09:00:00
PROD00001198,Havells Women Tops Type 2,Havells,PT00018,2815,2428,False,2025-04-06 09:00:00
PROD00001199,Sony Biscuits Type 2,Sony,PT00060,836,724,False,2025-11-17 09:00:00
PROD00001200,Nike Tables Type 1,Nike,PT00031,40083,33230,False,2025-08-12 09:00:00
PROD00001201,Cosco Hair Oil Type 2,Cosco,PT00044,8053,6815,False,2025-12-20 09:00:00
PROD00001202,Prestige Smartphones Type 2,Prestige,PT00002,7499,6008,False,2025-07-08 09:00:00
PROD00001203,Nike Dumbbells Type 1,Nike,PT00065,222,186,False,2025-08-02 09:00:00
PROD00001204,FabIndia Dresses Type 2,FabIndia,PT00020,11391,9218,False,2025-03-25 09:00:00
PROD00001205,FabIndia Headphones Type 2,FabIndia,PT00010,389,331,False,2025-02-10 09:00:00
PROD00001206,Dell Double Door Type 1,Dell,PT00079,9295,6774,False,2025-04-12 09:00:00
PROD00001207,HP Top Load Type 1,HP,PT00075,103093,93894,False,2025-05-17 09:00:00
PROD00001208,Nike Body Care Type 2,Nike,PT00040,8046,8312,False,2025-09-16 09:00:00
PROD00001209,HP Shampoo Type 1,HP,PT00041,5826,5242,True,2025-07-27 09:00:00
PROD00001210,Godrej Sandals Type 1,Godrej,PT00023,27441,20364,True,2025-03-18 09:00:00
PROD00001211,Realme Single Door Type 1,Realme,PT00077,90196,77441,False,2025-12-25 09:00:00
PROD00001212,Puma Cookware Type 1,Puma,PT00025,5995,4922,False,2025-07-26 09:00:00
PROD00001213,Dell Hair Oil Type 2,Dell,PT00044,7020,6072,False,2025-08-12 09:00:00
PROD00001214,Nivea Shoes Type 1,Nivea,PT00021,408,356,False,2025-03-01 09:00:00
PROD00001215,Adidas Computer Accessories Type 2,Adidas,PT00008,39495,31798,False,2025-11-07 09:00:00
PROD00001216,boAt Storage Type 2,boAt,PT00028,579,523,False,2025-03-06 09:00:00
PROD00001217,Penguin Dumbbells Type 1,Penguin,PT00065,194,165,False,2025-10-30 09:00:00
PROD00001218,Himalaya Face Care Type 2,Himalaya,PT00038,50385,51674,False,2025-10-08 09:00:00
PROD00001219,Haldiram Lighting Type 2,Haldiram,PT00036,10260,9218,True,2025-12-20 09:00:00
PROD00001220,Sony Front Load Type 2,Sony,PT00074,229,184,False,2025-12-19 09:00:00
PROD00001221,Prestige Women Tops Type 2,Prestige,PT00018,3437,2721,False,2025-11-24 09:00:00
PROD00001222,Havells Headphones Type 2,Havells,PT00010,404,324,False,2025-03-05 09:00:00
PROD00001223,Godrej Laptops Type 1,Godrej,PT00005,847,835,False,2025-02-13 09:00:00
PROD00001224,Adidas Tables Type 2,Adidas,PT00032,5460,4385,False,2025-02-23 09:00:00
PROD00001225,Himalaya Women Tops Type 1,Himalaya,PT00017,109778,85717,False,2025-07-16 09:00:00
PROD00001226,Lakme Storage Type 2,Lakme,PT00028,614,541,False,2025-07-24 09:00:00
PROD00001227,Haldiram Mobile Accessories Type 1,Haldiram,PT00003,276,222,False,2025-11-08 09:00:00
PROD00001228,Prestige Women Tops Type 2,Prestige,PT00018,2959,2707,False,2025-12-11 09:00:00
PROD00001229,Xiaomi Comics Type 1,Xiaomi,PT00051,578,450,False,2025-05-12 09:00:00
PROD00001230,Sony Biscuits Type 1,Sony,PT00059,62688,58658,False,2025-06-10 09:00:00
PROD00001231,Pigeon Lipstick Type 2,Pigeon,PT00046,220,208,False,2026-01-26 09:00:00
PROD00001232,Samsung Lighting Type 1,Samsung,PT00035,5018,3819,False,2025-12-02 09:00:00
PROD00001233,Dell Cardio Type 2,Dell,PT00068,9095,7914,False,2025-07-23 09:00:00
PROD00001234,Havells Dresses Type 1,Havells,PT00019,258,246,False,2025-10-27 09:00:00
PROD00001235,Apple Mobile Accessories Type 1,Apple,PT00003,264,189,False,2025-04-06 09:00:00
PROD00001236,Decathlon Cookware Type 1,Decathlon,PT00025,5779,5103,False,2025-10-12 09:00:00
PROD00001237,Maybelline Laptops Type 1,Maybelline,PT00005,980,790,False,2025-07-10 09:00:00
PROD00001238,Maybelline Computer Accessories Type 1,Maybelline,PT00007,1806,1378,False,2025-09-16 09:00:00
PROD00001239,Samsung Sandals Type 2,Samsung,PT00024,560,425,False,2025-06-11 09:00:00
PROD00001240,Tata Dresses Type 2,Tata,PT00020,12701,10197,False,2025-12-09 09:00:00
PROD00001241,Scholastic Cookware Type 2,Scholastic,PT00026,1307,1207,False,2025-02-05 09:00:00
PROD00001242,Apple Front Load Type 1,Apple,PT00073,2156,1557,True,2025-09-20 09:00:00
PROD00001243,Maybelline Mobile Accessories Type 2,Maybelline,PT00004,320,253,False,2025-06-23 09:00:00
PROD00001244,boAt Speakers Type 2,boAt,PT00012,429,322,False,2025-10-08 09:00:00
PROD00001245,Pigeon Cardio Type 2,Pigeon,PT00068,9874,8033,False,2025-10-06 09:00:00
PROD00001246,Puma Double Door Type 1,Puma,PT00079,9650,7840,False,2025-03-18 09:00:00
PROD00001247,Realme Front Load Type 2,Realme,PT00074,206,175,False,2025-12-19 09:00:00
PROD00001248,Haldiram Rice Type 1,Haldiram,PT00061,1423,1026,False,2025-10-13 09:00:00
PROD00001249,Pigeon Exam Prep Type 1,Pigeon,PT00053,22851,19538,False,2025-09-06 09:00:00
PROD00001250,Decathlon Pulses Type 2,Decathlon,PT00064,4654,3571,False,2025-07-22 09:00:00
PROD00001251,Xiaomi Foundation Type 1,Xiaomi,PT00047,9528,7629,True,2025-04-03 09:00:00
PROD00001252,boAt Double Door Type 2,boAt,PT00080,222,156,False,2025-05-22 09:00:00
PROD00001253,LG Sandals Type 2,LG,PT00024,611,490,False,2025-11-05 09:00:00
PROD00001254,Sony Chips Type 2,Sony,PT00058,306,311,False,2025-07-13 09:00:00
PROD00001255,Havells Novels Type 2,Havells,PT00050,7590,5414,False,2025-09-07 09:00:00
PROD00001256,Prestige Shoes Type 2,Prestige,PT00022,1641,1345,False,2025-07-25 09:00:00
PROD00001257,Lakme Camping Type 1,Lakme,PT00069,321,255,False,2025-02-05 09:00:00
PROD00001258,BIBA Pulses Type 1,BIBA,PT00063,8218,6722,True,2025-04-27 09:00:00
PROD00001259,Apple Men Tops Type 1,Apple,PT00013,311,233,False,2025-07-15 09:00:00
PROD00001260,FabIndia Body Care Type 2,FabIndia,PT00040,8873,7737,False,2025-08-28 09:00:00
PROD00001261,Nivea Chips Type 1,Nivea,PT00057,799,659,False,2025-07-16 09:00:00
PROD00001262,Apple Headphones Type 2,Apple,PT00010,388,329,False,2025-12-21 09:00:00
PROD00001263,Havells Face Care Type 2,Havells,PT00038,61421,51180,False,2025-12-08 09:00:00
PROD00001264,Nike Mobile Accessories Type 2,Nike,PT00004,314,256,False,2025-12-12 09:00:00
PROD00001265,LG Body Care Type 1,LG,PT00039,336,278,False,2025-08-20 09:00:00
PROD00001266,Realme Wall Decor Type 1,Realme,PT00033,1081,838,False,2025-11-01 09:00:00
PROD00001267,Nike Novels Type 1,Nike,PT00049,10695,10169,False,2025-09-26 09:00:00
PROD00001268,Philips Tables Type 1,Philips,PT00031,39094,28726,False,2025-07-23 09:00:00
PROD00001269,LG Mobile Accessories Type 1,LG,PT00003,238,225,False,2025-10-11 09:00:00
PROD00001270,Sony Men Bottoms Type 2,Sony,PT00016,1252,1124,False,2025-10-27 09:00:00
PROD00001271,HP Cookware Type 1,HP,PT00025,5432,4497,False,2025-06-14 09:00:00
PROD00001272,Decathlon Face Care Type 2,Decathlon,PT00038,56240,43551,False,2026-01-21 09:00:00
PROD00001273,Godrej Cycling Type 1,Godrej,PT00071,759,599,False,2025-11-16 09:00:00
PROD00001274,Maybelline Computer Accessories Type 2,Maybelline,PT00008,33808,31203,False,2025-12-10 09:00:00
PROD00001275,Xiaomi Speakers Type 2,Xiaomi,PT00012,446,316,False,2025-12-15 09:00:00
PROD00001276,HP Pulses Type 2,HP,PT00064,3656,3132,False,2025-05-29 09:00:00
PROD00001277,LG Dresses Type 2,LG,PT00020,12348,9319,False,2025-12-03 09:00:00
PROD00001278,Godrej Rice Type 2,Godrej,PT00062,4875,3978,False,2025-12-05 09:00:00
PROD00001279,Godrej Single Door Type 2,Godrej,PT00078,1906,1677,False,2025-07-12 09:00:00
PROD00001280,LG Front Load Type 2,LG,PT00074,206,192,False,2025-09-27 09:00:00
PROD00001281,Penguin Novels Type 2,Penguin,PT00050,7586,5439,False,2025-09-17 09:00:00
PROD00001282,Havells Front Load Type 2,Havells,PT00074,253,178,False,2025-10-27 09:00:00
PROD00001283,Sony Women Tops Type 2,Sony,PT00018,3134,2656,False,2025-12-08 09:00:00
PROD00001284,Nivea Pulses Type 1,Nivea,PT00063,8081,7289,False,2025-10-29 09:00:00
PROD00001285,Tata Front Load Type 2,Tata,PT00074,223,182,False,2025-02-19 09:00:00
PROD00001286,Lenovo Storage Type 2,Lenovo,PT00028,683,514,False,2025-09-21 09:00:00
PROD00001287,Havells Foundation Type 2,Havells,PT00048,312,287,False,2025-10-10 09:00:00
PROD00001288,Tata Hair Oil Type 1,Tata,PT00043,1942,1829,False,2025-04-04 09:00:00
PROD00001289,Decathlon Body Care Type 2,Decathlon,PT00040,9085,8188,False,2025-04-22 09:00:00
PROD00001290,Nivea Single Door Type 1,Nivea,PT00077,88891,72168,False,2025-11-03 09:00:00
PROD00001291,Nivea Women Tops Type 2,Nivea,PT00018,3264,2647,False,2025-02-28 09:00:00
PROD00001292,Adidas Shoes Type 2,Adidas,PT00022,1632,1284,False,2025-06-10 09:00:00
PROD00001293,Haldiram Women Tops Type 2,Haldiram,PT00018,3467,2753,False,2025-03-07 09:00:00
PROD00001294,Tata Laptops Type 2,Tata,PT00006,9237,7430,False,2025-05-06 09:00:00
PROD00001295,boAt Chips Type 1,boAt,PT00057,807,666,False,2025-05-21 09:00:00
PROD00001296,Penguin Comics Type 1,Penguin,PT00051,521,412,False,2025-03-14 09:00:00
PROD00001297,Puma Tables Type 1,Puma,PT00031,37143,29355,False,2025-05-08 09:00:00
PROD00001298,Realme Headphones Type 2,Realme,PT00010,437,354,False,2025-07-06 09:00:00
PROD00001299,Godrej Wall Decor Type 1,Godrej,PT00033,903,791,False,2025-05-24 09:00:00
PROD00001300,HP Storage Type 1,HP,PT00027,10220,7553,False,2025-08-18 09:00:00
PROD00001301,Prestige Smartphones Type 1,Prestige,PT00001,5193,4181,False,2025-12-23 09:00:00
PROD00001302,Cosco Cookware Type 2,Cosco,PT00026,1355,1108,False,2025-04-19 09:00:00
PROD00001303,Whirlpool Hair Oil Type 1,Whirlpool,PT00043,2350,1733,False,2025-10-17 09:00:00
PROD00001304,Realme Lighting Type 2,Realme,PT00036,9202,9131,False,2026-01-14 09:00:00
PROD00001305,Samsung Laptops Type 2,Samsung,PT00006,9560,7770,False,2025-07-11 09:00:00
PROD00001306,Haldiram Wall Decor Type 1,Haldiram,PT00033,855,810,False,2025-10-03 09:00:00
PROD00001307,Tata Tables Type 1,Tata,PT00031,41393,29270,False,2025-10-13 09:00:00
PROD00001308,Penguin Hair Oil Type 2,Penguin,PT00044,8764,6496,True,2025-10-07 09:00:00
PROD00001309,Maybelline Comics Type 2,Maybelline,PT00052,343,271,False,2025-11-11 09:00:00
PROD00001310,Britannia Single Door Type 2,Britannia,PT00078,1917,1696,False,2026-01-02 09:00:00
PROD00001311,Nike Comics Type 1,Nike,PT00051,483,431,False,2025-06-14 09:00:00
PROD00001312,Lenovo Rice Type 1,Lenovo,PT00061,1141,1162,False,2025-04-29 09:00:00
PROD00001313,Pigeon Lipstick Type 1,Pigeon,PT00045,482,362,False,2025-11-06 09:00:00
PROD00001314,Sony Smartphones Type 2,Sony,PT00002,6555,5553,False,2025-04-15 09:00:00
PROD00001315,Samsung Cycling Type 2,Samsung,PT00072,10482,8890,False,2025-04-05 09:00:00
PROD00001316,Apple Laptops Type 2,Apple,PT00006,9518,7172,False,2025-09-04 09:00:00
PROD00001317,Tata Kids Learning Type 1,Tata,PT00055,11849,8658,False,2025-11-20 09:00:00
PROD00001318,Cosco Sandals Type 2,Cosco,PT00024,525,436,False,2025-04-07 09:00:00
PROD00001319,BIBA Cardio Type 2,BIBA,PT00068,9099,7310,False,2025-03-18 09:00:00
PROD00001320,Adidas Front Load Type 2,Adidas,PT00074,213,193,False,2025-11-02 09:00:00
PROD00001321,LG Face Care Type 1,LG,PT00037,1506,1302,False,2025-12-10 09:00:00
PROD00001322,Xiaomi Lipstick Type 1,Xiaomi,PT00045,490,358,False,2025-03-12 09:00:00
PROD00001323,HP Smartphones Type 2,HP,PT00002,6356,5292,False,2025-02-23 09:00:00
PROD00001324,HP Smartphones Type 1,HP,PT00001,5254,4209,False,2025-10-23 09:00:00
PROD00001325,Samsung Dresses Type 2,Samsung,PT00020,12271,9267,False,2025-03-18 09:00:00
PROD00001326,Realme Shampoo Type 2,Realme,PT00042,816,681,False,2025-06-14 09:00:00
PROD00001327,boAt Hair Oil Type 1,boAt,PT00043,1972,1650,False,2025-02-12 09:00:00
PROD00001328,Whirlpool Camping Type 1,Whirlpool,PT00069,346,289,False,2026-02-03 09:00:00
PROD00001329,Havells Front Load Type 1,Havells,PT00073,2228,1572,False,2025-12-23 09:00:00
PROD00001330,Sony Computer Accessories Type 2,Sony,PT00008,37845,29084,False,2025-11-20 09:00:00
PROD00001331,Maybelline Lipstick Type 2,Maybelline,PT00046,234,203,False,2025-04-05 09:00:00
PROD00001332,Whirlpool Cardio Type 1,Whirlpool,PT00067,3261,2707,False,2025-10-03 09:00:00
PROD00001333,Whirlpool Lipstick Type 1,Whirlpool,PT00045,445,406,False,2025-12-27 09:00:00
PROD00001334,Britannia Novels Type 2,Britannia,PT00050,7706,6181,False,2026-01-12 09:00:00
PROD00001335,Decathlon Front Load Type 1,Decathlon,PT00073,1943,1844,False,2026-01-31 09:00:00
PROD00001336,Cosco Mobile Accessories Type 1,Cosco,PT00003,277,188,False,2025-03-15 09:00:00
PROD00001337,Lakme Men Tops Type 2,Lakme,PT00014,11120,8710,False,2025-10-19 09:00:00
PROD00001338,LG Chips Type 1,LG,PT00057,746,623,False,2026-01-14 09:00:00
PROD00001339,HP Speakers Type 1,HP,PT00011,145,123,False,2025-11-07 09:00:00
PROD00001340,Realme Lighting Type 2,Realme,PT00036,9555,8844,False,2025-04-26 09:00:00
PROD00001341,Himalaya Smartphones Type 1,Himalaya,PT00001,4384,4069,True,2025-03-15 09:00:00
PROD00001342,Prestige Smartphones Type 2,Prestige,PT00002,6780,5734,False,2025-11-27 09:00:00
PROD00001343,Havells Storage Type 1,Havells,PT00027,8774,8214,False,2025-08-12 09:00:00
PROD00001344,Whirlpool Exam Prep Type 1,Whirlpool,PT00053,21464,17124,True,2026-01-18 09:00:00
PROD00001345,OnePlus Top Load Type 2,OnePlus,PT00076,7044,6940,False,2025-02-06 09:00:00
PROD00001346,LG Foundation Type 2,LG,PT00048,333,277,False,2025-07-26 09:00:00
PROD00001347,LG Men Bottoms Type 1,LG,PT00015,48180,40898,False,2025-05-08 09:00:00
PROD00001348,HP Double Door Type 2,HP,PT00080,193,158,False,2026-01-14 09:00:00
PROD00001349,FabIndia Front Load Type 2,FabIndia,PT00074,220,189,False,2025-02-05 09:00:00
PROD00001350,HP Dumbbells Type 1,HP,PT00065,215,187,False,2025-02-21 09:00:00
PROD00001351,Adidas Front Load Type 1,Adidas,PT00073,2114,1759,False,2026-02-02 09:00:00
PROD00001352,Lakme Biscuits Type 1,Lakme,PT00059,59260,57323,False,2025-09-06 09:00:00
PROD00001353,Apple Laptops Type 2,Apple,PT00006,9083,7443,False,2025-03-01 09:00:00
PROD00001354,boAt Biscuits Type 2,boAt,PT00060,971,773,False,2025-07-10 09:00:00
PROD00001355,HP Lipstick Type 2,HP,PT00046,234,191,False,2025-02-07 09:00:00
PROD00001356,Apple Pulses Type 2,Apple,PT00064,4225,3122,False,2025-09-18 09:00:00
PROD00001357,boAt Laptops Type 2,boAt,PT00006,8049,7609,False,2025-10-21 09:00:00
PROD00001358,Apple Cookware Type 1,Apple,PT00025,5964,4442,False,2025-08-18 09:00:00
PROD00001359,Samsung Comics Type 1,Samsung,PT00051,584,472,False,2025-06-13 09:00:00
PROD00001360,Amul Dresses Type 1,Amul,PT00019,268,218,False,2025-03-07 09:00:00
PROD00001361,Pigeon Cookware Type 2,Pigeon,PT00026,1316,1055,False,2025-09-01 09:00:00
PROD00001362,Maybelline Mobile Accessories Type 1,Maybelline,PT00003,225,207,False,2025-02-21 09:00:00
PROD00001363,Britannia Rice Type 1,Britannia,PT00061,1400,1098,False,2025-11-24 09:00:00
PROD00001364,Samsung Mobile Accessories Type 2,Samsung,PT00004,290,265,False,2025-02-25 09:00:00
PROD00001365,Lenovo Comics Type 1,Lenovo,PT00051,527,442,False,2025-04-22 09:00:00
PROD00001366,FabIndia Mobile Accessories Type 1,FabIndia,PT00003,259,225,True,2025-10-14 09:00:00
PROD00001367,Haldiram Sofas Type 1,Haldiram,PT00029,9685,8215,False,2025-11-16 09:00:00
PROD00001368,Havells Computer Accessories Type 2,Havells,PT00008,33199,32905,False,2026-01-12 09:00:00
PROD00001369,Tata Headphones Type 1,Tata,PT00009,79989,62270,False,2025-03-07 09:00:00
PROD00001370,Tata Cookware Type 1,Tata,PT00025,6115,4479,False,2025-11-14 09:00:00
PROD00001371,HP Men Tops Type 1,HP,PT00013,308,239,False,2025-11-09 09:00:00
PROD00001372,BIBA Top Load Type 2,BIBA,PT00076,8257,6962,False,2025-09-20 09:00:00
PROD00001373,BIBA Wall Decor Type 1,BIBA,PT00033,1069,774,False,2025-05-09 09:00:00
PROD00001374,Havells Smartphones Type 1,Havells,PT00001,5024,3652,False,2025-08-19 09:00:00
PROD00001375,Pigeon Kids Learning Type 2,Pigeon,PT00056,1124,931,False,2025-05-29 09:00:00
PROD00001376,Godrej Lighting Type 2,Godrej,PT00036,9411,8510,False,2025-12-05 09:00:00
PROD00001377,BIBA Kids Learning Type 2,BIBA,PT00056,1379,1008,False,2025-06-07 09:00:00
PROD00001378,Himalaya Dresses Type 2,Himalaya,PT00020,11991,10416,True,2025-06-21 09:00:00
PROD00001379,OnePlus Camping Type 1,OnePlus,PT00069,318,257,False,2025-12-31 09:00:00
PROD00001380,Puma Dresses Type 1,Puma,PT00019,253,227,False,2025-03-05 09:00:00
PROD00001381,Lenovo Cycling Type 1,Lenovo,PT00071,820,644,False,2025-11-12 09:00:00
PROD00001382,Himalaya Body Care Type 2,Himalaya,PT00040,10146,7509,False,2025-02-17 09:00:00
PROD00001383,BIBA Foundation Type 2,BIBA,PT00048,326,264,False,2025-10-08 09:00:00
PROD00001384,Cosco Single Door Type 1,Cosco,PT00077,81104,68146,False,2025-11-04 09:00:00
PROD00001385,Tata Tables Type 1,Tata,PT00031,39894,32397,False,2025-08-27 09:00:00
PROD00001386,Himalaya Cookware Type 1,Himalaya,PT00025,5115,4289,False,2025-12-01 09:00:00
PROD00001387,Amul Hair Oil Type 1,Amul,PT00043,2053,1653,False,2025-02-17 09:00:00
PROD00001388,Havells Dresses Type 2,Havells,PT00020,11057,9617,False,2025-05-19 09:00:00
PROD00001389,Nike Storage Type 2,Nike,PT00028,632,543,False,2025-12-28 09:00:00
PROD00001390,Nivea Kids Learning Type 1,Nivea,PT00055,11309,9789,False,2025-08-11 09:00:00
PROD00001391,HP Lipstick Type 1,HP,PT00045,472,416,False,2025-03-27 09:00:00
PROD00001392,Realme Body Care Type 1,Realme,PT00039,351,307,False,2026-01-13 09:00:00
PROD00001393,Penguin Lighting Type 2,Penguin,PT00036,11097,8544,False,2025-10-14 09:00:00
PROD00001394,Maybelline Front Load Type 2,Maybelline,PT00074,239,185,False,2025-07-25 09:00:00
PROD00001395,FabIndia Headphones Type 2,FabIndia,PT00010,453,314,False,2026-01-20 09:00:00
PROD00001396,Sony Headphones Type 2,Sony,PT00010,388,352,False,2025-05-29 09:00:00
PROD00001397,Xiaomi Sandals Type 2,Xiaomi,PT00024,510,467,False,2025-05-27 09:00:00
PROD00001398,Maybelline Single Door Type 2,Maybelline,PT00078,1872,1495,False,2025-04-27 09:00:00
PROD00001399,Scholastic Smartphones Type 2,Scholastic,PT00002,7151,6150,False,2025-08-30 09:00:00
PROD00001400,Pigeon Men Tops Type 2,Pigeon,PT00014,10795,8306,False,2025-09-16 09:00:00
