RefundTxnId,OrderId,OrderItemId,TxnDateTime,RefundReason,TxnStatus,RefundAmountINR,GatewayTxnRef
RFD0000000001,ORD000000002,OI0000000004,2021-09-23 00:00:00,Return approved,Refund Settled,3102.11,RFD0000000001
RFD0000000002,ORD000000002,OI0000000005,2021-09-28 00:00:00,Return approved,Refund Settled,10915.77,RFD0000000002
RFD0000000003,ORD000000012,OI0000000022,2024-03-15 00:00:00,Return approved,Refund Settled,5864.08,RFD0000000003
RFD0000000004,ORD000000013,OI0000000023,2024-01-20 00:00:00,Return approved,Processed,46350.27,RFD0000000004
RFD0000000005,ORD000000025,OI0000000042,2021-03-31 00:00:00,Return approved,Processed,9607.12,RFD0000000005
RFD0000000006,ORD000000025,OI0000000043,2021-04-05 00:00:00,Return approved,Refund Settled,449.55,RFD0000000006
RFD0000000007,ORD000000035,OI0000000060,2024-05-28 00:00:00,Return approved,Refund Settled,255.81,RFD0000000007
RFD0000000008,ORD000000053,OI0000000088,2021-12-11 00:00:00,Return approved,Refund Settled,19973.22,RFD0000000008
RFD0000000009,ORD000000053,OI0000000089,2021-12-22 00:00:00,Return approved,Refund Settled,746.08,RFD0000000009
RFD0000000010,ORD000000053,OI0000000090,2021-12-11 00:00:00,Return approved,Processed,458.83,RFD0000000010
RFD0000000011,ORD000000055,OI0000000094,2024-08-31 00:00:00,Return approved,Refund Settled,835.94,RFD0000000011
RFD0000000012,ORD000000061,OI0000000102,2024-02-05 00:00:00,Return approved,Processed,911.61,RFD0000000012
RFD0000000013,ORD000000074,OI0000000122,2024-12-04 00:00:00,Return approved,Refund Settled,212.29,RFD0000000013
RFD0000000014,ORD000000094,OI0000000151,2022-06-30 00:00:00,Return approved,Refund Settled,1663.08,RFD0000000014
RFD0000000015,ORD000000097,OI0000000157,2022-02-03 00:00:00,Return approved,Processed,487.96,RFD0000000015
RFD0000000016,ORD000000097,OI0000000158,2022-01-25 00:00:00,Return approved,Processed,213.93,RFD0000000016
RFD0000000017,ORD000000115,OI0000000187,2025-09-17 00:00:00,Return approved,Refund Settled,935.22,RFD0000000017
RFD0000000018,ORD000000115,OI0000000188,2025-09-18 00:00:00,Return approved,Refund Settled,219.57,RFD0000000018
RFD0000000019,ORD000000115,OI0000000189,2025-09-19 00:00:00,Return approved,Refund Settled,3261.19,RFD0000000019
RFD0000000020,ORD000000118,OI0000000194,2024-02-07 00:00:00,Return approved,Refund Settled,20123.77,RFD0000000020
RFD0000000021,ORD000000118,OI0000000195,2024-02-01 00:00:00,Return approved,Refund Settled,408.93,RFD0000000021
RFD0000000022,ORD000000126,OI0000000207,2021-07-10 00:00:00,Return approved,Refund Settled,41833.38,RFD0000000022
RFD0000000023,ORD000000143,OI0000000239,2021-12-05 00:00:00,Return approved,Refund Settled,132.05,RFD0000000023
RFD0000000024,ORD000000145,OI0000000241,2023-06-28 00:00:00,Return approved,Refund Settled,9724.43,RFD0000000024
RFD0000000025,ORD000000145,OI0000000242,2023-06-20 00:00:00,Return approved,Refund Settled,459.23,RFD0000000025
RFD0000000026,ORD000000148,OI0000000246,2025-04-08 00:00:00,Return approved,Refund Settled,435.34,RFD0000000026
RFD0000000027,ORD000000148,OI0000000247,2025-04-11 00:00:00,Return approved,Refund Settled,447.56,RFD0000000027
RFD0000000028,ORD000000152,OI0000000255,2023-06-11 00:00:00,Return approved,Refund Settled,20127.22,RFD0000000028
RFD0000000029,ORD000000166,OI0000000278,2022-04-18 00:00:00,Return approved,Refund Settled,10271.96,RFD0000000029
RFD0000000030,ORD000000177,OI0000000294,2024-12-27 00:00:00,Return approved,Refund Settled,2762.77,RFD0000000030
RFD0000000031,ORD000000188,OI0000000313,2021-11-16 00:00:00,Return approved,Refund Settled,20051.69,RFD0000000031
RFD0000000032,ORD000000190,OI0000000316,2024-06-14 00:00:00,Return approved,Refund Settled,611.33,RFD0000000032
RFD0000000033,ORD000000216,OI0000000359,2021-09-05 00:00:00,Return approved,Refund Settled,18640.71,RFD0000000033
RFD0000000034,ORD000000216,OI0000000360,2021-09-12 00:00:00,Return approved,Refund Settled,2650.03,RFD0000000034
RFD0000000035,ORD000000218,OI0000000362,2021-06-05 00:00:00,Return approved,Refund Settled,234.24,RFD0000000035
RFD0000000036,ORD000000224,OI0000000371,2021-05-01 00:00:00,Return approved,Refund Settled,214.17,RFD0000000036
RFD0000000037,ORD000000224,OI0000000372,2021-04-18 00:00:00,Return approved,Processed,217.21,RFD0000000037
RFD0000000038,ORD000000225,OI0000000373,2024-07-14 00:00:00,Return approved,Refund Settled,476.3,RFD0000000038
RFD0000000039,ORD000000225,OI0000000375,2024-07-29 00:00:00,Return approved,Refund Settled,587.39,RFD0000000039
RFD0000000040,ORD000000231,OI0000000389,2022-08-27 00:00:00,Return approved,Refund Settled,1327.1,RFD0000000040
RFD0000000041,ORD000000242,OI0000000409,2025-04-20 00:00:00,Return approved,Refund Settled,770.41,RFD0000000041
RFD0000000042,ORD000000256,OI0000000431,2022-09-01 00:00:00,Return approved,Processed,503.07,RFD0000000042
RFD0000000043,ORD000000256,OI0000000432,2022-09-11 00:00:00,Return approved,Refund Settled,1106.04,RFD0000000043
RFD0000000044,ORD000000295,OI0000000497,2023-08-08 00:00:00,Return approved,Processed,400.34,RFD0000000044
RFD0000000045,ORD000000316,OI0000000528,2021-05-14 00:00:00,Return approved,Refund Settled,314.86,RFD0000000045
RFD0000000046,ORD000000334,OI0000000559,2022-07-02 00:00:00,Return approved,Refund Settled,420.06,RFD0000000046
RFD0000000047,ORD000000338,OI0000000564,2023-09-20 00:00:00,Return approved,Refund Settled,934.98,RFD0000000047
RFD0000000048,ORD000000348,OI0000000581,2024-07-30 00:00:00,Return approved,Refund Settled,1112.24,RFD0000000048
RFD0000000049,ORD000000350,OI0000000583,2025-04-12 00:00:00,Return approved,Refund Settled,1223.89,RFD0000000049
RFD0000000050,ORD000000350,OI0000000584,2025-04-20 00:00:00,Return approved,Refund Settled,3356.09,RFD0000000050
RFD0000000051,ORD000000351,OI0000000585,2023-12-26 00:00:00,Return approved,Refund Settled,289.17,RFD0000000051
RFD0000000052,ORD000000359,OI0000000599,2022-05-21 00:00:00,Return approved,Refund Settled,145.55,RFD0000000052
RFD0000000053,ORD000000366,OI0000000611,2021-11-10 00:00:00,Return approved,Refund Settled,1380.49,RFD0000000053
RFD0000000054,ORD000000366,OI0000000612,2021-11-19 00:00:00,Return approved,Refund Settled,200.81,RFD0000000054
RFD0000000055,ORD000000382,OI0000000638,2025-09-06 00:00:00,Return approved,Refund Settled,5713.32,RFD0000000055
RFD0000000056,ORD000000382,OI0000000639,2025-09-06 00:00:00,Return approved,Refund Settled,327.67,RFD0000000056
RFD0000000057,ORD000000382,OI0000000640,2025-08-24 00:00:00,Return approved,Refund Settled,42614.73,RFD0000000057
RFD0000000058,ORD000000394,OI0000000658,2024-12-29 00:00:00,Return approved,Refund Settled,11484.56,RFD0000000058
RFD0000000059,ORD000000394,OI0000000659,2024-12-30 00:00:00,Return approved,Refund Settled,5277.74,RFD0000000059
RFD0000000060,ORD000000410,OI0000000686,2026-02-01 00:00:00,Return approved,Refund Settled,524.87,RFD0000000060
RFD0000000061,ORD000000420,OI0000000703,2024-06-30 00:00:00,Return approved,Refund Settled,2473.06,RFD0000000061
RFD0000000062,ORD000000420,OI0000000704,2024-07-07 00:00:00,Return approved,Refund Settled,1085.35,RFD0000000062
RFD0000000063,ORD000000420,OI0000000705,2024-07-10 00:00:00,Return approved,Refund Settled,5768.4,RFD0000000063
RFD0000000064,ORD000000431,OI0000000722,2022-12-19 00:00:00,Return approved,Refund Settled,6145.09,RFD0000000064
RFD0000000065,ORD000000439,OI0000000738,2025-07-20 00:00:00,Return approved,Refund Settled,210.78,RFD0000000065
RFD0000000066,ORD000000451,OI0000000758,2024-03-26 00:00:00,Return approved,Refund Settled,306.67,RFD0000000066
RFD0000000067,ORD000000453,OI0000000761,2024-11-12 00:00:00,Return approved,Refund Settled,211.76,RFD0000000067
RFD0000000068,ORD000000454,OI0000000762,2021-05-09 00:00:00,Return approved,Refund Settled,5274.23,RFD0000000068
RFD0000000069,ORD000000454,OI0000000763,2021-04-27 00:00:00,Return approved,Processed,1425.4,RFD0000000069
RFD0000000070,ORD000000455,OI0000000764,2024-11-10 00:00:00,Return approved,Refund Settled,469.58,RFD0000000070
RFD0000000071,ORD000000504,OI0000000845,2024-10-10 00:00:00,Return approved,Refund Settled,530.63,RFD0000000071
RFD0000000072,ORD000000504,OI0000000846,2024-10-16 00:00:00,Return approved,Refund Settled,379.58,RFD0000000072
RFD0000000073,ORD000000506,OI0000000849,2023-08-06 00:00:00,Return approved,Refund Settled,5539.77,RFD0000000073
RFD0000000074,ORD000000522,OI0000000876,2025-03-26 00:00:00,Return approved,Refund Settled,925.58,RFD0000000074
RFD0000000075,ORD000000530,OI0000000888,2021-11-04 00:00:00,Return approved,Refund Settled,1200.93,RFD0000000075
RFD0000000076,ORD000000530,OI0000000889,2021-11-06 00:00:00,Return approved,Refund Settled,2345.47,RFD0000000076
RFD0000000077,ORD000000535,OI0000000894,2022-03-26 00:00:00,Return approved,Refund Settled,44736.78,RFD0000000077
RFD0000000078,ORD000000542,OI0000000904,2022-03-01 00:00:00,Return approved,Refund Settled,873.79,RFD0000000078
RFD0000000079,ORD000000553,OI0000000922,2022-04-16 00:00:00,Return approved,Refund Settled,18499.46,RFD0000000079
RFD0000000080,ORD000000553,OI0000000923,2022-03-26 00:00:00,Return approved,Refund Settled,1696.97,RFD0000000080
RFD0000000081,ORD000000581,OI0000000967,2023-11-28 00:00:00,Return approved,Refund Settled,306.61,RFD0000000081
RFD0000000082,ORD000000585,OI0000000975,2021-03-06 00:00:00,Return approved,Refund Settled,2752.31,RFD0000000082
RFD0000000083,ORD000000585,OI0000000976,2021-03-10 00:00:00,Return approved,Refund Settled,1207.41,RFD0000000083
RFD0000000084,ORD000000585,OI0000000977,2021-03-08 00:00:00,Return approved,Refund Settled,152.23,RFD0000000084
RFD0000000085,ORD000000599,OI0000000997,2023-08-10 00:00:00,Return approved,Refund Settled,21592.64,RFD0000000085
RFD0000000086,ORD000000599,OI0000000998,2023-08-20 00:00:00,Return approved,Refund Settled,465.47,RFD0000000086
RFD0000000087,ORD000000602,OI0000001002,2025-03-18 00:00:00,Return approved,Refund Settled,5890.51,RFD0000000087
RFD0000000088,ORD000000602,OI0000001003,2025-03-17 00:00:00,Return approved,Refund Settled,2993.41,RFD0000000088
RFD0000000089,ORD000000602,OI0000001004,2025-03-22 00:00:00,Return approved,Refund Settled,725.02,RFD0000000089
RFD0000000090,ORD000000605,OI0000001009,2024-05-25 00:00:00,Return approved,Refund Settled,3509.6,RFD0000000090
RFD0000000091,ORD000000608,OI0000001014,2022-02-05 00:00:00,Return approved,Refund Settled,495.78,RFD0000000091
RFD0000000092,ORD000000609,OI0000001015,2024-03-07 00:00:00,Return approved,Refund Settled,490.54,RFD0000000092
RFD0000000093,ORD000000613,OI0000001023,2021-03-15 00:00:00,Return approved,Refund Settled,814.52,RFD0000000093
RFD0000000094,ORD000000616,OI0000001026,2022-02-14 00:00:00,Return approved,Refund Settled,460.79,RFD0000000094
RFD0000000095,ORD000000616,OI0000001027,2022-01-31 00:00:00,Return approved,Processed,430.36,RFD0000000095
RFD0000000096,ORD000000621,OI0000001038,2023-07-06 00:00:00,Return approved,Refund Settled,11530.99,RFD0000000096
RFD0000000097,ORD000000638,OI0000001064,2025-08-26 00:00:00,Return approved,Refund Settled,433.92,RFD0000000097
RFD0000000098,ORD000000653,OI0000001096,2022-04-19 00:00:00,Return approved,Refund Settled,470.3,RFD0000000098
RFD0000000099,ORD000000653,OI0000001097,2022-04-20 00:00:00,Return approved,Refund Settled,214.6,RFD0000000099
RFD0000000100,ORD000000653,OI0000001098,2022-05-05 00:00:00,Return approved,Refund Failed,567.64,RFD0000000100
RFD0000000101,ORD000000670,OI0000001128,2024-03-30 00:00:00,Return approved,Refund Settled,10180.04,RFD0000000101
RFD0000000102,ORD000000674,OI0000001134,2021-08-11 00:00:00,Return approved,Refund Settled,308.85,RFD0000000102
RFD0000000103,ORD000000674,OI0000001135,2021-08-10 00:00:00,Return approved,Refund Settled,892.92,RFD0000000103
RFD0000000104,ORD000000674,OI0000001136,2021-08-05 00:00:00,Return approved,Refund Settled,376.06,RFD0000000104
RFD0000000105,ORD000000679,OI0000001142,2026-02-14 00:00:00,Return approved,Refund Settled,589.91,RFD0000000105
RFD0000000106,ORD000000685,OI0000001150,2022-06-12 00:00:00,Return approved,Refund Settled,228.27,RFD0000000106
RFD0000000107,ORD000000694,OI0000001165,2024-11-27 00:00:00,Return approved,Refund Settled,515.15,RFD0000000107
RFD0000000108,ORD000000703,OI0000001178,2022-06-06 00:00:00,Return approved,Refund Settled,1087.79,RFD0000000108
RFD0000000109,ORD000000705,OI0000001181,2025-12-08 00:00:00,Return approved,Processed,21852.93,RFD0000000109
RFD0000000110,ORD000000706,OI0000001182,2021-03-27 00:00:00,Return approved,Refund Settled,479.97,RFD0000000110
RFD0000000111,ORD000000706,OI0000001183,2021-03-22 00:00:00,Return approved,Refund Settled,855.61,RFD0000000111
RFD0000000112,ORD000000716,OI0000001205,2021-10-17 00:00:00,Return approved,Processed,426.19,RFD0000000112
RFD0000000113,ORD000000723,OI0000001217,2022-11-15 00:00:00,Return approved,Refund Settled,2546.25,RFD0000000113
RFD0000000114,ORD000000735,OI0000001235,2021-06-16 00:00:00,Return approved,Refund Settled,1884.15,RFD0000000114
RFD0000000115,ORD000000754,OI0000001267,2021-08-01 00:00:00,Return approved,Refund Settled,40929.28,RFD0000000115
RFD0000000116,ORD000000760,OI0000001276,2025-06-26 00:00:00,Return approved,Refund Settled,538.35,RFD0000000116
RFD0000000117,ORD000000775,OI0000001302,2021-04-28 00:00:00,Return approved,Refund Settled,1069.28,RFD0000000117
RFD0000000118,ORD000000784,OI0000001318,2025-08-05 00:00:00,Return approved,Processed,148.08,RFD0000000118
RFD0000000119,ORD000000786,OI0000001320,2023-06-15 00:00:00,Return approved,Refund Settled,44440.81,RFD0000000119
RFD0000000120,ORD000000789,OI0000001324,2024-04-23 00:00:00,Return approved,Refund Settled,1617.29,RFD0000000120
RFD0000000121,ORD000000795,OI0000001335,2023-09-19 00:00:00,Return approved,Refund Settled,476.41,RFD0000000121
RFD0000000122,ORD000000802,OI0000001346,2023-02-11 00:00:00,Return approved,Refund Settled,3280.33,RFD0000000122
RFD0000000123,ORD000000802,OI0000001347,2023-02-02 00:00:00,Return approved,Refund Settled,1559.76,RFD0000000123
RFD0000000124,ORD000000802,OI0000001348,2023-02-08 00:00:00,Return approved,Refund Settled,1024.78,RFD0000000124
RFD0000000125,ORD000000809,OI0000001358,2023-09-20 00:00:00,Return approved,Refund Settled,9942.48,RFD0000000125
RFD0000000126,ORD000000809,OI0000001359,2023-09-28 00:00:00,Return approved,Refund Settled,846.63,RFD0000000126
RFD0000000127,ORD000000820,OI0000001379,2024-03-28 00:00:00,Return approved,Refund Settled,258.82,RFD0000000127
RFD0000000128,ORD000000834,OI0000001403,2022-04-14 00:00:00,Return approved,Refund Settled,2636.23,RFD0000000128
RFD0000000129,ORD000000844,OI0000001420,2023-02-05 00:00:00,Return approved,Refund Settled,493.39,RFD0000000129
RFD0000000130,ORD000000844,OI0000001421,2023-01-30 00:00:00,Return approved,Refund Settled,230.28,RFD0000000130
RFD0000000131,ORD000000848,OI0000001426,2025-12-28 00:00:00,Return approved,Refund Settled,482.76,RFD0000000131
RFD0000000132,ORD000000857,OI0000001442,2024-03-28 00:00:00,Return approved,Refund Settled,3124.73,RFD0000000132
RFD0000000133,ORD000000873,OI0000001470,2021-10-10 00:00:00,Return approved,Refund Settled,328.86,RFD0000000133
RFD0000000134,ORD000000873,OI0000001471,2021-10-11 00:00:00,Return approved,Processed,1102.26,RFD0000000134
RFD0000000135,ORD000000876,OI0000001475,2022-08-06 00:00:00,Return approved,Refund Settled,284.14,RFD0000000135
RFD0000000136,ORD000000876,OI0000001476,2022-07-21 00:00:00,Return approved,Refund Settled,9866.06,RFD0000000136
RFD0000000137,ORD000000878,OI0000001480,2022-10-03 00:00:00,Return approved,Refund Settled,735.47,RFD0000000137
RFD0000000138,ORD000000926,OI0000001557,2023-06-09 00:00:00,Return approved,Refund Settled,430.1,RFD0000000138
RFD0000000139,ORD000000926,OI0000001558,2023-06-20 00:00:00,Return approved,Refund Settled,5965.72,RFD0000000139
RFD0000000140,ORD000000926,OI0000001559,2023-06-11 00:00:00,Return approved,Refund Settled,2818.23,RFD0000000140
RFD0000000141,ORD000000927,OI0000001560,2025-09-29 00:00:00,Return approved,Refund Settled,765.98,RFD0000000141
RFD0000000142,ORD000000927,OI0000001561,2025-09-29 00:00:00,Return approved,Refund Settled,120.61,RFD0000000142
RFD0000000143,ORD000000932,OI0000001569,2024-02-09 00:00:00,Return approved,Refund Settled,279.02,RFD0000000143
RFD0000000144,ORD000000935,OI0000001575,2025-06-22 00:00:00,Return approved,Refund Settled,722.38,RFD0000000144
RFD0000000145,ORD000000935,OI0000001576,2025-07-01 00:00:00,Return approved,Processed,218.84,RFD0000000145
RFD0000000146,ORD000000943,OI0000001590,2025-07-03 00:00:00,Return approved,Refund Settled,260.9,RFD0000000146
RFD0000000147,ORD000000951,OI0000001602,2023-06-04 00:00:00,Return approved,Refund Settled,2679.78,RFD0000000147
RFD0000000148,ORD000000951,OI0000001603,2023-05-20 00:00:00,Return approved,Refund Settled,270.18,RFD0000000148
RFD0000000149,ORD000000954,OI0000001607,2023-09-09 00:00:00,Return approved,Refund Settled,223.13,RFD0000000149
RFD0000000150,ORD000000965,OI0000001627,2025-12-14 00:00:00,Return approved,Refund Settled,20814.07,RFD0000000150
RFD0000000151,ORD000000965,OI0000001628,2025-12-02 00:00:00,Return approved,Refund Settled,510.27,RFD0000000151
RFD0000000152,ORD000000982,OI0000001656,2021-05-12 00:00:00,Return approved,Refund Settled,217.65,RFD0000000152
RFD0000000153,ORD000000982,OI0000001657,2021-05-11 00:00:00,Return approved,Refund Settled,144.18,RFD0000000153
RFD0000000154,ORD000001000,OI0000001688,2025-06-18 00:00:00,Return approved,Refund Settled,517.09,RFD0000000154
RFD0000000155,ORD000001030,OI0000001730,2024-04-28 00:00:00,Return approved,Refund Settled,295.88,RFD0000000155
RFD0000000156,ORD000001050,OI0000001766,2022-02-28 00:00:00,Return approved,Refund Settled,21041.43,RFD0000000156
RFD0000000157,ORD000001051,OI0000001767,2025-01-27 00:00:00,Return approved,Processed,628.98,RFD0000000157
RFD0000000158,ORD000001092,OI0000001825,2025-09-07 00:00:00,Return approved,Refund Settled,215.14,RFD0000000158
RFD0000000159,ORD000001096,OI0000001833,2026-01-31 00:00:00,Return approved,Refund Settled,1545.27,RFD0000000159
RFD0000000160,ORD000001101,OI0000001840,2026-01-10 00:00:00,Return approved,Refund Settled,1261.43,RFD0000000160
RFD0000000161,ORD000001110,OI0000001853,2026-03-12 00:00:00,Return approved,Refund Failed,419.07,RFD0000000161
RFD0000000162,ORD000001118,OI0000001866,2025-11-13 00:00:00,Return approved,Refund Settled,20537.96,RFD0000000162
RFD0000000163,ORD000001120,OI0000001870,2022-03-22 00:00:00,Return approved,Processed,539.97,RFD0000000163
RFD0000000164,ORD000001131,OI0000001891,2023-06-27 00:00:00,Return approved,Refund Settled,233.7,RFD0000000164
RFD0000000165,ORD000001131,OI0000001892,2023-07-03 00:00:00,Return approved,Refund Settled,377.71,RFD0000000165
RFD0000000166,ORD000001143,OI0000001913,2024-11-27 00:00:00,Return approved,Refund Settled,93763.25,RFD0000000166
RFD0000000167,ORD000001149,OI0000001920,2023-05-27 00:00:00,Return approved,Refund Settled,11385.31,RFD0000000167
RFD0000000168,ORD000001149,OI0000001922,2023-06-01 00:00:00,Return approved,Refund Settled,541.57,RFD0000000168
RFD0000000169,ORD000001159,OI0000001936,2025-02-14 00:00:00,Return approved,Refund Settled,200.22,RFD0000000169
RFD0000000170,ORD000001168,OI0000001951,2024-11-06 00:00:00,Return approved,Refund Settled,3387.24,RFD0000000170
RFD0000000171,ORD000001180,OI0000001968,2023-06-20 00:00:00,Return approved,Refund Settled,1266.23,RFD0000000171
RFD0000000172,ORD000001180,OI0000001969,2023-06-15 00:00:00,Return approved,Refund Settled,146.17,RFD0000000172
RFD0000000173,ORD000001184,OI0000001974,2022-07-23 00:00:00,Return approved,Refund Settled,292.93,RFD0000000173
RFD0000000174,ORD000001186,OI0000001978,2021-05-03 00:00:00,Return approved,Refund Settled,680.13,RFD0000000174
RFD0000000175,ORD000001186,OI0000001979,2021-05-04 00:00:00,Return approved,Refund Settled,727.62,RFD0000000175
RFD0000000176,ORD000001211,OI0000002018,2024-07-20 00:00:00,Return approved,Refund Settled,3342.38,RFD0000000176
RFD0000000177,ORD000001211,OI0000002019,2024-07-26 00:00:00,Return approved,Refund Settled,1009.64,RFD0000000177
RFD0000000178,ORD000001215,OI0000002026,2022-10-26 00:00:00,Return approved,Processed,226.3,RFD0000000178
RFD0000000179,ORD000001215,OI0000002027,2022-10-21 00:00:00,Return approved,Refund Settled,20401.54,RFD0000000179
RFD0000000180,ORD000001215,OI0000002028,2022-10-27 00:00:00,Return approved,Refund Settled,40365.57,RFD0000000180
RFD0000000181,ORD000001220,OI0000002038,2021-10-14 00:00:00,Return approved,Refund Settled,5723.15,RFD0000000181
RFD0000000182,ORD000001220,OI0000002039,2021-10-23 00:00:00,Return approved,Refund Settled,524.75,RFD0000000182
RFD0000000183,ORD000001230,OI0000002058,2023-06-21 00:00:00,Return approved,Refund Settled,5597.43,RFD0000000183
RFD0000000184,ORD000001246,OI0000002091,2023-02-01 00:00:00,Return approved,Refund Settled,798.35,RFD0000000184
RFD0000000185,ORD000001252,OI0000002099,2021-07-23 00:00:00,Return approved,Refund Settled,410.57,RFD0000000185
RFD0000000186,ORD000001271,OI0000002131,2024-10-11 00:00:00,Return approved,Refund Settled,271.7,RFD0000000186
RFD0000000187,ORD000001273,OI0000002133,2023-04-02 00:00:00,Return approved,Refund Settled,4859.05,RFD0000000187
RFD0000000188,ORD000001286,OI0000002154,2024-01-23 00:00:00,Return approved,Refund Settled,423.92,RFD0000000188
RFD0000000189,ORD000001287,OI0000002155,2026-01-22 00:00:00,Return approved,Refund Settled,5970.37,RFD0000000189
RFD0000000190,ORD000001297,OI0000002172,2023-12-13 00:00:00,Return approved,Refund Settled,241.97,RFD0000000190
RFD0000000191,ORD000001297,OI0000002173,2023-12-07 00:00:00,Return approved,Processed,429.5,RFD0000000191
RFD0000000192,ORD000001299,OI0000002176,2022-07-17 00:00:00,Return approved,Refund Settled,730.35,RFD0000000192
RFD0000000193,ORD000001304,OI0000002182,2025-08-06 00:00:00,Return approved,Refund Settled,975.27,RFD0000000193
RFD0000000194,ORD000001304,OI0000002183,2025-08-05 00:00:00,Return approved,Refund Settled,6439.35,RFD0000000194
RFD0000000195,ORD000001311,OI0000002195,2024-05-15 00:00:00,Return approved,Refund Settled,548.02,RFD0000000195
RFD0000000196,ORD000001317,OI0000002206,2025-10-28 00:00:00,Return approved,Refund Settled,547.42,RFD0000000196
RFD0000000197,ORD000001323,OI0000002216,2024-06-01 00:00:00,Return approved,Refund Failed,880.43,RFD0000000197
RFD0000000198,ORD000001326,OI0000002222,2022-01-02 00:00:00,Return approved,Refund Settled,597.31,RFD0000000198
RFD0000000199,ORD000001349,OI0000002258,2024-05-23 00:00:00,Return approved,Refund Settled,415.52,RFD0000000199
RFD0000000200,ORD000001349,OI0000002259,2024-06-02 00:00:00,Return approved,Refund Settled,2950.24,RFD0000000200
RFD0000000201,ORD000001364,OI0000002282,2023-02-08 00:00:00,Return approved,Refund Settled,280.72,RFD0000000201
RFD0000000202,ORD000001364,OI0000002283,2023-02-19 00:00:00,Return approved,Refund Settled,860.72,RFD0000000202
RFD0000000203,ORD000001370,OI0000002292,2023-03-11 00:00:00,Return approved,Refund Settled,282.62,RFD0000000203
RFD0000000204,ORD000001370,OI0000002293,2023-03-09 00:00:00,Return approved,Refund Settled,572.14,RFD0000000204
RFD0000000205,ORD000001378,OI0000002308,2023-01-05 00:00:00,Return approved,Refund Settled,5168.97,RFD0000000205
RFD0000000206,ORD000001392,OI0000002328,2021-11-20 00:00:00,Return approved,Refund Settled,249.83,RFD0000000206
RFD0000000207,ORD000001392,OI0000002329,2021-11-25 00:00:00,Return approved,Refund Failed,19356.66,RFD0000000207
RFD0000000208,ORD000001395,OI0000002333,2021-10-31 00:00:00,Return approved,Refund Settled,6315.92,RFD0000000208
RFD0000000209,ORD000001396,OI0000002334,2026-01-03 00:00:00,Return approved,Refund Settled,10537.16,RFD0000000209
RFD0000000210,ORD000001402,OI0000002342,2023-08-30 00:00:00,Return approved,Refund Settled,510.77,RFD0000000210
RFD0000000211,ORD000001428,OI0000002382,2024-08-22 00:00:00,Return approved,Refund Settled,1643.14,RFD0000000211
RFD0000000212,ORD000001428,OI0000002383,2024-08-18 00:00:00,Return approved,Refund Settled,832.16,RFD0000000212
RFD0000000213,ORD000001449,OI0000002418,2025-11-17 00:00:00,Return approved,Refund Settled,442.23,RFD0000000213
RFD0000000214,ORD000001453,OI0000002425,2022-10-13 00:00:00,Return approved,Refund Settled,1329.95,RFD0000000214
RFD0000000215,ORD000001481,OI0000002475,2025-12-25 00:00:00,Return approved,Refund Settled,9961.5,RFD0000000215
RFD0000000216,ORD000001481,OI0000002476,2025-12-13 00:00:00,Return approved,Refund Settled,436.31,RFD0000000216
RFD0000000217,ORD000001487,OI0000002484,2022-02-18 00:00:00,Return approved,Refund Settled,6274.35,RFD0000000217
RFD0000000218,ORD000001487,OI0000002485,2022-02-16 00:00:00,Return approved,Refund Settled,9885.97,RFD0000000218
RFD0000000219,ORD000001513,OI0000002525,2021-09-13 00:00:00,Return approved,Refund Settled,134.02,RFD0000000219
RFD0000000220,ORD000001513,OI0000002526,2021-09-27 00:00:00,Return approved,Refund Failed,19524.41,RFD0000000220
RFD0000000221,ORD000001515,OI0000002528,2022-06-02 00:00:00,Return approved,Refund Settled,283.12,RFD0000000221
RFD0000000222,ORD000001515,OI0000002529,2022-05-19 00:00:00,Return approved,Refund Settled,731.51,RFD0000000222
RFD0000000223,ORD000001527,OI0000002549,2025-05-24 00:00:00,Return approved,Refund Settled,20468.74,RFD0000000223
RFD0000000224,ORD000001527,OI0000002550,2025-05-23 00:00:00,Return approved,Refund Settled,1673.64,RFD0000000224
RFD0000000225,ORD000001532,OI0000002561,2021-09-23 00:00:00,Return approved,Refund Settled,1781.63,RFD0000000225
RFD0000000226,ORD000001536,OI0000002567,2024-07-31 00:00:00,Return approved,Refund Settled,10149.36,RFD0000000226
RFD0000000227,ORD000001536,OI0000002568,2024-08-16 00:00:00,Return approved,Refund Settled,875.62,RFD0000000227
RFD0000000228,ORD000001545,OI0000002584,2022-07-27 00:00:00,Return approved,Refund Settled,21200.05,RFD0000000228
RFD0000000229,ORD000001545,OI0000002585,2022-07-29 00:00:00,Return approved,Refund Settled,873.73,RFD0000000229
RFD0000000230,ORD000001545,OI0000002586,2022-08-01 00:00:00,Return approved,Refund Settled,10418.13,RFD0000000230
RFD0000000231,ORD000001559,OI0000002607,2023-03-16 00:00:00,Return approved,Refund Settled,880.29,RFD0000000231
RFD0000000232,ORD000001566,OI0000002618,2022-02-03 00:00:00,Return approved,Refund Settled,41171.79,RFD0000000232
RFD0000000233,ORD000001573,OI0000002633,2022-02-17 00:00:00,Return approved,Refund Settled,248.45,RFD0000000233
RFD0000000234,ORD000001573,OI0000002634,2022-02-14 00:00:00,Return approved,Refund Settled,138.23,RFD0000000234
RFD0000000235,ORD000001576,OI0000002639,2025-05-19 00:00:00,Return approved,Refund Settled,711.77,RFD0000000235
RFD0000000236,ORD000001578,OI0000002641,2025-03-18 00:00:00,Return approved,Refund Settled,304.54,RFD0000000236
RFD0000000237,ORD000001582,OI0000002646,2024-08-31 00:00:00,Return approved,Refund Settled,2729.76,RFD0000000237
RFD0000000238,ORD000001582,OI0000002647,2024-09-01 00:00:00,Return approved,Refund Failed,9672.51,RFD0000000238
RFD0000000239,ORD000001582,OI0000002648,2024-09-07 00:00:00,Return approved,Refund Settled,513.93,RFD0000000239
RFD0000000240,ORD000001585,OI0000002653,2022-12-16 00:00:00,Return approved,Refund Settled,201.52,RFD0000000240
RFD0000000241,ORD000001594,OI0000002666,2022-12-16 00:00:00,Return approved,Refund Settled,2331.07,RFD0000000241
RFD0000000242,ORD000001594,OI0000002667,2022-12-09 00:00:00,Return approved,Refund Settled,11117.84,RFD0000000242
RFD0000000243,ORD000001595,OI0000002668,2024-04-16 00:00:00,Return approved,Refund Settled,755.55,RFD0000000243
RFD0000000244,ORD000001614,OI0000002701,2022-09-15 00:00:00,Return approved,Refund Settled,446.13,RFD0000000244
RFD0000000245,ORD000001629,OI0000002725,2023-08-24 00:00:00,Return approved,Refund Settled,180.89,RFD0000000245
RFD0000000246,ORD000001629,OI0000002726,2023-08-21 00:00:00,Return approved,Refund Settled,421.41,RFD0000000246
RFD0000000247,ORD000001631,OI0000002729,2021-06-16 00:00:00,Return approved,Processed,829.26,RFD0000000247
RFD0000000248,ORD000001631,OI0000002730,2021-06-01 00:00:00,Return approved,Refund Settled,44873.74,RFD0000000248
RFD0000000249,ORD000001631,OI0000002731,2021-05-31 00:00:00,Return approved,Refund Settled,39010.27,RFD0000000249
RFD0000000250,ORD000001666,OI0000002784,2023-07-15 00:00:00,Return approved,Refund Settled,5759.69,RFD0000000250
RFD0000000251,ORD000001675,OI0000002794,2025-04-22 00:00:00,Return approved,Refund Settled,407.16,RFD0000000251
RFD0000000252,ORD000001677,OI0000002798,2026-02-07 00:00:00,Return approved,Refund Settled,10731.77,RFD0000000252
RFD0000000253,ORD000001677,OI0000002799,2026-02-03 00:00:00,Return approved,Refund Settled,202.03,RFD0000000253
RFD0000000254,ORD000001697,OI0000002828,2023-01-27 00:00:00,Return approved,Refund Settled,263.39,RFD0000000254
RFD0000000255,ORD000001697,OI0000002829,2023-02-11 00:00:00,Return approved,Refund Settled,470.5,RFD0000000255
RFD0000000256,ORD000001697,OI0000002830,2023-01-31 00:00:00,Return approved,Refund Settled,424.54,RFD0000000256
RFD0000000257,ORD000001746,OI0000002917,2022-07-03 00:00:00,Return approved,Refund Settled,3274.35,RFD0000000257
RFD0000000258,ORD000001753,OI0000002925,2024-08-25 00:00:00,Return approved,Refund Settled,10700.07,RFD0000000258
RFD0000000259,ORD000001758,OI0000002932,2024-10-03 00:00:00,Return approved,Processed,5301.59,RFD0000000259
RFD0000000260,ORD000001758,OI0000002933,2024-10-20 00:00:00,Return approved,Refund Settled,205.91,RFD0000000260
RFD0000000261,ORD000001762,OI0000002938,2025-09-20 00:00:00,Return approved,Refund Settled,46991.6,RFD0000000261
RFD0000000262,ORD000001762,OI0000002939,2025-09-12 00:00:00,Return approved,Refund Settled,508.76,RFD0000000262
RFD0000000263,ORD000001769,OI0000002948,2023-10-26 00:00:00,Return approved,Refund Settled,813.84,RFD0000000263
RFD0000000264,ORD000001780,OI0000002967,2023-10-03 00:00:00,Return approved,Refund Settled,22591.97,RFD0000000264
RFD0000000265,ORD000001796,OI0000002997,2025-08-27 00:00:00,Return approved,Refund Settled,1185.87,RFD0000000265
RFD0000000266,ORD000001808,OI0000003018,2022-01-25 00:00:00,Return approved,Refund Settled,260.02,RFD0000000266
RFD0000000267,ORD000001827,OI0000003053,2025-01-13 00:00:00,Return approved,Processed,488.42,RFD0000000267
RFD0000000268,ORD000001827,OI0000003054,2025-01-08 00:00:00,Return approved,Refund Settled,418.6,RFD0000000268
RFD0000000269,ORD000001834,OI0000003069,2024-11-11 00:00:00,Return approved,Refund Settled,1287.15,RFD0000000269
RFD0000000270,ORD000001837,OI0000003075,2023-04-25 00:00:00,Return approved,Refund Settled,962.82,RFD0000000270
RFD0000000271,ORD000001837,OI0000003076,2023-04-17 00:00:00,Return approved,Refund Settled,426.92,RFD0000000271
RFD0000000272,ORD000001842,OI0000003084,2022-12-05 00:00:00,Return approved,Refund Settled,420.61,RFD0000000272
RFD0000000273,ORD000001845,OI0000003088,2022-05-11 00:00:00,Return approved,Refund Settled,21075.88,RFD0000000273
RFD0000000274,ORD000001845,OI0000003089,2022-04-23 00:00:00,Return approved,Refund Settled,489.81,RFD0000000274
RFD0000000275,ORD000001848,OI0000003092,2021-07-24 00:00:00,Return approved,Refund Settled,975.87,RFD0000000275
RFD0000000276,ORD000001854,OI0000003099,2022-07-27 00:00:00,Return approved,Refund Settled,539.43,RFD0000000276
RFD0000000277,ORD000001854,OI0000003100,2022-07-31 00:00:00,Return approved,Refund Settled,469.76,RFD0000000277
RFD0000000278,ORD000001865,OI0000003120,2022-10-12 00:00:00,Return approved,Refund Settled,302.27,RFD0000000278
RFD0000000279,ORD000001865,OI0000003121,2022-10-14 00:00:00,Return approved,Refund Settled,242.54,RFD0000000279
RFD0000000280,ORD000001883,OI0000003149,2025-07-10 00:00:00,Return approved,Refund Settled,784.14,RFD0000000280
RFD0000000281,ORD000001901,OI0000003175,2022-10-06 00:00:00,Return approved,Refund Settled,960.15,RFD0000000281
RFD0000000282,ORD000001901,OI0000003176,2022-10-15 00:00:00,Return approved,Refund Settled,20432.38,RFD0000000282
RFD0000000283,ORD000001918,OI0000003205,2022-04-02 00:00:00,Return approved,Refund Settled,1120.36,RFD0000000283
RFD0000000284,ORD000001918,OI0000003206,2022-04-13 00:00:00,Return approved,Processed,384.16,RFD0000000284
RFD0000000285,ORD000001923,OI0000003215,2023-11-22 00:00:00,Return approved,Refund Settled,4906.24,RFD0000000285
RFD0000000286,ORD000001932,OI0000003227,2026-02-07 00:00:00,Return approved,Refund Settled,219.64,RFD0000000286
RFD0000000287,ORD000001942,OI0000003246,2024-08-29 00:00:00,Return approved,Refund Settled,10633.93,RFD0000000287
RFD0000000288,ORD000001945,OI0000003251,2022-05-29 00:00:00,Return approved,Refund Settled,302.39,RFD0000000288
RFD0000000289,ORD000001945,OI0000003252,2022-06-03 00:00:00,Return approved,Processed,20996.53,RFD0000000289
RFD0000000290,ORD000001976,OI0000003297,2025-01-18 00:00:00,Return approved,Processed,1040.74,RFD0000000290
RFD0000000291,ORD000001980,OI0000003302,2025-10-14 00:00:00,Return approved,Refund Settled,5168.32,RFD0000000291
RFD0000000292,ORD000001980,OI0000003303,2025-10-20 00:00:00,Return approved,Refund Settled,1210.12,RFD0000000292
RFD0000000293,ORD000001982,OI0000003306,2024-05-02 00:00:00,Return approved,Refund Settled,299.93,RFD0000000293
RFD0000000294,ORD000001983,OI0000003307,2021-09-26 00:00:00,Return approved,Processed,135.3,RFD0000000294
RFD0000000295,ORD000001993,OI0000003322,2021-08-30 00:00:00,Return approved,Refund Settled,143.9,RFD0000000295
RFD0000000296,ORD000001999,OI0000003333,2026-02-13 00:00:00,Return approved,Refund Settled,817.64,RFD0000000296
RFD0000000297,ORD000002002,OI0000003336,2023-04-15 00:00:00,Return approved,Refund Settled,134.76,RFD0000000297
RFD0000000298,ORD000002006,OI0000003341,2022-01-27 00:00:00,Return approved,Refund Settled,759.88,RFD0000000298
RFD0000000299,ORD000002021,OI0000003366,2023-02-14 00:00:00,Return approved,Refund Settled,1237.53,RFD0000000299
RFD0000000300,ORD000002024,OI0000003370,2023-03-23 00:00:00,Return approved,Refund Settled,829.01,RFD0000000300
RFD0000000301,ORD000002024,OI0000003371,2023-03-10 00:00:00,Return approved,Refund Settled,413.13,RFD0000000301
RFD0000000302,ORD000002031,OI0000003381,2021-04-22 00:00:00,Return approved,Refund Settled,911.5,RFD0000000302
RFD0000000303,ORD000002043,OI0000003401,2025-06-12 00:00:00,Return approved,Refund Failed,41544.3,RFD0000000303
RFD0000000304,ORD000002045,OI0000003404,2021-04-22 00:00:00,Return approved,Refund Failed,242.61,RFD0000000304
RFD0000000305,ORD000002072,OI0000003446,2022-10-30 00:00:00,Return approved,Refund Settled,559.18,RFD0000000305
RFD0000000306,ORD000002079,OI0000003456,2021-10-16 00:00:00,Return approved,Refund Settled,83534.65,RFD0000000306
RFD0000000307,ORD000002081,OI0000003462,2023-05-31 00:00:00,Return approved,Refund Settled,438.36,RFD0000000307
RFD0000000308,ORD000002087,OI0000003470,2022-09-23 00:00:00,Return approved,Refund Settled,265.45,RFD0000000308
RFD0000000309,ORD000002102,OI0000003500,2024-02-20 00:00:00,Return approved,Processed,134.26,RFD0000000309
RFD0000000310,ORD000002111,OI0000003513,2025-01-31 00:00:00,Return approved,Refund Settled,545.58,RFD0000000310
RFD0000000311,ORD000002112,OI0000003514,2025-08-18 00:00:00,Return approved,Refund Settled,6194.64,RFD0000000311
RFD0000000312,ORD000002113,OI0000003515,2024-03-24 00:00:00,Return approved,Refund Settled,917.88,RFD0000000312
RFD0000000313,ORD000002113,OI0000003516,2024-03-25 00:00:00,Return approved,Refund Failed,393.17,RFD0000000313
RFD0000000314,ORD000002117,OI0000003523,2023-09-14 00:00:00,Return approved,Refund Settled,9719.62,RFD0000000314
RFD0000000315,ORD000002117,OI0000003524,2023-09-21 00:00:00,Return approved,Refund Settled,123.12,RFD0000000315
RFD0000000316,ORD000002121,OI0000003530,2025-03-21 00:00:00,Return approved,Refund Settled,1845.97,RFD0000000316
RFD0000000317,ORD000002122,OI0000003531,2025-10-18 00:00:00,Return approved,Refund Settled,1486.12,RFD0000000317
RFD0000000318,ORD000002138,OI0000003556,2024-08-03 00:00:00,Return approved,Refund Settled,825.77,RFD0000000318
RFD0000000319,ORD000002138,OI0000003557,2024-08-01 00:00:00,Return approved,Refund Settled,655.72,RFD0000000319
RFD0000000320,ORD000002138,OI0000003558,2024-07-29 00:00:00,Return approved,Refund Settled,148.97,RFD0000000320
RFD0000000321,ORD000002159,OI0000003596,2022-08-14 00:00:00,Return approved,Refund Settled,9631.19,RFD0000000321
RFD0000000322,ORD000002159,OI0000003597,2022-08-12 00:00:00,Return approved,Refund Settled,39183.78,RFD0000000322
RFD0000000323,ORD000002177,OI0000003629,2024-08-18 00:00:00,Return approved,Refund Settled,425.33,RFD0000000323
RFD0000000324,ORD000002177,OI0000003630,2024-08-16 00:00:00,Return approved,Refund Settled,5380.88,RFD0000000324
RFD0000000325,ORD000002185,OI0000003645,2023-06-22 00:00:00,Return approved,Refund Settled,11576.32,RFD0000000325
RFD0000000326,ORD000002185,OI0000003646,2023-06-14 00:00:00,Return approved,Refund Settled,2643.51,RFD0000000326
RFD0000000327,ORD000002210,OI0000003685,2024-03-30 00:00:00,Return approved,Refund Settled,6386.61,RFD0000000327
RFD0000000328,ORD000002211,OI0000003686,2023-11-30 00:00:00,Return approved,Refund Settled,406.72,RFD0000000328
RFD0000000329,ORD000002224,OI0000003710,2022-06-21 00:00:00,Return approved,Refund Settled,10633.97,RFD0000000329
RFD0000000330,ORD000002239,OI0000003731,2021-07-19 00:00:00,Return approved,Refund Settled,9760.42,RFD0000000330
RFD0000000331,ORD000002245,OI0000003739,2024-12-04 00:00:00,Return approved,Refund Settled,287.94,RFD0000000331
RFD0000000332,ORD000002252,OI0000003751,2024-10-07 00:00:00,Return approved,Refund Settled,569.58,RFD0000000332
RFD0000000333,ORD000002252,OI0000003752,2024-10-10 00:00:00,Return approved,Refund Settled,450.19,RFD0000000333
RFD0000000334,ORD000002275,OI0000003787,2024-02-18 00:00:00,Return approved,Refund Settled,803.5,RFD0000000334
RFD0000000335,ORD000002277,OI0000003790,2021-07-22 00:00:00,Return approved,Refund Settled,212.66,RFD0000000335
RFD0000000336,ORD000002282,OI0000003797,2025-09-11 00:00:00,Return approved,Refund Settled,10911.62,RFD0000000336
RFD0000000337,ORD000002291,OI0000003814,2025-05-07 00:00:00,Return approved,Refund Settled,302.49,RFD0000000337
RFD0000000338,ORD000002293,OI0000003817,2022-03-22 00:00:00,Return approved,Refund Settled,1495.38,RFD0000000338
RFD0000000339,ORD000002293,OI0000003818,2022-03-16 00:00:00,Return approved,Refund Settled,21835.41,RFD0000000339
RFD0000000340,ORD000002304,OI0000003837,2022-04-14 00:00:00,Return approved,Refund Settled,240.1,RFD0000000340
RFD0000000341,ORD000002304,OI0000003838,2022-04-13 00:00:00,Return approved,Refund Settled,2746.84,RFD0000000341
RFD0000000342,ORD000002308,OI0000003847,2024-12-04 00:00:00,Return approved,Refund Settled,311.86,RFD0000000342
RFD0000000343,ORD000002319,OI0000003859,2024-08-18 00:00:00,Return approved,Refund Settled,737.49,RFD0000000343
RFD0000000344,ORD000002326,OI0000003872,2025-06-08 00:00:00,Return approved,Refund Settled,234.21,RFD0000000344
RFD0000000345,ORD000002355,OI0000003915,2024-06-08 00:00:00,Return approved,Refund Settled,647.02,RFD0000000345
RFD0000000346,ORD000002362,OI0000003926,2025-12-23 00:00:00,Return approved,Refund Settled,275.6,RFD0000000346
RFD0000000347,ORD000002362,OI0000003927,2026-01-08 00:00:00,Return approved,Refund Settled,2866.56,RFD0000000347
RFD0000000348,ORD000002365,OI0000003932,2024-03-28 00:00:00,Return approved,Refund Settled,5931.67,RFD0000000348
RFD0000000349,ORD000002366,OI0000003933,2024-08-05 00:00:00,Return approved,Refund Settled,5042.34,RFD0000000349
RFD0000000350,ORD000002366,OI0000003934,2024-08-08 00:00:00,Return approved,Refund Settled,385.17,RFD0000000350
RFD0000000351,ORD000002372,OI0000003944,2021-11-01 00:00:00,Return approved,Refund Settled,453.01,RFD0000000351
RFD0000000352,ORD000002372,OI0000003945,2021-10-31 00:00:00,Return approved,Refund Settled,22937.27,RFD0000000352
RFD0000000353,ORD000002409,OI0000004013,2023-08-17 00:00:00,Return approved,Refund Settled,1557.52,RFD0000000353
RFD0000000354,ORD000002410,OI0000004014,2023-05-31 00:00:00,Return approved,Refund Settled,9224.02,RFD0000000354
RFD0000000355,ORD000002427,OI0000004045,2023-07-26 00:00:00,Return approved,Refund Settled,2167.59,RFD0000000355
RFD0000000356,ORD000002427,OI0000004046,2023-07-27 00:00:00,Return approved,Refund Settled,491.5,RFD0000000356
RFD0000000357,ORD000002427,OI0000004047,2023-07-26 00:00:00,Return approved,Refund Settled,42502.02,RFD0000000357
RFD0000000358,ORD000002428,OI0000004048,2021-11-08 00:00:00,Return approved,Refund Settled,9918.75,RFD0000000358
RFD0000000359,ORD000002469,OI0000004113,2025-03-23 00:00:00,Return approved,Refund Settled,5012.12,RFD0000000359
RFD0000000360,ORD000002469,OI0000004114,2025-03-10 00:00:00,Return approved,Refund Settled,493.83,RFD0000000360
RFD0000000361,ORD000002472,OI0000004118,2022-07-25 00:00:00,Return approved,Refund Settled,1208.86,RFD0000000361
RFD0000000362,ORD000002477,OI0000004127,2022-03-06 00:00:00,Return approved,Refund Settled,126.79,RFD0000000362
RFD0000000363,ORD000002479,OI0000004130,2023-07-06 00:00:00,Return approved,Refund Settled,94923.03,RFD0000000363
RFD0000000364,ORD000002479,OI0000004131,2023-06-29 00:00:00,Return approved,Refund Settled,365.2,RFD0000000364
RFD0000000365,ORD000002485,OI0000004142,2025-12-08 00:00:00,Return approved,Refund Settled,11366.98,RFD0000000365
RFD0000000366,ORD000002488,OI0000004148,2025-01-14 00:00:00,Return approved,Refund Settled,260.88,RFD0000000366
RFD0000000367,ORD000002497,OI0000004160,2024-08-12 00:00:00,Return approved,Refund Settled,20460.74,RFD0000000367
RFD0000000368,ORD000002497,OI0000004161,2024-08-20 00:00:00,Return approved,Refund Settled,242.93,RFD0000000368
RFD0000000369,ORD000002508,OI0000004179,2023-09-10 00:00:00,Return approved,Refund Settled,450.51,RFD0000000369
RFD0000000370,ORD000002542,OI0000004239,2023-01-19 00:00:00,Return approved,Refund Settled,852.92,RFD0000000370
RFD0000000371,ORD000002547,OI0000004247,2025-01-11 00:00:00,Return approved,Refund Settled,474.87,RFD0000000371
RFD0000000372,ORD000002551,OI0000004255,2024-01-11 00:00:00,Return approved,Refund Settled,10553.22,RFD0000000372
RFD0000000373,ORD000002552,OI0000004256,2024-04-06 00:00:00,Return approved,Refund Failed,489.43,RFD0000000373
RFD0000000374,ORD000002556,OI0000004265,2026-01-16 00:00:00,Return approved,Refund Settled,590.57,RFD0000000374
RFD0000000375,ORD000002577,OI0000004303,2022-06-11 00:00:00,Return approved,Refund Failed,560.58,RFD0000000375
RFD0000000376,ORD000002579,OI0000004306,2022-04-07 00:00:00,Return approved,Refund Settled,998.62,RFD0000000376
RFD0000000377,ORD000002589,OI0000004322,2025-10-01 00:00:00,Return approved,Refund Settled,275.84,RFD0000000377
RFD0000000378,ORD000002589,OI0000004323,2025-09-21 00:00:00,Return approved,Refund Settled,504.26,RFD0000000378
RFD0000000379,ORD000002591,OI0000004325,2021-12-25 00:00:00,Return approved,Refund Settled,6130.78,RFD0000000379
RFD0000000380,ORD000002591,OI0000004326,2021-12-28 00:00:00,Return approved,Refund Settled,378.78,RFD0000000380
RFD0000000381,ORD000002591,OI0000004327,2021-12-18 00:00:00,Return approved,Processed,1694.06,RFD0000000381
RFD0000000382,ORD000002600,OI0000004340,2025-12-14 00:00:00,Return approved,Refund Settled,214.74,RFD0000000382
RFD0000000383,ORD000002608,OI0000004355,2025-05-09 00:00:00,Return approved,Refund Settled,10702.39,RFD0000000383
RFD0000000384,ORD000002611,OI0000004358,2022-05-08 00:00:00,Return approved,Processed,5594.28,RFD0000000384
RFD0000000385,ORD000002611,OI0000004359,2022-04-28 00:00:00,Return approved,Refund Settled,470.3,RFD0000000385
RFD0000000386,ORD000002622,OI0000004375,2022-03-18 00:00:00,Return approved,Refund Settled,969.52,RFD0000000386
RFD0000000387,ORD000002622,OI0000004376,2022-03-28 00:00:00,Return approved,Refund Settled,969.58,RFD0000000387
RFD0000000388,ORD000002626,OI0000004381,2024-03-10 00:00:00,Return approved,Refund Settled,195.85,RFD0000000388
RFD0000000389,ORD000002633,OI0000004396,2023-01-02 00:00:00,Return approved,Refund Settled,788.48,RFD0000000389
RFD0000000390,ORD000002633,OI0000004397,2022-12-28 00:00:00,Return approved,Refund Settled,1603.45,RFD0000000390
RFD0000000391,ORD000002636,OI0000004402,2021-09-30 00:00:00,Return approved,Refund Settled,20127.83,RFD0000000391
RFD0000000392,ORD000002645,OI0000004423,2024-03-23 00:00:00,Return approved,Refund Settled,199.96,RFD0000000392
RFD0000000393,ORD000002648,OI0000004428,2021-07-31 00:00:00,Return approved,Refund Settled,460.46,RFD0000000393
RFD0000000394,ORD000002658,OI0000004444,2023-04-08 00:00:00,Return approved,Refund Settled,124.98,RFD0000000394
RFD0000000395,ORD000002675,OI0000004469,2024-08-16 00:00:00,Return approved,Refund Settled,514.73,RFD0000000395
RFD0000000396,ORD000002680,OI0000004477,2024-05-14 00:00:00,Return approved,Refund Settled,154.53,RFD0000000396
RFD0000000397,ORD000002684,OI0000004483,2023-05-01 00:00:00,Return approved,Refund Settled,810.81,RFD0000000397
RFD0000000398,ORD000002686,OI0000004487,2023-07-03 00:00:00,Return approved,Refund Failed,858.92,RFD0000000398
RFD0000000399,ORD000002686,OI0000004488,2023-07-05 00:00:00,Return approved,Refund Settled,415.39,RFD0000000399
RFD0000000400,ORD000002691,OI0000004496,2021-03-13 00:00:00,Return approved,Refund Settled,6080.22,RFD0000000400
RFD0000000401,ORD000002691,OI0000004497,2021-03-12 00:00:00,Return approved,Refund Settled,227.71,RFD0000000401
RFD0000000402,ORD000002705,OI0000004521,2021-03-29 00:00:00,Return approved,Refund Settled,42192.86,RFD0000000402
RFD0000000403,ORD000002707,OI0000004523,2024-05-21 00:00:00,Return approved,Refund Settled,10007.78,RFD0000000403
RFD0000000404,ORD000002707,OI0000004524,2024-05-31 00:00:00,Return approved,Refund Settled,145.63,RFD0000000404
RFD0000000405,ORD000002713,OI0000004538,2021-11-05 00:00:00,Return approved,Refund Settled,212.98,RFD0000000405
RFD0000000406,ORD000002716,OI0000004544,2023-02-02 00:00:00,Return approved,Refund Settled,19593.13,RFD0000000406
RFD0000000407,ORD000002717,OI0000004545,2023-03-04 00:00:00,Return approved,Processed,791.0,RFD0000000407
RFD0000000408,ORD000002730,OI0000004567,2024-10-02 00:00:00,Return approved,Refund Settled,2633.89,RFD0000000408
RFD0000000409,ORD000002730,OI0000004568,2024-09-28 00:00:00,Return approved,Refund Settled,439.13,RFD0000000409
RFD0000000410,ORD000002730,OI0000004569,2024-10-05 00:00:00,Return approved,Refund Settled,10321.31,RFD0000000410
RFD0000000411,ORD000002748,OI0000004597,2021-07-28 00:00:00,Return approved,Refund Settled,1252.07,RFD0000000411
RFD0000000412,ORD000002766,OI0000004622,2023-09-17 00:00:00,Return approved,Refund Settled,456.42,RFD0000000412
RFD0000000413,ORD000002766,OI0000004623,2023-09-18 00:00:00,Return approved,Refund Settled,592.11,RFD0000000413
RFD0000000414,ORD000002767,OI0000004625,2021-12-07 00:00:00,Return approved,Refund Settled,504.72,RFD0000000414
RFD0000000415,ORD000002773,OI0000004635,2021-09-06 00:00:00,Return approved,Refund Settled,234.03,RFD0000000415
RFD0000000416,ORD000002801,OI0000004682,2024-11-05 00:00:00,Return approved,Refund Settled,9680.34,RFD0000000416
RFD0000000417,ORD000002801,OI0000004683,2024-11-03 00:00:00,Return approved,Refund Settled,20417.08,RFD0000000417
RFD0000000418,ORD000002802,OI0000004685,2026-01-31 00:00:00,Return approved,Refund Settled,132.97,RFD0000000418
RFD0000000419,ORD000002802,OI0000004687,2026-01-26 00:00:00,Return approved,Refund Settled,10412.14,RFD0000000419
RFD0000000420,ORD000002803,OI0000004688,2022-03-28 00:00:00,Return approved,Refund Settled,4634.07,RFD0000000420
RFD0000000421,ORD000002803,OI0000004689,2022-04-01 00:00:00,Return approved,Refund Settled,570.56,RFD0000000421
RFD0000000422,ORD000002808,OI0000004696,2024-08-01 00:00:00,Return approved,Refund Settled,268.25,RFD0000000422
RFD0000000423,ORD000002832,OI0000004737,2021-10-17 00:00:00,Return approved,Refund Settled,449.4,RFD0000000423
RFD0000000424,ORD000002832,OI0000004738,2021-10-21 00:00:00,Return approved,Refund Settled,40583.32,RFD0000000424
RFD0000000425,ORD000002844,OI0000004758,2025-06-28 00:00:00,Return approved,Refund Settled,396.71,RFD0000000425
RFD0000000426,ORD000002860,OI0000004784,2024-08-12 00:00:00,Return approved,Refund Settled,229.76,RFD0000000426
RFD0000000427,ORD000002860,OI0000004785,2024-08-16 00:00:00,Return approved,Refund Settled,2096.24,RFD0000000427
RFD0000000428,ORD000002871,OI0000004801,2023-09-13 00:00:00,Return approved,Refund Settled,792.12,RFD0000000428
RFD0000000429,ORD000002885,OI0000004824,2026-01-01 00:00:00,Return approved,Refund Settled,436.88,RFD0000000429
RFD0000000430,ORD000002885,OI0000004825,2025-12-21 00:00:00,Return approved,Refund Failed,1204.39,RFD0000000430
RFD0000000431,ORD000002906,OI0000004859,2021-12-16 00:00:00,Return approved,Refund Settled,456.38,RFD0000000431
RFD0000000432,ORD000002906,OI0000004860,2021-12-27 00:00:00,Return approved,Refund Settled,151.39,RFD0000000432
RFD0000000433,ORD000002908,OI0000004863,2021-07-30 00:00:00,Return approved,Refund Settled,897.02,RFD0000000433
RFD0000000434,ORD000002914,OI0000004873,2024-07-23 00:00:00,Return approved,Processed,439.67,RFD0000000434
RFD0000000435,ORD000002914,OI0000004874,2024-08-07 00:00:00,Return approved,Refund Settled,222.6,RFD0000000435
RFD0000000436,ORD000002914,OI0000004875,2024-08-08 00:00:00,Return approved,Refund Settled,21469.25,RFD0000000436
RFD0000000437,ORD000002924,OI0000004891,2022-06-23 00:00:00,Return approved,Refund Settled,420.25,RFD0000000437
RFD0000000438,ORD000002924,OI0000004892,2022-06-14 00:00:00,Return approved,Refund Settled,489.47,RFD0000000438
RFD0000000439,ORD000002930,OI0000004901,2021-03-14 00:00:00,Return approved,Refund Settled,20782.28,RFD0000000439
RFD0000000440,ORD000002930,OI0000004902,2021-03-08 00:00:00,Return approved,Refund Settled,6132.39,RFD0000000440
RFD0000000441,ORD000002933,OI0000004907,2024-08-04 00:00:00,Return approved,Refund Settled,484.38,RFD0000000441
RFD0000000442,ORD000002934,OI0000004908,2023-07-06 00:00:00,Return approved,Refund Settled,417.71,RFD0000000442
RFD0000000443,ORD000002942,OI0000004923,2021-10-21 00:00:00,Return approved,Refund Settled,588.31,RFD0000000443
RFD0000000444,ORD000002942,OI0000004924,2021-10-24 00:00:00,Return approved,Refund Settled,292.0,RFD0000000444
RFD0000000445,ORD000002948,OI0000004934,2025-01-14 00:00:00,Return approved,Refund Settled,10194.41,RFD0000000445
RFD0000000446,ORD000002948,OI0000004935,2025-01-18 00:00:00,Return approved,Refund Settled,286.91,RFD0000000446
RFD0000000447,ORD000002985,OI0000005001,2026-01-20 00:00:00,Return approved,Refund Settled,460.34,RFD0000000447
RFD0000000448,ORD000002986,OI0000005002,2025-08-04 00:00:00,Return approved,Refund Settled,146.59,RFD0000000448
RFD0000000449,ORD000002986,OI0000005003,2025-08-09 00:00:00,Return approved,Refund Settled,472.09,RFD0000000449
RFD0000000450,ORD000002987,OI0000005004,2025-12-28 00:00:00,Return approved,Refund Settled,794.16,RFD0000000450
RFD0000000451,ORD000002987,OI0000005005,2025-12-26 00:00:00,Return approved,Refund Settled,10065.18,RFD0000000451
RFD0000000452,ORD000003002,OI0000005035,2024-10-06 00:00:00,Return approved,Refund Settled,6226.82,RFD0000000452
RFD0000000453,ORD000003002,OI0000005036,2024-10-02 00:00:00,Return approved,Refund Settled,18973.14,RFD0000000453
RFD0000000454,ORD000003003,OI0000005038,2022-04-09 00:00:00,Return approved,Refund Settled,213.56,RFD0000000454
RFD0000000455,ORD000003010,OI0000005050,2021-07-12 00:00:00,Return approved,Processed,3336.41,RFD0000000455
RFD0000000456,ORD000003011,OI0000005051,2021-10-26 00:00:00,Return approved,Refund Settled,80944.96,RFD0000000456
RFD0000000457,ORD000003011,OI0000005052,2021-10-20 00:00:00,Return approved,Refund Settled,451.58,RFD0000000457
RFD0000000458,ORD000003011,OI0000005053,2021-10-19 00:00:00,Return approved,Refund Settled,140.01,RFD0000000458
RFD0000000459,ORD000003020,OI0000005067,2024-01-30 00:00:00,Return approved,Refund Settled,707.37,RFD0000000459
RFD0000000460,ORD000003024,OI0000005074,2023-10-26 00:00:00,Return approved,Processed,2739.07,RFD0000000460
RFD0000000461,ORD000003025,OI0000005075,2022-11-17 00:00:00,Return approved,Refund Settled,11338.37,RFD0000000461
RFD0000000462,ORD000003027,OI0000005079,2025-05-23 00:00:00,Return approved,Refund Settled,87404.85,RFD0000000462
RFD0000000463,ORD000003027,OI0000005080,2025-05-31 00:00:00,Return approved,Refund Settled,900.65,RFD0000000463
RFD0000000464,ORD000003027,OI0000005081,2025-05-26 00:00:00,Return approved,Refund Settled,271.03,RFD0000000464
RFD0000000465,ORD000003063,OI0000005146,2024-02-12 00:00:00,Return approved,Refund Settled,9827.81,RFD0000000465
RFD0000000466,ORD000003063,OI0000005147,2024-02-05 00:00:00,Return approved,Refund Settled,41627.81,RFD0000000466
RFD0000000467,ORD000003084,OI0000005180,2021-11-04 00:00:00,Return approved,Refund Settled,1266.91,RFD0000000467
RFD0000000468,ORD000003086,OI0000005182,2021-04-15 00:00:00,Return approved,Refund Settled,5478.22,RFD0000000468
RFD0000000469,ORD000003104,OI0000005214,2025-05-10 00:00:00,Return approved,Processed,896.19,RFD0000000469
RFD0000000470,ORD000003104,OI0000005215,2025-05-04 00:00:00,Return approved,Refund Failed,1574.14,RFD0000000470
RFD0000000471,ORD000003104,OI0000005216,2025-05-09 00:00:00,Return approved,Refund Settled,5910.16,RFD0000000471
RFD0000000472,ORD000003112,OI0000005226,2025-05-08 00:00:00,Return approved,Refund Settled,399.51,RFD0000000472
RFD0000000473,ORD000003117,OI0000005234,2022-01-06 00:00:00,Return approved,Refund Settled,450.54,RFD0000000473
RFD0000000474,ORD000003117,OI0000005235,2021-12-29 00:00:00,Return approved,Processed,1205.97,RFD0000000474
RFD0000000475,ORD000003134,OI0000005266,2024-11-19 00:00:00,Return approved,Processed,228.32,RFD0000000475
RFD0000000476,ORD000003134,OI0000005267,2024-12-10 00:00:00,Return approved,Refund Settled,6036.42,RFD0000000476
RFD0000000477,ORD000003135,OI0000005268,2022-12-21 00:00:00,Return approved,Refund Settled,44903.63,RFD0000000477
RFD0000000478,ORD000003135,OI0000005269,2022-12-24 00:00:00,Return approved,Refund Settled,301.51,RFD0000000478
RFD0000000479,ORD000003135,OI0000005270,2022-12-12 00:00:00,Return approved,Refund Settled,565.28,RFD0000000479
RFD0000000480,ORD000003141,OI0000005283,2024-05-17 00:00:00,Return approved,Refund Settled,696.07,RFD0000000480
RFD0000000481,ORD000003146,OI0000005289,2023-05-17 00:00:00,Return approved,Refund Settled,6812.29,RFD0000000481
RFD0000000482,ORD000003146,OI0000005290,2023-05-25 00:00:00,Return approved,Refund Settled,5576.5,RFD0000000482
RFD0000000483,ORD000003149,OI0000005296,2022-10-31 00:00:00,Return approved,Refund Settled,423.44,RFD0000000483
RFD0000000484,ORD000003152,OI0000005299,2024-02-03 00:00:00,Return approved,Refund Settled,5524.71,RFD0000000484
RFD0000000485,ORD000003154,OI0000005302,2022-08-13 00:00:00,Return approved,Refund Settled,3324.49,RFD0000000485
RFD0000000486,ORD000003155,OI0000005303,2023-10-14 00:00:00,Return approved,Refund Settled,10189.34,RFD0000000486
RFD0000000487,ORD000003155,OI0000005304,2023-10-10 00:00:00,Return approved,Refund Settled,3150.58,RFD0000000487
RFD0000000488,ORD000003155,OI0000005305,2023-10-03 00:00:00,Return approved,Refund Settled,252.16,RFD0000000488
RFD0000000489,ORD000003165,OI0000005319,2021-08-02 00:00:00,Return approved,Refund Settled,544.79,RFD0000000489
RFD0000000490,ORD000003166,OI0000005320,2025-01-02 00:00:00,Return approved,Refund Settled,558.55,RFD0000000490
RFD0000000491,ORD000003166,OI0000005321,2025-01-02 00:00:00,Return approved,Refund Settled,308.0,RFD0000000491
RFD0000000492,ORD000003187,OI0000005354,2025-04-09 00:00:00,Return approved,Refund Settled,885.81,RFD0000000492
RFD0000000493,ORD000003187,OI0000005355,2025-04-06 00:00:00,Return approved,Processed,40294.05,RFD0000000493
RFD0000000494,ORD000003201,OI0000005374,2023-08-31 00:00:00,Return approved,Processed,5073.8,RFD0000000494
RFD0000000495,ORD000003222,OI0000005419,2025-03-01 00:00:00,Return approved,Processed,139.88,RFD0000000495
RFD0000000496,ORD000003235,OI0000005438,2023-03-03 00:00:00,Return approved,Refund Failed,3409.41,RFD0000000496
RFD0000000497,ORD000003236,OI0000005439,2023-03-04 00:00:00,Return approved,Processed,288.44,RFD0000000497
RFD0000000498,ORD000003236,OI0000005440,2023-03-09 00:00:00,Return approved,Refund Settled,520.42,RFD0000000498
RFD0000000499,ORD000003238,OI0000005444,2022-12-10 00:00:00,Return approved,Refund Settled,233.79,RFD0000000499
RFD0000000500,ORD000003238,OI0000005445,2022-12-15 00:00:00,Return approved,Refund Settled,3208.55,RFD0000000500
RFD0000000501,ORD000003254,OI0000005470,2025-04-06 00:00:00,Return approved,Refund Settled,458.99,RFD0000000501
RFD0000000502,ORD000003254,OI0000005471,2025-04-02 00:00:00,Return approved,Refund Settled,256.75,RFD0000000502
RFD0000000503,ORD000003277,OI0000005513,2022-05-27 00:00:00,Return approved,Refund Settled,3312.12,RFD0000000503
RFD0000000504,ORD000003279,OI0000005515,2025-05-31 00:00:00,Return approved,Refund Settled,748.91,RFD0000000504
RFD0000000505,ORD000003279,OI0000005516,2025-06-01 00:00:00,Return approved,Refund Settled,1233.33,RFD0000000505
RFD0000000506,ORD000003279,OI0000005517,2025-05-17 00:00:00,Return approved,Refund Settled,1530.35,RFD0000000506
RFD0000000507,ORD000003296,OI0000005542,2024-06-05 00:00:00,Return approved,Refund Settled,784.2,RFD0000000507
RFD0000000508,ORD000003298,OI0000005544,2024-08-11 00:00:00,Return approved,Refund Settled,1578.11,RFD0000000508
RFD0000000509,ORD000003298,OI0000005545,2024-08-17 00:00:00,Return approved,Refund Settled,140.67,RFD0000000509
RFD0000000510,ORD000003299,OI0000005546,2023-11-23 00:00:00,Return approved,Refund Settled,435.55,RFD0000000510
RFD0000000511,ORD000003322,OI0000005580,2024-01-29 00:00:00,Return approved,Refund Settled,21311.48,RFD0000000511
RFD0000000512,ORD000003322,OI0000005581,2024-02-04 00:00:00,Return approved,Refund Settled,402.3,RFD0000000512
RFD0000000513,ORD000003336,OI0000005606,2022-10-28 00:00:00,Return approved,Processed,473.2,RFD0000000513
RFD0000000514,ORD000003336,OI0000005607,2022-11-06 00:00:00,Return approved,Refund Settled,465.08,RFD0000000514
RFD0000000515,ORD000003357,OI0000005636,2021-10-08 00:00:00,Return approved,Refund Settled,21314.28,RFD0000000515
RFD0000000516,ORD000003357,OI0000005637,2021-09-22 00:00:00,Return approved,Refund Settled,404.43,RFD0000000516
RFD0000000517,ORD000003357,OI0000005638,2021-10-05 00:00:00,Return approved,Refund Settled,813.68,RFD0000000517
RFD0000000518,ORD000003367,OI0000005652,2024-08-07 00:00:00,Return approved,Refund Settled,603.29,RFD0000000518
RFD0000000519,ORD000003367,OI0000005653,2024-08-13 00:00:00,Return approved,Refund Settled,289.91,RFD0000000519
RFD0000000520,ORD000003367,OI0000005654,2024-07-28 00:00:00,Return approved,Refund Settled,19883.53,RFD0000000520
RFD0000000521,ORD000003405,OI0000005717,2021-11-22 00:00:00,Return approved,Refund Settled,2509.62,RFD0000000521
RFD0000000522,ORD000003418,OI0000005733,2025-06-27 00:00:00,Return approved,Refund Settled,5530.45,RFD0000000522
RFD0000000523,ORD000003418,OI0000005734,2025-07-03 00:00:00,Return approved,Refund Failed,12492.79,RFD0000000523
RFD0000000524,ORD000003427,OI0000005751,2022-01-18 00:00:00,Return approved,Refund Settled,1340.85,RFD0000000524
RFD0000000525,ORD000003480,OI0000005842,2024-02-02 00:00:00,Return approved,Refund Settled,657.98,RFD0000000525
RFD0000000526,ORD000003482,OI0000005847,2025-05-13 00:00:00,Return approved,Refund Settled,219.35,RFD0000000526
RFD0000000527,ORD000003482,OI0000005848,2025-05-13 00:00:00,Return approved,Refund Settled,2901.22,RFD0000000527
RFD0000000528,ORD000003482,OI0000005849,2025-05-16 00:00:00,Return approved,Refund Settled,209.17,RFD0000000528
RFD0000000529,ORD000003492,OI0000005862,2022-06-17 00:00:00,Return approved,Refund Settled,19795.58,RFD0000000529
RFD0000000530,ORD000003513,OI0000005897,2022-03-09 00:00:00,Return approved,Refund Settled,523.85,RFD0000000530
RFD0000000531,ORD000003523,OI0000005914,2024-07-16 00:00:00,Return approved,Refund Settled,133.16,RFD0000000531
RFD0000000532,ORD000003525,OI0000005919,2024-07-02 00:00:00,Return approved,Refund Settled,495.49,RFD0000000532
RFD0000000533,ORD000003539,OI0000005942,2023-01-31 00:00:00,Return approved,Refund Settled,471.41,RFD0000000533
RFD0000000534,ORD000003547,OI0000005956,2025-08-30 00:00:00,Return approved,Refund Settled,369.72,RFD0000000534
RFD0000000535,ORD000003557,OI0000005974,2023-06-27 00:00:00,Return approved,Refund Settled,736.25,RFD0000000535
RFD0000000536,ORD000003557,OI0000005975,2023-07-10 00:00:00,Return approved,Processed,964.27,RFD0000000536
RFD0000000537,ORD000003559,OI0000005977,2025-09-16 00:00:00,Return approved,Refund Settled,41269.28,RFD0000000537
RFD0000000538,ORD000003572,OI0000005997,2022-05-14 00:00:00,Return approved,Refund Settled,875.3,RFD0000000538
RFD0000000539,ORD000003574,OI0000005999,2026-02-05 00:00:00,Return approved,Refund Settled,902.87,RFD0000000539
RFD0000000540,ORD000003575,OI0000006002,2025-12-31 00:00:00,Return approved,Refund Settled,5656.42,RFD0000000540
RFD0000000541,ORD000003576,OI0000006004,2024-01-03 00:00:00,Return approved,Refund Settled,10642.94,RFD0000000541
RFD0000000542,ORD000003581,OI0000006013,2025-03-07 00:00:00,Return approved,Refund Settled,6152.37,RFD0000000542
RFD0000000543,ORD000003594,OI0000006038,2024-12-28 00:00:00,Return approved,Refund Settled,10565.31,RFD0000000543
RFD0000000544,ORD000003611,OI0000006066,2025-05-16 00:00:00,Return approved,Refund Settled,3527.31,RFD0000000544
RFD0000000545,ORD000003611,OI0000006067,2025-05-10 00:00:00,Return approved,Refund Settled,3261.9,RFD0000000545
RFD0000000546,ORD000003632,OI0000006101,2023-01-23 00:00:00,Return approved,Refund Settled,7245.62,RFD0000000546
RFD0000000547,ORD000003642,OI0000006118,2024-12-04 00:00:00,Return approved,Processed,1593.95,RFD0000000547
RFD0000000548,ORD000003642,OI0000006119,2024-12-11 00:00:00,Return approved,Processed,19109.07,RFD0000000548
RFD0000000549,ORD000003664,OI0000006154,2025-01-23 00:00:00,Return approved,Refund Settled,10692.64,RFD0000000549
RFD0000000550,ORD000003665,OI0000006155,2025-10-24 00:00:00,Return approved,Refund Settled,286.09,RFD0000000550
RFD0000000551,ORD000003670,OI0000006166,2024-08-25 00:00:00,Return approved,Refund Failed,408.83,RFD0000000551
RFD0000000552,ORD000003678,OI0000006175,2024-01-17 00:00:00,Return approved,Processed,948.43,RFD0000000552
RFD0000000553,ORD000003680,OI0000006177,2022-08-06 00:00:00,Return approved,Refund Settled,272.08,RFD0000000553
RFD0000000554,ORD000003680,OI0000006178,2022-08-09 00:00:00,Return approved,Refund Settled,891.55,RFD0000000554
RFD0000000555,ORD000003680,OI0000006179,2022-08-02 00:00:00,Return approved,Refund Settled,47682.54,RFD0000000555
RFD0000000556,ORD000003682,OI0000006181,2022-01-24 00:00:00,Return approved,Processed,231.86,RFD0000000556
RFD0000000557,ORD000003682,OI0000006182,2022-01-21 00:00:00,Return approved,Refund Settled,785.11,RFD0000000557
RFD0000000558,ORD000003684,OI0000006186,2024-01-31 00:00:00,Return approved,Refund Settled,1689.5,RFD0000000558
RFD0000000559,ORD000003689,OI0000006192,2025-02-07 00:00:00,Return approved,Refund Settled,46407.27,RFD0000000559
RFD0000000560,ORD000003692,OI0000006197,2023-07-14 00:00:00,Return approved,Refund Settled,449.58,RFD0000000560
RFD0000000561,ORD000003692,OI0000006198,2023-07-22 00:00:00,Return approved,Refund Settled,562.83,RFD0000000561
RFD0000000562,ORD000003700,OI0000006212,2023-05-06 00:00:00,Return approved,Refund Settled,20469.48,RFD0000000562
RFD0000000563,ORD000003708,OI0000006224,2024-04-05 00:00:00,Return approved,Refund Settled,6436.81,RFD0000000563
RFD0000000564,ORD000003708,OI0000006225,2024-04-06 00:00:00,Return approved,Refund Settled,1278.26,RFD0000000564
RFD0000000565,ORD000003716,OI0000006238,2021-10-01 00:00:00,Return approved,Refund Settled,270.26,RFD0000000565
RFD0000000566,ORD000003721,OI0000006245,2024-02-21 00:00:00,Return approved,Refund Settled,10671.23,RFD0000000566
RFD0000000567,ORD000003721,OI0000006246,2024-02-24 00:00:00,Return approved,Refund Settled,288.44,RFD0000000567
RFD0000000568,ORD000003742,OI0000006278,2023-07-25 00:00:00,Return approved,Refund Settled,21352.37,RFD0000000568
RFD0000000569,ORD000003743,OI0000006279,2021-11-27 00:00:00,Return approved,Refund Settled,258.71,RFD0000000569
RFD0000000570,ORD000003743,OI0000006280,2021-11-13 00:00:00,Return approved,Processed,1897.3,RFD0000000570
RFD0000000571,ORD000003744,OI0000006281,2023-02-19 00:00:00,Return approved,Refund Failed,21190.04,RFD0000000571
RFD0000000572,ORD000003761,OI0000006310,2024-10-21 00:00:00,Return approved,Refund Settled,19784.98,RFD0000000572
RFD0000000573,ORD000003780,OI0000006339,2023-08-26 00:00:00,Return approved,Refund Settled,147.38,RFD0000000573
RFD0000000574,ORD000003780,OI0000006340,2023-08-09 00:00:00,Return approved,Refund Settled,9930.74,RFD0000000574
RFD0000000575,ORD000003793,OI0000006361,2021-04-11 00:00:00,Return approved,Refund Settled,209.85,RFD0000000575
RFD0000000576,ORD000003801,OI0000006371,2023-02-22 00:00:00,Return approved,Refund Settled,19614.02,RFD0000000576
RFD0000000577,ORD000003801,OI0000006372,2023-02-17 00:00:00,Return approved,Processed,273.7,RFD0000000577
RFD0000000578,ORD000003805,OI0000006377,2024-04-18 00:00:00,Return approved,Refund Settled,251.98,RFD0000000578
RFD0000000579,ORD000003805,OI0000006378,2024-04-21 00:00:00,Return approved,Refund Settled,470.66,RFD0000000579
RFD0000000580,ORD000003836,OI0000006433,2023-11-20 00:00:00,Return approved,Refund Settled,152.46,RFD0000000580
RFD0000000581,ORD000003836,OI0000006434,2023-11-19 00:00:00,Return approved,Refund Settled,444.03,RFD0000000581
RFD0000000582,ORD000003836,OI0000006435,2023-11-23 00:00:00,Return approved,Refund Failed,2980.46,RFD0000000582
RFD0000000583,ORD000003850,OI0000006459,2021-09-08 00:00:00,Return approved,Refund Settled,5776.54,RFD0000000583
RFD0000000584,ORD000003851,OI0000006460,2021-10-03 00:00:00,Return approved,Refund Settled,4934.42,RFD0000000584
RFD0000000585,ORD000003857,OI0000006468,2023-08-27 00:00:00,Return approved,Refund Settled,5790.94,RFD0000000585
RFD0000000586,ORD000003857,OI0000006469,2023-08-28 00:00:00,Return approved,Refund Settled,520.97,RFD0000000586
RFD0000000587,ORD000003873,OI0000006494,2021-09-07 00:00:00,Return approved,Refund Settled,1306.57,RFD0000000587
RFD0000000588,ORD000003873,OI0000006495,2021-09-16 00:00:00,Return approved,Refund Settled,3137.27,RFD0000000588
RFD0000000589,ORD000003876,OI0000006499,2023-06-28 00:00:00,Return approved,Refund Failed,830.79,RFD0000000589
RFD0000000590,ORD000003876,OI0000006500,2023-06-20 00:00:00,Return approved,Refund Settled,151.81,RFD0000000590
RFD0000000591,ORD000003881,OI0000006510,2024-09-05 00:00:00,Return approved,Refund Settled,1447.57,RFD0000000591
RFD0000000592,ORD000003885,OI0000006520,2024-10-29 00:00:00,Return approved,Refund Settled,276.64,RFD0000000592
RFD0000000593,ORD000003885,OI0000006521,2024-10-28 00:00:00,Return approved,Processed,290.25,RFD0000000593
RFD0000000594,ORD000003890,OI0000006528,2021-11-26 00:00:00,Return approved,Refund Settled,22098.25,RFD0000000594
RFD0000000595,ORD000003890,OI0000006529,2021-11-14 00:00:00,Return approved,Refund Settled,127.78,RFD0000000595
RFD0000000596,ORD000003901,OI0000006548,2024-02-04 00:00:00,Return approved,Refund Settled,19124.66,RFD0000000596
RFD0000000597,ORD000003903,OI0000006551,2022-03-15 00:00:00,Return approved,Refund Settled,133.31,RFD0000000597
RFD0000000598,ORD000003915,OI0000006572,2023-05-11 00:00:00,Return approved,Refund Settled,298.82,RFD0000000598
RFD0000000599,ORD000003932,OI0000006600,2025-07-21 00:00:00,Return approved,Processed,10158.87,RFD0000000599
RFD0000000600,ORD000003932,OI0000006601,2025-07-31 00:00:00,Return approved,Refund Settled,612.54,RFD0000000600
RFD0000000601,ORD000003934,OI0000006603,2024-05-10 00:00:00,Return approved,Refund Settled,966.87,RFD0000000601
RFD0000000602,ORD000003936,OI0000006605,2025-07-04 00:00:00,Return approved,Refund Settled,466.78,RFD0000000602
RFD0000000603,ORD000003948,OI0000006623,2022-02-23 00:00:00,Return approved,Refund Settled,1207.63,RFD0000000603
RFD0000000604,ORD000003958,OI0000006636,2021-05-29 00:00:00,Return approved,Refund Settled,269.96,RFD0000000604
RFD0000000605,ORD000003958,OI0000006637,2021-05-30 00:00:00,Return approved,Processed,9835.46,RFD0000000605
RFD0000000606,ORD000003961,OI0000006641,2026-02-27 00:00:00,Return approved,Refund Settled,442.68,RFD0000000606
RFD0000000607,ORD000003966,OI0000006648,2023-08-15 00:00:00,Return approved,Refund Settled,148.58,RFD0000000607
RFD0000000608,ORD000003966,OI0000006649,2023-08-11 00:00:00,Return approved,Refund Settled,526.52,RFD0000000608
RFD0000000609,ORD000003974,OI0000006662,2021-08-28 00:00:00,Return approved,Refund Settled,815.78,RFD0000000609
RFD0000000610,ORD000003975,OI0000006663,2026-01-26 00:00:00,Return approved,Refund Settled,3021.01,RFD0000000610
RFD0000000611,ORD000003981,OI0000006670,2022-12-25 00:00:00,Return approved,Refund Settled,930.78,RFD0000000611
RFD0000000612,ORD000003981,OI0000006671,2022-12-21 00:00:00,Return approved,Refund Settled,213.3,RFD0000000612
RFD0000000613,ORD000003982,OI0000006672,2024-12-22 00:00:00,Return approved,Refund Settled,866.5,RFD0000000613
RFD0000000614,ORD000003982,OI0000006673,2024-12-10 00:00:00,Return approved,Refund Settled,2936.89,RFD0000000614
RFD0000000615,ORD000003983,OI0000006674,2024-01-30 00:00:00,Return approved,Refund Settled,478.92,RFD0000000615
RFD0000000616,ORD000003983,OI0000006675,2024-02-03 00:00:00,Return approved,Refund Settled,257.67,RFD0000000616
RFD0000000617,ORD000003987,OI0000006682,2024-03-19 00:00:00,Return approved,Refund Settled,6139.74,RFD0000000617
RFD0000000618,ORD000003987,OI0000006683,2024-03-20 00:00:00,Return approved,Processed,5984.55,RFD0000000618
RFD0000000619,ORD000003992,OI0000006692,2024-07-24 00:00:00,Return approved,Refund Settled,510.86,RFD0000000619
RFD0000000620,ORD000003992,OI0000006693,2024-07-23 00:00:00,Return approved,Processed,223.81,RFD0000000620
RFD0000000621,ORD000004014,OI0000006730,2024-12-24 00:00:00,Return approved,Refund Failed,1047.43,RFD0000000621
RFD0000000622,ORD000004014,OI0000006731,2024-12-28 00:00:00,Return approved,Refund Settled,226.76,RFD0000000622
RFD0000000623,ORD000004028,OI0000006756,2023-12-04 00:00:00,Return approved,Refund Settled,440.42,RFD0000000623
RFD0000000624,ORD000004032,OI0000006762,2023-06-14 00:00:00,Return approved,Refund Settled,5963.82,RFD0000000624
RFD0000000625,ORD000004043,OI0000006782,2025-04-25 00:00:00,Return approved,Refund Settled,748.89,RFD0000000625
RFD0000000626,ORD000004049,OI0000006792,2024-06-15 00:00:00,Return approved,Refund Settled,22495.11,RFD0000000626
RFD0000000627,ORD000004052,OI0000006797,2024-05-10 00:00:00,Return approved,Refund Settled,9763.16,RFD0000000627
RFD0000000628,ORD000004052,OI0000006798,2024-05-12 00:00:00,Return approved,Refund Settled,1163.01,RFD0000000628
RFD0000000629,ORD000004052,OI0000006799,2024-05-16 00:00:00,Return approved,Processed,973.02,RFD0000000629
RFD0000000630,ORD000004064,OI0000006823,2023-11-14 00:00:00,Return approved,Refund Settled,5451.81,RFD0000000630
RFD0000000631,ORD000004079,OI0000006850,2024-09-16 00:00:00,Return approved,Refund Settled,5363.72,RFD0000000631
RFD0000000632,ORD000004082,OI0000006853,2025-11-19 00:00:00,Return approved,Refund Settled,221.5,RFD0000000632
RFD0000000633,ORD000004082,OI0000006854,2025-11-21 00:00:00,Return approved,Refund Settled,202.53,RFD0000000633
RFD0000000634,ORD000004082,OI0000006855,2025-11-21 00:00:00,Return approved,Processed,8782.98,RFD0000000634
RFD0000000635,ORD000004097,OI0000006883,2024-09-02 00:00:00,Return approved,Refund Settled,4320.61,RFD0000000635
RFD0000000636,ORD000004097,OI0000006884,2024-09-10 00:00:00,Return approved,Refund Settled,489.57,RFD0000000636
RFD0000000637,ORD000004099,OI0000006886,2025-05-06 00:00:00,Return approved,Refund Settled,6202.82,RFD0000000637
RFD0000000638,ORD000004108,OI0000006901,2023-02-03 00:00:00,Return approved,Refund Settled,262.77,RFD0000000638
RFD0000000639,ORD000004116,OI0000006914,2023-09-29 00:00:00,Return approved,Refund Settled,41072.18,RFD0000000639
RFD0000000640,ORD000004116,OI0000006915,2023-10-02 00:00:00,Return approved,Refund Settled,296.75,RFD0000000640
RFD0000000641,ORD000004117,OI0000006916,2024-12-05 00:00:00,Return approved,Refund Settled,500.09,RFD0000000641
RFD0000000642,ORD000004132,OI0000006945,2022-05-12 00:00:00,Return approved,Refund Settled,134.56,RFD0000000642
RFD0000000643,ORD000004132,OI0000006946,2022-04-24 00:00:00,Return approved,Refund Settled,483.98,RFD0000000643
RFD0000000644,ORD000004132,OI0000006947,2022-04-21 00:00:00,Return approved,Refund Settled,148.48,RFD0000000644
RFD0000000645,ORD000004141,OI0000006962,2021-11-23 00:00:00,Return approved,Processed,1020.09,RFD0000000645
RFD0000000646,ORD000004141,OI0000006963,2021-11-13 00:00:00,Return approved,Refund Settled,260.08,RFD0000000646
RFD0000000647,ORD000004141,OI0000006964,2021-11-22 00:00:00,Return approved,Refund Settled,510.77,RFD0000000647
RFD0000000648,ORD000004158,OI0000006991,2025-08-17 00:00:00,Return approved,Refund Settled,18634.09,RFD0000000648
RFD0000000649,ORD000004164,OI0000007000,2024-04-24 00:00:00,Return approved,Refund Settled,992.84,RFD0000000649
RFD0000000650,ORD000004170,OI0000007012,2025-01-22 00:00:00,Return approved,Refund Settled,928.39,RFD0000000650
RFD0000000651,ORD000004170,OI0000007013,2025-01-28 00:00:00,Return approved,Refund Settled,268.0,RFD0000000651
RFD0000000652,ORD000004172,OI0000007016,2024-02-17 00:00:00,Return approved,Refund Settled,1499.26,RFD0000000652
RFD0000000653,ORD000004174,OI0000007019,2024-04-24 00:00:00,Return approved,Refund Settled,935.63,RFD0000000653
RFD0000000654,ORD000004180,OI0000007029,2023-02-10 00:00:00,Return approved,Processed,1407.06,RFD0000000654
RFD0000000655,ORD000004190,OI0000007047,2023-10-08 00:00:00,Return approved,Refund Settled,205.27,RFD0000000655
RFD0000000656,ORD000004217,OI0000007093,2021-08-08 00:00:00,Return approved,Processed,798.62,RFD0000000656
RFD0000000657,ORD000004223,OI0000007106,2021-10-21 00:00:00,Return approved,Refund Settled,2858.03,RFD0000000657
RFD0000000658,ORD000004231,OI0000007121,2025-06-11 00:00:00,Return approved,Refund Settled,282.93,RFD0000000658
RFD0000000659,ORD000004231,OI0000007122,2025-06-07 00:00:00,Return approved,Refund Settled,219.78,RFD0000000659
RFD0000000660,ORD000004244,OI0000007142,2023-09-08 00:00:00,Return approved,Refund Settled,452.48,RFD0000000660
RFD0000000661,ORD000004244,OI0000007143,2023-09-16 00:00:00,Return approved,Refund Settled,209.69,RFD0000000661
RFD0000000662,ORD000004244,OI0000007144,2023-09-10 00:00:00,Return approved,Processed,662.89,RFD0000000662
RFD0000000663,ORD000004250,OI0000007152,2025-08-13 00:00:00,Return approved,Refund Settled,137.34,RFD0000000663
RFD0000000664,ORD000004250,OI0000007153,2025-08-21 00:00:00,Return approved,Refund Settled,43087.21,RFD0000000664
RFD0000000665,ORD000004269,OI0000007185,2022-08-15 00:00:00,Return approved,Refund Settled,1292.7,RFD0000000665
RFD0000000666,ORD000004269,OI0000007186,2022-07-30 00:00:00,Return approved,Refund Settled,18576.98,RFD0000000666
RFD0000000667,ORD000004269,OI0000007187,2022-08-06 00:00:00,Return approved,Refund Settled,3049.74,RFD0000000667
RFD0000000668,ORD000004278,OI0000007200,2023-01-04 00:00:00,Return approved,Refund Settled,1639.85,RFD0000000668
RFD0000000669,ORD000004283,OI0000007208,2024-09-23 00:00:00,Return approved,Refund Failed,2444.47,RFD0000000669
RFD0000000670,ORD000004283,OI0000007209,2024-09-22 00:00:00,Return approved,Refund Settled,830.29,RFD0000000670
RFD0000000671,ORD000004288,OI0000007217,2025-05-20 00:00:00,Return approved,Processed,469.24,RFD0000000671
RFD0000000672,ORD000004289,OI0000007218,2023-02-12 00:00:00,Return approved,Refund Settled,430.85,RFD0000000672
RFD0000000673,ORD000004289,OI0000007219,2023-02-09 00:00:00,Return approved,Refund Settled,260.67,RFD0000000673
RFD0000000674,ORD000004289,OI0000007220,2023-02-06 00:00:00,Return approved,Refund Settled,402.76,RFD0000000674
RFD0000000675,ORD000004302,OI0000007240,2023-03-07 00:00:00,Return approved,Refund Settled,714.7,RFD0000000675
RFD0000000676,ORD000004302,OI0000007241,2023-03-12 00:00:00,Return approved,Processed,19377.71,RFD0000000676
RFD0000000677,ORD000004302,OI0000007242,2023-03-09 00:00:00,Return approved,Refund Settled,22673.49,RFD0000000677
RFD0000000678,ORD000004330,OI0000007294,2023-08-20 00:00:00,Return approved,Refund Settled,455.29,RFD0000000678
RFD0000000679,ORD000004350,OI0000007326,2026-02-05 00:00:00,Return approved,Refund Settled,570.97,RFD0000000679
RFD0000000680,ORD000004350,OI0000007327,2026-02-11 00:00:00,Return approved,Refund Settled,2674.88,RFD0000000680
RFD0000000681,ORD000004361,OI0000007346,2024-08-24 00:00:00,Return approved,Refund Settled,1610.06,RFD0000000681
RFD0000000682,ORD000004367,OI0000007357,2021-10-15 00:00:00,Return approved,Processed,16901.22,RFD0000000682
RFD0000000683,ORD000004368,OI0000007358,2021-03-21 00:00:00,Return approved,Refund Settled,834.88,RFD0000000683
RFD0000000684,ORD000004372,OI0000007363,2023-08-31 00:00:00,Return approved,Processed,6019.37,RFD0000000684
RFD0000000685,ORD000004372,OI0000007364,2023-09-10 00:00:00,Return approved,Refund Settled,93436.51,RFD0000000685
RFD0000000686,ORD000004374,OI0000007368,2021-10-24 00:00:00,Return approved,Refund Settled,19741.71,RFD0000000686
RFD0000000687,ORD000004374,OI0000007369,2021-10-18 00:00:00,Return approved,Processed,211.8,RFD0000000687
RFD0000000688,ORD000004382,OI0000007380,2023-04-09 00:00:00,Return approved,Refund Settled,7452.53,RFD0000000688
RFD0000000689,ORD000004382,OI0000007381,2023-03-30 00:00:00,Return approved,Refund Settled,3334.91,RFD0000000689
RFD0000000690,ORD000004388,OI0000007393,2025-01-05 00:00:00,Return approved,Processed,1516.04,RFD0000000690
RFD0000000691,ORD000004411,OI0000007427,2021-09-01 00:00:00,Return approved,Refund Settled,20546.08,RFD0000000691
RFD0000000692,ORD000004411,OI0000007428,2021-08-22 00:00:00,Return approved,Refund Settled,795.03,RFD0000000692
RFD0000000693,ORD000004411,OI0000007429,2021-08-29 00:00:00,Return approved,Refund Settled,291.93,RFD0000000693
RFD0000000694,ORD000004418,OI0000007442,2022-02-28 00:00:00,Return approved,Refund Settled,294.67,RFD0000000694
RFD0000000695,ORD000004430,OI0000007463,2022-10-16 00:00:00,Return approved,Refund Settled,250.94,RFD0000000695
RFD0000000696,ORD000004434,OI0000007469,2023-09-20 00:00:00,Return approved,Refund Settled,786.44,RFD0000000696
RFD0000000697,ORD000004447,OI0000007491,2021-05-31 00:00:00,Return approved,Refund Settled,817.83,RFD0000000697
RFD0000000698,ORD000004451,OI0000007495,2025-07-12 00:00:00,Return approved,Refund Settled,210.16,RFD0000000698
RFD0000000699,ORD000004484,OI0000007547,2021-06-04 00:00:00,Return approved,Refund Settled,481.64,RFD0000000699
RFD0000000700,ORD000004484,OI0000007548,2021-06-04 00:00:00,Return approved,Refund Settled,211.79,RFD0000000700
RFD0000000701,ORD000004484,OI0000007549,2021-05-29 00:00:00,Return approved,Processed,3533.82,RFD0000000701
RFD0000000702,ORD000004489,OI0000007561,2023-12-05 00:00:00,Return approved,Refund Settled,237.98,RFD0000000702
RFD0000000703,ORD000004498,OI0000007576,2024-02-27 00:00:00,Return approved,Refund Settled,139.25,RFD0000000703
RFD0000000704,ORD000004498,OI0000007577,2024-03-08 00:00:00,Return approved,Processed,2878.09,RFD0000000704
RFD0000000705,ORD000004502,OI0000007582,2025-12-15 00:00:00,Return approved,Refund Settled,948.22,RFD0000000705
RFD0000000706,ORD000004506,OI0000007588,2022-10-10 00:00:00,Return approved,Refund Settled,1142.83,RFD0000000706
RFD0000000707,ORD000004506,OI0000007590,2022-10-14 00:00:00,Return approved,Refund Settled,776.98,RFD0000000707
RFD0000000708,ORD000004515,OI0000007604,2023-08-23 00:00:00,Return approved,Refund Settled,5200.79,RFD0000000708
RFD0000000709,ORD000004520,OI0000007609,2025-08-01 00:00:00,Return approved,Refund Settled,399.06,RFD0000000709
RFD0000000710,ORD000004530,OI0000007625,2025-07-12 00:00:00,Return approved,Refund Settled,440.24,RFD0000000710
RFD0000000711,ORD000004535,OI0000007631,2026-02-08 00:00:00,Return approved,Refund Settled,251.73,RFD0000000711
RFD0000000712,ORD000004535,OI0000007632,2026-01-26 00:00:00,Return approved,Refund Settled,44807.28,RFD0000000712
RFD0000000713,ORD000004538,OI0000007637,2022-11-12 00:00:00,Return approved,Refund Settled,498.7,RFD0000000713
RFD0000000714,ORD000004543,OI0000007647,2021-12-25 00:00:00,Return approved,Refund Settled,908.42,RFD0000000714
RFD0000000715,ORD000004556,OI0000007669,2021-08-22 00:00:00,Return approved,Refund Settled,256.4,RFD0000000715
RFD0000000716,ORD000004574,OI0000007703,2021-10-28 00:00:00,Return approved,Refund Settled,743.38,RFD0000000716
RFD0000000717,ORD000004580,OI0000007715,2023-12-03 00:00:00,Return approved,Refund Settled,431.68,RFD0000000717
RFD0000000718,ORD000004593,OI0000007738,2024-03-05 00:00:00,Return approved,Refund Settled,509.86,RFD0000000718
RFD0000000719,ORD000004597,OI0000007744,2022-08-06 00:00:00,Return approved,Refund Settled,487.73,RFD0000000719
RFD0000000720,ORD000004598,OI0000007745,2022-12-04 00:00:00,Return approved,Refund Settled,10236.78,RFD0000000720
RFD0000000721,ORD000004604,OI0000007754,2024-01-25 00:00:00,Return approved,Refund Settled,89592.36,RFD0000000721
RFD0000000722,ORD000004605,OI0000007755,2024-04-11 00:00:00,Return approved,Refund Settled,223.08,RFD0000000722
RFD0000000723,ORD000004605,OI0000007756,2024-04-03 00:00:00,Return approved,Refund Settled,255.18,RFD0000000723
RFD0000000724,ORD000004618,OI0000007777,2025-02-24 00:00:00,Return approved,Refund Settled,1187.23,RFD0000000724
RFD0000000725,ORD000004627,OI0000007792,2024-03-05 00:00:00,Return approved,Refund Settled,6244.83,RFD0000000725
RFD0000000726,ORD000004627,OI0000007793,2024-03-01 00:00:00,Return approved,Refund Settled,823.24,RFD0000000726
RFD0000000727,ORD000004634,OI0000007806,2024-03-01 00:00:00,Return approved,Refund Settled,1265.31,RFD0000000727
RFD0000000728,ORD000004634,OI0000007807,2024-03-05 00:00:00,Return approved,Refund Settled,3359.06,RFD0000000728
RFD0000000729,ORD000004636,OI0000007809,2022-01-09 00:00:00,Return approved,Refund Settled,2461.93,RFD0000000729
RFD0000000730,ORD000004645,OI0000007821,2026-03-03 00:00:00,Return approved,Refund Settled,5324.37,RFD0000000730
RFD0000000731,ORD000004645,OI0000007822,2026-02-20 00:00:00,Return approved,Refund Settled,2601.87,RFD0000000731
RFD0000000732,ORD000004656,OI0000007840,2022-07-09 00:00:00,Return approved,Refund Settled,524.42,RFD0000000732
RFD0000000733,ORD000004656,OI0000007841,2022-07-04 00:00:00,Return approved,Refund Settled,890.28,RFD0000000733
RFD0000000734,ORD000004656,OI0000007842,2022-07-03 00:00:00,Return approved,Refund Settled,6608.11,RFD0000000734
RFD0000000735,ORD000004658,OI0000007845,2023-12-20 00:00:00,Return approved,Refund Settled,2443.49,RFD0000000735
RFD0000000736,ORD000004658,OI0000007846,2023-12-09 00:00:00,Return approved,Refund Settled,5318.38,RFD0000000736
RFD0000000737,ORD000004658,OI0000007847,2023-12-04 00:00:00,Return approved,Refund Settled,10335.82,RFD0000000737
RFD0000000738,ORD000004690,OI0000007901,2023-09-28 00:00:00,Return approved,Refund Settled,20422.64,RFD0000000738
RFD0000000739,ORD000004690,OI0000007902,2023-10-01 00:00:00,Return approved,Refund Settled,1249.09,RFD0000000739
RFD0000000740,ORD000004692,OI0000007905,2024-11-08 00:00:00,Return approved,Refund Settled,18395.65,RFD0000000740
RFD0000000741,ORD000004698,OI0000007915,2026-01-12 00:00:00,Return approved,Processed,515.45,RFD0000000741
RFD0000000742,ORD000004698,OI0000007916,2026-01-12 00:00:00,Return approved,Refund Settled,2390.85,RFD0000000742
RFD0000000743,ORD000004704,OI0000007926,2022-09-08 00:00:00,Return approved,Refund Failed,213.55,RFD0000000743
RFD0000000744,ORD000004717,OI0000007948,2024-08-11 00:00:00,Return approved,Refund Failed,5969.46,RFD0000000744
RFD0000000745,ORD000004726,OI0000007964,2025-01-31 00:00:00,Return approved,Refund Settled,463.97,RFD0000000745
RFD0000000746,ORD000004734,OI0000007981,2022-10-03 00:00:00,Return approved,Refund Failed,1219.95,RFD0000000746
RFD0000000747,ORD000004749,OI0000008002,2021-04-16 00:00:00,Return approved,Refund Settled,19602.42,RFD0000000747
RFD0000000748,ORD000004751,OI0000008004,2023-12-13 00:00:00,Return approved,Refund Settled,538.07,RFD0000000748
RFD0000000749,ORD000004751,OI0000008005,2023-12-18 00:00:00,Return approved,Refund Settled,12127.14,RFD0000000749
RFD0000000750,ORD000004751,OI0000008006,2023-12-04 00:00:00,Return approved,Refund Settled,672.14,RFD0000000750
RFD0000000751,ORD000004755,OI0000008014,2023-10-23 00:00:00,Return approved,Refund Settled,1234.76,RFD0000000751
RFD0000000752,ORD000004783,OI0000008060,2024-06-15 00:00:00,Return approved,Refund Settled,595.64,RFD0000000752
RFD0000000753,ORD000004783,OI0000008061,2024-06-20 00:00:00,Return approved,Refund Settled,9956.11,RFD0000000753
RFD0000000754,ORD000004801,OI0000008092,2021-04-26 00:00:00,Return approved,Refund Settled,523.59,RFD0000000754
RFD0000000755,ORD000004805,OI0000008099,2022-10-25 00:00:00,Return approved,Refund Settled,131.94,RFD0000000755
RFD0000000756,ORD000004823,OI0000008131,2022-07-05 00:00:00,Return approved,Refund Settled,19241.48,RFD0000000756
RFD0000000757,ORD000004829,OI0000008139,2025-04-28 00:00:00,Return approved,Refund Settled,588.9,RFD0000000757
RFD0000000758,ORD000004836,OI0000008150,2023-03-26 00:00:00,Return approved,Refund Settled,1747.96,RFD0000000758
RFD0000000759,ORD000004844,OI0000008160,2021-11-28 00:00:00,Return approved,Refund Settled,20713.84,RFD0000000759
RFD0000000760,ORD000004844,OI0000008161,2021-11-14 00:00:00,Return approved,Processed,10689.54,RFD0000000760
RFD0000000761,ORD000004896,OI0000008240,2022-09-15 00:00:00,Return approved,Refund Settled,3314.49,RFD0000000761
RFD0000000762,ORD000004901,OI0000008249,2024-05-22 00:00:00,Return approved,Refund Settled,487.86,RFD0000000762
RFD0000000763,ORD000004901,OI0000008250,2024-05-26 00:00:00,Return approved,Refund Settled,631.71,RFD0000000763
RFD0000000764,ORD000004903,OI0000008252,2021-10-30 00:00:00,Return approved,Refund Settled,145.5,RFD0000000764
RFD0000000765,ORD000004917,OI0000008273,2023-10-31 00:00:00,Return approved,Refund Settled,506.38,RFD0000000765
RFD0000000766,ORD000004917,OI0000008274,2023-10-16 00:00:00,Return approved,Refund Settled,913.58,RFD0000000766
RFD0000000767,ORD000004919,OI0000008278,2022-04-27 00:00:00,Return approved,Refund Settled,743.35,RFD0000000767
RFD0000000768,ORD000004919,OI0000008279,2022-04-23 00:00:00,Return approved,Refund Settled,481.02,RFD0000000768
RFD0000000769,ORD000004926,OI0000008289,2024-03-08 00:00:00,Return approved,Refund Settled,501.85,RFD0000000769
RFD0000000770,ORD000004926,OI0000008290,2024-03-13 00:00:00,Return approved,Refund Settled,9848.97,RFD0000000770
RFD0000000771,ORD000004938,OI0000008310,2024-04-13 00:00:00,Return approved,Refund Settled,1501.0,RFD0000000771
RFD0000000772,ORD000004948,OI0000008326,2023-07-24 00:00:00,Return approved,Refund Settled,224.13,RFD0000000772
RFD0000000773,ORD000004949,OI0000008327,2024-01-30 00:00:00,Return approved,Refund Settled,743.57,RFD0000000773
RFD0000000774,ORD000004949,OI0000008328,2024-02-10 00:00:00,Return approved,Refund Settled,1273.46,RFD0000000774
RFD0000000775,ORD000004949,OI0000008329,2024-02-08 00:00:00,Return approved,Refund Settled,419.37,RFD0000000775
RFD0000000776,ORD000004954,OI0000008336,2025-05-10 00:00:00,Return approved,Refund Settled,206.67,RFD0000000776
RFD0000000777,ORD000004954,OI0000008337,2025-04-27 00:00:00,Return approved,Processed,10386.88,RFD0000000777
RFD0000000778,ORD000004956,OI0000008340,2021-12-09 00:00:00,Return approved,Refund Failed,407.22,RFD0000000778
RFD0000000779,ORD000004956,OI0000008341,2021-12-03 00:00:00,Return approved,Refund Settled,483.08,RFD0000000779
RFD0000000780,ORD000004971,OI0000008371,2024-04-05 00:00:00,Return approved,Refund Settled,433.77,RFD0000000780
RFD0000000781,ORD000004971,OI0000008372,2024-04-04 00:00:00,Return approved,Refund Settled,784.56,RFD0000000781
RFD0000000782,ORD000004972,OI0000008373,2022-10-21 00:00:00,Return approved,Refund Settled,45852.65,RFD0000000782
RFD0000000783,ORD000004972,OI0000008374,2022-10-26 00:00:00,Return approved,Processed,204.0,RFD0000000783
RFD0000000784,ORD000004977,OI0000008384,2021-09-02 00:00:00,Return approved,Refund Settled,772.48,RFD0000000784
RFD0000000785,ORD000004977,OI0000008386,2021-08-30 00:00:00,Return approved,Refund Settled,333.29,RFD0000000785
RFD0000000786,ORD000004980,OI0000008391,2025-12-13 00:00:00,Return approved,Refund Settled,494.86,RFD0000000786
RFD0000000787,ORD000004994,OI0000008419,2021-09-11 00:00:00,Return approved,Refund Settled,487.41,RFD0000000787
RFD0000000788,ORD000004994,OI0000008420,2021-09-14 00:00:00,Return approved,Refund Settled,1802.8,RFD0000000788
RFD0000000789,ORD000004994,OI0000008421,2021-09-14 00:00:00,Return approved,Refund Settled,411.09,RFD0000000789
RFD0000000790,ORD000004996,OI0000008424,2021-04-10 00:00:00,Return approved,Refund Settled,22005.91,RFD0000000790
RFD0000000791,ORD000004998,OI0000008427,2025-03-13 00:00:00,Return approved,Processed,3851.67,RFD0000000791
RFD0000000792,ORD000004998,OI0000008428,2025-03-14 00:00:00,Return approved,Refund Settled,1159.58,RFD0000000792
RFD0000000793,ORD000005018,OI0000008462,2021-06-23 00:00:00,Return approved,Refund Settled,1242.44,RFD0000000793
RFD0000000794,ORD000005019,OI0000008463,2022-11-30 00:00:00,Return approved,Processed,10652.68,RFD0000000794
RFD0000000795,ORD000005023,OI0000008468,2021-10-21 00:00:00,Return approved,Refund Settled,135.24,RFD0000000795
RFD0000000796,ORD000005023,OI0000008469,2021-10-10 00:00:00,Return approved,Refund Settled,9772.28,RFD0000000796
RFD0000000797,ORD000005031,OI0000008481,2021-05-07 00:00:00,Return approved,Refund Settled,1322.07,RFD0000000797
RFD0000000798,ORD000005031,OI0000008482,2021-05-16 00:00:00,Return approved,Refund Settled,869.26,RFD0000000798
RFD0000000799,ORD000005037,OI0000008491,2022-06-29 00:00:00,Return approved,Refund Settled,715.08,RFD0000000799
RFD0000000800,ORD000005037,OI0000008492,2022-06-22 00:00:00,Return approved,Refund Settled,2505.26,RFD0000000800
RFD0000000801,ORD000005040,OI0000008496,2025-01-17 00:00:00,Return approved,Refund Settled,784.55,RFD0000000801
RFD0000000802,ORD000005040,OI0000008497,2025-01-16 00:00:00,Return approved,Refund Settled,7650.83,RFD0000000802
RFD0000000803,ORD000005042,OI0000008499,2023-03-22 00:00:00,Return approved,Refund Settled,18376.55,RFD0000000803
RFD0000000804,ORD000005059,OI0000008525,2025-09-17 00:00:00,Return approved,Refund Settled,483.47,RFD0000000804
RFD0000000805,ORD000005062,OI0000008528,2022-03-21 00:00:00,Return approved,Refund Failed,10262.34,RFD0000000805
RFD0000000806,ORD000005062,OI0000008529,2022-04-04 00:00:00,Return approved,Refund Failed,798.73,RFD0000000806
RFD0000000807,ORD000005063,OI0000008530,2022-06-01 00:00:00,Return approved,Refund Settled,385.16,RFD0000000807
RFD0000000808,ORD000005085,OI0000008570,2024-11-18 00:00:00,Return approved,Refund Settled,4884.28,RFD0000000808
RFD0000000809,ORD000005085,OI0000008571,2024-11-26 00:00:00,Return approved,Refund Settled,456.67,RFD0000000809
RFD0000000810,ORD000005087,OI0000008573,2022-11-11 00:00:00,Return approved,Refund Settled,3329.29,RFD0000000810
RFD0000000811,ORD000005096,OI0000008588,2024-04-01 00:00:00,Return approved,Processed,857.82,RFD0000000811
RFD0000000812,ORD000005096,OI0000008589,2024-04-02 00:00:00,Return approved,Refund Settled,10022.47,RFD0000000812
RFD0000000813,ORD000005096,OI0000008590,2024-04-05 00:00:00,Return approved,Refund Settled,874.18,RFD0000000813
RFD0000000814,ORD000005097,OI0000008591,2023-12-22 00:00:00,Return approved,Refund Settled,3466.33,RFD0000000814
RFD0000000815,ORD000005102,OI0000008599,2021-05-10 00:00:00,Return approved,Refund Settled,434.14,RFD0000000815
RFD0000000816,ORD000005112,OI0000008618,2022-11-21 00:00:00,Return approved,Refund Settled,3258.3,RFD0000000816
RFD0000000817,ORD000005122,OI0000008636,2022-08-05 00:00:00,Return approved,Refund Settled,1752.13,RFD0000000817
RFD0000000818,ORD000005122,OI0000008637,2022-07-13 00:00:00,Return approved,Refund Settled,908.08,RFD0000000818
RFD0000000819,ORD000005124,OI0000008639,2021-09-13 00:00:00,Return approved,Refund Settled,23631.77,RFD0000000819
RFD0000000820,ORD000005126,OI0000008642,2024-07-21 00:00:00,Return approved,Refund Settled,558.02,RFD0000000820
RFD0000000821,ORD000005126,OI0000008643,2024-07-20 00:00:00,Return approved,Refund Settled,5036.0,RFD0000000821
RFD0000000822,ORD000005139,OI0000008670,2024-04-09 00:00:00,Return approved,Refund Settled,85799.14,RFD0000000822
RFD0000000823,ORD000005145,OI0000008679,2022-03-16 00:00:00,Return approved,Refund Settled,316.61,RFD0000000823
RFD0000000824,ORD000005155,OI0000008698,2022-12-30 00:00:00,Return approved,Refund Settled,136.92,RFD0000000824
RFD0000000825,ORD000005155,OI0000008699,2023-01-05 00:00:00,Return approved,Refund Settled,121.0,RFD0000000825
RFD0000000826,ORD000005155,OI0000008700,2022-12-29 00:00:00,Return approved,Refund Settled,238.4,RFD0000000826
RFD0000000827,ORD000005159,OI0000008708,2022-07-04 00:00:00,Return approved,Refund Settled,3257.09,RFD0000000827
RFD0000000828,ORD000005185,OI0000008746,2022-12-17 00:00:00,Return approved,Refund Settled,232.78,RFD0000000828
RFD0000000829,ORD000005185,OI0000008747,2022-12-06 00:00:00,Return approved,Refund Settled,3287.53,RFD0000000829
RFD0000000830,ORD000005189,OI0000008753,2021-04-17 00:00:00,Return approved,Refund Settled,3129.18,RFD0000000830
RFD0000000831,ORD000005207,OI0000008786,2023-07-18 00:00:00,Return approved,Refund Settled,41297.42,RFD0000000831
RFD0000000832,ORD000005209,OI0000008789,2022-05-24 00:00:00,Return approved,Refund Settled,224.35,RFD0000000832
RFD0000000833,ORD000005216,OI0000008805,2025-12-02 00:00:00,Return approved,Refund Settled,552.02,RFD0000000833
RFD0000000834,ORD000005233,OI0000008829,2023-09-16 00:00:00,Return approved,Refund Settled,22086.15,RFD0000000834
RFD0000000835,ORD000005233,OI0000008830,2023-08-30 00:00:00,Return approved,Refund Settled,210.97,RFD0000000835
RFD0000000836,ORD000005266,OI0000008886,2021-05-26 00:00:00,Return approved,Refund Settled,812.26,RFD0000000836
RFD0000000837,ORD000005278,OI0000008910,2024-01-13 00:00:00,Return approved,Refund Settled,512.87,RFD0000000837
RFD0000000838,ORD000005278,OI0000008911,2024-01-10 00:00:00,Return approved,Refund Settled,771.4,RFD0000000838
RFD0000000839,ORD000005278,OI0000008912,2024-01-12 00:00:00,Return approved,Refund Settled,509.95,RFD0000000839
RFD0000000840,ORD000005287,OI0000008925,2022-10-25 00:00:00,Return approved,Refund Settled,1220.88,RFD0000000840
RFD0000000841,ORD000005287,OI0000008926,2022-10-25 00:00:00,Return approved,Refund Settled,88674.53,RFD0000000841
RFD0000000842,ORD000005309,OI0000008955,2024-07-07 00:00:00,Return approved,Refund Settled,503.73,RFD0000000842
RFD0000000843,ORD000005326,OI0000008983,2024-11-08 00:00:00,Return approved,Processed,397.5,RFD0000000843
RFD0000000844,ORD000005331,OI0000008989,2021-10-27 00:00:00,Return approved,Refund Settled,1120.21,RFD0000000844
RFD0000000845,ORD000005350,OI0000009022,2023-10-24 00:00:00,Return approved,Refund Settled,1763.2,RFD0000000845
RFD0000000846,ORD000005360,OI0000009037,2022-03-12 00:00:00,Return approved,Refund Settled,245.67,RFD0000000846
RFD0000000847,ORD000005360,OI0000009038,2022-03-12 00:00:00,Return approved,Refund Settled,450.6,RFD0000000847
RFD0000000848,ORD000005360,OI0000009039,2022-03-17 00:00:00,Return approved,Refund Settled,548.4,RFD0000000848
RFD0000000849,ORD000005365,OI0000009049,2022-08-02 00:00:00,Return approved,Refund Settled,1401.76,RFD0000000849
RFD0000000850,ORD000005375,OI0000009069,2022-11-02 00:00:00,Return approved,Refund Settled,385.57,RFD0000000850
RFD0000000851,ORD000005375,OI0000009070,2022-10-23 00:00:00,Return approved,Refund Settled,2178.49,RFD0000000851
RFD0000000852,ORD000005381,OI0000009080,2022-01-03 00:00:00,Return approved,Refund Settled,286.08,RFD0000000852
RFD0000000853,ORD000005383,OI0000009082,2025-12-04 00:00:00,Return approved,Refund Settled,1596.07,RFD0000000853
RFD0000000854,ORD000005404,OI0000009118,2023-06-30 00:00:00,Return approved,Refund Settled,139.32,RFD0000000854
RFD0000000855,ORD000005404,OI0000009119,2023-06-25 00:00:00,Return approved,Refund Settled,491.64,RFD0000000855
RFD0000000856,ORD000005418,OI0000009141,2022-11-17 00:00:00,Return approved,Refund Settled,539.78,RFD0000000856
RFD0000000857,ORD000005428,OI0000009156,2022-11-29 00:00:00,Return approved,Refund Settled,1306.81,RFD0000000857
RFD0000000858,ORD000005434,OI0000009166,2023-01-28 00:00:00,Return approved,Refund Settled,270.75,RFD0000000858
RFD0000000859,ORD000005434,OI0000009167,2023-01-30 00:00:00,Return approved,Refund Settled,233.02,RFD0000000859
RFD0000000860,ORD000005447,OI0000009191,2021-04-10 00:00:00,Return approved,Processed,237.09,RFD0000000860
RFD0000000861,ORD000005448,OI0000009192,2021-03-30 00:00:00,Return approved,Refund Failed,19264.16,RFD0000000861
RFD0000000862,ORD000005471,OI0000009231,2021-08-19 00:00:00,Return approved,Refund Settled,277.32,RFD0000000862
RFD0000000863,ORD000005473,OI0000009233,2022-07-08 00:00:00,Return approved,Refund Settled,467.58,RFD0000000863
RFD0000000864,ORD000005473,OI0000009234,2022-07-13 00:00:00,Return approved,Refund Settled,200.63,RFD0000000864
RFD0000000865,ORD000005478,OI0000009243,2021-05-11 00:00:00,Return approved,Refund Settled,151.06,RFD0000000865
RFD0000000866,ORD000005478,OI0000009244,2021-05-12 00:00:00,Return approved,Refund Settled,1657.83,RFD0000000866
RFD0000000867,ORD000005478,OI0000009245,2021-05-11 00:00:00,Return approved,Refund Settled,987.51,RFD0000000867
RFD0000000868,ORD000005479,OI0000009246,2025-03-26 00:00:00,Return approved,Refund Settled,753.65,RFD0000000868
RFD0000000869,ORD000005481,OI0000009248,2025-01-26 00:00:00,Return approved,Refund Settled,819.79,RFD0000000869
RFD0000000870,ORD000005481,OI0000009249,2025-02-08 00:00:00,Return approved,Refund Settled,215.72,RFD0000000870
RFD0000000871,ORD000005493,OI0000009266,2023-12-03 00:00:00,Return approved,Refund Settled,1015.48,RFD0000000871
RFD0000000872,ORD000005493,OI0000009267,2023-12-04 00:00:00,Return approved,Refund Settled,332.71,RFD0000000872
RFD0000000873,ORD000005510,OI0000009297,2022-07-31 00:00:00,Return approved,Refund Settled,423.37,RFD0000000873
RFD0000000874,ORD000005510,OI0000009298,2022-08-11 00:00:00,Return approved,Processed,834.1,RFD0000000874
RFD0000000875,ORD000005518,OI0000009313,2025-03-10 00:00:00,Return approved,Refund Settled,840.74,RFD0000000875
RFD0000000876,ORD000005543,OI0000009347,2022-07-04 00:00:00,Return approved,Refund Settled,422.8,RFD0000000876
RFD0000000877,ORD000005543,OI0000009348,2022-07-18 00:00:00,Return approved,Refund Settled,483.15,RFD0000000877
RFD0000000878,ORD000005551,OI0000009361,2023-10-30 00:00:00,Return approved,Refund Settled,216.13,RFD0000000878
RFD0000000879,ORD000005551,OI0000009362,2023-10-21 00:00:00,Return approved,Refund Settled,1285.76,RFD0000000879
RFD0000000880,ORD000005553,OI0000009365,2023-05-14 00:00:00,Return approved,Refund Settled,9528.52,RFD0000000880
RFD0000000881,ORD000005553,OI0000009366,2023-05-08 00:00:00,Return approved,Refund Settled,10794.23,RFD0000000881
RFD0000000882,ORD000005566,OI0000009385,2021-09-12 00:00:00,Return approved,Refund Settled,537.87,RFD0000000882
RFD0000000883,ORD000005588,OI0000009419,2025-04-24 00:00:00,Return approved,Refund Settled,1348.89,RFD0000000883
RFD0000000884,ORD000005588,OI0000009420,2025-04-26 00:00:00,Return approved,Refund Settled,19482.06,RFD0000000884
RFD0000000885,ORD000005589,OI0000009421,2024-10-15 00:00:00,Return approved,Refund Settled,11067.45,RFD0000000885
RFD0000000886,ORD000005599,OI0000009441,2023-12-19 00:00:00,Return approved,Refund Settled,3385.8,RFD0000000886
RFD0000000887,ORD000005607,OI0000009451,2023-04-11 00:00:00,Return approved,Refund Settled,141.62,RFD0000000887
RFD0000000888,ORD000005607,OI0000009452,2023-04-10 00:00:00,Return approved,Refund Settled,248.96,RFD0000000888
RFD0000000889,ORD000005614,OI0000009462,2021-07-01 00:00:00,Return approved,Refund Failed,461.28,RFD0000000889
RFD0000000890,ORD000005616,OI0000009464,2022-07-16 00:00:00,Return approved,Refund Settled,5681.06,RFD0000000890
RFD0000000891,ORD000005616,OI0000009465,2022-07-24 00:00:00,Return approved,Refund Settled,1553.9,RFD0000000891
RFD0000000892,ORD000005617,OI0000009466,2023-11-30 00:00:00,Return approved,Refund Settled,3283.67,RFD0000000892
RFD0000000893,ORD000005622,OI0000009473,2022-06-02 00:00:00,Return approved,Refund Settled,916.9,RFD0000000893
RFD0000000894,ORD000005623,OI0000009474,2021-09-16 00:00:00,Return approved,Refund Settled,281.66,RFD0000000894
RFD0000000895,ORD000005623,OI0000009475,2021-09-20 00:00:00,Return approved,Refund Settled,265.71,RFD0000000895
RFD0000000896,ORD000005623,OI0000009476,2021-09-24 00:00:00,Return approved,Refund Settled,907.37,RFD0000000896
RFD0000000897,ORD000005629,OI0000009485,2024-10-28 00:00:00,Return approved,Refund Settled,383.8,RFD0000000897
RFD0000000898,ORD000005647,OI0000009516,2025-03-25 00:00:00,Return approved,Refund Settled,824.25,RFD0000000898
RFD0000000899,ORD000005656,OI0000009533,2021-05-11 00:00:00,Return approved,Refund Settled,224.04,RFD0000000899
RFD0000000900,ORD000005672,OI0000009558,2022-02-25 00:00:00,Return approved,Refund Settled,21538.98,RFD0000000900
RFD0000000901,ORD000005672,OI0000009559,2022-03-03 00:00:00,Return approved,Refund Settled,3503.81,RFD0000000901
RFD0000000902,ORD000005682,OI0000009576,2023-07-17 00:00:00,Return approved,Refund Settled,293.14,RFD0000000902
RFD0000000903,ORD000005699,OI0000009610,2022-07-04 00:00:00,Return approved,Refund Settled,198.82,RFD0000000903
RFD0000000904,ORD000005711,OI0000009628,2024-06-14 00:00:00,Return approved,Refund Settled,644.83,RFD0000000904
RFD0000000905,ORD000005738,OI0000009672,2025-05-21 00:00:00,Return approved,Processed,5665.36,RFD0000000905
RFD0000000906,ORD000005738,OI0000009673,2025-05-27 00:00:00,Return approved,Refund Settled,139.42,RFD0000000906
RFD0000000907,ORD000005739,OI0000009674,2024-12-26 00:00:00,Return approved,Refund Settled,774.5,RFD0000000907
RFD0000000908,ORD000005741,OI0000009677,2025-05-28 00:00:00,Return approved,Refund Settled,246.6,RFD0000000908
RFD0000000909,ORD000005746,OI0000009684,2024-06-05 00:00:00,Return approved,Refund Settled,10962.5,RFD0000000909
RFD0000000910,ORD000005760,OI0000009709,2024-10-01 00:00:00,Return approved,Refund Settled,269.96,RFD0000000910
RFD0000000911,ORD000005760,OI0000009710,2024-10-05 00:00:00,Return approved,Refund Settled,450.77,RFD0000000911
RFD0000000912,ORD000005762,OI0000009713,2025-07-13 00:00:00,Return approved,Refund Settled,131.29,RFD0000000912
RFD0000000913,ORD000005762,OI0000009714,2025-07-13 00:00:00,Return approved,Refund Settled,21321.9,RFD0000000913
RFD0000000914,ORD000005774,OI0000009737,2022-05-15 00:00:00,Return approved,Refund Failed,11252.98,RFD0000000914
RFD0000000915,ORD000005791,OI0000009765,2025-03-24 00:00:00,Return approved,Processed,20724.73,RFD0000000915
RFD0000000916,ORD000005795,OI0000009771,2023-02-23 00:00:00,Return approved,Refund Settled,372.7,RFD0000000916
RFD0000000917,ORD000005821,OI0000009813,2024-02-27 00:00:00,Return approved,Refund Settled,10416.27,RFD0000000917
RFD0000000918,ORD000005832,OI0000009831,2021-09-27 00:00:00,Return approved,Refund Settled,294.68,RFD0000000918
RFD0000000919,ORD000005835,OI0000009838,2025-02-16 00:00:00,Return approved,Refund Settled,527.62,RFD0000000919
RFD0000000920,ORD000005840,OI0000009845,2025-09-28 00:00:00,Return approved,Refund Settled,454.32,RFD0000000920
RFD0000000921,ORD000005840,OI0000009846,2025-09-27 00:00:00,Return approved,Refund Failed,957.67,RFD0000000921
RFD0000000922,ORD000005840,OI0000009847,2025-09-29 00:00:00,Return approved,Refund Settled,679.86,RFD0000000922
RFD0000000923,ORD000005855,OI0000009872,2021-08-21 00:00:00,Return approved,Refund Settled,19898.49,RFD0000000923
RFD0000000924,ORD000005855,OI0000009873,2021-08-25 00:00:00,Return approved,Refund Settled,793.66,RFD0000000924
RFD0000000925,ORD000005856,OI0000009874,2025-01-03 00:00:00,Return approved,Refund Settled,2357.9,RFD0000000925
RFD0000000926,ORD000005856,OI0000009875,2025-01-04 00:00:00,Return approved,Processed,9670.88,RFD0000000926
RFD0000000927,ORD000005893,OI0000009941,2025-06-08 00:00:00,Return approved,Refund Settled,951.27,RFD0000000927
RFD0000000928,ORD000005895,OI0000009944,2021-07-12 00:00:00,Return approved,Refund Failed,21750.38,RFD0000000928
RFD0000000929,ORD000005897,OI0000009946,2024-06-09 00:00:00,Return approved,Refund Settled,354.5,RFD0000000929
RFD0000000930,ORD000005905,OI0000009959,2023-07-25 00:00:00,Return approved,Refund Settled,396.82,RFD0000000930
RFD0000000931,ORD000005905,OI0000009960,2023-07-29 00:00:00,Return approved,Refund Settled,725.53,RFD0000000931
RFD0000000932,ORD000005938,OI0000010016,2023-05-23 00:00:00,Return approved,Processed,9742.16,RFD0000000932
RFD0000000933,ORD000005938,OI0000010017,2023-05-30 00:00:00,Return approved,Refund Settled,273.67,RFD0000000933
RFD0000000934,ORD000005952,OI0000010039,2023-05-30 00:00:00,Return approved,Refund Settled,1582.36,RFD0000000934
RFD0000000935,ORD000005952,OI0000010040,2023-05-24 00:00:00,Return approved,Refund Settled,1481.89,RFD0000000935
RFD0000000936,ORD000005958,OI0000010051,2026-02-20 00:00:00,Return approved,Refund Settled,325.04,RFD0000000936
RFD0000000937,ORD000005981,OI0000010095,2023-11-25 00:00:00,Return approved,Refund Settled,921.46,RFD0000000937
RFD0000000938,ORD000005981,OI0000010096,2023-12-08 00:00:00,Return approved,Refund Settled,141.13,RFD0000000938
RFD0000000939,ORD000005982,OI0000010097,2022-01-08 00:00:00,Return approved,Refund Settled,41167.64,RFD0000000939
RFD0000000940,ORD000005988,OI0000010106,2021-03-17 00:00:00,Return approved,Refund Settled,960.39,RFD0000000940
RFD0000000941,ORD000005988,OI0000010107,2021-03-22 00:00:00,Return approved,Refund Settled,5444.5,RFD0000000941
RFD0000000942,ORD000005988,OI0000010108,2021-03-14 00:00:00,Return approved,Refund Settled,809.02,RFD0000000942
RFD0000000943,ORD000006000,OI0000010125,2023-04-20 00:00:00,Return approved,Refund Settled,278.47,RFD0000000943
RFD0000000944,ORD000006000,OI0000010126,2023-04-23 00:00:00,Return approved,Refund Settled,485.8,RFD0000000944
RFD0000000945,ORD000006004,OI0000010134,2022-04-04 00:00:00,Return approved,Refund Settled,3353.11,RFD0000000945
RFD0000000946,ORD000006004,OI0000010135,2022-03-26 00:00:00,Return approved,Refund Settled,948.65,RFD0000000946
RFD0000000947,ORD000006010,OI0000010144,2026-01-15 00:00:00,Return approved,Processed,218.72,RFD0000000947
RFD0000000948,ORD000006012,OI0000010147,2021-06-02 00:00:00,Return approved,Refund Settled,40103.6,RFD0000000948
RFD0000000949,ORD000006012,OI0000010148,2021-05-13 00:00:00,Return approved,Refund Settled,219.55,RFD0000000949
RFD0000000950,ORD000006012,OI0000010149,2021-05-12 00:00:00,Return approved,Refund Settled,420.13,RFD0000000950
RFD0000000951,ORD000006019,OI0000010161,2022-04-07 00:00:00,Return approved,Refund Settled,3097.43,RFD0000000951
RFD0000000952,ORD000006025,OI0000010169,2025-08-06 00:00:00,Return approved,Refund Settled,454.47,RFD0000000952
RFD0000000953,ORD000006025,OI0000010171,2025-08-05 00:00:00,Return approved,Refund Settled,445.8,RFD0000000953
RFD0000000954,ORD000006034,OI0000010190,2022-08-04 00:00:00,Return approved,Refund Settled,21295.93,RFD0000000954
RFD0000000955,ORD000006034,OI0000010191,2022-07-26 00:00:00,Return approved,Processed,6963.72,RFD0000000955
RFD0000000956,ORD000006055,OI0000010222,2023-01-27 00:00:00,Return approved,Refund Settled,1342.57,RFD0000000956
RFD0000000957,ORD000006055,OI0000010223,2023-02-02 00:00:00,Return approved,Refund Settled,2702.29,RFD0000000957
RFD0000000958,ORD000006056,OI0000010224,2022-04-29 00:00:00,Return approved,Refund Settled,19366.83,RFD0000000958
RFD0000000959,ORD000006063,OI0000010235,2022-05-09 00:00:00,Return approved,Refund Settled,236.39,RFD0000000959
RFD0000000960,ORD000006063,OI0000010236,2022-05-16 00:00:00,Return approved,Refund Settled,600.89,RFD0000000960
RFD0000000961,ORD000006072,OI0000010252,2025-07-18 00:00:00,Return approved,Refund Settled,379.62,RFD0000000961
RFD0000000962,ORD000006098,OI0000010289,2021-12-05 00:00:00,Return approved,Refund Settled,21216.96,RFD0000000962
RFD0000000963,ORD000006098,OI0000010290,2021-11-28 00:00:00,Return approved,Refund Settled,239.93,RFD0000000963
RFD0000000964,ORD000006098,OI0000010291,2021-12-02 00:00:00,Return approved,Refund Settled,472.22,RFD0000000964
RFD0000000965,ORD000006099,OI0000010292,2021-03-21 00:00:00,Return approved,Refund Settled,1152.93,RFD0000000965
RFD0000000966,ORD000006099,OI0000010293,2021-03-14 00:00:00,Return approved,Refund Settled,18801.06,RFD0000000966
RFD0000000967,ORD000006105,OI0000010304,2024-01-21 00:00:00,Return approved,Refund Settled,11826.36,RFD0000000967
RFD0000000968,ORD000006108,OI0000010309,2025-11-10 00:00:00,Return approved,Refund Settled,1283.97,RFD0000000968
RFD0000000969,ORD000006108,OI0000010310,2025-11-10 00:00:00,Return approved,Refund Settled,822.77,RFD0000000969
RFD0000000970,ORD000006110,OI0000010314,2021-11-05 00:00:00,Return approved,Processed,9146.52,RFD0000000970
RFD0000000971,ORD000006111,OI0000010315,2022-09-13 00:00:00,Return approved,Refund Settled,144.66,RFD0000000971
RFD0000000972,ORD000006111,OI0000010317,2022-09-09 00:00:00,Return approved,Refund Settled,895.05,RFD0000000972
RFD0000000973,ORD000006141,OI0000010368,2022-11-18 00:00:00,Return approved,Refund Settled,1251.84,RFD0000000973
RFD0000000974,ORD000006141,OI0000010369,2022-11-21 00:00:00,Return approved,Refund Settled,426.95,RFD0000000974
RFD0000000975,ORD000006151,OI0000010386,2025-10-09 00:00:00,Return approved,Refund Settled,10158.15,RFD0000000975
RFD0000000976,ORD000006151,OI0000010388,2025-09-28 00:00:00,Return approved,Refund Settled,6045.85,RFD0000000976
RFD0000000977,ORD000006152,OI0000010390,2023-11-20 00:00:00,Return approved,Refund Settled,745.86,RFD0000000977
RFD0000000978,ORD000006162,OI0000010405,2025-05-28 00:00:00,Return approved,Refund Settled,2968.36,RFD0000000978
RFD0000000979,ORD000006178,OI0000010427,2024-01-03 00:00:00,Return approved,Processed,19572.5,RFD0000000979
RFD0000000980,ORD000006178,OI0000010428,2024-01-01 00:00:00,Return approved,Refund Settled,21580.19,RFD0000000980
RFD0000000981,ORD000006196,OI0000010456,2022-01-07 00:00:00,Return approved,Refund Settled,246.79,RFD0000000981
RFD0000000982,ORD000006196,OI0000010457,2022-01-04 00:00:00,Return approved,Refund Settled,484.42,RFD0000000982
RFD0000000983,ORD000006197,OI0000010458,2023-01-24 00:00:00,Return approved,Refund Settled,1751.46,RFD0000000983
RFD0000000984,ORD000006197,OI0000010459,2023-01-07 00:00:00,Return approved,Refund Settled,141.99,RFD0000000984
RFD0000000985,ORD000006197,OI0000010460,2023-01-07 00:00:00,Return approved,Processed,1650.74,RFD0000000985
RFD0000000986,ORD000006198,OI0000010461,2023-07-01 00:00:00,Return approved,Refund Settled,10875.28,RFD0000000986
RFD0000000987,ORD000006198,OI0000010462,2023-07-06 00:00:00,Return approved,Refund Settled,811.04,RFD0000000987
RFD0000000988,ORD000006213,OI0000010489,2025-07-02 00:00:00,Return approved,Refund Settled,942.81,RFD0000000988
RFD0000000989,ORD000006224,OI0000010506,2023-02-10 00:00:00,Return approved,Refund Settled,136.88,RFD0000000989
RFD0000000990,ORD000006224,OI0000010507,2023-02-25 00:00:00,Return approved,Processed,11045.04,RFD0000000990
RFD0000000991,ORD000006227,OI0000010511,2022-05-23 00:00:00,Return approved,Processed,261.26,RFD0000000991
RFD0000000992,ORD000006242,OI0000010539,2021-09-22 00:00:00,Return approved,Refund Settled,475.29,RFD0000000992
RFD0000000993,ORD000006257,OI0000010561,2021-12-13 00:00:00,Return approved,Refund Failed,223.84,RFD0000000993
RFD0000000994,ORD000006270,OI0000010582,2025-10-21 00:00:00,Return approved,Refund Settled,3661.54,RFD0000000994
RFD0000000995,ORD000006270,OI0000010583,2025-10-24 00:00:00,Return approved,Refund Settled,510.38,RFD0000000995
RFD0000000996,ORD000006272,OI0000010586,2022-08-22 00:00:00,Return approved,Refund Settled,735.52,RFD0000000996
RFD0000000997,ORD000006279,OI0000010597,2021-11-06 00:00:00,Return approved,Refund Settled,452.43,RFD0000000997
RFD0000000998,ORD000006286,OI0000010608,2022-05-24 00:00:00,Return approved,Refund Settled,607.45,RFD0000000998
RFD0000000999,ORD000006286,OI0000010609,2022-05-21 00:00:00,Return approved,Refund Settled,281.89,RFD0000000999
RFD0000001000,ORD000006306,OI0000010638,2025-08-29 00:00:00,Return approved,Processed,45560.88,RFD0000001000
RFD0000001001,ORD000006310,OI0000010643,2024-10-04 00:00:00,Return approved,Refund Settled,10241.02,RFD0000001001
RFD0000001002,ORD000006311,OI0000010644,2021-06-23 00:00:00,Return approved,Refund Settled,203.2,RFD0000001002
RFD0000001003,ORD000006311,OI0000010645,2021-07-06 00:00:00,Return approved,Refund Settled,267.59,RFD0000001003
RFD0000001004,ORD000006323,OI0000010666,2024-02-12 00:00:00,Return approved,Refund Settled,17923.82,RFD0000001004
RFD0000001005,ORD000006330,OI0000010676,2021-06-29 00:00:00,Return approved,Refund Settled,43738.96,RFD0000001005
RFD0000001006,ORD000006334,OI0000010681,2024-11-21 00:00:00,Return approved,Refund Settled,2727.23,RFD0000001006
RFD0000001007,ORD000006338,OI0000010688,2022-01-16 00:00:00,Return approved,Refund Settled,377.2,RFD0000001007
RFD0000001008,ORD000006342,OI0000010695,2024-03-12 00:00:00,Return approved,Refund Settled,699.89,RFD0000001008
RFD0000001009,ORD000006346,OI0000010702,2023-02-03 00:00:00,Return approved,Refund Settled,1259.91,RFD0000001009
RFD0000001010,ORD000006346,OI0000010703,2023-02-11 00:00:00,Return approved,Refund Settled,2351.67,RFD0000001010
RFD0000001011,ORD000006349,OI0000010706,2023-02-23 00:00:00,Return approved,Refund Settled,18849.33,RFD0000001011
RFD0000001012,ORD000006373,OI0000010751,2025-01-23 00:00:00,Return approved,Refund Settled,551.25,RFD0000001012
RFD0000001013,ORD000006384,OI0000010767,2022-12-21 00:00:00,Return approved,Refund Settled,688.64,RFD0000001013
RFD0000001014,ORD000006384,OI0000010768,2022-12-20 00:00:00,Return approved,Refund Settled,473.68,RFD0000001014
RFD0000001015,ORD000006390,OI0000010780,2022-05-23 00:00:00,Return approved,Refund Settled,2082.03,RFD0000001015
RFD0000001016,ORD000006401,OI0000010801,2021-06-16 00:00:00,Return approved,Refund Settled,21484.12,RFD0000001016
RFD0000001017,ORD000006416,OI0000010822,2022-06-11 00:00:00,Return approved,Refund Failed,2276.51,RFD0000001017
RFD0000001018,ORD000006425,OI0000010838,2021-05-27 00:00:00,Return approved,Refund Settled,3289.81,RFD0000001018
RFD0000001019,ORD000006428,OI0000010844,2022-01-29 00:00:00,Return approved,Refund Settled,135.47,RFD0000001019
RFD0000001020,ORD000006441,OI0000010865,2021-12-12 00:00:00,Return approved,Refund Settled,1180.8,RFD0000001020
RFD0000001021,ORD000006499,OI0000010959,2022-10-15 00:00:00,Return approved,Refund Settled,406.07,RFD0000001021
RFD0000001022,ORD000006526,OI0000011009,2025-02-09 00:00:00,Return approved,Refund Settled,919.28,RFD0000001022
RFD0000001023,ORD000006526,OI0000011010,2025-01-29 00:00:00,Return approved,Refund Settled,10073.4,RFD0000001023
RFD0000001024,ORD000006526,OI0000011011,2025-02-07 00:00:00,Return approved,Refund Settled,21375.67,RFD0000001024
RFD0000001025,ORD000006539,OI0000011035,2025-06-21 00:00:00,Return approved,Refund Settled,264.64,RFD0000001025
RFD0000001026,ORD000006539,OI0000011036,2025-07-08 00:00:00,Return approved,Refund Settled,411.78,RFD0000001026
RFD0000001027,ORD000006539,OI0000011037,2025-07-08 00:00:00,Return approved,Refund Settled,431.64,RFD0000001027
RFD0000001028,ORD000006546,OI0000011049,2024-09-15 00:00:00,Return approved,Refund Settled,486.41,RFD0000001028
RFD0000001029,ORD000006546,OI0000011051,2024-09-20 00:00:00,Return approved,Refund Settled,410.4,RFD0000001029
RFD0000001030,ORD000006606,OI0000011152,2023-08-14 00:00:00,Return approved,Processed,5178.63,RFD0000001030
RFD0000001031,ORD000006635,OI0000011198,2023-03-07 00:00:00,Return approved,Refund Settled,9753.69,RFD0000001031
RFD0000001032,ORD000006635,OI0000011199,2023-03-22 00:00:00,Return approved,Refund Settled,537.26,RFD0000001032
RFD0000001033,ORD000006644,OI0000011211,2024-05-27 00:00:00,Return approved,Processed,1163.03,RFD0000001033
RFD0000001034,ORD000006645,OI0000011212,2022-08-23 00:00:00,Return approved,Refund Settled,206.5,RFD0000001034
RFD0000001035,ORD000006645,OI0000011213,2022-08-12 00:00:00,Return approved,Refund Settled,6064.06,RFD0000001035
RFD0000001036,ORD000006645,OI0000011214,2022-08-22 00:00:00,Return approved,Refund Settled,586.12,RFD0000001036
RFD0000001037,ORD000006703,OI0000011312,2023-06-14 00:00:00,Return approved,Refund Settled,603.73,RFD0000001037
RFD0000001038,ORD000006703,OI0000011314,2023-06-28 00:00:00,Return approved,Refund Settled,7825.06,RFD0000001038
RFD0000001039,ORD000006706,OI0000011319,2021-11-14 00:00:00,Return approved,Refund Settled,212.44,RFD0000001039
RFD0000001040,ORD000006725,OI0000011353,2024-06-13 00:00:00,Return approved,Processed,875.67,RFD0000001040
RFD0000001041,ORD000006725,OI0000011354,2024-06-26 00:00:00,Return approved,Refund Settled,10501.57,RFD0000001041
RFD0000001042,ORD000006746,OI0000011386,2023-11-13 00:00:00,Return approved,Refund Settled,467.31,RFD0000001042
RFD0000001043,ORD000006746,OI0000011388,2023-11-19 00:00:00,Return approved,Refund Settled,1856.75,RFD0000001043
RFD0000001044,ORD000006756,OI0000011404,2021-08-28 00:00:00,Return approved,Refund Settled,263.59,RFD0000001044
RFD0000001045,ORD000006759,OI0000011409,2022-11-02 00:00:00,Return approved,Refund Settled,231.24,RFD0000001045
RFD0000001046,ORD000006759,OI0000011410,2022-11-10 00:00:00,Return approved,Refund Settled,2982.06,RFD0000001046
RFD0000001047,ORD000006780,OI0000011443,2024-06-04 00:00:00,Return approved,Refund Settled,724.48,RFD0000001047
RFD0000001048,ORD000006791,OI0000011460,2025-07-21 00:00:00,Return approved,Refund Settled,413.07,RFD0000001048
RFD0000001049,ORD000006791,OI0000011461,2025-07-12 00:00:00,Return approved,Refund Settled,438.74,RFD0000001049
RFD0000001050,ORD000006791,OI0000011462,2025-07-08 00:00:00,Return approved,Refund Settled,21137.17,RFD0000001050
RFD0000001051,ORD000006801,OI0000011480,2025-05-18 00:00:00,Return approved,Refund Settled,919.86,RFD0000001051
RFD0000001052,ORD000006801,OI0000011481,2025-05-22 00:00:00,Return approved,Refund Settled,314.65,RFD0000001052
RFD0000001053,ORD000006801,OI0000011482,2025-05-21 00:00:00,Return approved,Refund Settled,397.77,RFD0000001053
RFD0000001054,ORD000006817,OI0000011511,2021-09-06 00:00:00,Return approved,Refund Settled,971.48,RFD0000001054
RFD0000001055,ORD000006830,OI0000011529,2025-09-16 00:00:00,Return approved,Refund Settled,234.42,RFD0000001055
RFD0000001056,ORD000006840,OI0000011543,2025-09-11 00:00:00,Return approved,Refund Settled,2479.82,RFD0000001056
RFD0000001057,ORD000006844,OI0000011550,2024-08-29 00:00:00,Return approved,Refund Settled,291.62,RFD0000001057
RFD0000001058,ORD000006855,OI0000011565,2021-12-16 00:00:00,Return approved,Refund Settled,255.35,RFD0000001058
RFD0000001059,ORD000006856,OI0000011567,2025-06-22 00:00:00,Return approved,Processed,417.98,RFD0000001059
RFD0000001060,ORD000006858,OI0000011570,2024-10-01 00:00:00,Return approved,Refund Settled,5044.09,RFD0000001060
RFD0000001061,ORD000006858,OI0000011571,2024-10-05 00:00:00,Return approved,Refund Settled,640.33,RFD0000001061
RFD0000001062,ORD000006859,OI0000011573,2022-12-20 00:00:00,Return approved,Refund Settled,2426.81,RFD0000001062
RFD0000001063,ORD000006865,OI0000011582,2021-03-15 00:00:00,Return approved,Refund Settled,298.42,RFD0000001063
RFD0000001064,ORD000006865,OI0000011583,2021-03-01 00:00:00,Return approved,Refund Settled,2961.76,RFD0000001064
RFD0000001065,ORD000006870,OI0000011588,2021-06-06 00:00:00,Return approved,Refund Settled,533.4,RFD0000001065
RFD0000001066,ORD000006877,OI0000011596,2022-03-17 00:00:00,Return approved,Processed,802.14,RFD0000001066
RFD0000001067,ORD000006877,OI0000011597,2022-03-25 00:00:00,Return approved,Refund Settled,401.77,RFD0000001067
RFD0000001068,ORD000006878,OI0000011598,2021-10-04 00:00:00,Return approved,Processed,61868.71,RFD0000001068
RFD0000001069,ORD000006896,OI0000011626,2024-03-14 00:00:00,Return approved,Refund Settled,481.54,RFD0000001069
RFD0000001070,ORD000006896,OI0000011627,2024-03-10 00:00:00,Return approved,Refund Failed,1255.57,RFD0000001070
RFD0000001071,ORD000006900,OI0000011634,2023-12-06 00:00:00,Return approved,Refund Settled,696.81,RFD0000001071
RFD0000001072,ORD000006900,OI0000011635,2023-12-04 00:00:00,Return approved,Refund Settled,591.88,RFD0000001072
RFD0000001073,ORD000006908,OI0000011649,2024-12-28 00:00:00,Return approved,Refund Settled,262.3,RFD0000001073
RFD0000001074,ORD000006911,OI0000011654,2025-11-13 00:00:00,Return approved,Refund Settled,218.74,RFD0000001074
RFD0000001075,ORD000006925,OI0000011676,2025-10-12 00:00:00,Return approved,Refund Settled,933.97,RFD0000001075
RFD0000001076,ORD000006925,OI0000011677,2025-10-02 00:00:00,Return approved,Refund Settled,1724.82,RFD0000001076
RFD0000001077,ORD000006925,OI0000011678,2025-10-12 00:00:00,Return approved,Refund Settled,836.0,RFD0000001077
RFD0000001078,ORD000006929,OI0000011683,2023-01-25 00:00:00,Return approved,Refund Settled,3304.68,RFD0000001078
RFD0000001079,ORD000006932,OI0000011688,2022-06-23 00:00:00,Return approved,Refund Settled,22801.67,RFD0000001079
RFD0000001080,ORD000006935,OI0000011692,2026-02-19 00:00:00,Return approved,Refund Settled,236.57,RFD0000001080
RFD0000001081,ORD000006935,OI0000011693,2026-02-27 00:00:00,Return approved,Refund Settled,1046.82,RFD0000001081
RFD0000001082,ORD000006935,OI0000011694,2026-03-05 00:00:00,Return approved,Refund Settled,40543.24,RFD0000001082
RFD0000001083,ORD000006937,OI0000011697,2022-05-05 00:00:00,Return approved,Refund Settled,6011.79,RFD0000001083
RFD0000001084,ORD000006937,OI0000011698,2022-05-15 00:00:00,Return approved,Refund Settled,424.7,RFD0000001084
RFD0000001085,ORD000006937,OI0000011699,2022-05-03 00:00:00,Return approved,Refund Settled,901.21,RFD0000001085
RFD0000001086,ORD000006956,OI0000011728,2023-11-16 00:00:00,Return approved,Refund Settled,5243.37,RFD0000001086
RFD0000001087,ORD000006956,OI0000011729,2023-11-25 00:00:00,Return approved,Refund Settled,134.98,RFD0000001087
RFD0000001088,ORD000006962,OI0000011738,2023-11-11 00:00:00,Return approved,Refund Settled,1217.64,RFD0000001088
RFD0000001089,ORD000006980,OI0000011768,2023-10-26 00:00:00,Return approved,Processed,577.71,RFD0000001089
RFD0000001090,ORD000006985,OI0000011775,2022-11-30 00:00:00,Return approved,Refund Failed,2712.9,RFD0000001090
RFD0000001091,ORD000007002,OI0000011804,2024-05-31 00:00:00,Return approved,Refund Settled,249.16,RFD0000001091
RFD0000001092,ORD000007011,OI0000011817,2022-02-27 00:00:00,Return approved,Refund Settled,10836.01,RFD0000001092
RFD0000001093,ORD000007013,OI0000011819,2024-06-27 00:00:00,Return approved,Processed,2778.26,RFD0000001093
RFD0000001094,ORD000007013,OI0000011820,2024-06-20 00:00:00,Return approved,Refund Settled,969.53,RFD0000001094
RFD0000001095,ORD000007029,OI0000011851,2025-06-03 00:00:00,Return approved,Refund Settled,394.21,RFD0000001095
RFD0000001096,ORD000007030,OI0000011852,2023-11-15 00:00:00,Return approved,Refund Settled,569.41,RFD0000001096
RFD0000001097,ORD000007030,OI0000011853,2023-11-19 00:00:00,Return approved,Refund Settled,11355.01,RFD0000001097
RFD0000001098,ORD000007040,OI0000011866,2022-01-19 00:00:00,Return approved,Refund Settled,3083.93,RFD0000001098
RFD0000001099,ORD000007050,OI0000011881,2021-08-16 00:00:00,Return approved,Refund Settled,4862.77,RFD0000001099
RFD0000001100,ORD000007050,OI0000011882,2021-08-13 00:00:00,Return approved,Refund Settled,216.95,RFD0000001100
RFD0000001101,ORD000007063,OI0000011902,2025-05-03 00:00:00,Return approved,Refund Settled,991.66,RFD0000001101
RFD0000001102,ORD000007063,OI0000011903,2025-05-03 00:00:00,Return approved,Refund Settled,6089.19,RFD0000001102
RFD0000001103,ORD000007076,OI0000011923,2024-07-25 00:00:00,Return approved,Refund Settled,200.56,RFD0000001103
RFD0000001104,ORD000007076,OI0000011924,2024-07-26 00:00:00,Return approved,Refund Settled,6057.51,RFD0000001104
RFD0000001105,ORD000007076,OI0000011925,2024-07-16 00:00:00,Return approved,Refund Settled,319.15,RFD0000001105
RFD0000001106,ORD000007087,OI0000011943,2025-04-08 00:00:00,Return approved,Processed,10236.85,RFD0000001106
RFD0000001107,ORD000007087,OI0000011944,2025-04-06 00:00:00,Return approved,Refund Settled,364.77,RFD0000001107
RFD0000001108,ORD000007087,OI0000011945,2025-04-12 00:00:00,Return approved,Refund Settled,264.82,RFD0000001108
RFD0000001109,ORD000007103,OI0000011969,2025-07-19 00:00:00,Return approved,Refund Settled,580.85,RFD0000001109
RFD0000001110,ORD000007103,OI0000011970,2025-07-21 00:00:00,Return approved,Refund Settled,1194.85,RFD0000001110
RFD0000001111,ORD000007111,OI0000011980,2024-01-13 00:00:00,Return approved,Refund Settled,1526.57,RFD0000001111
RFD0000001112,ORD000007111,OI0000011981,2024-01-09 00:00:00,Return approved,Refund Settled,23735.76,RFD0000001112
RFD0000001113,ORD000007111,OI0000011982,2024-01-03 00:00:00,Return approved,Refund Settled,19970.09,RFD0000001113
RFD0000001114,ORD000007122,OI0000012003,2021-10-25 00:00:00,Return approved,Refund Settled,815.83,RFD0000001114
RFD0000001115,ORD000007138,OI0000012029,2021-02-27 00:00:00,Return approved,Refund Settled,235.37,RFD0000001115
RFD0000001116,ORD000007138,OI0000012030,2021-02-22 00:00:00,Return approved,Refund Settled,139.05,RFD0000001116
RFD0000001117,ORD000007144,OI0000012038,2025-10-06 00:00:00,Return approved,Processed,209.86,RFD0000001117
RFD0000001118,ORD000007161,OI0000012068,2023-10-02 00:00:00,Return approved,Refund Settled,392.25,RFD0000001118
RFD0000001119,ORD000007171,OI0000012085,2025-03-18 00:00:00,Return approved,Refund Settled,812.18,RFD0000001119
RFD0000001120,ORD000007190,OI0000012116,2024-01-26 00:00:00,Return approved,Refund Settled,827.61,RFD0000001120
RFD0000001121,ORD000007193,OI0000012121,2023-04-08 00:00:00,Return approved,Refund Settled,360.64,RFD0000001121
RFD0000001122,ORD000007196,OI0000012125,2024-06-17 00:00:00,Return approved,Processed,9925.37,RFD0000001122
RFD0000001123,ORD000007196,OI0000012126,2024-06-25 00:00:00,Return approved,Refund Settled,637.34,RFD0000001123
RFD0000001124,ORD000007204,OI0000012139,2024-05-02 00:00:00,Return approved,Refund Settled,1174.98,RFD0000001124
RFD0000001125,ORD000007204,OI0000012140,2024-05-06 00:00:00,Return approved,Refund Settled,3305.14,RFD0000001125
RFD0000001126,ORD000007207,OI0000012146,2021-08-15 00:00:00,Return approved,Refund Settled,233.46,RFD0000001126
RFD0000001127,ORD000007207,OI0000012147,2021-08-16 00:00:00,Return approved,Processed,11590.12,RFD0000001127
RFD0000001128,ORD000007219,OI0000012165,2021-09-23 00:00:00,Return approved,Refund Settled,850.98,RFD0000001128
RFD0000001129,ORD000007247,OI0000012210,2025-10-16 00:00:00,Return approved,Refund Settled,1661.51,RFD0000001129
RFD0000001130,ORD000007266,OI0000012240,2025-04-10 00:00:00,Return approved,Refund Settled,259.98,RFD0000001130
RFD0000001131,ORD000007279,OI0000012262,2021-11-11 00:00:00,Return approved,Refund Settled,5951.35,RFD0000001131
RFD0000001132,ORD000007279,OI0000012263,2021-11-04 00:00:00,Return approved,Refund Settled,5608.11,RFD0000001132
RFD0000001133,ORD000007301,OI0000012298,2024-07-04 00:00:00,Return approved,Processed,276.12,RFD0000001133
RFD0000001134,ORD000007301,OI0000012300,2024-07-11 00:00:00,Return approved,Refund Settled,1506.36,RFD0000001134
RFD0000001135,ORD000007315,OI0000012318,2025-11-07 00:00:00,Return approved,Refund Settled,147.8,RFD0000001135
RFD0000001136,ORD000007317,OI0000012321,2024-12-25 00:00:00,Return approved,Refund Settled,138.84,RFD0000001136
RFD0000001137,ORD000007317,OI0000012322,2024-12-26 00:00:00,Return approved,Refund Settled,387.04,RFD0000001137
RFD0000001138,ORD000007319,OI0000012326,2022-05-15 00:00:00,Return approved,Refund Settled,852.36,RFD0000001138
RFD0000001139,ORD000007319,OI0000012327,2022-05-09 00:00:00,Return approved,Refund Settled,249.74,RFD0000001139
RFD0000001140,ORD000007323,OI0000012331,2021-07-27 00:00:00,Return approved,Refund Settled,549.54,RFD0000001140
RFD0000001141,ORD000007323,OI0000012332,2021-07-27 00:00:00,Return approved,Refund Settled,21505.22,RFD0000001141
RFD0000001142,ORD000007333,OI0000012349,2023-12-19 00:00:00,Return approved,Refund Settled,19682.28,RFD0000001142
RFD0000001143,ORD000007344,OI0000012369,2021-12-27 00:00:00,Return approved,Refund Settled,2315.66,RFD0000001143
RFD0000001144,ORD000007344,OI0000012370,2021-12-25 00:00:00,Return approved,Refund Settled,146.58,RFD0000001144
RFD0000001145,ORD000007350,OI0000012382,2025-10-03 00:00:00,Return approved,Refund Settled,20538.45,RFD0000001145
RFD0000001146,ORD000007356,OI0000012392,2021-11-17 00:00:00,Return approved,Refund Settled,221.24,RFD0000001146
RFD0000001147,ORD000007357,OI0000012393,2022-07-26 00:00:00,Return approved,Refund Settled,10027.99,RFD0000001147
RFD0000001148,ORD000007357,OI0000012395,2022-07-13 00:00:00,Return approved,Refund Settled,44474.81,RFD0000001148
RFD0000001149,ORD000007358,OI0000012396,2025-05-12 00:00:00,Return approved,Refund Settled,133.75,RFD0000001149
RFD0000001150,ORD000007366,OI0000012407,2026-02-11 00:00:00,Return approved,Refund Settled,19072.93,RFD0000001150
RFD0000001151,ORD000007369,OI0000012411,2025-09-24 00:00:00,Return approved,Refund Settled,2713.6,RFD0000001151
RFD0000001152,ORD000007376,OI0000012423,2025-12-07 00:00:00,Return approved,Refund Settled,19929.01,RFD0000001152
RFD0000001153,ORD000007376,OI0000012424,2025-11-25 00:00:00,Return approved,Refund Settled,20951.69,RFD0000001153
RFD0000001154,ORD000007377,OI0000012425,2025-04-20 00:00:00,Return approved,Processed,21578.82,RFD0000001154
RFD0000001155,ORD000007383,OI0000012435,2024-03-21 00:00:00,Return approved,Refund Settled,46525.77,RFD0000001155
RFD0000001156,ORD000007383,OI0000012436,2024-03-21 00:00:00,Return approved,Refund Settled,42986.35,RFD0000001156
RFD0000001157,ORD000007390,OI0000012448,2025-02-12 00:00:00,Return approved,Refund Settled,1506.29,RFD0000001157
RFD0000001158,ORD000007390,OI0000012449,2025-02-16 00:00:00,Return approved,Refund Settled,436.29,RFD0000001158
RFD0000001159,ORD000007412,OI0000012486,2023-12-17 00:00:00,Return approved,Refund Settled,5653.01,RFD0000001159
RFD0000001160,ORD000007425,OI0000012507,2023-04-06 00:00:00,Return approved,Processed,727.8,RFD0000001160
RFD0000001161,ORD000007425,OI0000012508,2023-04-03 00:00:00,Return approved,Refund Settled,10257.72,RFD0000001161
RFD0000001162,ORD000007446,OI0000012545,2025-05-14 00:00:00,Return approved,Refund Settled,5922.43,RFD0000001162
RFD0000001163,ORD000007467,OI0000012580,2023-04-11 00:00:00,Return approved,Refund Settled,750.99,RFD0000001163
RFD0000001164,ORD000007467,OI0000012581,2023-03-27 00:00:00,Return approved,Refund Settled,273.97,RFD0000001164
RFD0000001165,ORD000007472,OI0000012587,2023-01-19 00:00:00,Return approved,Refund Failed,59410.76,RFD0000001165
RFD0000001166,ORD000007472,OI0000012588,2023-01-31 00:00:00,Return approved,Refund Settled,9745.32,RFD0000001166
RFD0000001167,ORD000007497,OI0000012634,2025-12-09 00:00:00,Return approved,Refund Settled,866.81,RFD0000001167
RFD0000001168,ORD000007498,OI0000012636,2021-11-05 00:00:00,Return approved,Refund Failed,130.08,RFD0000001168
RFD0000001169,ORD000007499,OI0000012637,2024-03-05 00:00:00,Return approved,Refund Settled,20657.34,RFD0000001169
RFD0000001170,ORD000007503,OI0000012643,2022-11-13 00:00:00,Return approved,Refund Settled,224.83,RFD0000001170
RFD0000001171,ORD000007503,OI0000012644,2022-11-25 00:00:00,Return approved,Refund Settled,390.29,RFD0000001171
RFD0000001172,ORD000007504,OI0000012645,2023-01-13 00:00:00,Return approved,Refund Failed,21115.75,RFD0000001172
RFD0000001173,ORD000007507,OI0000012650,2022-10-19 00:00:00,Return approved,Refund Settled,372.15,RFD0000001173
RFD0000001174,ORD000007508,OI0000012651,2023-05-07 00:00:00,Return approved,Refund Settled,468.49,RFD0000001174
RFD0000001175,ORD000007551,OI0000012726,2025-03-08 00:00:00,Return approved,Refund Settled,210.93,RFD0000001175
RFD0000001176,ORD000007573,OI0000012763,2024-06-27 00:00:00,Return approved,Refund Settled,10455.78,RFD0000001176
RFD0000001177,ORD000007573,OI0000012764,2024-06-10 00:00:00,Return approved,Refund Settled,531.18,RFD0000001177
RFD0000001178,ORD000007573,OI0000012765,2024-06-14 00:00:00,Return approved,Refund Settled,548.65,RFD0000001178
RFD0000001179,ORD000007577,OI0000012769,2025-10-16 00:00:00,Return approved,Refund Settled,554.65,RFD0000001179
RFD0000001180,ORD000007579,OI0000012771,2022-01-29 00:00:00,Return approved,Processed,20249.34,RFD0000001180
RFD0000001181,ORD000007579,OI0000012772,2022-02-01 00:00:00,Return approved,Refund Settled,10215.32,RFD0000001181
RFD0000001182,ORD000007579,OI0000012773,2022-01-21 00:00:00,Return approved,Refund Settled,469.57,RFD0000001182
RFD0000001183,ORD000007596,OI0000012802,2025-10-31 00:00:00,Return approved,Refund Settled,221.04,RFD0000001183
RFD0000001184,ORD000007598,OI0000012804,2021-06-18 00:00:00,Return approved,Processed,330.31,RFD0000001184
RFD0000001185,ORD000007608,OI0000012820,2024-08-30 00:00:00,Return approved,Refund Settled,3076.56,RFD0000001185
RFD0000001186,ORD000007616,OI0000012835,2025-03-08 00:00:00,Return approved,Refund Settled,469.52,RFD0000001186
RFD0000001187,ORD000007620,OI0000012842,2023-11-02 00:00:00,Return approved,Refund Settled,4829.01,RFD0000001187
RFD0000001188,ORD000007620,OI0000012843,2023-11-02 00:00:00,Return approved,Refund Settled,408.79,RFD0000001188
RFD0000001189,ORD000007633,OI0000012870,2022-10-11 00:00:00,Return approved,Refund Settled,807.95,RFD0000001189
RFD0000001190,ORD000007633,OI0000012871,2022-10-15 00:00:00,Return approved,Refund Settled,265.87,RFD0000001190
RFD0000001191,ORD000007633,OI0000012872,2022-10-25 00:00:00,Return approved,Refund Settled,541.78,RFD0000001191
RFD0000001192,ORD000007656,OI0000012911,2022-01-20 00:00:00,Return approved,Refund Settled,292.25,RFD0000001192
RFD0000001193,ORD000007656,OI0000012912,2022-01-24 00:00:00,Return approved,Refund Settled,778.09,RFD0000001193
RFD0000001194,ORD000007668,OI0000012933,2025-01-21 00:00:00,Return approved,Refund Settled,808.1,RFD0000001194
RFD0000001195,ORD000007675,OI0000012944,2025-09-05 00:00:00,Return approved,Refund Settled,389.52,RFD0000001195
RFD0000001196,ORD000007694,OI0000012976,2021-06-08 00:00:00,Return approved,Refund Settled,510.67,RFD0000001196
RFD0000001197,ORD000007717,OI0000013014,2024-11-18 00:00:00,Return approved,Refund Settled,381.57,RFD0000001197
RFD0000001198,ORD000007718,OI0000013015,2024-03-05 00:00:00,Return approved,Refund Settled,1150.64,RFD0000001198
RFD0000001199,ORD000007718,OI0000013016,2024-02-28 00:00:00,Return approved,Refund Settled,9272.9,RFD0000001199
RFD0000001200,ORD000007718,OI0000013017,2024-02-26 00:00:00,Return approved,Refund Settled,395.71,RFD0000001200
RFD0000001201,ORD000007720,OI0000013020,2021-10-23 00:00:00,Return approved,Refund Settled,506.59,RFD0000001201
RFD0000001202,ORD000007725,OI0000013032,2023-10-11 00:00:00,Return approved,Refund Settled,740.13,RFD0000001202
RFD0000001203,ORD000007725,OI0000013033,2023-09-26 00:00:00,Return approved,Refund Settled,22056.54,RFD0000001203
RFD0000001204,ORD000007734,OI0000013047,2022-03-13 00:00:00,Return approved,Refund Settled,5123.1,RFD0000001204
RFD0000001205,ORD000007738,OI0000013053,2022-08-18 00:00:00,Return approved,Refund Settled,9628.85,RFD0000001205
RFD0000001206,ORD000007738,OI0000013054,2022-08-06 00:00:00,Return approved,Refund Settled,995.41,RFD0000001206
RFD0000001207,ORD000007741,OI0000013059,2024-08-25 00:00:00,Return approved,Refund Settled,3528.25,RFD0000001207
RFD0000001208,ORD000007745,OI0000013065,2023-04-28 00:00:00,Return approved,Processed,802.82,RFD0000001208
RFD0000001209,ORD000007745,OI0000013066,2023-04-21 00:00:00,Return approved,Refund Settled,3294.77,RFD0000001209
RFD0000001210,ORD000007785,OI0000013139,2024-12-17 00:00:00,Return approved,Refund Settled,547.13,RFD0000001210
RFD0000001211,ORD000007822,OI0000013204,2021-04-01 00:00:00,Return approved,Refund Settled,5995.73,RFD0000001211
RFD0000001212,ORD000007822,OI0000013205,2021-03-25 00:00:00,Return approved,Refund Settled,1265.05,RFD0000001212
RFD0000001213,ORD000007844,OI0000013236,2023-05-11 00:00:00,Return approved,Refund Settled,10282.34,RFD0000001213
RFD0000001214,ORD000007844,OI0000013237,2023-05-04 00:00:00,Return approved,Processed,475.37,RFD0000001214
RFD0000001215,ORD000007844,OI0000013238,2023-05-04 00:00:00,Return approved,Refund Settled,1509.42,RFD0000001215
RFD0000001216,ORD000007845,OI0000013239,2022-09-15 00:00:00,Return approved,Refund Settled,616.71,RFD0000001216
RFD0000001217,ORD000007849,OI0000013246,2022-01-23 00:00:00,Return approved,Refund Settled,9754.54,RFD0000001217
RFD0000001218,ORD000007850,OI0000013247,2024-04-20 00:00:00,Return approved,Refund Settled,304.15,RFD0000001218
RFD0000001219,ORD000007851,OI0000013248,2025-04-19 00:00:00,Return approved,Refund Settled,2618.55,RFD0000001219
RFD0000001220,ORD000007851,OI0000013249,2025-04-25 00:00:00,Return approved,Processed,544.48,RFD0000001220
RFD0000001221,ORD000007874,OI0000013295,2024-02-27 00:00:00,Return approved,Refund Settled,427.2,RFD0000001221
RFD0000001222,ORD000007903,OI0000013340,2023-12-12 00:00:00,Return approved,Processed,5859.23,RFD0000001222
RFD0000001223,ORD000007908,OI0000013347,2022-04-30 00:00:00,Return approved,Refund Settled,18396.45,RFD0000001223
RFD0000001224,ORD000007908,OI0000013348,2022-05-11 00:00:00,Return approved,Processed,1792.43,RFD0000001224
RFD0000001225,ORD000007912,OI0000013353,2024-05-12 00:00:00,Return approved,Refund Settled,950.58,RFD0000001225
RFD0000001226,ORD000007912,OI0000013354,2024-05-23 00:00:00,Return approved,Refund Settled,522.42,RFD0000001226
RFD0000001227,ORD000007918,OI0000013362,2026-03-12 00:00:00,Return approved,Refund Settled,3380.87,RFD0000001227
RFD0000001228,ORD000007920,OI0000013367,2023-11-12 00:00:00,Return approved,Refund Settled,906.03,RFD0000001228
RFD0000001229,ORD000007930,OI0000013385,2026-02-07 00:00:00,Return approved,Refund Settled,42994.09,RFD0000001229
RFD0000001230,ORD000007930,OI0000013386,2026-01-22 00:00:00,Return approved,Refund Settled,3060.84,RFD0000001230
RFD0000001231,ORD000007935,OI0000013393,2025-07-15 00:00:00,Return approved,Processed,23163.87,RFD0000001231
RFD0000001232,ORD000007953,OI0000013419,2022-10-09 00:00:00,Return approved,Refund Settled,3137.57,RFD0000001232
RFD0000001233,ORD000007953,OI0000013420,2022-10-02 00:00:00,Return approved,Refund Settled,4887.38,RFD0000001233
RFD0000001234,ORD000007957,OI0000013430,2025-02-26 00:00:00,Return approved,Refund Settled,860.53,RFD0000001234
RFD0000001235,ORD000007957,OI0000013431,2025-02-18 00:00:00,Return approved,Refund Settled,225.87,RFD0000001235
RFD0000001236,ORD000007961,OI0000013438,2021-08-24 00:00:00,Return approved,Refund Settled,543.0,RFD0000001236
RFD0000001237,ORD000007961,OI0000013439,2021-08-12 00:00:00,Return approved,Refund Settled,846.0,RFD0000001237
RFD0000001238,ORD000007987,OI0000013490,2023-01-02 00:00:00,Return approved,Refund Settled,20361.98,RFD0000001238
RFD0000001239,ORD000007992,OI0000013498,2025-08-04 00:00:00,Return approved,Refund Settled,415.97,RFD0000001239
RFD0000001240,ORD000008001,OI0000013513,2021-08-12 00:00:00,Return approved,Refund Settled,802.3,RFD0000001240
RFD0000001241,ORD000008013,OI0000013533,2022-04-22 00:00:00,Return approved,Refund Settled,9774.37,RFD0000001241
RFD0000001242,ORD000008025,OI0000013549,2023-07-25 00:00:00,Return approved,Refund Settled,148.24,RFD0000001242
RFD0000001243,ORD000008037,OI0000013569,2021-05-22 00:00:00,Return approved,Refund Settled,9810.55,RFD0000001243
RFD0000001244,ORD000008042,OI0000013578,2025-03-12 00:00:00,Return approved,Refund Settled,21322.69,RFD0000001244
RFD0000001245,ORD000008042,OI0000013579,2025-02-27 00:00:00,Return approved,Refund Settled,1263.84,RFD0000001245
RFD0000001246,ORD000008055,OI0000013601,2023-04-12 00:00:00,Return approved,Refund Settled,147.51,RFD0000001246
RFD0000001247,ORD000008055,OI0000013602,2023-04-06 00:00:00,Return approved,Refund Settled,19231.21,RFD0000001247
RFD0000001248,ORD000008068,OI0000013627,2022-07-05 00:00:00,Return approved,Refund Settled,266.14,RFD0000001248
RFD0000001249,ORD000008068,OI0000013628,2022-07-14 00:00:00,Return approved,Refund Settled,18985.47,RFD0000001249
RFD0000001250,ORD000008068,OI0000013629,2022-07-12 00:00:00,Return approved,Refund Settled,222.94,RFD0000001250
RFD0000001251,ORD000008094,OI0000013674,2024-07-14 00:00:00,Return approved,Refund Settled,10529.8,RFD0000001251
RFD0000001252,ORD000008113,OI0000013703,2022-10-05 00:00:00,Return approved,Refund Settled,1284.74,RFD0000001252
RFD0000001253,ORD000008115,OI0000013707,2022-01-12 00:00:00,Return approved,Refund Settled,20486.24,RFD0000001253
RFD0000001254,ORD000008115,OI0000013708,2022-01-15 00:00:00,Return approved,Processed,8835.5,RFD0000001254
RFD0000001255,ORD000008117,OI0000013711,2022-12-19 00:00:00,Return approved,Refund Settled,44376.87,RFD0000001255
RFD0000001256,ORD000008117,OI0000013712,2022-12-25 00:00:00,Return approved,Refund Settled,10011.63,RFD0000001256
RFD0000001257,ORD000008134,OI0000013738,2024-04-30 00:00:00,Return approved,Refund Settled,921.1,RFD0000001257
RFD0000001258,ORD000008139,OI0000013748,2023-11-19 00:00:00,Return approved,Refund Failed,843.85,RFD0000001258
RFD0000001259,ORD000008141,OI0000013752,2025-07-26 00:00:00,Return approved,Refund Settled,415.75,RFD0000001259
RFD0000001260,ORD000008141,OI0000013753,2025-07-18 00:00:00,Return approved,Refund Settled,20529.39,RFD0000001260
RFD0000001261,ORD000008142,OI0000013754,2024-10-01 00:00:00,Return approved,Refund Failed,7609.93,RFD0000001261
RFD0000001262,ORD000008148,OI0000013760,2023-04-14 00:00:00,Return approved,Processed,140.11,RFD0000001262
RFD0000001263,ORD000008148,OI0000013761,2023-04-15 00:00:00,Return approved,Refund Settled,39603.33,RFD0000001263
RFD0000001264,ORD000008151,OI0000013765,2022-11-27 00:00:00,Return approved,Refund Settled,527.89,RFD0000001264
RFD0000001265,ORD000008178,OI0000013813,2022-04-10 00:00:00,Return approved,Refund Settled,3480.87,RFD0000001265
RFD0000001266,ORD000008188,OI0000013826,2025-05-01 00:00:00,Return approved,Refund Settled,1384.49,RFD0000001266
RFD0000001267,ORD000008222,OI0000013883,2021-03-08 00:00:00,Return approved,Refund Settled,547.45,RFD0000001267
RFD0000001268,ORD000008235,OI0000013906,2025-09-29 00:00:00,Return approved,Refund Settled,9617.36,RFD0000001268
RFD0000001269,ORD000008235,OI0000013907,2025-09-18 00:00:00,Return approved,Refund Settled,11070.15,RFD0000001269
RFD0000001270,ORD000008235,OI0000013908,2025-09-28 00:00:00,Return approved,Refund Settled,733.21,RFD0000001270
RFD0000001271,ORD000008245,OI0000013923,2023-04-17 00:00:00,Return approved,Refund Settled,1480.37,RFD0000001271
RFD0000001272,ORD000008245,OI0000013924,2023-04-15 00:00:00,Return approved,Refund Settled,811.2,RFD0000001272
RFD0000001273,ORD000008247,OI0000013926,2023-12-28 00:00:00,Return approved,Refund Settled,434.43,RFD0000001273
RFD0000001274,ORD000008248,OI0000013927,2023-10-04 00:00:00,Return approved,Refund Settled,391.02,RFD0000001274
RFD0000001275,ORD000008250,OI0000013929,2025-09-18 00:00:00,Return approved,Refund Settled,893.01,RFD0000001275
RFD0000001276,ORD000008253,OI0000013933,2022-05-14 00:00:00,Return approved,Refund Settled,409.07,RFD0000001276
RFD0000001277,ORD000008253,OI0000013934,2022-05-17 00:00:00,Return approved,Refund Settled,47432.69,RFD0000001277
RFD0000001278,ORD000008255,OI0000013936,2023-04-07 00:00:00,Return approved,Refund Settled,9303.12,RFD0000001278
RFD0000001279,ORD000008255,OI0000013937,2023-04-13 00:00:00,Return approved,Refund Settled,472.8,RFD0000001279
RFD0000001280,ORD000008273,OI0000013967,2025-09-09 00:00:00,Return approved,Refund Settled,5965.54,RFD0000001280
RFD0000001281,ORD000008276,OI0000013973,2021-06-07 00:00:00,Return approved,Refund Settled,5423.53,RFD0000001281
RFD0000001282,ORD000008276,OI0000013974,2021-06-12 00:00:00,Return approved,Refund Settled,299.92,RFD0000001282
RFD0000001283,ORD000008279,OI0000013979,2025-06-29 00:00:00,Return approved,Processed,5827.14,RFD0000001283
RFD0000001284,ORD000008288,OI0000013994,2024-01-09 00:00:00,Return approved,Refund Settled,18347.83,RFD0000001284
RFD0000001285,ORD000008288,OI0000013995,2024-01-13 00:00:00,Return approved,Refund Settled,1317.45,RFD0000001285
RFD0000001286,ORD000008288,OI0000013996,2024-01-16 00:00:00,Return approved,Refund Settled,23661.25,RFD0000001286
RFD0000001287,ORD000008289,OI0000013997,2024-09-28 00:00:00,Return approved,Refund Settled,297.64,RFD0000001287
RFD0000001288,ORD000008289,OI0000013998,2024-09-18 00:00:00,Return approved,Refund Settled,540.33,RFD0000001288
RFD0000001289,ORD000008292,OI0000014002,2024-04-21 00:00:00,Return approved,Refund Settled,793.62,RFD0000001289
RFD0000001290,ORD000008292,OI0000014003,2024-04-11 00:00:00,Return approved,Refund Failed,5392.53,RFD0000001290
RFD0000001291,ORD000008301,OI0000014018,2025-09-08 00:00:00,Return approved,Refund Settled,365.32,RFD0000001291
RFD0000001292,ORD000008301,OI0000014019,2025-09-21 00:00:00,Return approved,Refund Settled,20630.05,RFD0000001292
RFD0000001293,ORD000008301,OI0000014020,2025-09-07 00:00:00,Return approved,Refund Settled,1642.89,RFD0000001293
RFD0000001294,ORD000008311,OI0000014035,2022-05-02 00:00:00,Return approved,Refund Settled,3370.19,RFD0000001294
RFD0000001295,ORD000008323,OI0000014052,2022-09-18 00:00:00,Return approved,Refund Settled,917.56,RFD0000001295
RFD0000001296,ORD000008344,OI0000014086,2025-02-27 00:00:00,Return approved,Processed,2662.98,RFD0000001296
RFD0000001297,ORD000008355,OI0000014105,2023-06-30 00:00:00,Return approved,Refund Settled,1278.63,RFD0000001297
RFD0000001298,ORD000008357,OI0000014109,2024-08-19 00:00:00,Return approved,Refund Settled,136.6,RFD0000001298
RFD0000001299,ORD000008373,OI0000014135,2021-11-12 00:00:00,Return approved,Refund Settled,1156.42,RFD0000001299
RFD0000001300,ORD000008375,OI0000014138,2023-01-05 00:00:00,Return approved,Refund Settled,236.23,RFD0000001300
RFD0000001301,ORD000008375,OI0000014139,2023-01-15 00:00:00,Return approved,Refund Settled,362.38,RFD0000001301
RFD0000001302,ORD000008379,OI0000014146,2023-10-10 00:00:00,Return approved,Refund Settled,1273.21,RFD0000001302
RFD0000001303,ORD000008379,OI0000014147,2023-10-18 00:00:00,Return approved,Processed,284.17,RFD0000001303
RFD0000001304,ORD000008391,OI0000014167,2025-04-07 00:00:00,Return approved,Processed,10610.02,RFD0000001304
RFD0000001305,ORD000008440,OI0000014253,2021-04-27 00:00:00,Return approved,Refund Settled,16652.58,RFD0000001305
RFD0000001306,ORD000008440,OI0000014255,2021-04-27 00:00:00,Return approved,Refund Settled,10478.41,RFD0000001306
RFD0000001307,ORD000008450,OI0000014267,2025-09-17 00:00:00,Return approved,Refund Settled,2381.14,RFD0000001307
RFD0000001308,ORD000008450,OI0000014268,2025-09-17 00:00:00,Return approved,Refund Settled,2542.23,RFD0000001308
RFD0000001309,ORD000008471,OI0000014299,2021-11-12 00:00:00,Return approved,Refund Settled,526.34,RFD0000001309
RFD0000001310,ORD000008471,OI0000014300,2021-10-27 00:00:00,Return approved,Refund Settled,157.43,RFD0000001310
RFD0000001311,ORD000008488,OI0000014329,2022-09-28 00:00:00,Return approved,Refund Settled,1120.72,RFD0000001311
RFD0000001312,ORD000008490,OI0000014332,2023-08-18 00:00:00,Return approved,Processed,3393.33,RFD0000001312
RFD0000001313,ORD000008491,OI0000014333,2024-02-02 00:00:00,Return approved,Refund Settled,3632.24,RFD0000001313
RFD0000001314,ORD000008499,OI0000014345,2024-09-01 00:00:00,Return approved,Processed,511.51,RFD0000001314
RFD0000001315,ORD000008503,OI0000014349,2023-05-04 00:00:00,Return approved,Refund Settled,416.91,RFD0000001315
RFD0000001316,ORD000008503,OI0000014350,2023-05-06 00:00:00,Return approved,Refund Settled,378.89,RFD0000001316
RFD0000001317,ORD000008519,OI0000014372,2022-12-11 00:00:00,Return approved,Refund Settled,395.3,RFD0000001317
RFD0000001318,ORD000008529,OI0000014391,2022-07-12 00:00:00,Return approved,Refund Settled,224.73,RFD0000001318
RFD0000001319,ORD000008529,OI0000014392,2022-07-27 00:00:00,Return approved,Refund Settled,6522.82,RFD0000001319
RFD0000001320,ORD000008536,OI0000014407,2024-06-17 00:00:00,Return approved,Refund Settled,272.72,RFD0000001320
RFD0000001321,ORD000008536,OI0000014408,2024-06-22 00:00:00,Return approved,Processed,5826.18,RFD0000001321
RFD0000001322,ORD000008536,OI0000014409,2024-06-24 00:00:00,Return approved,Refund Settled,794.36,RFD0000001322
RFD0000001323,ORD000008538,OI0000014412,2022-08-27 00:00:00,Return approved,Refund Failed,458.53,RFD0000001323
RFD0000001324,ORD000008540,OI0000014415,2021-11-20 00:00:00,Return approved,Processed,444.73,RFD0000001324
RFD0000001325,ORD000008550,OI0000014433,2025-05-21 00:00:00,Return approved,Refund Settled,932.65,RFD0000001325
RFD0000001326,ORD000008550,OI0000014434,2025-05-24 00:00:00,Return approved,Refund Settled,5457.59,RFD0000001326
RFD0000001327,ORD000008565,OI0000014456,2024-05-14 00:00:00,Return approved,Refund Settled,21605.98,RFD0000001327
RFD0000001328,ORD000008565,OI0000014457,2024-06-01 00:00:00,Return approved,Refund Settled,384.26,RFD0000001328
RFD0000001329,ORD000008602,OI0000014525,2022-07-19 00:00:00,Return approved,Refund Settled,62222.72,RFD0000001329
RFD0000001330,ORD000008631,OI0000014576,2022-05-03 00:00:00,Return approved,Refund Settled,149.15,RFD0000001330
RFD0000001331,ORD000008631,OI0000014577,2022-05-11 00:00:00,Return approved,Refund Settled,3103.73,RFD0000001331
RFD0000001332,ORD000008635,OI0000014583,2021-05-31 00:00:00,Return approved,Refund Settled,401.31,RFD0000001332
RFD0000001333,ORD000008635,OI0000014584,2021-06-01 00:00:00,Return approved,Refund Settled,1719.81,RFD0000001333
RFD0000001334,ORD000008635,OI0000014585,2021-06-13 00:00:00,Return approved,Refund Settled,750.89,RFD0000001334
RFD0000001335,ORD000008638,OI0000014590,2025-12-15 00:00:00,Return approved,Refund Settled,40184.42,RFD0000001335
RFD0000001336,ORD000008642,OI0000014597,2025-01-27 00:00:00,Return approved,Refund Settled,788.42,RFD0000001336
RFD0000001337,ORD000008646,OI0000014603,2023-05-25 00:00:00,Return approved,Refund Settled,21443.76,RFD0000001337
RFD0000001338,ORD000008663,OI0000014626,2025-12-25 00:00:00,Return approved,Refund Settled,1232.51,RFD0000001338
RFD0000001339,ORD000008663,OI0000014627,2025-12-19 00:00:00,Return approved,Refund Settled,43019.89,RFD0000001339
RFD0000001340,ORD000008663,OI0000014628,2025-12-20 00:00:00,Return approved,Refund Settled,390.11,RFD0000001340
RFD0000001341,ORD000008669,OI0000014634,2023-12-22 00:00:00,Return approved,Refund Settled,41322.35,RFD0000001341
RFD0000001342,ORD000008679,OI0000014647,2021-08-15 00:00:00,Return approved,Refund Settled,451.15,RFD0000001342
RFD0000001343,ORD000008688,OI0000014660,2025-03-12 00:00:00,Return approved,Refund Settled,5246.2,RFD0000001343
RFD0000001344,ORD000008688,OI0000014661,2025-03-26 00:00:00,Return approved,Processed,10327.69,RFD0000001344
RFD0000001345,ORD000008693,OI0000014670,2021-11-09 00:00:00,Return approved,Processed,213.23,RFD0000001345
RFD0000001346,ORD000008693,OI0000014671,2021-11-04 00:00:00,Return approved,Refund Settled,471.01,RFD0000001346
RFD0000001347,ORD000008706,OI0000014692,2024-10-18 00:00:00,Return approved,Processed,21620.91,RFD0000001347
RFD0000001348,ORD000008720,OI0000014712,2023-08-12 00:00:00,Return approved,Refund Settled,10612.65,RFD0000001348
RFD0000001349,ORD000008735,OI0000014733,2025-10-25 00:00:00,Return approved,Refund Settled,865.99,RFD0000001349
RFD0000001350,ORD000008737,OI0000014735,2025-04-09 00:00:00,Return approved,Refund Settled,275.51,RFD0000001350
RFD0000001351,ORD000008737,OI0000014736,2025-04-08 00:00:00,Return approved,Refund Settled,1208.22,RFD0000001351
RFD0000001352,ORD000008741,OI0000014741,2023-03-27 00:00:00,Return approved,Refund Settled,41223.78,RFD0000001352
RFD0000001353,ORD000008749,OI0000014757,2022-11-03 00:00:00,Return approved,Refund Settled,140.72,RFD0000001353
RFD0000001354,ORD000008752,OI0000014764,2021-11-04 00:00:00,Return approved,Refund Settled,590.54,RFD0000001354
RFD0000001355,ORD000008770,OI0000014790,2024-02-25 00:00:00,Return approved,Refund Settled,157.46,RFD0000001355
RFD0000001356,ORD000008779,OI0000014806,2023-11-23 00:00:00,Return approved,Refund Settled,709.53,RFD0000001356
RFD0000001357,ORD000008783,OI0000014812,2022-10-15 00:00:00,Return approved,Refund Settled,6163.41,RFD0000001357
RFD0000001358,ORD000008784,OI0000014813,2024-03-03 00:00:00,Return approved,Refund Settled,429.38,RFD0000001358
RFD0000001359,ORD000008790,OI0000014821,2021-06-15 00:00:00,Return approved,Refund Settled,9915.65,RFD0000001359
RFD0000001360,ORD000008790,OI0000014822,2021-06-15 00:00:00,Return approved,Refund Settled,3275.82,RFD0000001360
RFD0000001361,ORD000008790,OI0000014823,2021-06-16 00:00:00,Return approved,Refund Settled,4800.39,RFD0000001361
RFD0000001362,ORD000008820,OI0000014875,2022-03-23 00:00:00,Return approved,Refund Settled,18090.21,RFD0000001362
RFD0000001363,ORD000008821,OI0000014876,2025-01-17 00:00:00,Return approved,Refund Settled,902.41,RFD0000001363
RFD0000001364,ORD000008821,OI0000014877,2025-02-02 00:00:00,Return approved,Processed,469.2,RFD0000001364
RFD0000001365,ORD000008821,OI0000014878,2025-01-08 00:00:00,Return approved,Refund Settled,1286.53,RFD0000001365
RFD0000001366,ORD000008827,OI0000014886,2022-06-21 00:00:00,Return approved,Refund Settled,21667.36,RFD0000001366
RFD0000001367,ORD000008827,OI0000014887,2022-06-26 00:00:00,Return approved,Refund Settled,3547.51,RFD0000001367
RFD0000001368,ORD000008829,OI0000014890,2021-04-30 00:00:00,Return approved,Refund Settled,431.38,RFD0000001368
RFD0000001369,ORD000008829,OI0000014891,2021-04-25 00:00:00,Return approved,Refund Settled,770.11,RFD0000001369
RFD0000001370,ORD000008840,OI0000014909,2024-01-27 00:00:00,Return approved,Refund Settled,5821.81,RFD0000001370
RFD0000001371,ORD000008840,OI0000014910,2024-02-01 00:00:00,Return approved,Refund Settled,927.99,RFD0000001371
RFD0000001372,ORD000008851,OI0000014929,2025-03-07 00:00:00,Return approved,Refund Settled,125.45,RFD0000001372
RFD0000001373,ORD000008851,OI0000014930,2025-02-24 00:00:00,Return approved,Refund Settled,1272.49,RFD0000001373
RFD0000001374,ORD000008854,OI0000014935,2021-05-04 00:00:00,Return approved,Refund Settled,5910.45,RFD0000001374
RFD0000001375,ORD000008857,OI0000014940,2023-08-02 00:00:00,Return approved,Refund Settled,41099.67,RFD0000001375
RFD0000001376,ORD000008858,OI0000014942,2022-03-31 00:00:00,Return approved,Refund Settled,492.82,RFD0000001376
RFD0000001377,ORD000008884,OI0000014990,2021-05-01 00:00:00,Return approved,Refund Settled,420.3,RFD0000001377
RFD0000001378,ORD000008884,OI0000014991,2021-05-01 00:00:00,Return approved,Refund Settled,432.27,RFD0000001378
RFD0000001379,ORD000008884,OI0000014992,2021-04-27 00:00:00,Return approved,Processed,21256.65,RFD0000001379
RFD0000001380,ORD000008892,OI0000015007,2024-07-31 00:00:00,Return approved,Processed,299.09,RFD0000001380
RFD0000001381,ORD000008916,OI0000015045,2021-04-25 00:00:00,Return approved,Refund Settled,482.34,RFD0000001381
RFD0000001382,ORD000008928,OI0000015063,2024-09-17 00:00:00,Return approved,Refund Settled,800.61,RFD0000001382
RFD0000001383,ORD000008928,OI0000015064,2024-09-13 00:00:00,Return approved,Refund Settled,28696.84,RFD0000001383
RFD0000001384,ORD000008929,OI0000015065,2021-07-04 00:00:00,Return approved,Refund Settled,30945.42,RFD0000001384
RFD0000001385,ORD000008929,OI0000015066,2021-06-21 00:00:00,Return approved,Refund Settled,2543.78,RFD0000001385
RFD0000001386,ORD000008930,OI0000015068,2026-01-01 00:00:00,Return approved,Refund Settled,1133.03,RFD0000001386
RFD0000001387,ORD000008941,OI0000015089,2025-04-13 00:00:00,Return approved,Processed,5675.76,RFD0000001387
RFD0000001388,ORD000008941,OI0000015090,2025-04-28 00:00:00,Return approved,Refund Settled,21079.93,RFD0000001388
RFD0000001389,ORD000008941,OI0000015091,2025-04-18 00:00:00,Return approved,Refund Settled,9239.39,RFD0000001389
RFD0000001390,ORD000008942,OI0000015092,2024-05-15 00:00:00,Return approved,Processed,1058.79,RFD0000001390
RFD0000001391,ORD000008948,OI0000015101,2025-05-04 00:00:00,Return approved,Refund Settled,1150.7,RFD0000001391
RFD0000001392,ORD000008960,OI0000015122,2021-06-26 00:00:00,Return approved,Refund Settled,10304.41,RFD0000001392
RFD0000001393,ORD000008960,OI0000015123,2021-07-03 00:00:00,Return approved,Refund Settled,903.72,RFD0000001393
RFD0000001394,ORD000008960,OI0000015124,2021-06-26 00:00:00,Return approved,Processed,780.55,RFD0000001394
RFD0000001395,ORD000008979,OI0000015154,2023-08-13 00:00:00,Return approved,Refund Settled,20931.26,RFD0000001395
RFD0000001396,ORD000008979,OI0000015156,2023-08-31 00:00:00,Return approved,Refund Settled,446.04,RFD0000001396
RFD0000001397,ORD000008996,OI0000015179,2024-02-24 00:00:00,Return approved,Refund Settled,779.11,RFD0000001397
RFD0000001398,ORD000008996,OI0000015180,2024-02-17 00:00:00,Return approved,Refund Settled,43442.1,RFD0000001398
RFD0000001399,ORD000008996,OI0000015181,2024-02-14 00:00:00,Return approved,Processed,1559.49,RFD0000001399
RFD0000001400,ORD000008998,OI0000015183,2021-06-29 00:00:00,Return approved,Refund Settled,1845.28,RFD0000001400
RFD0000001401,ORD000009011,OI0000015204,2023-12-25 00:00:00,Return approved,Refund Settled,21818.23,RFD0000001401
RFD0000001402,ORD000009023,OI0000015223,2026-01-25 00:00:00,Return approved,Refund Settled,508.36,RFD0000001402
RFD0000001403,ORD000009029,OI0000015233,2021-10-06 00:00:00,Return approved,Refund Failed,3110.83,RFD0000001403
RFD0000001404,ORD000009029,OI0000015234,2021-10-18 00:00:00,Return approved,Refund Settled,1279.18,RFD0000001404
RFD0000001405,ORD000009034,OI0000015244,2022-01-27 00:00:00,Return approved,Refund Settled,144.17,RFD0000001405
RFD0000001406,ORD000009035,OI0000015245,2023-12-10 00:00:00,Return approved,Refund Settled,2249.74,RFD0000001406
RFD0000001407,ORD000009041,OI0000015254,2024-07-10 00:00:00,Return approved,Refund Settled,495.7,RFD0000001407
RFD0000001408,ORD000009047,OI0000015264,2023-06-24 00:00:00,Return approved,Refund Settled,1494.27,RFD0000001408
RFD0000001409,ORD000009047,OI0000015265,2023-06-22 00:00:00,Return approved,Refund Settled,6667.87,RFD0000001409
RFD0000001410,ORD000009052,OI0000015273,2024-01-03 00:00:00,Return approved,Refund Settled,6336.36,RFD0000001410
RFD0000001411,ORD000009059,OI0000015283,2025-04-27 00:00:00,Return approved,Refund Settled,1064.28,RFD0000001411
RFD0000001412,ORD000009084,OI0000015327,2021-06-14 00:00:00,Return approved,Refund Settled,18002.51,RFD0000001412
RFD0000001413,ORD000009084,OI0000015328,2021-06-19 00:00:00,Return approved,Refund Settled,128.7,RFD0000001413
RFD0000001414,ORD000009084,OI0000015329,2021-06-16 00:00:00,Return approved,Refund Settled,5836.6,RFD0000001414
RFD0000001415,ORD000009088,OI0000015335,2024-09-15 00:00:00,Return approved,Refund Settled,138.3,RFD0000001415
RFD0000001416,ORD000009088,OI0000015336,2024-09-16 00:00:00,Return approved,Refund Settled,695.09,RFD0000001416
RFD0000001417,ORD000009091,OI0000015340,2023-01-06 00:00:00,Return approved,Refund Settled,1908.61,RFD0000001417
RFD0000001418,ORD000009095,OI0000015345,2023-05-30 00:00:00,Return approved,Processed,1198.26,RFD0000001418
RFD0000001419,ORD000009099,OI0000015350,2022-05-30 00:00:00,Return approved,Refund Settled,541.76,RFD0000001419
RFD0000001420,ORD000009099,OI0000015351,2022-05-27 00:00:00,Return approved,Refund Settled,2825.94,RFD0000001420
RFD0000001421,ORD000009099,OI0000015352,2022-06-11 00:00:00,Return approved,Refund Settled,7797.01,RFD0000001421
RFD0000001422,ORD000009101,OI0000015354,2026-01-15 00:00:00,Return approved,Refund Settled,141.12,RFD0000001422
RFD0000001423,ORD000009101,OI0000015355,2026-01-10 00:00:00,Return approved,Refund Settled,47105.56,RFD0000001423
RFD0000001424,ORD000009101,OI0000015356,2026-01-01 00:00:00,Return approved,Processed,3192.74,RFD0000001424
RFD0000001425,ORD000009102,OI0000015357,2023-07-26 00:00:00,Return approved,Refund Settled,837.52,RFD0000001425
RFD0000001426,ORD000009104,OI0000015362,2021-09-19 00:00:00,Return approved,Refund Settled,443.83,RFD0000001426
RFD0000001427,ORD000009109,OI0000015371,2024-11-15 00:00:00,Return approved,Refund Settled,271.79,RFD0000001427
RFD0000001428,ORD000009109,OI0000015372,2024-12-01 00:00:00,Return approved,Refund Settled,10676.16,RFD0000001428
RFD0000001429,ORD000009112,OI0000015377,2023-02-18 00:00:00,Return approved,Refund Settled,439.82,RFD0000001429
RFD0000001430,ORD000009133,OI0000015407,2024-05-20 00:00:00,Return approved,Refund Settled,142.06,RFD0000001430
RFD0000001431,ORD000009136,OI0000015411,2022-01-29 00:00:00,Return approved,Refund Settled,6159.84,RFD0000001431
RFD0000001432,ORD000009136,OI0000015412,2022-01-28 00:00:00,Return approved,Processed,17935.42,RFD0000001432
RFD0000001433,ORD000009151,OI0000015440,2026-01-31 00:00:00,Return approved,Refund Settled,902.22,RFD0000001433
RFD0000001434,ORD000009154,OI0000015444,2022-09-10 00:00:00,Return approved,Refund Failed,295.48,RFD0000001434
RFD0000001435,ORD000009154,OI0000015445,2022-09-13 00:00:00,Return approved,Refund Settled,39282.4,RFD0000001435
RFD0000001436,ORD000009159,OI0000015451,2022-04-22 00:00:00,Return approved,Refund Settled,259.4,RFD0000001436
RFD0000001437,ORD000009159,OI0000015452,2022-04-17 00:00:00,Return approved,Processed,460.33,RFD0000001437
RFD0000001438,ORD000009182,OI0000015492,2023-11-25 00:00:00,Return approved,Refund Failed,10485.07,RFD0000001438
RFD0000001439,ORD000009184,OI0000015495,2023-04-30 00:00:00,Return approved,Refund Settled,10436.22,RFD0000001439
RFD0000001440,ORD000009189,OI0000015504,2021-08-03 00:00:00,Return approved,Refund Settled,20755.94,RFD0000001440
RFD0000001441,ORD000009195,OI0000015513,2024-01-24 00:00:00,Return approved,Refund Settled,10022.94,RFD0000001441
RFD0000001442,ORD000009209,OI0000015542,2022-01-17 00:00:00,Return approved,Refund Settled,909.56,RFD0000001442
RFD0000001443,ORD000009215,OI0000015550,2022-08-11 00:00:00,Return approved,Refund Settled,217.08,RFD0000001443
RFD0000001444,ORD000009215,OI0000015551,2022-08-09 00:00:00,Return approved,Refund Settled,3577.71,RFD0000001444
RFD0000001445,ORD000009215,OI0000015552,2022-08-11 00:00:00,Return approved,Processed,399.22,RFD0000001445
RFD0000001446,ORD000009222,OI0000015559,2024-04-01 00:00:00,Return approved,Refund Settled,326.59,RFD0000001446
RFD0000001447,ORD000009224,OI0000015562,2025-12-19 00:00:00,Return approved,Refund Settled,1764.6,RFD0000001447
RFD0000001448,ORD000009227,OI0000015566,2021-10-15 00:00:00,Return approved,Refund Settled,18042.24,RFD0000001448
RFD0000001449,ORD000009241,OI0000015590,2024-11-04 00:00:00,Return approved,Refund Settled,548.21,RFD0000001449
RFD0000001450,ORD000009241,OI0000015591,2024-10-28 00:00:00,Return approved,Refund Settled,445.47,RFD0000001450
RFD0000001451,ORD000009264,OI0000015629,2023-11-05 00:00:00,Return approved,Refund Settled,210.58,RFD0000001451
RFD0000001452,ORD000009269,OI0000015637,2021-08-01 00:00:00,Return approved,Refund Settled,3607.95,RFD0000001452
RFD0000001453,ORD000009269,OI0000015638,2021-08-13 00:00:00,Return approved,Refund Settled,6191.1,RFD0000001453
RFD0000001454,ORD000009269,OI0000015639,2021-07-29 00:00:00,Return approved,Processed,227.35,RFD0000001454
RFD0000001455,ORD000009276,OI0000015646,2025-02-25 00:00:00,Return approved,Refund Settled,792.17,RFD0000001455
RFD0000001456,ORD000009276,OI0000015647,2025-02-27 00:00:00,Return approved,Refund Settled,1627.34,RFD0000001456
RFD0000001457,ORD000009277,OI0000015648,2022-02-02 00:00:00,Return approved,Refund Settled,980.54,RFD0000001457
RFD0000001458,ORD000009281,OI0000015656,2022-06-25 00:00:00,Return approved,Refund Settled,143.67,RFD0000001458
RFD0000001459,ORD000009281,OI0000015657,2022-06-16 00:00:00,Return approved,Refund Settled,466.64,RFD0000001459
RFD0000001460,ORD000009282,OI0000015658,2021-03-05 00:00:00,Return approved,Refund Settled,132.34,RFD0000001460
RFD0000001461,ORD000009285,OI0000015663,2022-11-11 00:00:00,Return approved,Refund Settled,256.79,RFD0000001461
RFD0000001462,ORD000009292,OI0000015675,2023-03-13 00:00:00,Return approved,Refund Settled,1275.96,RFD0000001462
RFD0000001463,ORD000009312,OI0000015709,2022-01-07 00:00:00,Return approved,Refund Settled,769.36,RFD0000001463
RFD0000001464,ORD000009318,OI0000015720,2025-08-05 00:00:00,Return approved,Processed,314.44,RFD0000001464
RFD0000001465,ORD000009318,OI0000015721,2025-08-19 00:00:00,Return approved,Refund Settled,19568.29,RFD0000001465
RFD0000001466,ORD000009321,OI0000015725,2022-12-02 00:00:00,Return approved,Refund Settled,5961.7,RFD0000001466
RFD0000001467,ORD000009321,OI0000015726,2022-11-17 00:00:00,Return approved,Processed,10417.08,RFD0000001467
RFD0000001468,ORD000009335,OI0000015745,2023-07-13 00:00:00,Return approved,Refund Settled,557.61,RFD0000001468
RFD0000001469,ORD000009337,OI0000015747,2024-05-07 00:00:00,Return approved,Refund Settled,151.31,RFD0000001469
RFD0000001470,ORD000009347,OI0000015760,2022-03-10 00:00:00,Return approved,Refund Settled,21689.2,RFD0000001470
RFD0000001471,ORD000009357,OI0000015777,2026-01-25 00:00:00,Return approved,Refund Settled,299.09,RFD0000001471
RFD0000001472,ORD000009361,OI0000015784,2025-10-20 00:00:00,Return approved,Refund Settled,438.92,RFD0000001472
RFD0000001473,ORD000009364,OI0000015788,2022-10-20 00:00:00,Return approved,Refund Failed,17452.12,RFD0000001473
RFD0000001474,ORD000009371,OI0000015799,2023-02-28 00:00:00,Return approved,Processed,816.79,RFD0000001474
RFD0000001475,ORD000009373,OI0000015801,2023-02-20 00:00:00,Return approved,Refund Settled,814.72,RFD0000001475
RFD0000001476,ORD000009373,OI0000015802,2023-03-05 00:00:00,Return approved,Refund Settled,440.29,RFD0000001476
RFD0000001477,ORD000009375,OI0000015804,2021-05-05 00:00:00,Return approved,Refund Settled,3765.45,RFD0000001477
RFD0000001478,ORD000009375,OI0000015805,2021-04-24 00:00:00,Return approved,Refund Settled,2617.26,RFD0000001478
RFD0000001479,ORD000009404,OI0000015853,2024-12-21 00:00:00,Return approved,Refund Settled,4792.28,RFD0000001479
RFD0000001480,ORD000009412,OI0000015867,2021-03-16 00:00:00,Return approved,Refund Settled,525.66,RFD0000001480
RFD0000001481,ORD000009423,OI0000015882,2024-11-29 00:00:00,Return approved,Refund Settled,138.94,RFD0000001481
RFD0000001482,ORD000009428,OI0000015891,2023-07-21 00:00:00,Return approved,Refund Settled,219.73,RFD0000001482
RFD0000001483,ORD000009428,OI0000015892,2023-07-27 00:00:00,Return approved,Refund Settled,823.37,RFD0000001483
RFD0000001484,ORD000009433,OI0000015900,2024-06-23 00:00:00,Return approved,Refund Settled,220.48,RFD0000001484
RFD0000001485,ORD000009433,OI0000015901,2024-06-16 00:00:00,Return approved,Refund Settled,708.75,RFD0000001485
RFD0000001486,ORD000009452,OI0000015929,2025-06-19 00:00:00,Return approved,Refund Settled,970.13,RFD0000001486
RFD0000001487,ORD000009452,OI0000015930,2025-06-06 00:00:00,Return approved,Refund Settled,2569.56,RFD0000001487
RFD0000001488,ORD000009452,OI0000015931,2025-06-14 00:00:00,Return approved,Refund Settled,895.35,RFD0000001488
RFD0000001489,ORD000009458,OI0000015945,2022-09-20 00:00:00,Return approved,Refund Settled,489.65,RFD0000001489
RFD0000001490,ORD000009474,OI0000015973,2022-07-23 00:00:00,Return approved,Refund Settled,19896.05,RFD0000001490
RFD0000001491,ORD000009478,OI0000015982,2021-07-06 00:00:00,Return approved,Refund Settled,383.53,RFD0000001491
RFD0000001492,ORD000009485,OI0000015991,2023-07-15 00:00:00,Return approved,Refund Settled,21783.02,RFD0000001492
RFD0000001493,ORD000009487,OI0000015995,2022-08-26 00:00:00,Return approved,Processed,376.56,RFD0000001493
RFD0000001494,ORD000009487,OI0000015996,2022-08-25 00:00:00,Return approved,Refund Settled,810.22,RFD0000001494
RFD0000001495,ORD000009502,OI0000016022,2021-09-18 00:00:00,Return approved,Refund Settled,475.75,RFD0000001495
RFD0000001496,ORD000009506,OI0000016028,2023-10-26 00:00:00,Return approved,Refund Settled,749.61,RFD0000001496
RFD0000001497,ORD000009524,OI0000016057,2021-06-17 00:00:00,Return approved,Refund Settled,757.03,RFD0000001497
RFD0000001498,ORD000009533,OI0000016070,2021-12-21 00:00:00,Return approved,Refund Settled,3596.89,RFD0000001498
RFD0000001499,ORD000009533,OI0000016071,2022-01-01 00:00:00,Return approved,Refund Settled,1066.55,RFD0000001499
RFD0000001500,ORD000009561,OI0000016120,2024-11-30 00:00:00,Return approved,Refund Settled,574.43,RFD0000001500
RFD0000001501,ORD000009577,OI0000016145,2025-11-28 00:00:00,Return approved,Refund Settled,9567.6,RFD0000001501
RFD0000001502,ORD000009577,OI0000016146,2025-12-01 00:00:00,Return approved,Refund Settled,9375.46,RFD0000001502
RFD0000001503,ORD000009594,OI0000016172,2024-05-23 00:00:00,Return approved,Refund Settled,872.74,RFD0000001503
RFD0000001504,ORD000009594,OI0000016173,2024-05-20 00:00:00,Return approved,Refund Settled,474.81,RFD0000001504
RFD0000001505,ORD000009601,OI0000016183,2022-10-26 00:00:00,Return approved,Refund Settled,394.41,RFD0000001505
RFD0000001506,ORD000009601,OI0000016184,2022-10-21 00:00:00,Return approved,Refund Settled,1165.97,RFD0000001506
RFD0000001507,ORD000009603,OI0000016187,2025-04-25 00:00:00,Return approved,Refund Settled,2496.06,RFD0000001507
RFD0000001508,ORD000009606,OI0000016192,2024-04-30 00:00:00,Return approved,Refund Settled,10745.6,RFD0000001508
RFD0000001509,ORD000009608,OI0000016195,2025-01-31 00:00:00,Return approved,Refund Settled,398.08,RFD0000001509
RFD0000001510,ORD000009608,OI0000016196,2025-02-11 00:00:00,Return approved,Refund Settled,19729.1,RFD0000001510
RFD0000001511,ORD000009614,OI0000016207,2024-03-01 00:00:00,Return approved,Refund Settled,254.68,RFD0000001511
RFD0000001512,ORD000009614,OI0000016208,2024-02-21 00:00:00,Return approved,Refund Failed,5977.34,RFD0000001512
RFD0000001513,ORD000009619,OI0000016214,2021-04-05 00:00:00,Return approved,Refund Settled,253.45,RFD0000001513
RFD0000001514,ORD000009619,OI0000016216,2021-04-06 00:00:00,Return approved,Refund Settled,5915.03,RFD0000001514
RFD0000001515,ORD000009620,OI0000016217,2023-06-30 00:00:00,Return approved,Refund Settled,440.5,RFD0000001515
RFD0000001516,ORD000009647,OI0000016261,2022-08-10 00:00:00,Return approved,Refund Settled,2756.86,RFD0000001516
RFD0000001517,ORD000009647,OI0000016263,2022-08-13 00:00:00,Return approved,Refund Settled,978.86,RFD0000001517
RFD0000001518,ORD000009663,OI0000016286,2023-05-21 00:00:00,Return approved,Refund Settled,675.05,RFD0000001518
RFD0000001519,ORD000009663,OI0000016287,2023-05-22 00:00:00,Return approved,Refund Settled,243.11,RFD0000001519
RFD0000001520,ORD000009677,OI0000016313,2024-03-03 00:00:00,Return approved,Refund Settled,300.85,RFD0000001520
RFD0000001521,ORD000009677,OI0000016314,2024-03-09 00:00:00,Return approved,Refund Settled,3774.18,RFD0000001521
RFD0000001522,ORD000009677,OI0000016315,2024-03-06 00:00:00,Return approved,Refund Settled,2293.59,RFD0000001522
RFD0000001523,ORD000009681,OI0000016320,2024-08-22 00:00:00,Return approved,Refund Settled,547.71,RFD0000001523
RFD0000001524,ORD000009681,OI0000016321,2024-08-28 00:00:00,Return approved,Refund Settled,459.94,RFD0000001524
RFD0000001525,ORD000009708,OI0000016363,2023-03-07 00:00:00,Return approved,Refund Settled,276.38,RFD0000001525
RFD0000001526,ORD000009710,OI0000016367,2021-04-18 00:00:00,Return approved,Refund Settled,1289.16,RFD0000001526
RFD0000001527,ORD000009726,OI0000016390,2025-12-01 00:00:00,Return approved,Refund Settled,917.67,RFD0000001527
RFD0000001528,ORD000009726,OI0000016391,2025-11-29 00:00:00,Return approved,Refund Settled,2793.88,RFD0000001528
RFD0000001529,ORD000009735,OI0000016405,2022-02-03 00:00:00,Return approved,Refund Settled,32910.41,RFD0000001529
RFD0000001530,ORD000009735,OI0000016406,2022-01-31 00:00:00,Return approved,Refund Settled,20787.26,RFD0000001530
RFD0000001531,ORD000009739,OI0000016412,2024-08-31 00:00:00,Return approved,Refund Settled,431.56,RFD0000001531
RFD0000001532,ORD000009744,OI0000016419,2023-07-20 00:00:00,Return approved,Refund Settled,21175.36,RFD0000001532
RFD0000001533,ORD000009744,OI0000016420,2023-07-21 00:00:00,Return approved,Processed,453.54,RFD0000001533
RFD0000001534,ORD000009744,OI0000016421,2023-07-17 00:00:00,Return approved,Refund Settled,616.09,RFD0000001534
RFD0000001535,ORD000009747,OI0000016428,2022-02-21 00:00:00,Return approved,Processed,197.47,RFD0000001535
RFD0000001536,ORD000009747,OI0000016429,2022-02-04 00:00:00,Return approved,Refund Settled,5767.58,RFD0000001536
RFD0000001537,ORD000009750,OI0000016434,2022-10-21 00:00:00,Return approved,Refund Settled,377.23,RFD0000001537
RFD0000001538,ORD000009750,OI0000016435,2022-10-11 00:00:00,Return approved,Refund Settled,3199.6,RFD0000001538
RFD0000001539,ORD000009751,OI0000016437,2025-09-24 00:00:00,Return approved,Refund Settled,758.95,RFD0000001539
RFD0000001540,ORD000009756,OI0000016447,2023-03-31 00:00:00,Return approved,Refund Settled,10527.44,RFD0000001540
RFD0000001541,ORD000009761,OI0000016456,2021-03-15 00:00:00,Return approved,Refund Settled,498.85,RFD0000001541
RFD0000001542,ORD000009766,OI0000016465,2022-02-18 00:00:00,Return approved,Refund Settled,1483.54,RFD0000001542
RFD0000001543,ORD000009767,OI0000016466,2021-09-14 00:00:00,Return approved,Refund Settled,2858.3,RFD0000001543
RFD0000001544,ORD000009777,OI0000016479,2022-12-04 00:00:00,Return approved,Refund Settled,489.59,RFD0000001544
RFD0000001545,ORD000009779,OI0000016481,2023-08-24 00:00:00,Return approved,Refund Settled,1537.73,RFD0000001545
RFD0000001546,ORD000009779,OI0000016482,2023-08-29 00:00:00,Return approved,Refund Settled,9699.85,RFD0000001546
RFD0000001547,ORD000009791,OI0000016498,2025-04-28 00:00:00,Return approved,Refund Settled,555.67,RFD0000001547
RFD0000001548,ORD000009792,OI0000016500,2023-02-05 00:00:00,Return approved,Refund Settled,227.86,RFD0000001548
RFD0000001549,ORD000009792,OI0000016501,2023-02-07 00:00:00,Return approved,Refund Settled,1753.94,RFD0000001549
RFD0000001550,ORD000009793,OI0000016502,2025-12-01 00:00:00,Return approved,Refund Settled,263.31,RFD0000001550
RFD0000001551,ORD000009793,OI0000016503,2025-12-05 00:00:00,Return approved,Refund Settled,502.28,RFD0000001551
RFD0000001552,ORD000009801,OI0000016517,2024-09-11 00:00:00,Return approved,Refund Settled,278.99,RFD0000001552
RFD0000001553,ORD000009801,OI0000016518,2024-09-12 00:00:00,Return approved,Refund Settled,412.96,RFD0000001553
RFD0000001554,ORD000009801,OI0000016519,2024-09-25 00:00:00,Return approved,Refund Settled,324.68,RFD0000001554
RFD0000001555,ORD000009835,OI0000016574,2023-05-19 00:00:00,Return approved,Refund Settled,421.13,RFD0000001555
RFD0000001556,ORD000009835,OI0000016575,2023-05-15 00:00:00,Return approved,Processed,239.31,RFD0000001556
RFD0000001557,ORD000009843,OI0000016587,2024-09-17 00:00:00,Return approved,Refund Settled,1280.55,RFD0000001557
RFD0000001558,ORD000009849,OI0000016595,2022-11-16 00:00:00,Return approved,Refund Settled,131.38,RFD0000001558
RFD0000001559,ORD000009856,OI0000016608,2025-03-26 00:00:00,Return approved,Processed,5522.17,RFD0000001559
RFD0000001560,ORD000009884,OI0000016651,2022-09-08 00:00:00,Return approved,Processed,22121.39,RFD0000001560
RFD0000001561,ORD000009884,OI0000016652,2022-09-07 00:00:00,Return approved,Refund Settled,537.99,RFD0000001561
RFD0000001562,ORD000009913,OI0000016700,2023-04-10 00:00:00,Return approved,Refund Settled,6552.54,RFD0000001562
RFD0000001563,ORD000009940,OI0000016748,2024-02-29 00:00:00,Return approved,Processed,459.89,RFD0000001563
RFD0000001564,ORD000009962,OI0000016790,2022-11-15 00:00:00,Return approved,Refund Settled,10428.59,RFD0000001564
RFD0000001565,ORD000009965,OI0000016795,2024-11-18 00:00:00,Return approved,Refund Settled,6398.93,RFD0000001565
RFD0000001566,ORD000009966,OI0000016796,2022-08-23 00:00:00,Return approved,Refund Settled,461.77,RFD0000001566
RFD0000001567,ORD000009969,OI0000016802,2023-08-08 00:00:00,Return approved,Refund Settled,781.23,RFD0000001567
RFD0000001568,ORD000009969,OI0000016803,2023-08-26 00:00:00,Return approved,Processed,374.16,RFD0000001568
RFD0000001569,ORD000009971,OI0000016806,2024-02-29 00:00:00,Return approved,Processed,462.81,RFD0000001569
RFD0000001570,ORD000009971,OI0000016807,2024-02-26 00:00:00,Return approved,Refund Settled,19356.69,RFD0000001570
RFD0000001571,ORD000009972,OI0000016808,2021-08-18 00:00:00,Return approved,Refund Settled,299.37,RFD0000001571
RFD0000001572,ORD000009973,OI0000016810,2022-07-27 00:00:00,Return approved,Processed,92496.46,RFD0000001572
RFD0000001573,ORD000009996,OI0000016848,2023-10-09 00:00:00,Return approved,Processed,9826.96,RFD0000001573
RFD0000001574,ORD000010007,OI0000016869,2026-02-25 00:00:00,Return approved,Refund Settled,223.89,RFD0000001574
RFD0000001575,ORD000010011,OI0000016876,2023-04-27 00:00:00,Return approved,Refund Settled,913.88,RFD0000001575
RFD0000001576,ORD000010022,OI0000016895,2021-08-29 00:00:00,Return approved,Refund Settled,3478.84,RFD0000001576
RFD0000001577,ORD000010028,OI0000016905,2023-05-16 00:00:00,Return approved,Refund Settled,928.19,RFD0000001577
RFD0000001578,ORD000010029,OI0000016908,2022-10-27 00:00:00,Return approved,Refund Settled,811.79,RFD0000001578
RFD0000001579,ORD000010040,OI0000016924,2021-06-06 00:00:00,Return approved,Refund Settled,1213.43,RFD0000001579
RFD0000001580,ORD000010058,OI0000016953,2022-10-30 00:00:00,Return approved,Refund Settled,6365.49,RFD0000001580
RFD0000001581,ORD000010081,OI0000016999,2024-12-24 00:00:00,Return approved,Refund Settled,2883.62,RFD0000001581
RFD0000001582,ORD000010081,OI0000017000,2024-12-15 00:00:00,Return approved,Refund Settled,387.11,RFD0000001582
RFD0000001583,ORD000010088,OI0000017014,2023-02-28 00:00:00,Return approved,Processed,898.48,RFD0000001583
RFD0000001584,ORD000010089,OI0000017015,2021-10-30 00:00:00,Return approved,Refund Settled,382.22,RFD0000001584
RFD0000001585,ORD000010089,OI0000017016,2021-10-21 00:00:00,Return approved,Refund Settled,19414.96,RFD0000001585
RFD0000001586,ORD000010089,OI0000017017,2021-10-23 00:00:00,Return approved,Refund Settled,1638.82,RFD0000001586
RFD0000001587,ORD000010125,OI0000017075,2026-02-09 00:00:00,Return approved,Refund Settled,970.74,RFD0000001587
RFD0000001588,ORD000010125,OI0000017076,2026-01-28 00:00:00,Return approved,Refund Settled,20457.84,RFD0000001588
RFD0000001589,ORD000010132,OI0000017089,2025-05-11 00:00:00,Return approved,Refund Settled,510.92,RFD0000001589
RFD0000001590,ORD000010133,OI0000017090,2024-06-28 00:00:00,Return approved,Refund Settled,10595.71,RFD0000001590
RFD0000001591,ORD000010137,OI0000017097,2023-06-20 00:00:00,Return approved,Refund Settled,276.08,RFD0000001591
RFD0000001592,ORD000010137,OI0000017098,2023-06-25 00:00:00,Return approved,Refund Settled,139.62,RFD0000001592
RFD0000001593,ORD000010141,OI0000017104,2021-10-19 00:00:00,Return approved,Refund Settled,447.97,RFD0000001593
RFD0000001594,ORD000010143,OI0000017106,2022-12-29 00:00:00,Return approved,Refund Settled,242.57,RFD0000001594
RFD0000001595,ORD000010160,OI0000017136,2022-07-08 00:00:00,Return approved,Refund Settled,470.94,RFD0000001595
RFD0000001596,ORD000010160,OI0000017137,2022-07-10 00:00:00,Return approved,Refund Settled,304.9,RFD0000001596
RFD0000001597,ORD000010162,OI0000017140,2025-01-17 00:00:00,Return approved,Refund Settled,774.63,RFD0000001597
RFD0000001598,ORD000010162,OI0000017141,2025-01-03 00:00:00,Return approved,Refund Settled,649.42,RFD0000001598
RFD0000001599,ORD000010165,OI0000017147,2023-03-19 00:00:00,Return approved,Refund Settled,510.05,RFD0000001599
RFD0000001600,ORD000010170,OI0000017154,2021-07-01 00:00:00,Return approved,Refund Settled,299.49,RFD0000001600
RFD0000001601,ORD000010172,OI0000017156,2022-11-19 00:00:00,Return approved,Refund Settled,1040.29,RFD0000001601
RFD0000001602,ORD000010172,OI0000017157,2022-11-11 00:00:00,Return approved,Refund Settled,5597.77,RFD0000001602
RFD0000001603,ORD000010188,OI0000017178,2025-01-06 00:00:00,Return approved,Refund Settled,7014.32,RFD0000001603
RFD0000001604,ORD000010203,OI0000017203,2025-01-06 00:00:00,Return approved,Refund Settled,1600.82,RFD0000001604
RFD0000001605,ORD000010203,OI0000017204,2024-12-20 00:00:00,Return approved,Refund Settled,2704.39,RFD0000001605
RFD0000001606,ORD000010208,OI0000017212,2024-02-23 00:00:00,Return approved,Refund Settled,21218.12,RFD0000001606
RFD0000001607,ORD000010208,OI0000017213,2024-02-26 00:00:00,Return approved,Refund Settled,472.06,RFD0000001607
RFD0000001608,ORD000010215,OI0000017222,2021-08-22 00:00:00,Return approved,Refund Settled,3183.56,RFD0000001608
RFD0000001609,ORD000010215,OI0000017223,2021-08-28 00:00:00,Return approved,Refund Failed,1716.19,RFD0000001609
RFD0000001610,ORD000010215,OI0000017224,2021-08-23 00:00:00,Return approved,Refund Settled,268.24,RFD0000001610
RFD0000001611,ORD000010220,OI0000017230,2023-02-01 00:00:00,Return approved,Refund Settled,386.66,RFD0000001611
RFD0000001612,ORD000010220,OI0000017231,2023-01-27 00:00:00,Return approved,Refund Settled,575.59,RFD0000001612
RFD0000001613,ORD000010220,OI0000017232,2023-02-11 00:00:00,Return approved,Refund Settled,494.52,RFD0000001613
RFD0000001614,ORD000010222,OI0000017235,2025-01-28 00:00:00,Return approved,Refund Settled,214.84,RFD0000001614
RFD0000001615,ORD000010234,OI0000017252,2024-06-25 00:00:00,Return approved,Refund Settled,947.81,RFD0000001615
RFD0000001616,ORD000010242,OI0000017267,2022-08-27 00:00:00,Return approved,Processed,908.78,RFD0000001616
RFD0000001617,ORD000010244,OI0000017270,2023-12-18 00:00:00,Return approved,Refund Settled,124.04,RFD0000001617
RFD0000001618,ORD000010254,OI0000017285,2022-02-13 00:00:00,Return approved,Refund Settled,11154.64,RFD0000001618
RFD0000001619,ORD000010269,OI0000017303,2021-08-27 00:00:00,Return approved,Refund Settled,756.07,RFD0000001619
RFD0000001620,ORD000010276,OI0000017315,2024-10-08 00:00:00,Return approved,Refund Settled,22870.06,RFD0000001620
RFD0000001621,ORD000010276,OI0000017316,2024-10-02 00:00:00,Return approved,Refund Settled,5877.93,RFD0000001621
RFD0000001622,ORD000010276,OI0000017317,2024-10-10 00:00:00,Return approved,Refund Settled,5357.35,RFD0000001622
RFD0000001623,ORD000010288,OI0000017337,2025-10-24 00:00:00,Return approved,Processed,404.42,RFD0000001623
RFD0000001624,ORD000010288,OI0000017338,2025-10-20 00:00:00,Return approved,Refund Settled,355.36,RFD0000001624
RFD0000001625,ORD000010310,OI0000017375,2024-09-17 00:00:00,Return approved,Refund Settled,470.67,RFD0000001625
RFD0000001626,ORD000010310,OI0000017376,2024-09-16 00:00:00,Return approved,Refund Settled,238.2,RFD0000001626
RFD0000001627,ORD000010322,OI0000017392,2025-09-06 00:00:00,Return approved,Processed,214.19,RFD0000001627
RFD0000001628,ORD000010322,OI0000017393,2025-09-10 00:00:00,Return approved,Refund Settled,223.56,RFD0000001628
RFD0000001629,ORD000010323,OI0000017394,2023-01-17 00:00:00,Return approved,Refund Settled,5631.54,RFD0000001629
RFD0000001630,ORD000010329,OI0000017402,2024-08-30 00:00:00,Return approved,Refund Settled,7224.95,RFD0000001630
RFD0000001631,ORD000010330,OI0000017403,2022-12-07 00:00:00,Return approved,Refund Settled,3740.67,RFD0000001631
RFD0000001632,ORD000010330,OI0000017404,2022-12-20 00:00:00,Return approved,Refund Settled,17930.57,RFD0000001632
RFD0000001633,ORD000010338,OI0000017417,2021-09-27 00:00:00,Return approved,Refund Settled,288.51,RFD0000001633
RFD0000001634,ORD000010341,OI0000017422,2022-01-29 00:00:00,Return approved,Processed,778.13,RFD0000001634
RFD0000001635,ORD000010341,OI0000017423,2022-02-19 00:00:00,Return approved,Refund Settled,19064.51,RFD0000001635
RFD0000001636,ORD000010348,OI0000017433,2022-05-29 00:00:00,Return approved,Refund Settled,40753.03,RFD0000001636
RFD0000001637,ORD000010361,OI0000017454,2023-11-03 00:00:00,Return approved,Refund Settled,18975.06,RFD0000001637
RFD0000001638,ORD000010361,OI0000017455,2023-10-25 00:00:00,Return approved,Refund Settled,154.61,RFD0000001638
RFD0000001639,ORD000010363,OI0000017457,2024-02-04 00:00:00,Return approved,Refund Settled,1006.86,RFD0000001639
RFD0000001640,ORD000010363,OI0000017458,2024-01-31 00:00:00,Return approved,Refund Settled,972.92,RFD0000001640
RFD0000001641,ORD000010365,OI0000017460,2022-05-12 00:00:00,Return approved,Refund Settled,255.97,RFD0000001641
RFD0000001642,ORD000010365,OI0000017461,2022-05-09 00:00:00,Return approved,Refund Settled,5909.32,RFD0000001642
RFD0000001643,ORD000010368,OI0000017467,2021-09-29 00:00:00,Return approved,Refund Settled,496.65,RFD0000001643
RFD0000001644,ORD000010395,OI0000017508,2021-09-17 00:00:00,Return approved,Refund Settled,382.46,RFD0000001644
RFD0000001645,ORD000010404,OI0000017525,2025-08-11 00:00:00,Return approved,Refund Settled,418.97,RFD0000001645
RFD0000001646,ORD000010406,OI0000017527,2023-02-03 00:00:00,Return approved,Refund Settled,916.96,RFD0000001646
RFD0000001647,ORD000010422,OI0000017553,2025-08-06 00:00:00,Return approved,Refund Settled,3556.06,RFD0000001647
RFD0000001648,ORD000010422,OI0000017554,2025-08-08 00:00:00,Return approved,Refund Settled,876.5,RFD0000001648
RFD0000001649,ORD000010441,OI0000017585,2021-07-09 00:00:00,Return approved,Refund Settled,8816.81,RFD0000001649
RFD0000001650,ORD000010452,OI0000017600,2023-04-14 00:00:00,Return approved,Refund Settled,373.71,RFD0000001650
RFD0000001651,ORD000010458,OI0000017611,2024-01-13 00:00:00,Return approved,Refund Settled,19114.6,RFD0000001651
RFD0000001652,ORD000010476,OI0000017645,2025-07-18 00:00:00,Return approved,Refund Settled,296.58,RFD0000001652
RFD0000001653,ORD000010482,OI0000017653,2023-09-20 00:00:00,Return approved,Refund Settled,1680.23,RFD0000001653
RFD0000001654,ORD000010500,OI0000017686,2026-01-05 00:00:00,Return approved,Refund Failed,2583.83,RFD0000001654
RFD0000001655,ORD000010500,OI0000017687,2026-01-06 00:00:00,Return approved,Refund Settled,155.77,RFD0000001655
RFD0000001656,ORD000010502,OI0000017689,2022-06-27 00:00:00,Return approved,Refund Settled,910.91,RFD0000001656
RFD0000001657,ORD000010502,OI0000017690,2022-07-03 00:00:00,Return approved,Refund Settled,216.71,RFD0000001657
RFD0000001658,ORD000010510,OI0000017699,2022-02-10 00:00:00,Return approved,Refund Settled,20025.03,RFD0000001658
RFD0000001659,ORD000010510,OI0000017700,2022-02-18 00:00:00,Return approved,Refund Settled,303.26,RFD0000001659
RFD0000001660,ORD000010511,OI0000017702,2025-04-02 00:00:00,Return approved,Processed,3452.93,RFD0000001660
RFD0000001661,ORD000010514,OI0000017706,2022-04-06 00:00:00,Return approved,Refund Settled,254.86,RFD0000001661
RFD0000001662,ORD000010514,OI0000017707,2022-04-20 00:00:00,Return approved,Refund Settled,231.18,RFD0000001662
RFD0000001663,ORD000010519,OI0000017715,2021-07-26 00:00:00,Return approved,Refund Failed,251.71,RFD0000001663
RFD0000001664,ORD000010536,OI0000017743,2022-09-28 00:00:00,Return approved,Refund Settled,290.21,RFD0000001664
RFD0000001665,ORD000010541,OI0000017752,2021-06-06 00:00:00,Return approved,Processed,19991.0,RFD0000001665
RFD0000001666,ORD000010542,OI0000017753,2024-08-09 00:00:00,Return approved,Refund Settled,618.23,RFD0000001666
RFD0000001667,ORD000010542,OI0000017754,2024-08-13 00:00:00,Return approved,Refund Settled,18139.34,RFD0000001667
RFD0000001668,ORD000010561,OI0000017790,2025-10-03 00:00:00,Return approved,Refund Settled,19558.37,RFD0000001668
RFD0000001669,ORD000010590,OI0000017841,2025-09-20 00:00:00,Return approved,Refund Settled,19187.97,RFD0000001669
RFD0000001670,ORD000010613,OI0000017882,2023-11-21 00:00:00,Return approved,Refund Settled,16639.43,RFD0000001670
RFD0000001671,ORD000010615,OI0000017886,2022-01-13 00:00:00,Return approved,Refund Settled,40709.81,RFD0000001671
RFD0000001672,ORD000010625,OI0000017904,2024-05-23 00:00:00,Return approved,Processed,931.87,RFD0000001672
RFD0000001673,ORD000010629,OI0000017908,2023-12-29 00:00:00,Return approved,Refund Settled,2647.76,RFD0000001673
RFD0000001674,ORD000010629,OI0000017909,2024-01-12 00:00:00,Return approved,Refund Settled,825.59,RFD0000001674
RFD0000001675,ORD000010661,OI0000017968,2023-03-17 00:00:00,Return approved,Refund Settled,918.41,RFD0000001675
RFD0000001676,ORD000010668,OI0000017979,2026-02-04 00:00:00,Return approved,Refund Failed,234.4,RFD0000001676
RFD0000001677,ORD000010668,OI0000017980,2026-01-25 00:00:00,Return approved,Refund Settled,9906.4,RFD0000001677
RFD0000001678,ORD000010674,OI0000017989,2023-01-04 00:00:00,Return approved,Processed,6242.14,RFD0000001678
RFD0000001679,ORD000010674,OI0000017990,2023-01-11 00:00:00,Return approved,Refund Settled,11500.56,RFD0000001679
RFD0000001680,ORD000010679,OI0000017998,2022-01-21 00:00:00,Return approved,Refund Settled,1756.14,RFD0000001680
RFD0000001681,ORD000010707,OI0000018043,2026-02-16 00:00:00,Return approved,Refund Failed,3133.54,RFD0000001681
RFD0000001682,ORD000010707,OI0000018044,2026-02-21 00:00:00,Return approved,Refund Settled,763.36,RFD0000001682
RFD0000001683,ORD000010707,OI0000018045,2026-02-19 00:00:00,Return approved,Refund Settled,10871.95,RFD0000001683
RFD0000001684,ORD000010711,OI0000018053,2023-10-25 00:00:00,Return approved,Processed,3300.97,RFD0000001684
RFD0000001685,ORD000010711,OI0000018054,2023-10-14 00:00:00,Return approved,Refund Settled,571.96,RFD0000001685
RFD0000001686,ORD000010725,OI0000018074,2023-09-03 00:00:00,Return approved,Refund Settled,3385.13,RFD0000001686
RFD0000001687,ORD000010725,OI0000018075,2023-09-11 00:00:00,Return approved,Refund Settled,226.59,RFD0000001687
RFD0000001688,ORD000010728,OI0000018081,2022-04-29 00:00:00,Return approved,Refund Settled,1199.28,RFD0000001688
RFD0000001689,ORD000010738,OI0000018100,2025-10-30 00:00:00,Return approved,Refund Settled,1515.73,RFD0000001689
RFD0000001690,ORD000010738,OI0000018101,2025-11-05 00:00:00,Return approved,Refund Settled,818.68,RFD0000001690
RFD0000001691,ORD000010753,OI0000018130,2022-12-15 00:00:00,Return approved,Processed,367.38,RFD0000001691
RFD0000001692,ORD000010753,OI0000018131,2022-12-22 00:00:00,Return approved,Refund Settled,387.67,RFD0000001692
RFD0000001693,ORD000010753,OI0000018132,2022-12-22 00:00:00,Return approved,Refund Settled,961.95,RFD0000001693
RFD0000001694,ORD000010757,OI0000018136,2021-03-12 00:00:00,Return approved,Refund Settled,3013.99,RFD0000001694
RFD0000001695,ORD000010757,OI0000018137,2021-03-10 00:00:00,Return approved,Refund Settled,988.74,RFD0000001695
RFD0000001696,ORD000010775,OI0000018164,2022-07-10 00:00:00,Return approved,Refund Settled,736.61,RFD0000001696
RFD0000001697,ORD000010775,OI0000018165,2022-07-06 00:00:00,Return approved,Refund Settled,10733.04,RFD0000001697
RFD0000001698,ORD000010775,OI0000018166,2022-07-20 00:00:00,Return approved,Refund Settled,492.26,RFD0000001698
RFD0000001699,ORD000010784,OI0000018181,2024-05-24 00:00:00,Return approved,Refund Settled,1231.38,RFD0000001699
RFD0000001700,ORD000010800,OI0000018204,2023-05-20 00:00:00,Return approved,Refund Settled,2653.48,RFD0000001700
RFD0000001701,ORD000010803,OI0000018209,2025-07-16 00:00:00,Return approved,Refund Settled,478.7,RFD0000001701
RFD0000001702,ORD000010803,OI0000018210,2025-07-05 00:00:00,Return approved,Refund Settled,476.19,RFD0000001702
RFD0000001703,ORD000010808,OI0000018218,2025-07-09 00:00:00,Return approved,Refund Settled,308.67,RFD0000001703
RFD0000001704,ORD000010809,OI0000018219,2021-11-22 00:00:00,Return approved,Refund Settled,273.35,RFD0000001704
RFD0000001705,ORD000010811,OI0000018222,2021-12-18 00:00:00,Return approved,Refund Settled,395.62,RFD0000001705
RFD0000001706,ORD000010815,OI0000018229,2025-03-27 00:00:00,Return approved,Refund Settled,808.38,RFD0000001706
RFD0000001707,ORD000010815,OI0000018230,2025-04-09 00:00:00,Return approved,Refund Settled,4984.96,RFD0000001707
RFD0000001708,ORD000010817,OI0000018232,2025-04-05 00:00:00,Return approved,Refund Settled,466.96,RFD0000001708
RFD0000001709,ORD000010830,OI0000018252,2021-12-21 00:00:00,Return approved,Refund Settled,1152.46,RFD0000001709
RFD0000001710,ORD000010830,OI0000018253,2021-12-25 00:00:00,Return approved,Refund Settled,20929.86,RFD0000001710
RFD0000001711,ORD000010830,OI0000018254,2021-12-25 00:00:00,Return approved,Refund Settled,11454.46,RFD0000001711
RFD0000001712,ORD000010835,OI0000018262,2023-08-23 00:00:00,Return approved,Refund Settled,3544.12,RFD0000001712
RFD0000001713,ORD000010835,OI0000018263,2023-09-01 00:00:00,Return approved,Refund Settled,460.26,RFD0000001713
RFD0000001714,ORD000010858,OI0000018300,2025-03-03 00:00:00,Return approved,Refund Settled,6025.92,RFD0000001714
RFD0000001715,ORD000010868,OI0000018315,2024-05-09 00:00:00,Return approved,Refund Settled,197.42,RFD0000001715
RFD0000001716,ORD000010868,OI0000018316,2024-05-21 00:00:00,Return approved,Refund Settled,424.36,RFD0000001716
RFD0000001717,ORD000010875,OI0000018327,2022-09-12 00:00:00,Return approved,Refund Settled,951.98,RFD0000001717
RFD0000001718,ORD000010875,OI0000018328,2022-09-11 00:00:00,Return approved,Refund Settled,9136.97,RFD0000001718
RFD0000001719,ORD000010878,OI0000018333,2022-03-07 00:00:00,Return approved,Refund Settled,6253.34,RFD0000001719
RFD0000001720,ORD000010902,OI0000018368,2021-07-24 00:00:00,Return approved,Refund Settled,799.04,RFD0000001720
RFD0000001721,ORD000010902,OI0000018369,2021-07-06 00:00:00,Return approved,Refund Settled,465.1,RFD0000001721
RFD0000001722,ORD000010910,OI0000018381,2023-10-29 00:00:00,Return approved,Refund Settled,567.36,RFD0000001722
RFD0000001723,ORD000010910,OI0000018382,2023-11-23 00:00:00,Return approved,Refund Settled,736.19,RFD0000001723
RFD0000001724,ORD000010923,OI0000018405,2025-03-14 00:00:00,Return approved,Refund Settled,1502.67,RFD0000001724
RFD0000001725,ORD000010934,OI0000018421,2022-04-25 00:00:00,Return approved,Refund Settled,222.83,RFD0000001725
RFD0000001726,ORD000010934,OI0000018422,2022-04-28 00:00:00,Return approved,Refund Settled,429.76,RFD0000001726
RFD0000001727,ORD000010934,OI0000018423,2022-04-13 00:00:00,Return approved,Refund Settled,1165.67,RFD0000001727
RFD0000001728,ORD000010944,OI0000018440,2023-04-11 00:00:00,Return approved,Refund Settled,230.46,RFD0000001728
RFD0000001729,ORD000010958,OI0000018469,2025-04-28 00:00:00,Return approved,Refund Settled,781.6,RFD0000001729
RFD0000001730,ORD000010969,OI0000018487,2024-06-05 00:00:00,Return approved,Refund Settled,2188.6,RFD0000001730
RFD0000001731,ORD000010981,OI0000018506,2022-11-18 00:00:00,Return approved,Refund Settled,1666.89,RFD0000001731
RFD0000001732,ORD000010990,OI0000018522,2023-01-04 00:00:00,Return approved,Refund Settled,915.46,RFD0000001732
RFD0000001733,ORD000010992,OI0000018525,2021-03-18 00:00:00,Return approved,Processed,23466.5,RFD0000001733
RFD0000001734,ORD000011000,OI0000018537,2024-05-12 00:00:00,Return approved,Refund Settled,769.07,RFD0000001734
RFD0000001735,ORD000011000,OI0000018538,2024-05-14 00:00:00,Return approved,Refund Settled,367.04,RFD0000001735
RFD0000001736,ORD000011000,OI0000018539,2024-05-14 00:00:00,Return approved,Refund Failed,10676.61,RFD0000001736
RFD0000001737,ORD000011018,OI0000018567,2023-02-10 00:00:00,Return approved,Refund Settled,22578.34,RFD0000001737
RFD0000001738,ORD000011018,OI0000018568,2023-01-30 00:00:00,Return approved,Refund Settled,432.19,RFD0000001738
RFD0000001739,ORD000011018,OI0000018569,2023-02-04 00:00:00,Return approved,Refund Settled,249.06,RFD0000001739
RFD0000001740,ORD000011058,OI0000018637,2021-04-22 00:00:00,Return approved,Refund Settled,820.33,RFD0000001740
RFD0000001741,ORD000011058,OI0000018638,2021-04-10 00:00:00,Return approved,Refund Settled,139.21,RFD0000001741
RFD0000001742,ORD000011058,OI0000018639,2021-04-18 00:00:00,Return approved,Refund Settled,9689.34,RFD0000001742
RFD0000001743,ORD000011066,OI0000018649,2025-08-29 00:00:00,Return approved,Refund Settled,792.61,RFD0000001743
RFD0000001744,ORD000011073,OI0000018659,2023-02-19 00:00:00,Return approved,Refund Settled,246.57,RFD0000001744
RFD0000001745,ORD000011096,OI0000018698,2023-02-10 00:00:00,Return approved,Refund Settled,3296.22,RFD0000001745
RFD0000001746,ORD000011103,OI0000018706,2024-11-04 00:00:00,Return approved,Refund Settled,46160.51,RFD0000001746
RFD0000001747,ORD000011105,OI0000018709,2022-08-26 00:00:00,Return approved,Refund Settled,138.52,RFD0000001747
RFD0000001748,ORD000011105,OI0000018710,2022-08-25 00:00:00,Return approved,Refund Settled,11044.9,RFD0000001748
RFD0000001749,ORD000011113,OI0000018722,2023-05-10 00:00:00,Return approved,Refund Settled,20343.23,RFD0000001749
RFD0000001750,ORD000011134,OI0000018758,2022-11-15 00:00:00,Return approved,Refund Settled,542.98,RFD0000001750
RFD0000001751,ORD000011160,OI0000018803,2025-03-30 00:00:00,Return approved,Refund Settled,18940.32,RFD0000001751
RFD0000001752,ORD000011160,OI0000018804,2025-03-30 00:00:00,Return approved,Processed,2921.01,RFD0000001752
RFD0000001753,ORD000011160,OI0000018805,2025-03-23 00:00:00,Return approved,Refund Settled,9921.02,RFD0000001753
RFD0000001754,ORD000011167,OI0000018817,2024-05-19 00:00:00,Return approved,Refund Settled,668.28,RFD0000001754
RFD0000001755,ORD000011167,OI0000018818,2024-05-01 00:00:00,Return approved,Refund Settled,574.93,RFD0000001755
RFD0000001756,ORD000011167,OI0000018819,2024-05-07 00:00:00,Return approved,Refund Settled,95806.54,RFD0000001756
RFD0000001757,ORD000011171,OI0000018826,2025-04-15 00:00:00,Return approved,Refund Settled,217.44,RFD0000001757
RFD0000001758,ORD000011193,OI0000018863,2022-06-06 00:00:00,Return approved,Refund Settled,495.19,RFD0000001758
RFD0000001759,ORD000011196,OI0000018867,2022-10-16 00:00:00,Return approved,Refund Settled,5622.03,RFD0000001759
RFD0000001760,ORD000011196,OI0000018868,2022-10-26 00:00:00,Return approved,Refund Settled,367.59,RFD0000001760
RFD0000001761,ORD000011203,OI0000018879,2025-05-03 00:00:00,Return approved,Refund Settled,466.49,RFD0000001761
RFD0000001762,ORD000011203,OI0000018880,2025-04-19 00:00:00,Return approved,Refund Settled,926.22,RFD0000001762
RFD0000001763,ORD000011207,OI0000018886,2025-09-04 00:00:00,Return approved,Refund Settled,509.67,RFD0000001763
RFD0000001764,ORD000011207,OI0000018887,2025-09-10 00:00:00,Return approved,Refund Settled,453.94,RFD0000001764
RFD0000001765,ORD000011207,OI0000018888,2025-09-07 00:00:00,Return approved,Refund Settled,248.55,RFD0000001765
RFD0000001766,ORD000011213,OI0000018897,2022-06-06 00:00:00,Return approved,Processed,1057.48,RFD0000001766
RFD0000001767,ORD000011219,OI0000018907,2022-03-31 00:00:00,Return approved,Refund Settled,2596.37,RFD0000001767
RFD0000001768,ORD000011221,OI0000018910,2025-03-24 00:00:00,Return approved,Refund Settled,280.98,RFD0000001768
RFD0000001769,ORD000011232,OI0000018928,2023-02-06 00:00:00,Return approved,Refund Settled,799.64,RFD0000001769
RFD0000001770,ORD000011233,OI0000018929,2021-08-29 00:00:00,Return approved,Refund Settled,784.1,RFD0000001770
RFD0000001771,ORD000011233,OI0000018930,2021-08-24 00:00:00,Return approved,Refund Settled,510.72,RFD0000001771
RFD0000001772,ORD000011238,OI0000018939,2024-10-03 00:00:00,Return approved,Refund Settled,6215.3,RFD0000001772
RFD0000001773,ORD000011240,OI0000018942,2021-04-07 00:00:00,Return approved,Refund Settled,459.57,RFD0000001773
RFD0000001774,ORD000011240,OI0000018943,2021-03-27 00:00:00,Return approved,Processed,732.04,RFD0000001774
RFD0000001775,ORD000011244,OI0000018947,2022-10-09 00:00:00,Return approved,Refund Settled,255.6,RFD0000001775
RFD0000001776,ORD000011247,OI0000018952,2023-07-24 00:00:00,Return approved,Refund Settled,847.32,RFD0000001776
RFD0000001777,ORD000011247,OI0000018953,2023-07-31 00:00:00,Return approved,Refund Settled,3262.99,RFD0000001777
RFD0000001778,ORD000011247,OI0000018954,2023-08-09 00:00:00,Return approved,Refund Settled,9963.02,RFD0000001778
RFD0000001779,ORD000011249,OI0000018956,2024-03-15 00:00:00,Return approved,Refund Settled,10115.19,RFD0000001779
RFD0000001780,ORD000011251,OI0000018959,2021-09-30 00:00:00,Return approved,Refund Settled,1110.33,RFD0000001780
RFD0000001781,ORD000011251,OI0000018960,2021-10-03 00:00:00,Return approved,Refund Settled,858.47,RFD0000001781
RFD0000001782,ORD000011260,OI0000018976,2025-02-10 00:00:00,Return approved,Refund Settled,239.64,RFD0000001782
RFD0000001783,ORD000011266,OI0000018985,2023-02-10 00:00:00,Return approved,Refund Settled,751.61,RFD0000001783
RFD0000001784,ORD000011287,OI0000019019,2025-02-23 00:00:00,Return approved,Refund Settled,250.87,RFD0000001784
RFD0000001785,ORD000011287,OI0000019021,2025-03-04 00:00:00,Return approved,Refund Settled,283.04,RFD0000001785
RFD0000001786,ORD000011288,OI0000019022,2023-03-28 00:00:00,Return approved,Refund Settled,5417.51,RFD0000001786
RFD0000001787,ORD000011303,OI0000019049,2021-03-21 00:00:00,Return approved,Refund Settled,841.65,RFD0000001787
RFD0000001788,ORD000011303,OI0000019051,2021-03-18 00:00:00,Return approved,Refund Settled,6522.64,RFD0000001788
RFD0000001789,ORD000011317,OI0000019076,2023-02-13 00:00:00,Return approved,Processed,10950.65,RFD0000001789
RFD0000001790,ORD000011317,OI0000019077,2023-02-20 00:00:00,Return approved,Refund Settled,741.36,RFD0000001790
RFD0000001791,ORD000011317,OI0000019078,2023-02-07 00:00:00,Return approved,Refund Settled,129.95,RFD0000001791
RFD0000001792,ORD000011335,OI0000019104,2023-11-12 00:00:00,Return approved,Refund Settled,20580.74,RFD0000001792
RFD0000001793,ORD000011337,OI0000019106,2025-07-31 00:00:00,Return approved,Refund Settled,953.22,RFD0000001793
RFD0000001794,ORD000011343,OI0000019115,2025-01-16 00:00:00,Return approved,Refund Settled,2236.9,RFD0000001794
RFD0000001795,ORD000011363,OI0000019143,2021-08-26 00:00:00,Return approved,Refund Settled,135.99,RFD0000001795
RFD0000001796,ORD000011380,OI0000019167,2025-05-09 00:00:00,Return approved,Refund Settled,8880.18,RFD0000001796
RFD0000001797,ORD000011383,OI0000019172,2024-11-09 00:00:00,Return approved,Refund Settled,21696.94,RFD0000001797
RFD0000001798,ORD000011387,OI0000019179,2024-07-12 00:00:00,Return approved,Refund Settled,10851.98,RFD0000001798
RFD0000001799,ORD000011397,OI0000019199,2021-12-28 00:00:00,Return approved,Refund Settled,9989.99,RFD0000001799
RFD0000001800,ORD000011397,OI0000019200,2021-12-25 00:00:00,Return approved,Refund Settled,18169.01,RFD0000001800
RFD0000001801,ORD000011428,OI0000019254,2021-12-12 00:00:00,Return approved,Refund Failed,813.46,RFD0000001801
RFD0000001802,ORD000011442,OI0000019277,2021-08-06 00:00:00,Return approved,Refund Settled,192.22,RFD0000001802
RFD0000001803,ORD000011442,OI0000019278,2021-07-25 00:00:00,Return approved,Refund Settled,19323.96,RFD0000001803
RFD0000001804,ORD000011445,OI0000019282,2022-02-01 00:00:00,Return approved,Refund Settled,914.89,RFD0000001804
RFD0000001805,ORD000011446,OI0000019283,2025-04-06 00:00:00,Return approved,Refund Settled,1196.77,RFD0000001805
RFD0000001806,ORD000011446,OI0000019284,2025-03-21 00:00:00,Return approved,Refund Settled,729.0,RFD0000001806
RFD0000001807,ORD000011452,OI0000019294,2023-11-29 00:00:00,Return approved,Refund Settled,483.3,RFD0000001807
RFD0000001808,ORD000011459,OI0000019303,2024-10-11 00:00:00,Return approved,Refund Failed,2789.2,RFD0000001808
RFD0000001809,ORD000011459,OI0000019304,2024-10-14 00:00:00,Return approved,Refund Settled,293.75,RFD0000001809
RFD0000001810,ORD000011459,OI0000019305,2024-10-06 00:00:00,Return approved,Refund Settled,1156.5,RFD0000001810
RFD0000001811,ORD000011468,OI0000019318,2025-06-13 00:00:00,Return approved,Refund Settled,410.72,RFD0000001811
RFD0000001812,ORD000011468,OI0000019319,2025-06-10 00:00:00,Return approved,Processed,561.26,RFD0000001812
RFD0000001813,ORD000011469,OI0000019320,2022-08-09 00:00:00,Return approved,Refund Settled,315.36,RFD0000001813
RFD0000001814,ORD000011470,OI0000019321,2022-11-22 00:00:00,Return approved,Processed,19474.41,RFD0000001814
RFD0000001815,ORD000011470,OI0000019322,2022-11-20 00:00:00,Return approved,Refund Settled,487.19,RFD0000001815
RFD0000001816,ORD000011506,OI0000019379,2022-11-26 00:00:00,Return approved,Refund Settled,279.69,RFD0000001816
RFD0000001817,ORD000011506,OI0000019380,2022-11-20 00:00:00,Return approved,Refund Settled,3318.59,RFD0000001817
RFD0000001818,ORD000011519,OI0000019403,2025-09-30 00:00:00,Return approved,Refund Settled,622.46,RFD0000001818
RFD0000001819,ORD000011519,OI0000019404,2025-09-26 00:00:00,Return approved,Processed,248.0,RFD0000001819
RFD0000001820,ORD000011531,OI0000019421,2023-11-20 00:00:00,Return approved,Refund Settled,517.57,RFD0000001820
RFD0000001821,ORD000011531,OI0000019422,2023-12-09 00:00:00,Return approved,Refund Settled,409.56,RFD0000001821
RFD0000001822,ORD000011533,OI0000019425,2025-11-01 00:00:00,Return approved,Refund Settled,3175.88,RFD0000001822
RFD0000001823,ORD000011533,OI0000019426,2025-11-14 00:00:00,Return approved,Refund Settled,446.42,RFD0000001823
RFD0000001824,ORD000011533,OI0000019427,2025-11-10 00:00:00,Return approved,Refund Settled,814.92,RFD0000001824
RFD0000001825,ORD000011538,OI0000019436,2025-03-14 00:00:00,Return approved,Refund Settled,3711.48,RFD0000001825
RFD0000001826,ORD000011538,OI0000019437,2025-03-10 00:00:00,Return approved,Processed,446.6,RFD0000001826
RFD0000001827,ORD000011540,OI0000019440,2025-04-04 00:00:00,Return approved,Refund Settled,786.78,RFD0000001827
RFD0000001828,ORD000011557,OI0000019471,2021-03-03 00:00:00,Return approved,Refund Settled,248.6,RFD0000001828
RFD0000001829,ORD000011557,OI0000019472,2021-03-20 00:00:00,Return approved,Refund Settled,754.11,RFD0000001829
RFD0000001830,ORD000011566,OI0000019487,2023-08-30 00:00:00,Return approved,Refund Failed,943.33,RFD0000001830
RFD0000001831,ORD000011566,OI0000019488,2023-08-22 00:00:00,Return approved,Refund Settled,1149.81,RFD0000001831
RFD0000001832,ORD000011566,OI0000019489,2023-08-18 00:00:00,Return approved,Refund Settled,806.81,RFD0000001832
RFD0000001833,ORD000011569,OI0000019495,2021-11-27 00:00:00,Return approved,Refund Settled,298.3,RFD0000001833
RFD0000001834,ORD000011573,OI0000019503,2022-06-12 00:00:00,Return approved,Refund Settled,140.93,RFD0000001834
RFD0000001835,ORD000011587,OI0000019523,2022-11-29 00:00:00,Return approved,Refund Settled,430.69,RFD0000001835
RFD0000001836,ORD000011587,OI0000019525,2022-11-29 00:00:00,Return approved,Refund Settled,1679.45,RFD0000001836
RFD0000001837,ORD000011591,OI0000019533,2023-03-05 00:00:00,Return approved,Refund Settled,11139.42,RFD0000001837
RFD0000001838,ORD000011591,OI0000019534,2023-03-01 00:00:00,Return approved,Refund Settled,147.5,RFD0000001838
RFD0000001839,ORD000011603,OI0000019553,2025-09-01 00:00:00,Return approved,Refund Settled,424.71,RFD0000001839
RFD0000001840,ORD000011604,OI0000019555,2022-05-01 00:00:00,Return approved,Refund Settled,3803.65,RFD0000001840
RFD0000001841,ORD000011610,OI0000019565,2022-02-03 00:00:00,Return approved,Refund Settled,1059.32,RFD0000001841
RFD0000001842,ORD000011610,OI0000019566,2022-02-05 00:00:00,Return approved,Refund Settled,9817.66,RFD0000001842
RFD0000001843,ORD000011623,OI0000019588,2022-08-06 00:00:00,Return approved,Refund Settled,602.7,RFD0000001843
RFD0000001844,ORD000011623,OI0000019589,2022-07-27 00:00:00,Return approved,Refund Settled,266.41,RFD0000001844
RFD0000001845,ORD000011623,OI0000019590,2022-07-23 00:00:00,Return approved,Refund Settled,20830.98,RFD0000001845
RFD0000001846,ORD000011625,OI0000019594,2023-11-04 00:00:00,Return approved,Processed,217.66,RFD0000001846
RFD0000001847,ORD000011625,OI0000019595,2023-10-26 00:00:00,Return approved,Refund Settled,4901.36,RFD0000001847
RFD0000001848,ORD000011675,OI0000019684,2023-08-15 00:00:00,Return approved,Refund Settled,620.04,RFD0000001848
RFD0000001849,ORD000011675,OI0000019685,2023-08-16 00:00:00,Return approved,Refund Settled,466.86,RFD0000001849
RFD0000001850,ORD000011685,OI0000019703,2021-05-14 00:00:00,Return approved,Refund Settled,95608.73,RFD0000001850
RFD0000001851,ORD000011688,OI0000019707,2021-06-08 00:00:00,Return approved,Refund Settled,798.78,RFD0000001851
RFD0000001852,ORD000011688,OI0000019708,2021-05-27 00:00:00,Return approved,Refund Settled,393.06,RFD0000001852
RFD0000001853,ORD000011692,OI0000019715,2023-10-03 00:00:00,Return approved,Refund Settled,830.26,RFD0000001853
RFD0000001854,ORD000011692,OI0000019716,2023-09-30 00:00:00,Return approved,Refund Settled,397.03,RFD0000001854
RFD0000001855,ORD000011695,OI0000019720,2021-11-02 00:00:00,Return approved,Refund Settled,516.21,RFD0000001855
RFD0000001856,ORD000011695,OI0000019722,2021-10-29 00:00:00,Return approved,Refund Settled,381.88,RFD0000001856
RFD0000001857,ORD000011713,OI0000019755,2022-01-22 00:00:00,Return approved,Refund Settled,2054.92,RFD0000001857
RFD0000001858,ORD000011713,OI0000019756,2022-01-12 00:00:00,Return approved,Refund Settled,530.78,RFD0000001858
RFD0000001859,ORD000011715,OI0000019759,2022-02-18 00:00:00,Return approved,Processed,838.46,RFD0000001859
RFD0000001860,ORD000011717,OI0000019764,2021-04-07 00:00:00,Return approved,Refund Settled,790.85,RFD0000001860
RFD0000001861,ORD000011719,OI0000019766,2023-02-25 00:00:00,Return approved,Refund Settled,446.77,RFD0000001861
RFD0000001862,ORD000011719,OI0000019767,2023-02-11 00:00:00,Return approved,Refund Settled,237.89,RFD0000001862
RFD0000001863,ORD000011744,OI0000019808,2021-06-29 00:00:00,Return approved,Refund Settled,408.42,RFD0000001863
RFD0000001864,ORD000011751,OI0000019818,2025-03-19 00:00:00,Return approved,Refund Settled,839.16,RFD0000001864
RFD0000001865,ORD000011759,OI0000019831,2023-04-07 00:00:00,Return approved,Refund Settled,364.77,RFD0000001865
RFD0000001866,ORD000011759,OI0000019832,2023-03-16 00:00:00,Return approved,Processed,147.59,RFD0000001866
RFD0000001867,ORD000011762,OI0000019835,2021-11-12 00:00:00,Return approved,Refund Settled,5702.45,RFD0000001867
RFD0000001868,ORD000011762,OI0000019836,2021-11-19 00:00:00,Return approved,Refund Settled,786.24,RFD0000001868
RFD0000001869,ORD000011771,OI0000019850,2025-06-30 00:00:00,Return approved,Refund Settled,143.74,RFD0000001869
RFD0000001870,ORD000011771,OI0000019851,2025-07-06 00:00:00,Return approved,Refund Settled,302.07,RFD0000001870
RFD0000001871,ORD000011773,OI0000019853,2023-02-10 00:00:00,Return approved,Refund Settled,5080.91,RFD0000001871
RFD0000001872,ORD000011773,OI0000019854,2023-01-30 00:00:00,Return approved,Refund Settled,84740.83,RFD0000001872
RFD0000001873,ORD000011773,OI0000019855,2023-02-04 00:00:00,Return approved,Refund Settled,704.25,RFD0000001873
RFD0000001874,ORD000011776,OI0000019861,2024-12-22 00:00:00,Return approved,Refund Settled,139.93,RFD0000001874
RFD0000001875,ORD000011776,OI0000019862,2024-12-23 00:00:00,Return approved,Refund Settled,2751.0,RFD0000001875
RFD0000001876,ORD000011790,OI0000019890,2022-11-13 00:00:00,Return approved,Refund Settled,304.04,RFD0000001876
RFD0000001877,ORD000011790,OI0000019892,2022-11-13 00:00:00,Return approved,Refund Settled,873.25,RFD0000001877
RFD0000001878,ORD000011809,OI0000019922,2022-12-03 00:00:00,Return approved,Refund Settled,1102.76,RFD0000001878
RFD0000001879,ORD000011825,OI0000019947,2022-05-12 00:00:00,Return approved,Refund Settled,313.89,RFD0000001879
RFD0000001880,ORD000011825,OI0000019948,2022-05-06 00:00:00,Return approved,Refund Settled,923.43,RFD0000001880
RFD0000001881,ORD000011832,OI0000019958,2021-06-10 00:00:00,Return approved,Refund Settled,1742.56,RFD0000001881
RFD0000001882,ORD000011837,OI0000019971,2024-03-12 00:00:00,Return approved,Refund Settled,318.27,RFD0000001882
RFD0000001883,ORD000011841,OI0000019976,2021-12-31 00:00:00,Return approved,Refund Settled,1267.93,RFD0000001883
RFD0000001884,ORD000011841,OI0000019977,2021-12-24 00:00:00,Return approved,Refund Settled,833.93,RFD0000001884
RFD0000001885,ORD000011846,OI0000019984,2023-07-13 00:00:00,Return approved,Refund Settled,2344.81,RFD0000001885
RFD0000001886,ORD000011871,OI0000020023,2023-01-10 00:00:00,Return approved,Refund Settled,193.59,RFD0000001886
RFD0000001887,ORD000011871,OI0000020024,2023-01-17 00:00:00,Return approved,Refund Settled,5082.74,RFD0000001887
RFD0000001888,ORD000011877,OI0000020033,2024-02-27 00:00:00,Return approved,Refund Settled,384.01,RFD0000001888
RFD0000001889,ORD000011877,OI0000020034,2024-03-05 00:00:00,Return approved,Refund Settled,1125.41,RFD0000001889
RFD0000001890,ORD000011884,OI0000020046,2021-08-10 00:00:00,Return approved,Refund Settled,910.07,RFD0000001890
RFD0000001891,ORD000011894,OI0000020061,2024-09-24 00:00:00,Return approved,Refund Settled,759.36,RFD0000001891
RFD0000001892,ORD000011903,OI0000020072,2025-06-26 00:00:00,Return approved,Refund Settled,1285.92,RFD0000001892
RFD0000001893,ORD000011903,OI0000020073,2025-06-18 00:00:00,Return approved,Refund Settled,21898.14,RFD0000001893
RFD0000001894,ORD000011919,OI0000020101,2021-06-19 00:00:00,Return approved,Refund Settled,3419.16,RFD0000001894
RFD0000001895,ORD000011920,OI0000020102,2024-11-21 00:00:00,Return approved,Processed,3357.01,RFD0000001895
RFD0000001896,ORD000011921,OI0000020104,2023-05-05 00:00:00,Return approved,Refund Settled,6159.44,RFD0000001896
RFD0000001897,ORD000011930,OI0000020119,2021-12-21 00:00:00,Return approved,Refund Settled,18511.58,RFD0000001897
RFD0000001898,ORD000011930,OI0000020120,2021-12-13 00:00:00,Return approved,Refund Settled,1253.0,RFD0000001898
RFD0000001899,ORD000011933,OI0000020123,2023-03-21 00:00:00,Return approved,Refund Settled,741.53,RFD0000001899
RFD0000001900,ORD000011934,OI0000020124,2023-11-15 00:00:00,Return approved,Refund Settled,9083.65,RFD0000001900
RFD0000001901,ORD000011948,OI0000020146,2022-01-23 00:00:00,Return approved,Refund Settled,870.34,RFD0000001901
RFD0000001902,ORD000011948,OI0000020147,2022-01-21 00:00:00,Return approved,Refund Settled,530.45,RFD0000001902
RFD0000001903,ORD000011954,OI0000020157,2022-09-17 00:00:00,Return approved,Refund Settled,244.74,RFD0000001903
RFD0000001904,ORD000011954,OI0000020158,2022-09-15 00:00:00,Return approved,Refund Settled,10153.03,RFD0000001904
RFD0000001905,ORD000011965,OI0000020179,2025-06-12 00:00:00,Return approved,Refund Settled,5439.29,RFD0000001905
RFD0000001906,ORD000011965,OI0000020180,2025-06-05 00:00:00,Return approved,Refund Settled,835.7,RFD0000001906
RFD0000001907,ORD000011974,OI0000020196,2023-02-13 00:00:00,Return approved,Refund Settled,716.36,RFD0000001907
RFD0000001908,ORD000011976,OI0000020200,2024-07-17 00:00:00,Return approved,Refund Settled,382.61,RFD0000001908
RFD0000001909,ORD000011984,OI0000020212,2022-04-06 00:00:00,Return approved,Refund Settled,687.19,RFD0000001909
RFD0000001910,ORD000011984,OI0000020213,2022-04-10 00:00:00,Return approved,Refund Settled,142.6,RFD0000001910
RFD0000001911,ORD000012006,OI0000020251,2022-10-07 00:00:00,Return approved,Refund Settled,754.94,RFD0000001911
RFD0000001912,ORD000012012,OI0000020261,2024-09-29 00:00:00,Return approved,Refund Settled,952.68,RFD0000001912
RFD0000001913,ORD000012013,OI0000020262,2023-07-07 00:00:00,Return approved,Refund Settled,19922.53,RFD0000001913
RFD0000001914,ORD000012013,OI0000020263,2023-07-19 00:00:00,Return approved,Refund Settled,271.46,RFD0000001914
RFD0000001915,ORD000012013,OI0000020264,2023-07-05 00:00:00,Return approved,Refund Failed,508.49,RFD0000001915
RFD0000001916,ORD000012037,OI0000020305,2024-02-06 00:00:00,Return approved,Refund Settled,5328.78,RFD0000001916
RFD0000001917,ORD000012039,OI0000020307,2021-05-06 00:00:00,Return approved,Refund Settled,228.8,RFD0000001917
RFD0000001918,ORD000012048,OI0000020324,2021-06-14 00:00:00,Return approved,Processed,147.85,RFD0000001918
RFD0000001919,ORD000012062,OI0000020349,2023-09-29 00:00:00,Return approved,Refund Settled,1166.07,RFD0000001919
RFD0000001920,ORD000012062,OI0000020350,2023-09-28 00:00:00,Return approved,Refund Settled,214.04,RFD0000001920
RFD0000001921,ORD000012086,OI0000020387,2022-09-06 00:00:00,Return approved,Refund Settled,508.5,RFD0000001921
RFD0000001922,ORD000012101,OI0000020414,2024-07-21 00:00:00,Return approved,Refund Settled,6397.12,RFD0000001922
RFD0000001923,ORD000012103,OI0000020416,2023-07-02 00:00:00,Return approved,Refund Settled,132.83,RFD0000001923
RFD0000001924,ORD000012124,OI0000020454,2024-09-12 00:00:00,Return approved,Refund Settled,922.92,RFD0000001924
RFD0000001925,ORD000012128,OI0000020460,2024-04-01 00:00:00,Return approved,Processed,845.95,RFD0000001925
RFD0000001926,ORD000012128,OI0000020461,2024-04-01 00:00:00,Return approved,Refund Settled,866.55,RFD0000001926
RFD0000001927,ORD000012139,OI0000020483,2025-07-02 00:00:00,Return approved,Refund Settled,304.02,RFD0000001927
RFD0000001928,ORD000012171,OI0000020538,2023-05-25 00:00:00,Return approved,Refund Settled,3213.04,RFD0000001928
RFD0000001929,ORD000012171,OI0000020539,2023-06-01 00:00:00,Return approved,Refund Settled,20663.77,RFD0000001929
RFD0000001930,ORD000012200,OI0000020592,2025-03-07 00:00:00,Return approved,Refund Settled,229.41,RFD0000001930
RFD0000001931,ORD000012208,OI0000020607,2025-04-11 00:00:00,Return approved,Refund Settled,559.35,RFD0000001931
RFD0000001932,ORD000012224,OI0000020630,2024-06-24 00:00:00,Return approved,Refund Settled,455.67,RFD0000001932
RFD0000001933,ORD000012260,OI0000020691,2022-02-01 00:00:00,Return approved,Refund Settled,481.35,RFD0000001933
RFD0000001934,ORD000012260,OI0000020692,2022-02-16 00:00:00,Return approved,Refund Settled,220.78,RFD0000001934
RFD0000001935,ORD000012267,OI0000020702,2024-04-17 00:00:00,Return approved,Refund Settled,1201.95,RFD0000001935
RFD0000001936,ORD000012269,OI0000020704,2025-02-03 00:00:00,Return approved,Refund Settled,2920.88,RFD0000001936
RFD0000001937,ORD000012269,OI0000020705,2025-01-20 00:00:00,Return approved,Refund Settled,450.25,RFD0000001937
RFD0000001938,ORD000012275,OI0000020714,2022-09-21 00:00:00,Return approved,Refund Settled,40843.01,RFD0000001938
RFD0000001939,ORD000012314,OI0000020783,2023-09-08 00:00:00,Return approved,Refund Settled,21040.7,RFD0000001939
RFD0000001940,ORD000012317,OI0000020788,2025-06-22 00:00:00,Return approved,Refund Settled,234.59,RFD0000001940
RFD0000001941,ORD000012332,OI0000020810,2025-08-29 00:00:00,Return approved,Refund Failed,20163.68,RFD0000001941
RFD0000001942,ORD000012332,OI0000020811,2025-09-07 00:00:00,Return approved,Processed,462.06,RFD0000001942
RFD0000001943,ORD000012332,OI0000020812,2025-08-18 00:00:00,Return approved,Refund Settled,387.48,RFD0000001943
RFD0000001944,ORD000012340,OI0000020823,2023-03-11 00:00:00,Return approved,Processed,5116.76,RFD0000001944
RFD0000001945,ORD000012341,OI0000020824,2022-12-20 00:00:00,Return approved,Refund Settled,453.89,RFD0000001945
RFD0000001946,ORD000012342,OI0000020825,2021-06-09 00:00:00,Return approved,Refund Settled,427.01,RFD0000001946
RFD0000001947,ORD000012344,OI0000020830,2021-10-05 00:00:00,Return approved,Refund Settled,20511.25,RFD0000001947
RFD0000001948,ORD000012354,OI0000020850,2024-11-19 00:00:00,Return approved,Refund Settled,495.59,RFD0000001948
RFD0000001949,ORD000012354,OI0000020851,2024-11-16 00:00:00,Return approved,Refund Settled,2688.33,RFD0000001949
RFD0000001950,ORD000012358,OI0000020857,2021-11-15 00:00:00,Return approved,Refund Settled,501.15,RFD0000001950
RFD0000001951,ORD000012362,OI0000020864,2023-02-02 00:00:00,Return approved,Refund Settled,10300.15,RFD0000001951
RFD0000001952,ORD000012367,OI0000020870,2026-03-03 00:00:00,Return approved,Refund Settled,453.69,RFD0000001952
RFD0000001953,ORD000012367,OI0000020871,2026-03-07 00:00:00,Return approved,Refund Settled,3657.93,RFD0000001953
RFD0000001954,ORD000012367,OI0000020872,2026-02-17 00:00:00,Return approved,Refund Settled,6416.18,RFD0000001954
RFD0000001955,ORD000012379,OI0000020895,2025-09-08 00:00:00,Return approved,Refund Settled,6204.49,RFD0000001955
RFD0000001956,ORD000012379,OI0000020896,2025-09-04 00:00:00,Return approved,Refund Settled,586.95,RFD0000001956
RFD0000001957,ORD000012379,OI0000020897,2025-09-06 00:00:00,Return approved,Refund Settled,552.51,RFD0000001957
RFD0000001958,ORD000012384,OI0000020906,2025-09-07 00:00:00,Return approved,Refund Settled,200.84,RFD0000001958
RFD0000001959,ORD000012387,OI0000020911,2022-05-30 00:00:00,Return approved,Refund Settled,6121.26,RFD0000001959
RFD0000001960,ORD000012387,OI0000020912,2022-06-11 00:00:00,Return approved,Refund Settled,231.63,RFD0000001960
RFD0000001961,ORD000012389,OI0000020914,2024-10-28 00:00:00,Return approved,Processed,840.43,RFD0000001961
RFD0000001962,ORD000012395,OI0000020924,2025-02-13 00:00:00,Return approved,Refund Settled,271.38,RFD0000001962
RFD0000001963,ORD000012395,OI0000020925,2025-02-20 00:00:00,Return approved,Refund Settled,451.5,RFD0000001963
RFD0000001964,ORD000012396,OI0000020926,2021-06-15 00:00:00,Return approved,Refund Settled,9638.19,RFD0000001964
RFD0000001965,ORD000012397,OI0000020927,2022-05-27 00:00:00,Return approved,Refund Settled,449.37,RFD0000001965
RFD0000001966,ORD000012406,OI0000020945,2025-06-08 00:00:00,Return approved,Processed,3161.56,RFD0000001966
RFD0000001967,ORD000012409,OI0000020949,2025-03-28 00:00:00,Return approved,Refund Settled,379.92,RFD0000001967
RFD0000001968,ORD000012409,OI0000020950,2025-03-19 00:00:00,Return approved,Refund Settled,1686.08,RFD0000001968
RFD0000001969,ORD000012410,OI0000020951,2022-02-23 00:00:00,Return approved,Refund Settled,600.36,RFD0000001969
RFD0000001970,ORD000012414,OI0000020956,2021-03-29 00:00:00,Return approved,Refund Settled,20357.3,RFD0000001970
RFD0000001971,ORD000012423,OI0000020973,2024-05-31 00:00:00,Return approved,Refund Settled,484.11,RFD0000001971
RFD0000001972,ORD000012423,OI0000020975,2024-05-26 00:00:00,Return approved,Refund Settled,2816.65,RFD0000001972
RFD0000001973,ORD000012433,OI0000020996,2026-03-11 00:00:00,Return approved,Refund Settled,3444.3,RFD0000001973
RFD0000001974,ORD000012433,OI0000020997,2026-03-05 00:00:00,Return approved,Refund Settled,872.82,RFD0000001974
RFD0000001975,ORD000012433,OI0000020998,2026-03-05 00:00:00,Return approved,Refund Settled,17319.77,RFD0000001975
RFD0000001976,ORD000012434,OI0000020999,2024-05-13 00:00:00,Return approved,Refund Settled,11642.1,RFD0000001976
RFD0000001977,ORD000012446,OI0000021019,2021-05-08 00:00:00,Return approved,Processed,20285.23,RFD0000001977
RFD0000001978,ORD000012455,OI0000021033,2021-05-12 00:00:00,Return approved,Refund Settled,2651.11,RFD0000001978
RFD0000001979,ORD000012455,OI0000021034,2021-04-30 00:00:00,Return approved,Refund Settled,5023.46,RFD0000001979
RFD0000001980,ORD000012465,OI0000021048,2025-01-20 00:00:00,Return approved,Refund Settled,216.95,RFD0000001980
RFD0000001981,ORD000012468,OI0000021051,2025-10-30 00:00:00,Return approved,Refund Settled,10848.42,RFD0000001981
RFD0000001982,ORD000012471,OI0000021056,2025-03-17 00:00:00,Return approved,Refund Settled,40805.97,RFD0000001982
RFD0000001983,ORD000012472,OI0000021057,2023-03-31 00:00:00,Return approved,Refund Settled,774.7,RFD0000001983
RFD0000001984,ORD000012533,OI0000021160,2022-08-30 00:00:00,Return approved,Refund Settled,1442.7,RFD0000001984
RFD0000001985,ORD000012533,OI0000021162,2022-08-20 00:00:00,Return approved,Refund Settled,848.49,RFD0000001985
RFD0000001986,ORD000012547,OI0000021188,2022-04-30 00:00:00,Return approved,Processed,10591.99,RFD0000001986
RFD0000001987,ORD000012575,OI0000021235,2023-10-31 00:00:00,Return approved,Refund Settled,494.34,RFD0000001987
RFD0000001988,ORD000012575,OI0000021236,2023-11-09 00:00:00,Return approved,Refund Settled,777.91,RFD0000001988
RFD0000001989,ORD000012581,OI0000021246,2025-11-18 00:00:00,Return approved,Refund Settled,957.65,RFD0000001989
RFD0000001990,ORD000012581,OI0000021247,2025-11-10 00:00:00,Return approved,Refund Settled,515.93,RFD0000001990
RFD0000001991,ORD000012581,OI0000021248,2025-11-16 00:00:00,Return approved,Refund Settled,6585.43,RFD0000001991
RFD0000001992,ORD000012586,OI0000021257,2021-06-26 00:00:00,Return approved,Refund Settled,515.17,RFD0000001992
RFD0000001993,ORD000012591,OI0000021265,2022-05-22 00:00:00,Return approved,Processed,374.9,RFD0000001993
RFD0000001994,ORD000012602,OI0000021281,2022-02-23 00:00:00,Return approved,Refund Settled,2580.23,RFD0000001994
RFD0000001995,ORD000012603,OI0000021282,2024-10-17 00:00:00,Return approved,Refund Settled,210.18,RFD0000001995
RFD0000001996,ORD000012606,OI0000021288,2023-09-07 00:00:00,Return approved,Refund Settled,2384.8,RFD0000001996
RFD0000001997,ORD000012619,OI0000021311,2023-12-25 00:00:00,Return approved,Refund Failed,254.86,RFD0000001997
RFD0000001998,ORD000012619,OI0000021312,2023-12-16 00:00:00,Return approved,Refund Settled,1251.98,RFD0000001998
RFD0000001999,ORD000012619,OI0000021313,2023-12-22 00:00:00,Return approved,Refund Settled,217.63,RFD0000001999
RFD0000002000,ORD000012625,OI0000021324,2025-12-26 00:00:00,Return approved,Refund Settled,400.14,RFD0000002000
RFD0000002001,ORD000012649,OI0000021361,2022-04-26 00:00:00,Return approved,Refund Settled,2626.35,RFD0000002001
RFD0000002002,ORD000012656,OI0000021371,2024-11-04 00:00:00,Return approved,Refund Settled,22864.87,RFD0000002002
RFD0000002003,ORD000012662,OI0000021384,2024-09-28 00:00:00,Return approved,Refund Settled,10504.08,RFD0000002003
RFD0000002004,ORD000012663,OI0000021385,2021-09-04 00:00:00,Return approved,Refund Settled,473.83,RFD0000002004
RFD0000002005,ORD000012663,OI0000021386,2021-08-25 00:00:00,Return approved,Refund Settled,276.72,RFD0000002005
RFD0000002006,ORD000012671,OI0000021397,2022-08-03 00:00:00,Return approved,Refund Settled,3590.06,RFD0000002006
RFD0000002007,ORD000012671,OI0000021398,2022-08-18 00:00:00,Return approved,Refund Settled,10107.12,RFD0000002007
RFD0000002008,ORD000012672,OI0000021399,2021-06-13 00:00:00,Return approved,Refund Settled,4998.7,RFD0000002008
RFD0000002009,ORD000012672,OI0000021400,2021-06-19 00:00:00,Return approved,Refund Settled,10380.12,RFD0000002009
RFD0000002010,ORD000012676,OI0000021405,2024-07-12 00:00:00,Return approved,Refund Settled,8005.8,RFD0000002010
RFD0000002011,ORD000012676,OI0000021406,2024-06-28 00:00:00,Return approved,Refund Settled,970.03,RFD0000002011
RFD0000002012,ORD000012695,OI0000021439,2025-07-27 00:00:00,Return approved,Refund Settled,222.86,RFD0000002012
RFD0000002013,ORD000012705,OI0000021454,2024-06-06 00:00:00,Return approved,Refund Settled,5381.58,RFD0000002013
RFD0000002014,ORD000012731,OI0000021498,2024-02-13 00:00:00,Return approved,Refund Settled,441.92,RFD0000002014
RFD0000002015,ORD000012761,OI0000021542,2021-10-10 00:00:00,Return approved,Refund Settled,397.15,RFD0000002015
RFD0000002016,ORD000012761,OI0000021543,2021-10-15 00:00:00,Return approved,Refund Settled,301.61,RFD0000002016
RFD0000002017,ORD000012777,OI0000021568,2025-12-12 00:00:00,Return approved,Processed,1706.56,RFD0000002017
RFD0000002018,ORD000012777,OI0000021569,2025-12-20 00:00:00,Return approved,Refund Settled,889.26,RFD0000002018
RFD0000002019,ORD000012786,OI0000021586,2025-09-27 00:00:00,Return approved,Refund Settled,491.85,RFD0000002019
RFD0000002020,ORD000012811,OI0000021629,2025-07-12 00:00:00,Return approved,Refund Settled,4873.92,RFD0000002020
RFD0000002021,ORD000012812,OI0000021630,2023-02-07 00:00:00,Return approved,Refund Settled,921.11,RFD0000002021
RFD0000002022,ORD000012812,OI0000021631,2023-02-16 00:00:00,Return approved,Refund Settled,201.4,RFD0000002022
RFD0000002023,ORD000012814,OI0000021635,2025-05-04 00:00:00,Return approved,Refund Settled,277.55,RFD0000002023
RFD0000002024,ORD000012825,OI0000021651,2024-10-17 00:00:00,Return approved,Refund Settled,771.95,RFD0000002024
RFD0000002025,ORD000012825,OI0000021652,2024-10-15 00:00:00,Return approved,Refund Settled,401.21,RFD0000002025
RFD0000002026,ORD000012828,OI0000021657,2021-08-01 00:00:00,Return approved,Refund Settled,458.83,RFD0000002026
RFD0000002027,ORD000012828,OI0000021658,2021-07-20 00:00:00,Return approved,Refund Settled,43292.6,RFD0000002027
RFD0000002028,ORD000012836,OI0000021670,2023-03-05 00:00:00,Return approved,Processed,11354.13,RFD0000002028
RFD0000002029,ORD000012836,OI0000021671,2023-03-06 00:00:00,Return approved,Refund Settled,1236.74,RFD0000002029
RFD0000002030,ORD000012849,OI0000021694,2021-04-19 00:00:00,Return approved,Refund Settled,381.12,RFD0000002030
RFD0000002031,ORD000012849,OI0000021695,2021-04-21 00:00:00,Return approved,Refund Failed,452.46,RFD0000002031
RFD0000002032,ORD000012849,OI0000021696,2021-04-08 00:00:00,Return approved,Processed,1712.34,RFD0000002032
RFD0000002033,ORD000012867,OI0000021725,2022-07-04 00:00:00,Return approved,Refund Settled,1329.37,RFD0000002033
RFD0000002034,ORD000012867,OI0000021726,2022-07-22 00:00:00,Return approved,Refund Settled,1588.82,RFD0000002034
RFD0000002035,ORD000012891,OI0000021768,2023-01-23 00:00:00,Return approved,Refund Settled,801.73,RFD0000002035
RFD0000002036,ORD000012898,OI0000021780,2022-06-06 00:00:00,Return approved,Refund Failed,412.81,RFD0000002036
RFD0000002037,ORD000012898,OI0000021781,2022-05-24 00:00:00,Return approved,Processed,536.55,RFD0000002037
RFD0000002038,ORD000012909,OI0000021800,2022-09-19 00:00:00,Return approved,Refund Settled,1250.25,RFD0000002038
RFD0000002039,ORD000012909,OI0000021801,2022-09-25 00:00:00,Return approved,Refund Settled,1805.13,RFD0000002039
RFD0000002040,ORD000012911,OI0000021806,2025-08-19 00:00:00,Return approved,Refund Settled,1579.47,RFD0000002040
RFD0000002041,ORD000012938,OI0000021849,2025-06-02 00:00:00,Return approved,Refund Settled,507.48,RFD0000002041
RFD0000002042,ORD000012938,OI0000021850,2025-05-28 00:00:00,Return approved,Processed,47455.34,RFD0000002042
RFD0000002043,ORD000012940,OI0000021853,2023-08-09 00:00:00,Return approved,Processed,290.74,RFD0000002043
RFD0000002044,ORD000012946,OI0000021863,2025-02-16 00:00:00,Return approved,Refund Settled,489.86,RFD0000002044
RFD0000002045,ORD000012956,OI0000021879,2021-05-05 00:00:00,Return approved,Refund Settled,241.67,RFD0000002045
RFD0000002046,ORD000012983,OI0000021924,2025-06-04 00:00:00,Return approved,Refund Settled,482.98,RFD0000002046
RFD0000002047,ORD000012998,OI0000021953,2022-11-03 00:00:00,Return approved,Refund Settled,3613.8,RFD0000002047
RFD0000002048,ORD000013014,OI0000021976,2022-03-18 00:00:00,Return approved,Refund Settled,525.5,RFD0000002048
RFD0000002049,ORD000013020,OI0000021988,2024-02-10 00:00:00,Return approved,Processed,821.33,RFD0000002049
RFD0000002050,ORD000013020,OI0000021989,2024-02-18 00:00:00,Return approved,Refund Settled,23360.64,RFD0000002050
RFD0000002051,ORD000013020,OI0000021990,2024-02-03 00:00:00,Return approved,Refund Settled,970.9,RFD0000002051
RFD0000002052,ORD000013021,OI0000021991,2023-10-17 00:00:00,Return approved,Refund Settled,41103.8,RFD0000002052
RFD0000002053,ORD000013028,OI0000022002,2023-08-31 00:00:00,Return approved,Refund Settled,11057.37,RFD0000002053
RFD0000002054,ORD000013043,OI0000022026,2024-12-18 00:00:00,Return approved,Refund Settled,2299.75,RFD0000002054
RFD0000002055,ORD000013043,OI0000022027,2024-12-28 00:00:00,Return approved,Refund Settled,43034.04,RFD0000002055
RFD0000002056,ORD000013054,OI0000022041,2021-07-06 00:00:00,Return approved,Refund Settled,17282.24,RFD0000002056
RFD0000002057,ORD000013074,OI0000022082,2025-06-11 00:00:00,Return approved,Refund Settled,745.52,RFD0000002057
RFD0000002058,ORD000013089,OI0000022107,2025-10-23 00:00:00,Return approved,Refund Settled,403.33,RFD0000002058
RFD0000002059,ORD000013089,OI0000022108,2025-11-09 00:00:00,Return approved,Refund Settled,501.78,RFD0000002059
RFD0000002060,ORD000013102,OI0000022129,2023-08-23 00:00:00,Return approved,Refund Settled,18441.48,RFD0000002060
RFD0000002061,ORD000013102,OI0000022130,2023-08-28 00:00:00,Return approved,Refund Settled,455.16,RFD0000002061
RFD0000002062,ORD000013125,OI0000022164,2023-07-31 00:00:00,Return approved,Refund Settled,1122.94,RFD0000002062
RFD0000002063,ORD000013126,OI0000022166,2021-08-13 00:00:00,Return approved,Processed,494.01,RFD0000002063
RFD0000002064,ORD000013129,OI0000022173,2023-09-24 00:00:00,Return approved,Refund Settled,412.74,RFD0000002064
RFD0000002065,ORD000013135,OI0000022182,2024-06-17 00:00:00,Return approved,Refund Settled,3155.52,RFD0000002065
RFD0000002066,ORD000013149,OI0000022206,2024-07-22 00:00:00,Return approved,Refund Settled,143.68,RFD0000002066
RFD0000002067,ORD000013151,OI0000022208,2021-03-19 00:00:00,Return approved,Refund Settled,1523.21,RFD0000002067
RFD0000002068,ORD000013151,OI0000022209,2021-04-02 00:00:00,Return approved,Refund Settled,820.71,RFD0000002068
RFD0000002069,ORD000013174,OI0000022247,2022-09-03 00:00:00,Return approved,Refund Settled,1555.81,RFD0000002069
RFD0000002070,ORD000013174,OI0000022248,2022-09-01 00:00:00,Return approved,Refund Settled,1507.46,RFD0000002070
RFD0000002071,ORD000013188,OI0000022270,2022-07-13 00:00:00,Return approved,Refund Settled,709.18,RFD0000002071
RFD0000002072,ORD000013191,OI0000022274,2025-04-27 00:00:00,Return approved,Processed,5182.24,RFD0000002072
RFD0000002073,ORD000013198,OI0000022284,2022-02-27 00:00:00,Return approved,Processed,378.24,RFD0000002073
RFD0000002074,ORD000013201,OI0000022289,2021-11-20 00:00:00,Return approved,Refund Settled,1530.7,RFD0000002074
RFD0000002075,ORD000013202,OI0000022291,2022-08-07 00:00:00,Return approved,Refund Settled,414.23,RFD0000002075
RFD0000002076,ORD000013202,OI0000022292,2022-08-17 00:00:00,Return approved,Refund Settled,835.46,RFD0000002076
RFD0000002077,ORD000013205,OI0000022297,2024-05-03 00:00:00,Return approved,Refund Settled,276.03,RFD0000002077
RFD0000002078,ORD000013207,OI0000022300,2025-12-12 00:00:00,Return approved,Refund Settled,502.67,RFD0000002078
RFD0000002079,ORD000013218,OI0000022316,2023-01-29 00:00:00,Return approved,Refund Settled,136.1,RFD0000002079
RFD0000002080,ORD000013222,OI0000022322,2025-11-10 00:00:00,Return approved,Refund Settled,149.1,RFD0000002080
RFD0000002081,ORD000013222,OI0000022323,2025-10-27 00:00:00,Return approved,Processed,10531.06,RFD0000002081
RFD0000002082,ORD000013228,OI0000022333,2022-02-24 00:00:00,Return approved,Refund Settled,908.06,RFD0000002082
RFD0000002083,ORD000013248,OI0000022366,2022-12-10 00:00:00,Return approved,Refund Settled,5171.75,RFD0000002083
RFD0000002084,ORD000013284,OI0000022428,2023-11-30 00:00:00,Return approved,Refund Settled,1610.31,RFD0000002084
RFD0000002085,ORD000013314,OI0000022481,2022-11-09 00:00:00,Return approved,Refund Settled,207.22,RFD0000002085
RFD0000002086,ORD000013322,OI0000022494,2021-08-28 00:00:00,Return approved,Processed,847.35,RFD0000002086
RFD0000002087,ORD000013326,OI0000022501,2026-02-07 00:00:00,Return approved,Refund Settled,1010.0,RFD0000002087
RFD0000002088,ORD000013334,OI0000022518,2022-09-29 00:00:00,Return approved,Refund Settled,2654.24,RFD0000002088
RFD0000002089,ORD000013339,OI0000022527,2021-06-24 00:00:00,Return approved,Refund Settled,44128.84,RFD0000002089
RFD0000002090,ORD000013340,OI0000022528,2023-05-11 00:00:00,Return approved,Refund Settled,668.65,RFD0000002090
RFD0000002091,ORD000013340,OI0000022529,2023-05-10 00:00:00,Return approved,Refund Settled,1344.87,RFD0000002091
RFD0000002092,ORD000013344,OI0000022535,2025-12-10 00:00:00,Return approved,Refund Settled,475.01,RFD0000002092
RFD0000002093,ORD000013366,OI0000022570,2024-08-31 00:00:00,Return approved,Refund Settled,2596.61,RFD0000002093
RFD0000002094,ORD000013375,OI0000022584,2021-09-21 00:00:00,Return approved,Refund Settled,809.89,RFD0000002094
RFD0000002095,ORD000013375,OI0000022585,2021-10-01 00:00:00,Return approved,Refund Settled,1005.25,RFD0000002095
RFD0000002096,ORD000013380,OI0000022590,2021-06-02 00:00:00,Return approved,Refund Settled,845.47,RFD0000002096
RFD0000002097,ORD000013380,OI0000022591,2021-05-23 00:00:00,Return approved,Processed,3431.59,RFD0000002097
RFD0000002098,ORD000013381,OI0000022593,2024-05-19 00:00:00,Return approved,Processed,935.1,RFD0000002098
RFD0000002099,ORD000013389,OI0000022609,2022-08-20 00:00:00,Return approved,Refund Settled,10648.41,RFD0000002099
RFD0000002100,ORD000013389,OI0000022610,2022-08-07 00:00:00,Return approved,Refund Settled,447.61,RFD0000002100
RFD0000002101,ORD000013403,OI0000022632,2023-08-02 00:00:00,Return approved,Refund Settled,439.73,RFD0000002101
RFD0000002102,ORD000013409,OI0000022641,2026-02-01 00:00:00,Return approved,Refund Settled,140.65,RFD0000002102
RFD0000002103,ORD000013413,OI0000022647,2021-11-26 00:00:00,Return approved,Refund Settled,200.88,RFD0000002103
RFD0000002104,ORD000013425,OI0000022665,2023-10-03 00:00:00,Return approved,Refund Settled,1162.34,RFD0000002104
RFD0000002105,ORD000013425,OI0000022666,2023-10-06 00:00:00,Return approved,Refund Settled,719.56,RFD0000002105
RFD0000002106,ORD000013431,OI0000022678,2022-11-06 00:00:00,Return approved,Refund Settled,1082.95,RFD0000002106
RFD0000002107,ORD000013452,OI0000022706,2023-02-08 00:00:00,Return approved,Processed,493.64,RFD0000002107
RFD0000002108,ORD000013467,OI0000022731,2021-12-23 00:00:00,Return approved,Refund Settled,807.69,RFD0000002108
RFD0000002109,ORD000013467,OI0000022732,2022-01-01 00:00:00,Return approved,Refund Settled,442.95,RFD0000002109
RFD0000002110,ORD000013480,OI0000022753,2024-12-13 00:00:00,Return approved,Refund Settled,21224.94,RFD0000002110
RFD0000002111,ORD000013487,OI0000022763,2025-08-30 00:00:00,Return approved,Processed,818.14,RFD0000002111
RFD0000002112,ORD000013487,OI0000022764,2025-09-13 00:00:00,Return approved,Refund Settled,444.58,RFD0000002112
RFD0000002113,ORD000013513,OI0000022810,2025-12-10 00:00:00,Return approved,Refund Settled,271.12,RFD0000002113
RFD0000002114,ORD000013513,OI0000022811,2025-12-03 00:00:00,Return approved,Refund Settled,245.2,RFD0000002114
RFD0000002115,ORD000013519,OI0000022822,2024-04-27 00:00:00,Return approved,Refund Settled,10732.83,RFD0000002115
RFD0000002116,ORD000013519,OI0000022823,2024-04-25 00:00:00,Return approved,Refund Settled,21725.46,RFD0000002116
RFD0000002117,ORD000013519,OI0000022824,2024-04-28 00:00:00,Return approved,Refund Settled,427.95,RFD0000002117
RFD0000002118,ORD000013521,OI0000022827,2021-07-25 00:00:00,Return approved,Refund Settled,669.53,RFD0000002118
RFD0000002119,ORD000013521,OI0000022828,2021-08-11 00:00:00,Return approved,Refund Settled,373.04,RFD0000002119
RFD0000002120,ORD000013522,OI0000022830,2024-09-23 00:00:00,Return approved,Refund Settled,45812.88,RFD0000002120
RFD0000002121,ORD000013522,OI0000022831,2024-09-29 00:00:00,Return approved,Refund Settled,5616.28,RFD0000002121
RFD0000002122,ORD000013524,OI0000022834,2021-10-28 00:00:00,Return approved,Processed,1407.5,RFD0000002122
RFD0000002123,ORD000013524,OI0000022835,2021-10-26 00:00:00,Return approved,Refund Settled,878.94,RFD0000002123
RFD0000002124,ORD000013528,OI0000022842,2021-11-23 00:00:00,Return approved,Refund Settled,821.11,RFD0000002124
RFD0000002125,ORD000013528,OI0000022843,2021-11-22 00:00:00,Return approved,Refund Settled,766.16,RFD0000002125
RFD0000002126,ORD000013531,OI0000022847,2025-01-13 00:00:00,Return approved,Refund Settled,493.32,RFD0000002126
RFD0000002127,ORD000013537,OI0000022855,2023-11-05 00:00:00,Return approved,Processed,943.11,RFD0000002127
RFD0000002128,ORD000013537,OI0000022856,2023-10-28 00:00:00,Return approved,Refund Settled,549.03,RFD0000002128
RFD0000002129,ORD000013556,OI0000022886,2025-10-02 00:00:00,Return approved,Refund Settled,9382.28,RFD0000002129
RFD0000002130,ORD000013556,OI0000022887,2025-10-15 00:00:00,Return approved,Refund Settled,455.39,RFD0000002130
RFD0000002131,ORD000013565,OI0000022902,2024-12-24 00:00:00,Return approved,Refund Settled,957.08,RFD0000002131
RFD0000002132,ORD000013565,OI0000022903,2024-12-10 00:00:00,Return approved,Refund Failed,45828.56,RFD0000002132
RFD0000002133,ORD000013581,OI0000022932,2025-11-29 00:00:00,Return approved,Refund Settled,499.36,RFD0000002133
RFD0000002134,ORD000013589,OI0000022943,2025-10-03 00:00:00,Return approved,Refund Settled,586.55,RFD0000002134
RFD0000002135,ORD000013593,OI0000022948,2025-09-24 00:00:00,Return approved,Processed,128.42,RFD0000002135
RFD0000002136,ORD000013593,OI0000022949,2025-09-17 00:00:00,Return approved,Refund Settled,481.85,RFD0000002136
RFD0000002137,ORD000013593,OI0000022950,2025-09-18 00:00:00,Return approved,Refund Settled,20832.94,RFD0000002137
RFD0000002138,ORD000013594,OI0000022952,2025-05-07 00:00:00,Return approved,Refund Settled,422.67,RFD0000002138
RFD0000002139,ORD000013604,OI0000022969,2022-02-02 00:00:00,Return approved,Refund Settled,908.75,RFD0000002139
RFD0000002140,ORD000013604,OI0000022970,2022-02-09 00:00:00,Return approved,Processed,1189.2,RFD0000002140
RFD0000002141,ORD000013604,OI0000022971,2022-02-05 00:00:00,Return approved,Refund Settled,224.64,RFD0000002141
RFD0000002142,ORD000013633,OI0000023020,2025-07-09 00:00:00,Return approved,Refund Settled,281.85,RFD0000002142
RFD0000002143,ORD000013633,OI0000023021,2025-07-05 00:00:00,Return approved,Refund Settled,39075.09,RFD0000002143
RFD0000002144,ORD000013644,OI0000023037,2025-05-29 00:00:00,Return approved,Refund Settled,902.69,RFD0000002144
RFD0000002145,ORD000013656,OI0000023057,2021-05-05 00:00:00,Return approved,Refund Settled,9160.05,RFD0000002145
RFD0000002146,ORD000013656,OI0000023058,2021-05-02 00:00:00,Return approved,Processed,244.51,RFD0000002146
RFD0000002147,ORD000013656,OI0000023059,2021-04-19 00:00:00,Return approved,Refund Settled,127325.32,RFD0000002147
RFD0000002148,ORD000013665,OI0000023073,2022-07-04 00:00:00,Return approved,Refund Settled,1626.96,RFD0000002148
RFD0000002149,ORD000013666,OI0000023074,2025-08-19 00:00:00,Return approved,Refund Settled,1202.96,RFD0000002149
RFD0000002150,ORD000013692,OI0000023124,2026-01-30 00:00:00,Return approved,Refund Settled,818.15,RFD0000002150
RFD0000002151,ORD000013701,OI0000023138,2025-09-29 00:00:00,Return approved,Refund Settled,2563.99,RFD0000002151
RFD0000002152,ORD000013701,OI0000023139,2025-10-03 00:00:00,Return approved,Refund Failed,10861.24,RFD0000002152
RFD0000002153,ORD000013701,OI0000023140,2025-10-05 00:00:00,Return approved,Refund Settled,20942.77,RFD0000002153
RFD0000002154,ORD000013711,OI0000023154,2021-03-13 00:00:00,Return approved,Refund Settled,41615.31,RFD0000002154
RFD0000002155,ORD000013711,OI0000023155,2021-03-25 00:00:00,Return approved,Refund Settled,10832.17,RFD0000002155
RFD0000002156,ORD000013711,OI0000023156,2021-03-14 00:00:00,Return approved,Processed,584.14,RFD0000002156
RFD0000002157,ORD000013716,OI0000023165,2023-07-13 00:00:00,Return approved,Refund Settled,135.08,RFD0000002157
RFD0000002158,ORD000013716,OI0000023166,2023-07-11 00:00:00,Return approved,Refund Settled,1105.19,RFD0000002158
RFD0000002159,ORD000013730,OI0000023188,2024-04-15 00:00:00,Return approved,Refund Settled,1559.4,RFD0000002159
RFD0000002160,ORD000013730,OI0000023189,2024-04-08 00:00:00,Return approved,Refund Settled,9371.49,RFD0000002160
RFD0000002161,ORD000013730,OI0000023190,2024-04-13 00:00:00,Return approved,Refund Settled,10056.88,RFD0000002161
RFD0000002162,ORD000013733,OI0000023195,2023-12-12 00:00:00,Return approved,Refund Settled,553.6,RFD0000002162
RFD0000002163,ORD000013733,OI0000023196,2023-12-15 00:00:00,Return approved,Refund Failed,428.58,RFD0000002163
RFD0000002164,ORD000013760,OI0000023247,2022-04-08 00:00:00,Return approved,Refund Settled,396.04,RFD0000002164
RFD0000002165,ORD000013763,OI0000023252,2022-11-17 00:00:00,Return approved,Refund Settled,19197.68,RFD0000002165
RFD0000002166,ORD000013763,OI0000023253,2022-11-22 00:00:00,Return approved,Refund Settled,512.09,RFD0000002166
RFD0000002167,ORD000013765,OI0000023255,2021-12-21 00:00:00,Return approved,Refund Settled,6053.74,RFD0000002167
RFD0000002168,ORD000013765,OI0000023256,2022-01-01 00:00:00,Return approved,Refund Settled,420.87,RFD0000002168
RFD0000002169,ORD000013783,OI0000023282,2024-09-19 00:00:00,Return approved,Refund Settled,515.96,RFD0000002169
RFD0000002170,ORD000013784,OI0000023283,2023-05-31 00:00:00,Return approved,Refund Settled,8805.62,RFD0000002170
RFD0000002171,ORD000013784,OI0000023284,2023-05-23 00:00:00,Return approved,Refund Settled,301.47,RFD0000002171
RFD0000002172,ORD000013794,OI0000023300,2021-06-25 00:00:00,Return approved,Refund Settled,5856.57,RFD0000002172
RFD0000002173,ORD000013810,OI0000023330,2024-08-07 00:00:00,Return approved,Refund Settled,22455.13,RFD0000002173
RFD0000002174,ORD000013816,OI0000023338,2021-11-25 00:00:00,Return approved,Refund Settled,206.16,RFD0000002174
RFD0000002175,ORD000013816,OI0000023339,2021-11-23 00:00:00,Return approved,Refund Settled,5747.1,RFD0000002175
RFD0000002176,ORD000013816,OI0000023340,2021-11-23 00:00:00,Return approved,Refund Settled,824.71,RFD0000002176
RFD0000002177,ORD000013863,OI0000023414,2021-08-12 00:00:00,Return approved,Refund Settled,1327.93,RFD0000002177
RFD0000002178,ORD000013871,OI0000023424,2024-10-12 00:00:00,Return approved,Refund Settled,3379.99,RFD0000002178
RFD0000002179,ORD000013873,OI0000023428,2024-05-30 00:00:00,Return approved,Refund Settled,1008.41,RFD0000002179
RFD0000002180,ORD000013873,OI0000023429,2024-05-23 00:00:00,Return approved,Refund Settled,5226.96,RFD0000002180
RFD0000002181,ORD000013894,OI0000023464,2025-01-01 00:00:00,Return approved,Refund Settled,40571.7,RFD0000002181
RFD0000002182,ORD000013905,OI0000023483,2023-07-18 00:00:00,Return approved,Refund Settled,2688.57,RFD0000002182
RFD0000002183,ORD000013909,OI0000023488,2025-01-10 00:00:00,Return approved,Refund Settled,470.43,RFD0000002183
RFD0000002184,ORD000013912,OI0000023493,2025-10-07 00:00:00,Return approved,Refund Settled,821.76,RFD0000002184
RFD0000002185,ORD000013914,OI0000023495,2024-09-04 00:00:00,Return approved,Refund Settled,2716.43,RFD0000002185
RFD0000002186,ORD000013916,OI0000023497,2022-06-03 00:00:00,Return approved,Refund Settled,6117.32,RFD0000002186
RFD0000002187,ORD000013939,OI0000023535,2024-04-02 00:00:00,Return approved,Refund Settled,2948.45,RFD0000002187
RFD0000002188,ORD000013939,OI0000023536,2024-04-05 00:00:00,Return approved,Refund Settled,673.5,RFD0000002188
RFD0000002189,ORD000013943,OI0000023540,2023-11-06 00:00:00,Return approved,Refund Settled,46307.26,RFD0000002189
RFD0000002190,ORD000013946,OI0000023543,2021-03-09 00:00:00,Return approved,Refund Settled,828.28,RFD0000002190
RFD0000002191,ORD000013950,OI0000023548,2021-09-15 00:00:00,Return approved,Refund Settled,20252.54,RFD0000002191
RFD0000002192,ORD000013951,OI0000023550,2025-09-18 00:00:00,Return approved,Refund Failed,462.4,RFD0000002192
RFD0000002193,ORD000013951,OI0000023551,2025-09-22 00:00:00,Return approved,Refund Settled,318.27,RFD0000002193
RFD0000002194,ORD000013977,OI0000023596,2025-06-08 00:00:00,Return approved,Refund Settled,129.41,RFD0000002194
RFD0000002195,ORD000013987,OI0000023611,2021-06-25 00:00:00,Return approved,Refund Settled,224.51,RFD0000002195
RFD0000002196,ORD000013988,OI0000023612,2026-01-15 00:00:00,Return approved,Refund Settled,141.91,RFD0000002196
RFD0000002197,ORD000013988,OI0000023613,2026-01-01 00:00:00,Return approved,Refund Settled,3764.34,RFD0000002197
RFD0000002198,ORD000002664,OI0000004454,2023-04-08 01:38:43,Price adjustment,Processed,31.86,RFD0000002198
RFD0000002199,ORD000003064,OI0000005148,2021-06-07 13:33:18,Payment reversal,Refund Settled,1419.11,RFD0000002199
RFD0000002200,ORD000009225,OI0000015563,2022-09-24 13:13:13,Price adjustment,Refund Settled,208.52,RFD0000002200
RFD0000002201,ORD000001001,OI0000001689,2023-01-09 22:52:43,Payment reversal,Refund Settled,71.87,RFD0000002201
RFD0000002202,ORD000006625,OI0000011182,2025-05-20 09:00:13,Price adjustment,Refund Settled,25.29,RFD0000002202
RFD0000002203,ORD000010484,OI0000017655,2024-10-08 00:49:54,Payment reversal,Refund Settled,18.09,RFD0000002203
RFD0000002204,ORD000009360,OI0000015783,2022-01-12 04:14:34,Price adjustment,Refund Settled,446.29,RFD0000002204
RFD0000002205,ORD000011208,OI0000018890,2025-08-24 13:10:30,Price adjustment,Processed,82.97,RFD0000002205
RFD0000002206,ORD000010063,OI0000016962,2021-12-19 08:09:22,Price adjustment,Processed,60.28,RFD0000002206
RFD0000002207,ORD000005961,OI0000010056,2022-11-14 06:39:27,Payment reversal,Refund Settled,396.11,RFD0000002207
RFD0000002208,ORD000009449,OI0000015924,2023-10-12 10:14:12,Payment reversal,Refund Settled,73.24,RFD0000002208
RFD0000002209,ORD000010838,OI0000018268,2023-05-27 14:53:15,Price adjustment,Refund Settled,47.11,RFD0000002209
RFD0000002210,ORD000009018,OI0000015216,2025-02-26 00:33:22,Payment reversal,Refund Settled,28.24,RFD0000002210
RFD0000002211,ORD000011016,OI0000018565,2022-09-24 19:06:07,Price adjustment,Refund Settled,1168.17,RFD0000002211
RFD0000002212,ORD000005845,OI0000009856,2022-09-19 02:46:30,Payment reversal,Refund Settled,43.41,RFD0000002212
RFD0000002213,ORD000006655,OI0000011234,2026-01-08 19:11:20,Payment reversal,Refund Settled,887.66,RFD0000002213
RFD0000002214,ORD000013920,OI0000023504,2023-09-02 06:25:27,Price adjustment,Refund Settled,1269.1,RFD0000002214
RFD0000002215,ORD000010250,OI0000017278,2021-06-23 20:20:04,Payment reversal,Refund Settled,73.22,RFD0000002215
