ReturnId,OrderItemId,ReturnDateTime,ReturnQty,ReturnReason
1,OI0000000004,2021-09-19,1,Damaged item
2,OI0000000005,2021-09-18,1,Wrong item delivered
3,OI0000000022,2024-02-28,1,Size/Fit issue
4,OI0000000023,2024-01-10,1,Damaged item
5,OI0000000042,2021-03-18,1,Changed mind
6,OI0000000043,2021-03-20,2,Damaged item
7,OI0000000060,2024-05-24,1,Changed mind
8,OI0000000088,2021-12-07,2,Changed mind
9,OI0000000089,2021-12-02,1,Damaged item
10,OI0000000090,2021-12-04,1,Wrong item delivered
11,OI0000000094,2024-08-15,1,Size/Fit issue
12,OI0000000102,2024-01-30,2,Damaged item
13,OI0000000122,2024-11-25,1,Size/Fit issue
14,OI0000000151,2022-06-20,2,Not as described
15,OI0000000157,2022-01-15,1,Size/Fit issue
16,OI0000000158,2022-01-06,1,Size/Fit issue
17,OI0000000187,2025-09-05,2,Changed mind
18,OI0000000188,2025-09-13,1,Wrong item delivered
19,OI0000000189,2025-09-12,1,Size/Fit issue
20,OI0000000194,2024-01-24,1,Damaged item
21,OI0000000195,2024-01-22,1,Damaged item
22,OI0000000207,2021-06-26,2,Not as described
23,OI0000000239,2021-11-28,1,Damaged item
24,OI0000000241,2023-06-18,1,Wrong item delivered
25,OI0000000242,2023-06-09,1,Damaged item
26,OI0000000246,2025-03-25,1,Size/Fit issue
27,OI0000000247,2025-03-25,1,Wrong item delivered
28,OI0000000255,2023-06-03,1,Not as described
29,OI0000000278,2022-04-13,1,Size/Fit issue
30,OI0000000294,2024-12-14,1,Not as described
31,OI0000000313,2021-11-13,1,Wrong item delivered
32,OI0000000316,2024-06-03,1,Not as described
33,OI0000000359,2021-08-31,1,Damaged item
34,OI0000000360,2021-09-03,1,Changed mind
35,OI0000000362,2021-05-26,1,Wrong item delivered
36,OI0000000371,2021-04-17,1,Wrong item delivered
37,OI0000000372,2021-04-13,1,Damaged item
38,OI0000000373,2024-07-06,1,Wrong item delivered
39,OI0000000375,2024-07-11,1,Size/Fit issue
40,OI0000000389,2022-08-21,1,Size/Fit issue
41,OI0000000409,2025-04-04,1,Not as described
42,OI0000000431,2022-08-26,1,Size/Fit issue
43,OI0000000432,2022-08-25,1,Changed mind
44,OI0000000497,2023-07-24,1,Damaged item
45,OI0000000528,2021-05-01,1,Changed mind
46,OI0000000559,2022-06-15,1,Not as described
47,OI0000000564,2023-09-12,1,Size/Fit issue
48,OI0000000581,2024-07-14,1,Wrong item delivered
49,OI0000000583,2025-04-07,1,Damaged item
50,OI0000000584,2025-04-01,1,Not as described
51,OI0000000585,2023-12-19,1,Damaged item
52,OI0000000599,2022-05-01,1,Not as described
53,OI0000000611,2021-11-05,1,Wrong item delivered
54,OI0000000612,2021-11-02,1,Not as described
55,OI0000000638,2025-08-20,1,Changed mind
56,OI0000000639,2025-08-19,1,Changed mind
57,OI0000000640,2025-08-21,1,Size/Fit issue
58,OI0000000658,2024-12-10,1,Wrong item delivered
59,OI0000000659,2024-12-12,1,Wrong item delivered
60,OI0000000686,2026-01-20,1,Wrong item delivered
61,OI0000000703,2024-06-25,3,Damaged item
62,OI0000000704,2024-06-28,2,Size/Fit issue
63,OI0000000705,2024-06-29,1,Damaged item
64,OI0000000722,2022-12-16,1,Size/Fit issue
65,OI0000000738,2025-07-12,1,Damaged item
66,OI0000000758,2024-03-11,1,Damaged item
67,OI0000000761,2024-10-24,1,Size/Fit issue
68,OI0000000762,2021-04-21,1,Size/Fit issue
69,OI0000000763,2021-04-23,2,Wrong item delivered
70,OI0000000764,2024-10-29,1,Size/Fit issue
71,OI0000000845,2024-10-06,1,Damaged item
72,OI0000000846,2024-10-03,1,Changed mind
73,OI0000000849,2023-07-20,1,Size/Fit issue
74,OI0000000876,2025-03-22,1,Wrong item delivered
75,OI0000000888,2021-10-31,1,Not as described
76,OI0000000889,2021-10-28,2,Wrong item delivered
77,OI0000000894,2022-03-09,1,Wrong item delivered
78,OI0000000904,2022-02-17,1,Wrong item delivered
79,OI0000000922,2022-03-27,1,Changed mind
80,OI0000000923,2022-03-19,2,Not as described
81,OI0000000967,2023-11-12,1,Not as described
82,OI0000000975,2021-02-28,1,Changed mind
83,OI0000000976,2021-02-28,1,Not as described
84,OI0000000977,2021-03-01,1,Damaged item
85,OI0000000997,2023-08-05,1,Not as described
86,OI0000000998,2023-08-07,1,Damaged item
87,OI0000001002,2025-03-08,1,Not as described
88,OI0000001003,2025-03-13,1,Size/Fit issue
89,OI0000001004,2025-03-10,1,Size/Fit issue
90,OI0000001009,2024-05-22,1,Changed mind
91,OI0000001014,2022-01-16,1,Changed mind
92,OI0000001015,2024-02-28,1,Not as described
93,OI0000001023,2021-03-05,2,Size/Fit issue
94,OI0000001026,2022-01-25,1,Not as described
95,OI0000001027,2022-01-26,1,Not as described
96,OI0000001038,2023-06-21,2,Changed mind
97,OI0000001064,2025-08-10,1,Damaged item
98,OI0000001096,2022-04-16,1,Wrong item delivered
99,OI0000001097,2022-04-15,1,Changed mind
100,OI0000001098,2022-04-17,1,Not as described
101,OI0000001128,2024-03-15,2,Size/Fit issue
102,OI0000001134,2021-07-25,1,Damaged item
103,OI0000001135,2021-07-29,2,Changed mind
104,OI0000001136,2021-07-20,1,Damaged item
105,OI0000001142,2026-02-10,1,Changed mind
106,OI0000001150,2022-05-29,1,Changed mind
107,OI0000001165,2024-11-16,1,Size/Fit issue
108,OI0000001178,2022-05-31,1,Changed mind
109,OI0000001181,2025-11-20,2,Changed mind
110,OI0000001182,2021-03-10,1,Wrong item delivered
111,OI0000001183,2021-03-12,2,Size/Fit issue
112,OI0000001205,2021-10-03,1,Changed mind
113,OI0000001217,2022-11-12,1,Changed mind
114,OI0000001235,2021-05-27,2,Size/Fit issue
115,OI0000001267,2021-07-19,1,Size/Fit issue
116,OI0000001276,2025-06-17,1,Size/Fit issue
117,OI0000001302,2021-04-09,1,Size/Fit issue
118,OI0000001318,2025-07-30,1,Changed mind
119,OI0000001320,2023-06-10,1,Damaged item
120,OI0000001324,2024-04-11,1,Not as described
121,OI0000001335,2023-09-05,1,Changed mind
122,OI0000001346,2023-01-24,1,Damaged item
123,OI0000001347,2023-01-18,1,Changed mind
124,OI0000001348,2023-01-24,2,Changed mind
125,OI0000001358,2023-09-12,1,Damaged item
126,OI0000001359,2023-09-10,1,Changed mind
127,OI0000001379,2024-03-11,1,Size/Fit issue
128,OI0000001403,2022-04-08,1,Wrong item delivered
129,OI0000001420,2023-01-17,1,Changed mind
130,OI0000001421,2023-01-23,1,Damaged item
131,OI0000001426,2025-12-18,1,Damaged item
132,OI0000001442,2024-03-13,1,Size/Fit issue
133,OI0000001470,2021-09-25,1,Damaged item
134,OI0000001471,2021-09-26,2,Wrong item delivered
135,OI0000001475,2022-07-20,1,Changed mind
136,OI0000001476,2022-07-18,1,Changed mind
137,OI0000001480,2022-09-15,1,Changed mind
138,OI0000001557,2023-06-03,2,Wrong item delivered
139,OI0000001558,2023-06-01,1,Not as described
140,OI0000001559,2023-05-30,1,Size/Fit issue
141,OI0000001560,2025-09-25,1,Not as described
142,OI0000001561,2025-09-22,1,Size/Fit issue
143,OI0000001569,2024-01-28,1,Size/Fit issue
144,OI0000001575,2025-06-17,2,Damaged item
145,OI0000001576,2025-06-16,1,Damaged item
146,OI0000001590,2025-06-25,1,Size/Fit issue
147,OI0000001602,2023-05-26,1,Not as described
148,OI0000001603,2023-05-17,1,Damaged item
149,OI0000001607,2023-09-03,1,Damaged item
150,OI0000001627,2025-11-27,1,Wrong item delivered
151,OI0000001628,2025-11-26,1,Size/Fit issue
152,OI0000001656,2021-05-04,1,Size/Fit issue
153,OI0000001657,2021-05-05,1,Damaged item
154,OI0000001688,2025-06-06,1,Size/Fit issue
155,OI0000001730,2024-04-22,2,Changed mind
156,OI0000001766,2022-02-08,1,Size/Fit issue
157,OI0000001767,2025-01-18,1,Size/Fit issue
158,OI0000001825,2025-08-22,1,Wrong item delivered
159,OI0000001833,2026-01-28,1,Changed mind
160,OI0000001840,2025-12-26,1,Not as described
161,OI0000001853,2026-02-20,1,Damaged item
162,OI0000001866,2025-10-29,1,Changed mind
163,OI0000001870,2022-03-04,1,Changed mind
164,OI0000001891,2023-06-18,1,Wrong item delivered
165,OI0000001892,2023-06-13,1,Damaged item
166,OI0000001913,2024-11-17,2,Size/Fit issue
167,OI0000001920,2023-05-16,1,Damaged item
168,OI0000001922,2023-05-14,1,Not as described
169,OI0000001936,2025-02-04,1,Size/Fit issue
170,OI0000001951,2024-10-27,1,Wrong item delivered
171,OI0000001968,2023-06-15,1,Wrong item delivered
172,OI0000001969,2023-06-07,1,Damaged item
173,OI0000001974,2022-07-16,1,Not as described
174,OI0000001978,2021-04-27,1,Damaged item
175,OI0000001979,2021-04-26,1,Wrong item delivered
176,OI0000002018,2024-07-16,1,Not as described
177,OI0000002019,2024-07-16,1,Changed mind
178,OI0000002026,2022-10-22,1,Not as described
179,OI0000002027,2022-10-17,1,Wrong item delivered
180,OI0000002028,2022-10-20,1,Damaged item
181,OI0000002038,2021-10-09,1,Size/Fit issue
182,OI0000002039,2021-10-15,1,Not as described
183,OI0000002058,2023-06-13,1,Changed mind
184,OI0000002091,2023-01-26,3,Size/Fit issue
185,OI0000002099,2021-07-20,1,Size/Fit issue
186,OI0000002131,2024-10-05,1,Size/Fit issue
187,OI0000002133,2023-03-18,1,Damaged item
188,OI0000002154,2024-01-05,1,Damaged item
189,OI0000002155,2026-01-05,1,Changed mind
190,OI0000002172,2023-11-24,1,Wrong item delivered
191,OI0000002173,2023-11-19,1,Not as described
192,OI0000002176,2022-06-30,1,Wrong item delivered
193,OI0000002182,2025-08-02,2,Damaged item
194,OI0000002183,2025-07-29,1,Size/Fit issue
195,OI0000002195,2024-05-09,1,Changed mind
196,OI0000002206,2025-10-08,1,Wrong item delivered
197,OI0000002216,2024-05-19,2,Not as described
198,OI0000002222,2021-12-19,1,Not as described
199,OI0000002258,2024-05-17,1,Changed mind
200,OI0000002259,2024-05-13,1,Changed mind
201,OI0000002282,2023-02-05,1,Changed mind
202,OI0000002283,2023-02-01,1,Changed mind
203,OI0000002292,2023-02-26,1,Size/Fit issue
204,OI0000002293,2023-02-27,1,Damaged item
205,OI0000002308,2022-12-20,1,Size/Fit issue
206,OI0000002328,2021-11-14,1,Wrong item delivered
207,OI0000002329,2021-11-08,1,Not as described
208,OI0000002333,2021-10-17,1,Damaged item
209,OI0000002334,2025-12-17,1,Changed mind
210,OI0000002342,2023-08-14,2,Damaged item
211,OI0000002382,2024-08-10,2,Damaged item
212,OI0000002383,2024-08-09,1,Changed mind
213,OI0000002418,2025-10-28,1,Damaged item
214,OI0000002425,2022-10-08,2,Changed mind
215,OI0000002475,2025-12-16,1,Size/Fit issue
216,OI0000002476,2025-12-09,1,Wrong item delivered
217,OI0000002484,2022-02-10,1,Not as described
218,OI0000002485,2022-02-10,1,Damaged item
219,OI0000002525,2021-09-10,1,Changed mind
220,OI0000002526,2021-09-11,1,Size/Fit issue
221,OI0000002528,2022-05-19,1,Not as described
222,OI0000002529,2022-05-11,1,Changed mind
223,OI0000002549,2025-05-14,1,Size/Fit issue
224,OI0000002550,2025-05-14,1,Damaged item
225,OI0000002561,2021-09-17,3,Wrong item delivered
226,OI0000002567,2024-07-21,1,Damaged item
227,OI0000002568,2024-07-28,1,Size/Fit issue
228,OI0000002584,2022-07-23,1,Damaged item
229,OI0000002585,2022-07-25,1,Damaged item
230,OI0000002586,2022-07-28,1,Changed mind
231,OI0000002607,2023-03-08,1,Damaged item
232,OI0000002618,2022-01-22,2,Size/Fit issue
233,OI0000002633,2022-02-04,1,Changed mind
234,OI0000002634,2022-02-01,1,Changed mind
235,OI0000002639,2025-05-09,1,Size/Fit issue
236,OI0000002641,2025-02-26,1,Wrong item delivered
237,OI0000002646,2024-08-25,1,Changed mind
238,OI0000002647,2024-08-21,1,Changed mind
239,OI0000002648,2024-08-29,1,Not as described
240,OI0000002653,2022-12-09,1,Size/Fit issue
241,OI0000002666,2022-12-03,2,Not as described
242,OI0000002667,2022-11-26,1,Size/Fit issue
243,OI0000002668,2024-04-05,1,Size/Fit issue
244,OI0000002701,2022-09-07,2,Size/Fit issue
245,OI0000002725,2023-08-19,1,Wrong item delivered
246,OI0000002726,2023-08-10,1,Damaged item
247,OI0000002729,2021-05-31,2,Damaged item
248,OI0000002730,2021-05-26,1,Not as described
249,OI0000002731,2021-05-23,2,Not as described
250,OI0000002784,2023-06-30,1,Damaged item
251,OI0000002794,2025-04-16,1,Not as described
252,OI0000002798,2026-01-23,1,Damaged item
253,OI0000002799,2026-01-23,1,Damaged item
254,OI0000002828,2023-01-21,1,Wrong item delivered
255,OI0000002829,2023-01-22,1,Wrong item delivered
256,OI0000002830,2023-01-21,1,Wrong item delivered
257,OI0000002917,2022-06-18,1,Changed mind
258,OI0000002925,2024-08-21,1,Not as described
259,OI0000002932,2024-09-30,1,Damaged item
260,OI0000002933,2024-10-02,1,Wrong item delivered
261,OI0000002938,2025-09-01,1,Damaged item
262,OI0000002939,2025-08-30,1,Wrong item delivered
263,OI0000002948,2023-10-22,1,Wrong item delivered
264,OI0000002967,2023-09-17,1,Not as described
265,OI0000002997,2025-08-15,1,Damaged item
266,OI0000003018,2022-01-05,1,Changed mind
267,OI0000003053,2025-01-02,1,Not as described
268,OI0000003054,2025-01-04,1,Not as described
269,OI0000003069,2024-11-03,1,Damaged item
270,OI0000003075,2023-04-08,1,Size/Fit issue
271,OI0000003076,2023-04-08,1,Not as described
272,OI0000003084,2022-11-30,2,Damaged item
273,OI0000003088,2022-04-22,1,Damaged item
274,OI0000003089,2022-04-14,1,Not as described
275,OI0000003092,2021-07-06,1,Not as described
276,OI0000003099,2022-07-11,1,Wrong item delivered
277,OI0000003100,2022-07-13,1,Wrong item delivered
278,OI0000003120,2022-10-06,1,Damaged item
279,OI0000003121,2022-10-04,1,Wrong item delivered
280,OI0000003149,2025-07-07,1,Changed mind
281,OI0000003175,2022-09-28,1,Wrong item delivered
282,OI0000003176,2022-10-07,1,Damaged item
283,OI0000003205,2022-03-22,2,Not as described
284,OI0000003206,2022-03-25,1,Wrong item delivered
285,OI0000003215,2023-11-12,1,Wrong item delivered
286,OI0000003227,2026-02-03,1,Size/Fit issue
287,OI0000003246,2024-08-19,1,Wrong item delivered
288,OI0000003251,2022-05-19,1,Not as described
289,OI0000003252,2022-05-22,1,Changed mind
290,OI0000003297,2025-01-12,1,Wrong item delivered
291,OI0000003302,2025-10-08,1,Size/Fit issue
292,OI0000003303,2025-10-08,1,Damaged item
293,OI0000003306,2024-04-24,1,Damaged item
294,OI0000003307,2021-09-06,1,Damaged item
295,OI0000003322,2021-08-19,1,Changed mind
296,OI0000003333,2026-02-10,1,Wrong item delivered
297,OI0000003336,2023-04-04,1,Not as described
298,OI0000003341,2022-01-13,1,Changed mind
299,OI0000003366,2023-02-02,1,Size/Fit issue
300,OI0000003370,2023-03-09,1,Changed mind
301,OI0000003371,2023-03-05,1,Wrong item delivered
302,OI0000003381,2021-04-03,1,Damaged item
303,OI0000003401,2025-06-07,2,Size/Fit issue
304,OI0000003404,2021-04-06,1,Changed mind
305,OI0000003446,2022-10-27,1,Changed mind
306,OI0000003456,2021-10-04,2,Damaged item
307,OI0000003462,2023-05-13,1,Size/Fit issue
308,OI0000003470,2022-09-03,2,Wrong item delivered
309,OI0000003500,2024-02-15,1,Damaged item
310,OI0000003513,2025-01-14,1,Changed mind
311,OI0000003514,2025-08-06,1,Not as described
312,OI0000003515,2024-03-17,2,Wrong item delivered
313,OI0000003516,2024-03-12,2,Wrong item delivered
314,OI0000003523,2023-09-10,1,Changed mind
315,OI0000003524,2023-09-13,1,Damaged item
316,OI0000003530,2025-03-16,2,Wrong item delivered
317,OI0000003531,2025-10-13,2,Not as described
318,OI0000003556,2024-07-25,1,Wrong item delivered
319,OI0000003557,2024-07-19,1,Wrong item delivered
320,OI0000003558,2024-07-21,1,Wrong item delivered
321,OI0000003596,2022-08-06,1,Wrong item delivered
322,OI0000003597,2022-08-04,2,Size/Fit issue
323,OI0000003629,2024-08-03,1,Wrong item delivered
324,OI0000003630,2024-07-31,1,Damaged item
325,OI0000003645,2023-06-06,1,Wrong item delivered
326,OI0000003646,2023-06-06,1,Not as described
327,OI0000003685,2024-03-20,1,Changed mind
328,OI0000003686,2023-11-15,1,Changed mind
329,OI0000003710,2022-06-10,1,Damaged item
330,OI0000003731,2021-07-14,1,Not as described
331,OI0000003739,2024-11-14,1,Changed mind
332,OI0000003751,2024-09-28,1,Not as described
333,OI0000003752,2024-10-07,1,Wrong item delivered
334,OI0000003787,2024-02-08,1,Not as described
335,OI0000003790,2021-07-10,1,Changed mind
336,OI0000003797,2025-09-04,1,Not as described
337,OI0000003814,2025-04-22,1,Damaged item
338,OI0000003817,2022-03-14,1,Size/Fit issue
339,OI0000003818,2022-03-07,1,Changed mind
340,OI0000003837,2022-04-05,1,Not as described
341,OI0000003838,2022-04-01,1,Damaged item
342,OI0000003847,2024-11-14,1,Changed mind
343,OI0000003859,2024-08-08,1,Wrong item delivered
344,OI0000003872,2025-05-21,1,Wrong item delivered
345,OI0000003915,2024-05-20,2,Damaged item
346,OI0000003926,2025-12-12,1,Size/Fit issue
347,OI0000003927,2025-12-20,1,Changed mind
348,OI0000003932,2024-03-14,2,Size/Fit issue
349,OI0000003933,2024-07-28,2,Size/Fit issue
350,OI0000003934,2024-07-19,1,Wrong item delivered
351,OI0000003944,2021-10-25,1,Damaged item
352,OI0000003945,2021-10-18,1,Size/Fit issue
353,OI0000004013,2023-08-06,3,Not as described
354,OI0000004014,2023-05-28,1,Size/Fit issue
355,OI0000004045,2023-07-12,2,Changed mind
356,OI0000004046,2023-07-07,1,Changed mind
357,OI0000004047,2023-07-07,2,Not as described
358,OI0000004048,2021-10-25,1,Damaged item
359,OI0000004113,2025-03-05,1,Wrong item delivered
360,OI0000004114,2025-03-07,1,Damaged item
361,OI0000004118,2022-07-09,1,Damaged item
362,OI0000004127,2022-02-18,1,Wrong item delivered
363,OI0000004130,2023-06-27,2,Not as described
364,OI0000004131,2023-06-23,1,Damaged item
365,OI0000004142,2025-11-20,1,Wrong item delivered
366,OI0000004148,2025-01-10,1,Changed mind
367,OI0000004160,2024-08-06,1,Size/Fit issue
368,OI0000004161,2024-08-01,1,Not as described
369,OI0000004179,2023-09-06,1,Wrong item delivered
370,OI0000004239,2023-01-06,1,Wrong item delivered
371,OI0000004247,2024-12-22,1,Damaged item
372,OI0000004255,2023-12-25,1,Wrong item delivered
373,OI0000004256,2024-03-26,2,Wrong item delivered
374,OI0000004265,2026-01-01,1,Damaged item
375,OI0000004303,2022-05-23,1,Not as described
376,OI0000004306,2022-03-22,1,Wrong item delivered
377,OI0000004322,2025-09-11,1,Size/Fit issue
378,OI0000004323,2025-09-10,1,Not as described
379,OI0000004325,2021-12-09,1,Damaged item
380,OI0000004326,2021-12-11,1,Wrong item delivered
381,OI0000004327,2021-12-15,1,Not as described
382,OI0000004340,2025-11-28,1,Wrong item delivered
383,OI0000004355,2025-05-04,1,Wrong item delivered
384,OI0000004358,2022-04-21,1,Damaged item
385,OI0000004359,2022-04-23,1,Wrong item delivered
386,OI0000004375,2022-03-09,2,Changed mind
387,OI0000004376,2022-03-17,1,Not as described
388,OI0000004381,2024-02-22,1,Wrong item delivered
389,OI0000004396,2022-12-18,1,Changed mind
390,OI0000004397,2022-12-14,2,Not as described
391,OI0000004402,2021-09-17,1,Size/Fit issue
392,OI0000004423,2024-03-10,1,Size/Fit issue
393,OI0000004428,2021-07-12,1,Size/Fit issue
394,OI0000004444,2023-04-05,1,Not as described
395,OI0000004469,2024-08-01,1,Size/Fit issue
396,OI0000004477,2024-05-02,1,Damaged item
397,OI0000004483,2023-04-23,1,Wrong item delivered
398,OI0000004487,2023-06-24,1,Wrong item delivered
399,OI0000004488,2023-06-21,1,Not as described
400,OI0000004496,2021-02-25,2,Wrong item delivered
401,OI0000004497,2021-02-27,1,Damaged item
402,OI0000004521,2021-03-18,1,Changed mind
403,OI0000004523,2024-05-18,1,Damaged item
404,OI0000004524,2024-05-15,1,Not as described
405,OI0000004538,2021-10-26,1,Not as described
406,OI0000004544,2023-01-21,1,Changed mind
407,OI0000004545,2023-02-21,1,Not as described
408,OI0000004567,2024-09-12,1,Wrong item delivered
409,OI0000004568,2024-09-10,1,Damaged item
410,OI0000004569,2024-09-15,1,Not as described
411,OI0000004597,2021-07-15,1,Changed mind
412,OI0000004622,2023-09-11,1,Changed mind
413,OI0000004623,2023-09-14,1,Damaged item
414,OI0000004625,2021-11-24,1,Damaged item
415,OI0000004635,2021-08-27,1,Damaged item
416,OI0000004682,2024-10-18,1,Changed mind
417,OI0000004683,2024-10-26,1,Not as described
418,OI0000004685,2026-01-19,1,Wrong item delivered
419,OI0000004687,2026-01-21,1,Wrong item delivered
420,OI0000004688,2022-03-18,1,Not as described
421,OI0000004689,2022-03-20,2,Changed mind
422,OI0000004696,2024-07-16,1,Wrong item delivered
423,OI0000004737,2021-10-13,1,Not as described
424,OI0000004738,2021-10-12,2,Size/Fit issue
425,OI0000004758,2025-06-14,1,Changed mind
426,OI0000004784,2024-08-07,1,Not as described
427,OI0000004785,2024-08-11,2,Size/Fit issue
428,OI0000004801,2023-09-06,1,Damaged item
429,OI0000004824,2025-12-17,1,Not as described
430,OI0000004825,2025-12-16,2,Changed mind
431,OI0000004859,2021-12-07,1,Not as described
432,OI0000004860,2021-12-15,1,Not as described
433,OI0000004863,2021-07-11,1,Size/Fit issue
434,OI0000004873,2024-07-16,1,Changed mind
435,OI0000004874,2024-07-20,1,Wrong item delivered
436,OI0000004875,2024-07-20,1,Changed mind
437,OI0000004891,2022-06-05,1,Changed mind
438,OI0000004892,2022-06-05,1,Not as described
439,OI0000004901,2021-02-26,1,Size/Fit issue
440,OI0000004902,2021-02-27,1,Damaged item
441,OI0000004907,2024-07-26,1,Size/Fit issue
442,OI0000004908,2023-06-24,1,Size/Fit issue
443,OI0000004923,2021-10-10,1,Wrong item delivered
444,OI0000004924,2021-10-09,1,Not as described
445,OI0000004934,2025-01-04,1,Changed mind
446,OI0000004935,2024-12-29,1,Not as described
447,OI0000005001,2026-01-13,1,Changed mind
448,OI0000005002,2025-07-21,1,Wrong item delivered
449,OI0000005003,2025-07-24,1,Damaged item
450,OI0000005004,2025-12-24,2,Changed mind
451,OI0000005005,2025-12-16,1,Damaged item
452,OI0000005035,2024-09-19,1,Damaged item
453,OI0000005036,2024-09-18,1,Size/Fit issue
454,OI0000005038,2022-03-24,1,Damaged item
455,OI0000005050,2021-06-26,1,Damaged item
456,OI0000005051,2021-10-11,2,Changed mind
457,OI0000005052,2021-10-05,1,Not as described
458,OI0000005053,2021-10-06,1,Size/Fit issue
459,OI0000005067,2024-01-11,1,Damaged item
460,OI0000005074,2023-10-06,1,Damaged item
461,OI0000005075,2022-10-30,1,Not as described
462,OI0000005079,2025-05-12,2,Size/Fit issue
463,OI0000005080,2025-05-17,1,Damaged item
464,OI0000005081,2025-05-14,1,Size/Fit issue
465,OI0000005146,2024-01-31,1,Wrong item delivered
466,OI0000005147,2024-01-23,2,Not as described
467,OI0000005180,2021-10-21,1,Changed mind
468,OI0000005182,2021-03-29,2,Changed mind
469,OI0000005214,2025-04-29,1,Wrong item delivered
470,OI0000005215,2025-05-01,1,Damaged item
471,OI0000005216,2025-04-29,1,Damaged item
472,OI0000005226,2025-04-21,1,Not as described
473,OI0000005234,2021-12-19,1,Damaged item
474,OI0000005235,2021-12-18,1,Wrong item delivered
475,OI0000005266,2024-11-16,1,Changed mind
476,OI0000005267,2024-11-22,1,Not as described
477,OI0000005268,2022-12-07,1,Damaged item
478,OI0000005269,2022-12-07,1,Size/Fit issue
479,OI0000005270,2022-11-30,1,Not as described
480,OI0000005283,2024-05-04,1,Damaged item
481,OI0000005289,2023-05-08,2,Wrong item delivered
482,OI0000005290,2023-05-16,1,Damaged item
483,OI0000005296,2022-10-27,1,Size/Fit issue
484,OI0000005299,2024-01-30,1,Changed mind
485,OI0000005302,2022-08-02,1,Size/Fit issue
486,OI0000005303,2023-09-28,1,Wrong item delivered
487,OI0000005304,2023-09-26,1,Wrong item delivered
488,OI0000005305,2023-09-26,1,Wrong item delivered
489,OI0000005319,2021-07-21,1,Not as described
490,OI0000005320,2024-12-20,1,Changed mind
491,OI0000005321,2024-12-20,1,Changed mind
492,OI0000005354,2025-03-24,1,Size/Fit issue
493,OI0000005355,2025-03-24,1,Damaged item
494,OI0000005374,2023-08-22,1,Size/Fit issue
495,OI0000005419,2025-02-22,1,Damaged item
496,OI0000005438,2023-02-15,1,Wrong item delivered
497,OI0000005439,2023-03-01,1,Damaged item
498,OI0000005440,2023-03-05,1,Wrong item delivered
499,OI0000005444,2022-12-07,1,Not as described
500,OI0000005445,2022-12-10,1,Wrong item delivered
501,OI0000005470,2025-03-27,1,Changed mind
502,OI0000005471,2025-03-19,1,Size/Fit issue
503,OI0000005513,2022-05-22,1,Changed mind
504,OI0000005515,2025-05-12,1,Changed mind
505,OI0000005516,2025-05-17,1,Size/Fit issue
506,OI0000005517,2025-05-12,2,Damaged item
507,OI0000005542,2024-05-30,1,Not as described
508,OI0000005544,2024-07-29,2,Damaged item
509,OI0000005545,2024-07-31,1,Damaged item
510,OI0000005546,2023-11-12,1,Damaged item
511,OI0000005580,2024-01-24,1,Changed mind
512,OI0000005581,2024-01-23,1,Not as described
513,OI0000005606,2022-10-12,1,Wrong item delivered
514,OI0000005607,2022-10-18,1,Size/Fit issue
515,OI0000005636,2021-09-22,1,Damaged item
516,OI0000005637,2021-09-19,1,Damaged item
517,OI0000005638,2021-09-18,2,Not as described
518,OI0000005652,2024-07-22,1,Not as described
519,OI0000005653,2024-07-29,1,Not as described
520,OI0000005654,2024-07-21,2,Size/Fit issue
521,OI0000005717,2021-11-19,1,Size/Fit issue
522,OI0000005733,2025-06-20,1,Wrong item delivered
523,OI0000005734,2025-06-20,2,Not as described
524,OI0000005751,2022-01-04,1,Damaged item
525,OI0000005842,2024-01-28,1,Size/Fit issue
526,OI0000005847,2025-05-05,1,Changed mind
527,OI0000005848,2025-05-03,1,Size/Fit issue
528,OI0000005849,2025-05-08,1,Damaged item
529,OI0000005862,2022-06-09,1,Not as described
530,OI0000005897,2022-02-25,1,Damaged item
531,OI0000005914,2024-07-03,1,Not as described
532,OI0000005919,2024-06-14,1,Size/Fit issue
533,OI0000005942,2023-01-11,1,Not as described
534,OI0000005956,2025-08-23,1,Damaged item
535,OI0000005974,2023-06-23,1,Not as described
536,OI0000005975,2023-07-01,1,Not as described
537,OI0000005977,2025-08-27,1,Size/Fit issue
538,OI0000005997,2022-05-10,1,Changed mind
539,OI0000005999,2026-01-24,1,Not as described
540,OI0000006002,2025-12-21,1,Wrong item delivered
541,OI0000006004,2023-12-29,1,Size/Fit issue
542,OI0000006013,2025-02-16,1,Damaged item
543,OI0000006038,2024-12-17,1,Size/Fit issue
544,OI0000006066,2025-05-04,1,Changed mind
545,OI0000006067,2025-05-07,1,Wrong item delivered
546,OI0000006101,2023-01-12,2,Changed mind
547,OI0000006118,2024-12-01,1,Not as described
548,OI0000006119,2024-12-03,1,Wrong item delivered
549,OI0000006154,2025-01-13,2,Changed mind
550,OI0000006155,2025-10-06,1,Damaged item
551,OI0000006166,2024-08-11,1,Size/Fit issue
552,OI0000006175,2023-12-28,1,Not as described
553,OI0000006177,2022-07-21,1,Not as described
554,OI0000006178,2022-07-22,1,Size/Fit issue
555,OI0000006179,2022-07-27,1,Not as described
556,OI0000006181,2022-01-15,1,Size/Fit issue
557,OI0000006182,2022-01-16,1,Changed mind
558,OI0000006186,2024-01-22,1,Not as described
559,OI0000006192,2025-01-24,1,Damaged item
560,OI0000006197,2023-07-05,1,Changed mind
561,OI0000006198,2023-07-06,1,Wrong item delivered
562,OI0000006212,2023-04-16,1,Size/Fit issue
563,OI0000006224,2024-03-22,1,Damaged item
564,OI0000006225,2024-03-18,1,Changed mind
565,OI0000006238,2021-09-17,2,Wrong item delivered
566,OI0000006245,2024-02-15,1,Not as described
567,OI0000006246,2024-02-11,1,Changed mind
568,OI0000006278,2023-07-21,1,Size/Fit issue
569,OI0000006279,2021-11-08,1,Wrong item delivered
570,OI0000006280,2021-11-08,2,Not as described
571,OI0000006281,2023-01-30,1,Changed mind
572,OI0000006310,2024-10-08,1,Not as described
573,OI0000006339,2023-08-07,1,Size/Fit issue
574,OI0000006340,2023-08-03,1,Changed mind
575,OI0000006361,2021-03-28,1,Wrong item delivered
576,OI0000006371,2023-02-14,1,Size/Fit issue
577,OI0000006372,2023-02-08,1,Not as described
578,OI0000006377,2024-04-12,1,Wrong item delivered
579,OI0000006378,2024-04-09,1,Wrong item delivered
580,OI0000006433,2023-11-15,1,Wrong item delivered
581,OI0000006434,2023-11-15,1,Not as described
582,OI0000006435,2023-11-14,1,Not as described
583,OI0000006459,2021-09-03,1,Not as described
584,OI0000006460,2021-09-18,1,Not as described
585,OI0000006468,2023-08-20,1,Damaged item
586,OI0000006469,2023-08-20,2,Changed mind
587,OI0000006494,2021-08-30,1,Damaged item
588,OI0000006495,2021-09-02,1,Not as described
589,OI0000006499,2023-06-18,1,Damaged item
590,OI0000006500,2023-06-16,1,Not as described
591,OI0000006510,2024-08-30,3,Wrong item delivered
592,OI0000006520,2024-10-10,1,Wrong item delivered
593,OI0000006521,2024-10-10,1,Not as described
594,OI0000006528,2021-11-14,1,Changed mind
595,OI0000006529,2021-11-09,1,Wrong item delivered
596,OI0000006548,2024-01-20,1,Not as described
597,OI0000006551,2022-03-05,1,Not as described
598,OI0000006572,2023-04-27,2,Not as described
599,OI0000006600,2025-07-17,1,Wrong item delivered
600,OI0000006601,2025-07-18,3,Not as described
601,OI0000006603,2024-05-01,2,Damaged item
602,OI0000006605,2025-06-22,1,Damaged item
603,OI0000006623,2022-02-06,1,Changed mind
604,OI0000006636,2021-05-24,1,Not as described
605,OI0000006637,2021-05-24,1,Size/Fit issue
606,OI0000006641,2026-02-11,1,Changed mind
607,OI0000006648,2023-07-26,1,Not as described
608,OI0000006649,2023-07-29,1,Not as described
609,OI0000006662,2021-08-12,1,Changed mind
610,OI0000006663,2026-01-10,1,Changed mind
611,OI0000006670,2022-12-13,1,Size/Fit issue
612,OI0000006671,2022-12-09,1,Size/Fit issue
613,OI0000006672,2024-12-02,1,Changed mind
614,OI0000006673,2024-12-02,1,Wrong item delivered
615,OI0000006674,2024-01-24,2,Wrong item delivered
616,OI0000006675,2024-01-23,1,Not as described
617,OI0000006682,2024-03-15,1,Wrong item delivered
618,OI0000006683,2024-03-15,1,Not as described
619,OI0000006692,2024-07-18,1,Damaged item
620,OI0000006693,2024-07-17,1,Not as described
621,OI0000006730,2024-12-09,1,Not as described
622,OI0000006731,2024-12-13,1,Size/Fit issue
623,OI0000006756,2023-11-29,1,Wrong item delivered
624,OI0000006762,2023-05-26,1,Size/Fit issue
625,OI0000006782,2025-04-17,1,Not as described
626,OI0000006792,2024-06-08,1,Changed mind
627,OI0000006797,2024-05-04,1,Damaged item
628,OI0000006798,2024-05-05,2,Not as described
629,OI0000006799,2024-04-27,1,Not as described
630,OI0000006823,2023-11-07,1,Not as described
631,OI0000006850,2024-08-29,1,Wrong item delivered
632,OI0000006853,2025-11-04,1,Damaged item
633,OI0000006854,2025-11-06,1,Changed mind
634,OI0000006855,2025-11-06,1,Damaged item
635,OI0000006883,2024-08-30,3,Wrong item delivered
636,OI0000006884,2024-08-30,1,Size/Fit issue
637,OI0000006886,2025-05-01,1,Changed mind
638,OI0000006901,2023-01-31,1,Size/Fit issue
639,OI0000006914,2023-09-19,2,Wrong item delivered
640,OI0000006915,2023-09-18,1,Wrong item delivered
641,OI0000006916,2024-11-28,1,Wrong item delivered
642,OI0000006945,2022-04-25,1,Size/Fit issue
643,OI0000006946,2022-04-15,1,Damaged item
644,OI0000006947,2022-04-18,1,Size/Fit issue
645,OI0000006962,2021-11-06,1,Damaged item
646,OI0000006963,2021-11-02,1,Changed mind
647,OI0000006964,2021-11-04,1,Changed mind
648,OI0000006991,2025-08-06,1,Changed mind
649,OI0000007000,2024-04-04,1,Wrong item delivered
650,OI0000007012,2025-01-16,1,Wrong item delivered
651,OI0000007013,2025-01-14,1,Changed mind
652,OI0000007016,2024-02-04,1,Changed mind
653,OI0000007019,2024-04-20,1,Changed mind
654,OI0000007029,2023-01-22,2,Damaged item
655,OI0000007047,2023-10-05,1,Size/Fit issue
656,OI0000007093,2021-08-01,1,Damaged item
657,OI0000007106,2021-10-02,1,Changed mind
658,OI0000007121,2025-05-27,1,Changed mind
659,OI0000007122,2025-05-18,1,Damaged item
660,OI0000007142,2023-08-31,1,Not as described
661,OI0000007143,2023-08-31,1,Not as described
662,OI0000007144,2023-08-29,1,Size/Fit issue
663,OI0000007152,2025-08-02,1,Not as described
664,OI0000007153,2025-08-06,1,Damaged item
665,OI0000007185,2022-08-02,1,Size/Fit issue
666,OI0000007186,2022-07-27,1,Changed mind
667,OI0000007187,2022-08-01,1,Not as described
668,OI0000007200,2022-12-16,1,Damaged item
669,OI0000007208,2024-09-08,2,Not as described
670,OI0000007209,2024-09-11,1,Size/Fit issue
671,OI0000007217,2025-05-14,1,Changed mind
672,OI0000007218,2023-01-30,1,Size/Fit issue
673,OI0000007219,2023-01-26,1,Damaged item
674,OI0000007220,2023-01-30,1,Damaged item
675,OI0000007240,2023-02-15,1,Damaged item
676,OI0000007241,2023-02-21,1,Wrong item delivered
677,OI0000007242,2023-02-20,1,Size/Fit issue
678,OI0000007294,2023-08-05,1,Size/Fit issue
679,OI0000007326,2026-01-26,1,Damaged item
680,OI0000007327,2026-01-27,1,Size/Fit issue
681,OI0000007346,2024-08-20,1,Damaged item
682,OI0000007357,2021-10-08,1,Damaged item
683,OI0000007358,2021-03-14,1,Size/Fit issue
684,OI0000007363,2023-08-28,1,Changed mind
685,OI0000007364,2023-09-04,2,Changed mind
686,OI0000007368,2021-10-15,1,Size/Fit issue
687,OI0000007369,2021-10-15,1,Size/Fit issue
688,OI0000007380,2023-03-22,2,Wrong item delivered
689,OI0000007381,2023-03-19,1,Changed mind
690,OI0000007393,2024-12-19,2,Size/Fit issue
691,OI0000007427,2021-08-27,1,Damaged item
692,OI0000007428,2021-08-19,2,Size/Fit issue
693,OI0000007429,2021-08-26,2,Not as described
694,OI0000007442,2022-02-22,1,Not as described
695,OI0000007463,2022-10-05,1,Wrong item delivered
696,OI0000007469,2023-09-01,1,Changed mind
697,OI0000007491,2021-05-18,2,Not as described
698,OI0000007495,2025-06-22,1,Changed mind
699,OI0000007547,2021-05-23,1,Size/Fit issue
700,OI0000007548,2021-05-29,1,Size/Fit issue
701,OI0000007549,2021-05-25,1,Damaged item
702,OI0000007561,2023-11-25,1,Changed mind
703,OI0000007576,2024-02-20,1,Changed mind
704,OI0000007577,2024-02-23,1,Wrong item delivered
705,OI0000007582,2025-11-29,1,Not as described
706,OI0000007588,2022-10-06,1,Wrong item delivered
707,OI0000007590,2022-10-01,1,Damaged item
708,OI0000007604,2023-08-16,1,Not as described
709,OI0000007609,2025-07-17,1,Changed mind
710,OI0000007625,2025-06-22,1,Size/Fit issue
711,OI0000007631,2026-01-20,1,Size/Fit issue
712,OI0000007632,2026-01-11,2,Changed mind
713,OI0000007637,2022-10-24,2,Wrong item delivered
714,OI0000007647,2021-12-09,1,Damaged item
715,OI0000007669,2021-08-09,1,Wrong item delivered
716,OI0000007703,2021-10-21,1,Not as described
717,OI0000007715,2023-11-25,1,Not as described
718,OI0000007738,2024-02-14,1,Wrong item delivered
719,OI0000007744,2022-07-29,1,Wrong item delivered
720,OI0000007745,2022-11-26,1,Wrong item delivered
721,OI0000007754,2024-01-22,2,Size/Fit issue
722,OI0000007755,2024-04-05,1,Changed mind
723,OI0000007756,2024-03-27,1,Damaged item
724,OI0000007777,2025-02-15,1,Not as described
725,OI0000007792,2024-02-15,1,Damaged item
726,OI0000007793,2024-02-14,1,Damaged item
727,OI0000007806,2024-02-18,1,Damaged item
728,OI0000007807,2024-02-18,1,Not as described
729,OI0000007809,2021-12-24,1,Not as described
730,OI0000007821,2026-02-12,1,Damaged item
731,OI0000007822,2026-02-05,1,Changed mind
732,OI0000007840,2022-06-19,1,Changed mind
733,OI0000007841,2022-06-23,1,Wrong item delivered
734,OI0000007842,2022-06-20,2,Wrong item delivered
735,OI0000007845,2023-12-02,1,Damaged item
736,OI0000007846,2023-12-04,1,Wrong item delivered
737,OI0000007847,2023-11-25,1,Damaged item
738,OI0000007901,2023-09-10,1,Changed mind
739,OI0000007902,2023-09-17,1,Damaged item
740,OI0000007905,2024-10-26,1,Not as described
741,OI0000007915,2026-01-04,1,Not as described
742,OI0000007916,2025-12-25,2,Not as described
743,OI0000007926,2022-08-22,1,Not as described
744,OI0000007948,2024-08-06,1,Size/Fit issue
745,OI0000007964,2025-01-26,1,Size/Fit issue
746,OI0000007981,2022-09-21,1,Wrong item delivered
747,OI0000008002,2021-04-01,1,Not as described
748,OI0000008004,2023-12-05,1,Wrong item delivered
749,OI0000008005,2023-12-05,2,Damaged item
750,OI0000008006,2023-11-28,1,Not as described
751,OI0000008014,2023-10-05,1,Changed mind
752,OI0000008060,2024-06-02,1,Not as described
753,OI0000008061,2024-06-04,1,Damaged item
754,OI0000008092,2021-04-13,1,Size/Fit issue
755,OI0000008099,2022-10-11,1,Not as described
756,OI0000008131,2022-06-19,1,Not as described
757,OI0000008139,2025-04-22,2,Not as described
758,OI0000008150,2023-03-09,2,Not as described
759,OI0000008160,2021-11-12,2,Size/Fit issue
760,OI0000008161,2021-11-11,1,Changed mind
761,OI0000008240,2022-09-11,1,Not as described
762,OI0000008249,2024-05-13,1,Size/Fit issue
763,OI0000008250,2024-05-07,1,Changed mind
764,OI0000008252,2021-10-26,1,Damaged item
765,OI0000008273,2023-10-16,1,Changed mind
766,OI0000008274,2023-10-12,2,Wrong item delivered
767,OI0000008278,2022-04-14,1,Damaged item
768,OI0000008279,2022-04-16,1,Changed mind
769,OI0000008289,2024-02-26,1,Size/Fit issue
770,OI0000008290,2024-02-23,1,Not as described
771,OI0000008310,2024-03-24,1,Size/Fit issue
772,OI0000008326,2023-07-15,1,Wrong item delivered
773,OI0000008327,2024-01-22,2,Changed mind
774,OI0000008328,2024-01-25,1,Damaged item
775,OI0000008329,2024-01-20,1,Changed mind
776,OI0000008336,2025-04-24,1,Not as described
777,OI0000008337,2025-04-23,1,Not as described
778,OI0000008340,2021-11-20,1,Size/Fit issue
779,OI0000008341,2021-11-22,1,Wrong item delivered
780,OI0000008371,2024-03-27,1,Damaged item
781,OI0000008372,2024-03-23,1,Changed mind
782,OI0000008373,2022-10-16,1,Size/Fit issue
783,OI0000008374,2022-10-13,1,Not as described
784,OI0000008384,2021-08-16,2,Wrong item delivered
785,OI0000008386,2021-08-16,1,Wrong item delivered
786,OI0000008391,2025-11-24,1,Changed mind
787,OI0000008419,2021-08-24,1,Changed mind
788,OI0000008420,2021-08-31,2,Changed mind
789,OI0000008421,2021-09-03,1,Not as described
790,OI0000008424,2021-04-07,1,Not as described
791,OI0000008427,2025-03-06,1,Wrong item delivered
792,OI0000008428,2025-03-10,1,Size/Fit issue
793,OI0000008462,2021-06-07,1,Damaged item
794,OI0000008463,2022-11-19,1,Damaged item
795,OI0000008468,2021-10-06,1,Size/Fit issue
796,OI0000008469,2021-10-03,1,Not as described
797,OI0000008481,2021-05-03,1,Not as described
798,OI0000008482,2021-05-07,1,Changed mind
799,OI0000008491,2022-06-17,1,Size/Fit issue
800,OI0000008492,2022-06-17,2,Changed mind
801,OI0000008496,2025-01-10,1,Changed mind
802,OI0000008497,2025-01-02,2,Wrong item delivered
803,OI0000008499,2023-03-15,1,Changed mind
804,OI0000008525,2025-09-03,1,Changed mind
805,OI0000008528,2022-03-13,1,Not as described
806,OI0000008529,2022-03-21,2,Not as described
807,OI0000008530,2022-05-23,1,Size/Fit issue
808,OI0000008570,2024-11-15,1,Damaged item
809,OI0000008571,2024-11-09,1,Wrong item delivered
810,OI0000008573,2022-10-29,1,Size/Fit issue
811,OI0000008588,2024-03-27,1,Changed mind
812,OI0000008589,2024-03-18,1,Not as described
813,OI0000008590,2024-03-25,1,Wrong item delivered
814,OI0000008591,2023-12-08,1,Not as described
815,OI0000008599,2021-04-21,1,Changed mind
816,OI0000008618,2022-11-06,1,Wrong item delivered
817,OI0000008636,2022-07-16,1,Changed mind
818,OI0000008637,2022-07-10,1,Changed mind
819,OI0000008639,2021-08-31,1,Not as described
820,OI0000008642,2024-07-15,1,Not as described
821,OI0000008643,2024-07-15,1,Size/Fit issue
822,OI0000008670,2024-03-26,2,Not as described
823,OI0000008679,2022-03-09,1,Changed mind
824,OI0000008698,2022-12-19,1,Wrong item delivered
825,OI0000008699,2022-12-24,1,Changed mind
826,OI0000008700,2022-12-21,1,Damaged item
827,OI0000008708,2022-06-28,2,Size/Fit issue
828,OI0000008746,2022-12-06,1,Size/Fit issue
829,OI0000008747,2022-11-28,1,Damaged item
830,OI0000008753,2021-04-07,2,Size/Fit issue
831,OI0000008786,2023-07-05,2,Not as described
832,OI0000008789,2022-05-06,1,Changed mind
833,OI0000008805,2025-11-15,1,Not as described
834,OI0000008829,2023-09-01,1,Wrong item delivered
835,OI0000008830,2023-08-26,1,Damaged item
836,OI0000008886,2021-05-12,1,Changed mind
837,OI0000008910,2024-01-02,1,Damaged item
838,OI0000008911,2024-01-01,1,Changed mind
839,OI0000008912,2023-12-31,1,Changed mind
840,OI0000008925,2022-10-09,1,Changed mind
841,OI0000008926,2022-10-07,2,Damaged item
842,OI0000008955,2024-06-21,1,Size/Fit issue
843,OI0000008983,2024-10-31,1,Wrong item delivered
844,OI0000008989,2021-10-24,1,Damaged item
845,OI0000009022,2023-10-13,2,Changed mind
846,OI0000009037,2022-03-08,1,Changed mind
847,OI0000009038,2022-03-02,1,Wrong item delivered
848,OI0000009039,2022-03-11,1,Changed mind
849,OI0000009049,2022-07-19,2,Wrong item delivered
850,OI0000009069,2022-10-16,1,Wrong item delivered
851,OI0000009070,2022-10-19,2,Changed mind
852,OI0000009080,2021-12-28,1,Size/Fit issue
853,OI0000009082,2025-11-21,1,Changed mind
854,OI0000009118,2023-06-13,1,Damaged item
855,OI0000009119,2023-06-15,1,Wrong item delivered
856,OI0000009141,2022-11-06,1,Changed mind
857,OI0000009156,2022-11-24,1,Size/Fit issue
858,OI0000009166,2023-01-17,1,Changed mind
859,OI0000009167,2023-01-12,1,Wrong item delivered
860,OI0000009191,2021-03-27,1,Size/Fit issue
861,OI0000009192,2021-03-13,2,Damaged item
862,OI0000009231,2021-08-06,2,Damaged item
863,OI0000009233,2022-07-02,1,Damaged item
864,OI0000009234,2022-07-02,1,Damaged item
865,OI0000009243,2021-04-23,1,Size/Fit issue
866,OI0000009244,2021-04-27,2,Damaged item
867,OI0000009245,2021-04-27,2,Changed mind
868,OI0000009246,2025-03-13,1,Damaged item
869,OI0000009248,2025-01-19,1,Changed mind
870,OI0000009249,2025-01-25,1,Wrong item delivered
871,OI0000009266,2023-11-30,2,Changed mind
872,OI0000009267,2023-11-20,1,Wrong item delivered
873,OI0000009297,2022-07-19,1,Damaged item
874,OI0000009298,2022-07-28,1,Wrong item delivered
875,OI0000009313,2025-03-04,1,Damaged item
876,OI0000009347,2022-06-19,1,Wrong item delivered
877,OI0000009348,2022-06-29,1,Changed mind
878,OI0000009361,2023-10-19,1,Damaged item
879,OI0000009362,2023-10-15,1,Wrong item delivered
880,OI0000009365,2023-04-28,1,Not as described
881,OI0000009366,2023-04-29,1,Size/Fit issue
882,OI0000009385,2021-08-31,1,Size/Fit issue
883,OI0000009419,2025-04-12,1,Damaged item
884,OI0000009420,2025-04-20,1,Changed mind
885,OI0000009421,2024-09-28,1,Changed mind
886,OI0000009441,2023-12-13,1,Not as described
887,OI0000009451,2023-03-24,1,Damaged item
888,OI0000009452,2023-03-23,1,Not as described
889,OI0000009462,2021-06-21,1,Damaged item
890,OI0000009464,2022-07-10,1,Damaged item
891,OI0000009465,2022-07-11,1,Not as described
892,OI0000009466,2023-11-26,1,Changed mind
893,OI0000009473,2022-05-24,1,Damaged item
894,OI0000009474,2021-09-04,1,Not as described
895,OI0000009475,2021-09-05,1,Not as described
896,OI0000009476,2021-09-07,1,Size/Fit issue
897,OI0000009485,2024-10-13,1,Changed mind
898,OI0000009516,2025-03-20,1,Wrong item delivered
899,OI0000009533,2021-05-08,1,Changed mind
900,OI0000009558,2022-02-21,2,Damaged item
901,OI0000009559,2022-02-14,1,Size/Fit issue
902,OI0000009576,2023-07-02,1,Wrong item delivered
903,OI0000009610,2022-06-23,1,Size/Fit issue
904,OI0000009628,2024-05-27,1,Damaged item
905,OI0000009672,2025-05-13,1,Wrong item delivered
906,OI0000009673,2025-05-14,1,Damaged item
907,OI0000009674,2024-12-20,1,Changed mind
908,OI0000009677,2025-05-21,1,Wrong item delivered
909,OI0000009684,2024-05-22,2,Not as described
910,OI0000009709,2024-09-21,1,Wrong item delivered
911,OI0000009710,2024-09-19,1,Size/Fit issue
912,OI0000009713,2025-07-03,1,Wrong item delivered
913,OI0000009714,2025-07-04,1,Size/Fit issue
914,OI0000009737,2022-04-27,1,Changed mind
915,OI0000009765,2025-03-10,1,Size/Fit issue
916,OI0000009771,2023-02-09,2,Not as described
917,OI0000009813,2024-02-11,1,Changed mind
918,OI0000009831,2021-09-23,2,Size/Fit issue
919,OI0000009838,2025-02-09,1,Not as described
920,OI0000009845,2025-09-19,1,Changed mind
921,OI0000009846,2025-09-22,2,Not as described
922,OI0000009847,2025-09-19,1,Wrong item delivered
923,OI0000009872,2021-08-15,1,Not as described
924,OI0000009873,2021-08-22,1,Changed mind
925,OI0000009874,2024-12-25,2,Not as described
926,OI0000009875,2024-12-18,1,Wrong item delivered
927,OI0000009941,2025-05-27,2,Changed mind
928,OI0000009944,2021-06-30,1,Wrong item delivered
929,OI0000009946,2024-05-30,1,Size/Fit issue
930,OI0000009959,2023-07-15,1,Not as described
931,OI0000009960,2023-07-13,1,Changed mind
932,OI0000010016,2023-05-18,2,Not as described
933,OI0000010017,2023-05-19,1,Not as described
934,OI0000010039,2023-05-27,1,Changed mind
935,OI0000010040,2023-05-21,1,Size/Fit issue
936,OI0000010051,2026-02-03,1,Changed mind
937,OI0000010095,2023-11-15,2,Changed mind
938,OI0000010096,2023-11-22,1,Changed mind
939,OI0000010097,2021-12-19,1,Changed mind
940,OI0000010106,2021-03-02,1,Changed mind
941,OI0000010107,2021-03-03,1,Not as described
942,OI0000010108,2021-03-01,1,Not as described
943,OI0000010125,2023-04-04,1,Wrong item delivered
944,OI0000010126,2023-04-05,1,Damaged item
945,OI0000010134,2022-03-24,2,Changed mind
946,OI0000010135,2022-03-21,1,Size/Fit issue
947,OI0000010144,2025-12-27,1,Wrong item delivered
948,OI0000010147,2021-05-14,2,Damaged item
949,OI0000010148,2021-05-07,1,Not as described
950,OI0000010149,2021-05-05,1,Damaged item
951,OI0000010161,2022-03-29,1,Not as described
952,OI0000010169,2025-07-29,3,Changed mind
953,OI0000010171,2025-07-28,2,Size/Fit issue
954,OI0000010190,2022-07-27,1,Wrong item delivered
955,OI0000010191,2022-07-21,2,Changed mind
956,OI0000010222,2023-01-09,1,Damaged item
957,OI0000010223,2023-01-13,1,Changed mind
958,OI0000010224,2022-04-22,1,Changed mind
959,OI0000010235,2022-04-27,1,Changed mind
960,OI0000010236,2022-05-03,1,Size/Fit issue
961,OI0000010252,2025-07-07,1,Size/Fit issue
962,OI0000010289,2021-11-24,1,Wrong item delivered
963,OI0000010290,2021-11-14,1,Size/Fit issue
964,OI0000010291,2021-11-24,1,Wrong item delivered
965,OI0000010292,2021-03-08,1,Wrong item delivered
966,OI0000010293,2021-03-09,2,Damaged item
967,OI0000010304,2024-01-15,2,Not as described
968,OI0000010309,2025-10-21,1,Changed mind
969,OI0000010310,2025-10-28,1,Changed mind
970,OI0000010314,2021-10-21,1,Changed mind
971,OI0000010315,2022-09-04,1,Size/Fit issue
972,OI0000010317,2022-09-06,1,Damaged item
973,OI0000010368,2022-11-11,1,Size/Fit issue
974,OI0000010369,2022-11-01,1,Not as described
975,OI0000010386,2025-09-19,1,Damaged item
976,OI0000010388,2025-09-19,1,Changed mind
977,OI0000010390,2023-11-04,1,Wrong item delivered
978,OI0000010405,2025-05-22,1,Size/Fit issue
979,OI0000010427,2023-12-23,1,Size/Fit issue
980,OI0000010428,2023-12-27,1,Not as described
981,OI0000010456,2021-12-31,1,Size/Fit issue
982,OI0000010457,2021-12-30,1,Wrong item delivered
983,OI0000010458,2023-01-05,1,Size/Fit issue
984,OI0000010459,2022-12-28,1,Damaged item
985,OI0000010460,2023-01-03,1,Not as described
986,OI0000010461,2023-06-25,1,Damaged item
987,OI0000010462,2023-06-28,1,Damaged item
988,OI0000010489,2025-06-17,1,Changed mind
989,OI0000010506,2023-02-07,1,Damaged item
990,OI0000010507,2023-02-10,1,Changed mind
991,OI0000010511,2022-05-06,1,Changed mind
992,OI0000010539,2021-09-18,1,Wrong item delivered
993,OI0000010561,2021-12-10,1,Wrong item delivered
994,OI0000010582,2025-10-03,1,Size/Fit issue
995,OI0000010583,2025-10-04,1,Size/Fit issue
996,OI0000010586,2022-08-05,1,Size/Fit issue
997,OI0000010597,2021-10-23,1,Size/Fit issue
998,OI0000010608,2022-05-08,1,Not as described
999,OI0000010609,2022-05-16,2,Not as described
1000,OI0000010638,2025-08-21,1,Size/Fit issue
1001,OI0000010643,2024-09-16,1,Not as described
1002,OI0000010644,2021-06-11,1,Changed mind
1003,OI0000010645,2021-06-17,1,Damaged item
1004,OI0000010666,2024-02-08,1,Size/Fit issue
1005,OI0000010676,2021-06-23,1,Wrong item delivered
1006,OI0000010681,2024-11-11,2,Size/Fit issue
1007,OI0000010688,2022-01-08,1,Not as described
1008,OI0000010695,2024-02-29,1,Damaged item
1009,OI0000010702,2023-01-19,1,Changed mind
1010,OI0000010703,2023-01-26,3,Damaged item
1011,OI0000010706,2023-02-17,1,Damaged item
1012,OI0000010751,2025-01-18,1,Size/Fit issue
1013,OI0000010767,2022-12-08,1,Size/Fit issue
1014,OI0000010768,2022-12-10,1,Not as described
1015,OI0000010780,2022-05-20,3,Changed mind
1016,OI0000010801,2021-06-05,1,Damaged item
1017,OI0000010822,2022-06-07,2,Damaged item
1018,OI0000010838,2021-05-09,1,Changed mind
1019,OI0000010844,2022-01-19,1,Size/Fit issue
1020,OI0000010865,2021-11-29,1,Damaged item
1021,OI0000010959,2022-10-09,1,Wrong item delivered
1022,OI0000011009,2025-01-23,2,Wrong item delivered
1023,OI0000011010,2025-01-23,1,Damaged item
1024,OI0000011011,2025-01-24,1,Not as described
1025,OI0000011035,2025-06-15,1,Damaged item
1026,OI0000011036,2025-06-18,1,Changed mind
1027,OI0000011037,2025-06-23,1,Size/Fit issue
1028,OI0000011049,2024-09-12,1,Not as described
1029,OI0000011051,2024-09-12,1,Wrong item delivered
1030,OI0000011152,2023-08-01,1,Changed mind
1031,OI0000011198,2023-03-02,1,Not as described
1032,OI0000011199,2023-03-07,1,Changed mind
1033,OI0000011211,2024-05-14,1,Wrong item delivered
1034,OI0000011212,2022-08-08,1,Wrong item delivered
1035,OI0000011213,2022-08-05,1,Changed mind
1036,OI0000011214,2022-08-06,1,Size/Fit issue
1037,OI0000011312,2023-06-11,1,Changed mind
1038,OI0000011314,2023-06-09,3,Not as described
1039,OI0000011319,2021-11-03,1,Changed mind
1040,OI0000011353,2024-06-06,2,Changed mind
1041,OI0000011354,2024-06-16,1,Damaged item
1042,OI0000011386,2023-10-30,1,Damaged item
1043,OI0000011388,2023-10-31,2,Size/Fit issue
1044,OI0000011404,2021-08-19,1,Damaged item
1045,OI0000011409,2022-10-28,1,Not as described
1046,OI0000011410,2022-10-27,1,Size/Fit issue
1047,OI0000011443,2024-05-22,2,Size/Fit issue
1048,OI0000011460,2025-07-03,2,Wrong item delivered
1049,OI0000011461,2025-07-01,2,Wrong item delivered
1050,OI0000011462,2025-06-29,2,Changed mind
1051,OI0000011480,2025-05-04,2,Size/Fit issue
1052,OI0000011481,2025-05-14,1,Wrong item delivered
1053,OI0000011482,2025-05-09,1,Wrong item delivered
1054,OI0000011511,2021-09-01,1,Damaged item
1055,OI0000011529,2025-08-27,1,Size/Fit issue
1056,OI0000011543,2025-09-06,1,Not as described
1057,OI0000011550,2024-08-15,1,Changed mind
1058,OI0000011565,2021-11-28,1,Wrong item delivered
1059,OI0000011567,2025-06-19,1,Damaged item
1060,OI0000011570,2024-09-18,1,Size/Fit issue
1061,OI0000011571,2024-09-18,1,Changed mind
1062,OI0000011573,2022-12-02,1,Changed mind
1063,OI0000011582,2021-02-25,1,Not as described
1064,OI0000011583,2021-02-20,2,Not as described
1065,OI0000011588,2021-05-21,1,Changed mind
1066,OI0000011596,2022-03-13,1,Size/Fit issue
1067,OI0000011597,2022-03-13,1,Wrong item delivered
1068,OI0000011598,2021-09-23,3,Changed mind
1069,OI0000011626,2024-02-28,1,Size/Fit issue
1070,OI0000011627,2024-03-05,1,Not as described
1071,OI0000011634,2023-11-25,1,Changed mind
1072,OI0000011635,2023-11-24,1,Damaged item
1073,OI0000011649,2024-12-08,1,Not as described
1074,OI0000011654,2025-11-04,1,Damaged item
1075,OI0000011676,2025-09-27,1,Changed mind
1076,OI0000011677,2025-09-26,2,Not as described
1077,OI0000011678,2025-09-25,1,Changed mind
1078,OI0000011683,2023-01-10,2,Damaged item
1079,OI0000011688,2022-06-07,1,Damaged item
1080,OI0000011692,2026-02-16,1,Damaged item
1081,OI0000011693,2026-02-17,1,Damaged item
1082,OI0000011694,2026-02-16,1,Damaged item
1083,OI0000011697,2022-04-25,1,Wrong item delivered
1084,OI0000011698,2022-04-27,1,Size/Fit issue
1085,OI0000011699,2022-04-29,1,Size/Fit issue
1086,OI0000011728,2023-11-08,1,Changed mind
1087,OI0000011729,2023-11-09,1,Not as described
1088,OI0000011738,2023-10-25,1,Changed mind
1089,OI0000011768,2023-10-08,1,Not as described
1090,OI0000011775,2022-11-19,1,Size/Fit issue
1091,OI0000011804,2024-05-18,1,Size/Fit issue
1092,OI0000011817,2022-02-24,1,Wrong item delivered
1093,OI0000011819,2024-06-16,1,Changed mind
1094,OI0000011820,2024-06-16,1,Size/Fit issue
1095,OI0000011851,2025-05-17,1,Changed mind
1096,OI0000011852,2023-11-06,1,Damaged item
1097,OI0000011853,2023-10-30,2,Changed mind
1098,OI0000011866,2022-01-05,1,Size/Fit issue
1099,OI0000011881,2021-08-03,1,Size/Fit issue
1100,OI0000011882,2021-08-05,1,Not as described
1101,OI0000011902,2025-04-16,1,Changed mind
1102,OI0000011903,2025-04-19,1,Wrong item delivered
1103,OI0000011923,2024-07-13,1,Not as described
1104,OI0000011924,2024-07-10,1,Not as described
1105,OI0000011925,2024-07-10,1,Damaged item
1106,OI0000011943,2025-03-21,1,Size/Fit issue
1107,OI0000011944,2025-03-19,1,Not as described
1108,OI0000011945,2025-03-26,1,Wrong item delivered
1109,OI0000011969,2025-07-05,3,Damaged item
1110,OI0000011970,2025-07-04,1,Damaged item
1111,OI0000011980,2023-12-27,1,Damaged item
1112,OI0000011981,2023-12-25,1,Damaged item
1113,OI0000011982,2023-12-25,1,Damaged item
1114,OI0000012003,2021-10-12,1,Size/Fit issue
1115,OI0000012029,2021-02-24,1,Changed mind
1116,OI0000012030,2021-02-19,1,Size/Fit issue
1117,OI0000012038,2025-09-25,1,Size/Fit issue
1118,OI0000012068,2023-09-17,1,Changed mind
1119,OI0000012085,2025-03-04,1,Changed mind
1120,OI0000012116,2024-01-23,1,Size/Fit issue
1121,OI0000012121,2023-03-24,1,Wrong item delivered
1122,OI0000012125,2024-06-09,1,Not as described
1123,OI0000012126,2024-06-09,2,Not as described
1124,OI0000012139,2024-04-13,1,Changed mind
1125,OI0000012140,2024-04-20,2,Not as described
1126,OI0000012146,2021-07-28,1,Not as described
1127,OI0000012147,2021-07-30,2,Size/Fit issue
1128,OI0000012165,2021-09-06,1,Changed mind
1129,OI0000012210,2025-10-02,1,Changed mind
1130,OI0000012240,2025-04-01,1,Changed mind
1131,OI0000012262,2021-10-26,1,Damaged item
1132,OI0000012263,2021-10-25,1,Damaged item
1133,OI0000012298,2024-06-26,1,Not as described
1134,OI0000012300,2024-06-24,2,Changed mind
1135,OI0000012318,2025-11-02,1,Damaged item
1136,OI0000012321,2024-12-08,1,Damaged item
1137,OI0000012322,2024-12-12,1,Not as described
1138,OI0000012326,2022-04-25,1,Wrong item delivered
1139,OI0000012327,2022-05-01,1,Not as described
1140,OI0000012331,2021-07-23,1,Wrong item delivered
1141,OI0000012332,2021-07-19,1,Size/Fit issue
1142,OI0000012349,2023-12-11,1,Changed mind
1143,OI0000012369,2021-12-17,2,Wrong item delivered
1144,OI0000012370,2021-12-18,1,Not as described
1145,OI0000012382,2025-09-23,1,Wrong item delivered
1146,OI0000012392,2021-11-02,1,Not as described
1147,OI0000012393,2022-07-11,1,Wrong item delivered
1148,OI0000012395,2022-07-10,1,Size/Fit issue
1149,OI0000012396,2025-04-27,1,Wrong item delivered
1150,OI0000012407,2026-01-31,1,Damaged item
1151,OI0000012411,2025-09-21,1,Damaged item
1152,OI0000012423,2025-11-23,1,Wrong item delivered
1153,OI0000012424,2025-11-16,1,Changed mind
1154,OI0000012425,2025-03-31,1,Wrong item delivered
1155,OI0000012435,2024-03-08,1,Damaged item
1156,OI0000012436,2024-03-09,2,Wrong item delivered
1157,OI0000012448,2025-01-24,3,Not as described
1158,OI0000012449,2025-01-29,1,Damaged item
1159,OI0000012486,2023-12-13,1,Size/Fit issue
1160,OI0000012507,2023-03-22,1,Damaged item
1161,OI0000012508,2023-03-23,1,Size/Fit issue
1162,OI0000012545,2025-04-24,2,Changed mind
1163,OI0000012580,2023-03-22,1,Wrong item delivered
1164,OI0000012581,2023-03-14,1,Not as described
1165,OI0000012587,2023-01-13,3,Wrong item delivered
1166,OI0000012588,2023-01-12,1,Not as described
1167,OI0000012634,2025-11-28,1,Wrong item delivered
1168,OI0000012636,2021-10-22,1,Not as described
1169,OI0000012637,2024-02-27,1,Not as described
1170,OI0000012643,2022-11-10,1,Damaged item
1171,OI0000012644,2022-11-08,3,Size/Fit issue
1172,OI0000012645,2023-01-01,1,Not as described
1173,OI0000012650,2022-10-05,1,Size/Fit issue
1174,OI0000012651,2023-05-04,1,Damaged item
1175,OI0000012726,2025-02-20,1,Wrong item delivered
1176,OI0000012763,2024-06-10,1,Wrong item delivered
1177,OI0000012764,2024-06-07,1,Damaged item
1178,OI0000012765,2024-06-10,1,Damaged item
1179,OI0000012769,2025-10-09,1,Size/Fit issue
1180,OI0000012771,2022-01-19,1,Not as described
1181,OI0000012772,2022-01-14,1,Changed mind
1182,OI0000012773,2022-01-16,1,Not as described
1183,OI0000012802,2025-10-18,1,Damaged item
1184,OI0000012804,2021-06-02,1,Wrong item delivered
1185,OI0000012820,2024-08-23,1,Wrong item delivered
1186,OI0000012835,2025-02-18,1,Changed mind
1187,OI0000012842,2023-10-15,1,Not as described
1188,OI0000012843,2023-10-14,1,Not as described
1189,OI0000012870,2022-10-06,1,Changed mind
1190,OI0000012871,2022-10-07,1,Changed mind
1191,OI0000012872,2022-10-11,1,Wrong item delivered
1192,OI0000012911,2022-01-12,1,Changed mind
1193,OI0000012912,2022-01-18,2,Not as described
1194,OI0000012933,2025-01-06,1,Size/Fit issue
1195,OI0000012944,2025-08-30,1,Damaged item
1196,OI0000012976,2021-05-29,1,Not as described
1197,OI0000013014,2024-11-10,1,Size/Fit issue
1198,OI0000013015,2024-02-15,1,Size/Fit issue
1199,OI0000013016,2024-02-25,1,Wrong item delivered
1200,OI0000013017,2024-02-21,1,Not as described
1201,OI0000013020,2021-10-15,1,Wrong item delivered
1202,OI0000013032,2023-09-29,1,Size/Fit issue
1203,OI0000013033,2023-09-21,1,Wrong item delivered
1204,OI0000013047,2022-03-10,1,Changed mind
1205,OI0000013053,2022-08-10,1,Damaged item
1206,OI0000013054,2022-08-03,2,Size/Fit issue
1207,OI0000013059,2024-08-07,1,Size/Fit issue
1208,OI0000013065,2023-04-14,1,Damaged item
1209,OI0000013066,2023-04-16,1,Not as described
1210,OI0000013139,2024-11-28,1,Wrong item delivered
1211,OI0000013204,2021-03-25,1,Changed mind
1212,OI0000013205,2021-03-20,1,Not as described
1213,OI0000013236,2023-04-30,1,Wrong item delivered
1214,OI0000013237,2023-04-27,1,Changed mind
1215,OI0000013238,2023-04-21,1,Changed mind
1216,OI0000013239,2022-09-12,1,Wrong item delivered
1217,OI0000013246,2022-01-09,3,Wrong item delivered
1218,OI0000013247,2024-04-03,1,Changed mind
1219,OI0000013248,2025-04-11,1,Size/Fit issue
1220,OI0000013249,2025-04-15,1,Damaged item
1221,OI0000013295,2024-02-12,1,Not as described
1222,OI0000013340,2023-11-22,1,Size/Fit issue
1223,OI0000013347,2022-04-17,1,Not as described
1224,OI0000013348,2022-04-21,1,Changed mind
1225,OI0000013353,2024-05-03,2,Not as described
1226,OI0000013354,2024-05-09,1,Size/Fit issue
1227,OI0000013362,2026-02-22,1,Not as described
1228,OI0000013367,2023-11-02,1,Not as described
1229,OI0000013385,2026-01-29,1,Changed mind
1230,OI0000013386,2026-01-19,1,Changed mind
1231,OI0000013393,2025-07-10,1,Wrong item delivered
1232,OI0000013419,2022-09-26,1,Damaged item
1233,OI0000013420,2022-09-25,1,Changed mind
1234,OI0000013430,2025-02-11,2,Damaged item
1235,OI0000013431,2025-02-07,1,Damaged item
1236,OI0000013438,2021-08-04,1,Size/Fit issue
1237,OI0000013439,2021-08-06,2,Changed mind
1238,OI0000013490,2022-12-16,1,Size/Fit issue
1239,OI0000013498,2025-07-21,1,Not as described
1240,OI0000013513,2021-08-06,1,Not as described
1241,OI0000013533,2022-04-04,1,Size/Fit issue
1242,OI0000013549,2023-07-07,1,Damaged item
1243,OI0000013569,2021-05-19,1,Changed mind
1244,OI0000013578,2025-02-26,1,Not as described
1245,OI0000013579,2025-02-20,1,Size/Fit issue
1246,OI0000013601,2023-03-23,1,Damaged item
1247,OI0000013602,2023-03-23,1,Size/Fit issue
1248,OI0000013627,2022-06-25,1,Wrong item delivered
1249,OI0000013628,2022-06-27,1,Size/Fit issue
1250,OI0000013629,2022-07-01,1,Changed mind
1251,OI0000013674,2024-07-05,1,Damaged item
1252,OI0000013703,2022-09-22,1,Wrong item delivered
1253,OI0000013707,2022-01-06,2,Not as described
1254,OI0000013708,2022-01-01,1,Size/Fit issue
1255,OI0000013711,2022-12-13,1,Damaged item
1256,OI0000013712,2022-12-16,1,Not as described
1257,OI0000013738,2024-04-13,1,Size/Fit issue
1258,OI0000013748,2023-11-11,1,Wrong item delivered
1259,OI0000013752,2025-07-09,1,Not as described
1260,OI0000013753,2025-07-01,1,Size/Fit issue
1261,OI0000013754,2024-09-25,2,Changed mind
1262,OI0000013760,2023-04-02,1,Damaged item
1263,OI0000013761,2023-04-03,1,Damaged item
1264,OI0000013765,2022-11-10,1,Changed mind
1265,OI0000013813,2022-03-25,1,Damaged item
1266,OI0000013826,2025-04-24,2,Changed mind
1267,OI0000013883,2021-03-03,2,Not as described
1268,OI0000013906,2025-09-09,1,Size/Fit issue
1269,OI0000013907,2025-09-13,2,Size/Fit issue
1270,OI0000013908,2025-09-10,1,Not as described
1271,OI0000013923,2023-04-07,2,Damaged item
1272,OI0000013924,2023-03-30,1,Not as described
1273,OI0000013926,2023-12-11,1,Not as described
1274,OI0000013927,2023-09-23,1,Damaged item
1275,OI0000013929,2025-09-06,1,Wrong item delivered
1276,OI0000013933,2022-05-01,1,Damaged item
1277,OI0000013934,2022-04-30,1,Changed mind
1278,OI0000013936,2023-03-30,1,Not as described
1279,OI0000013937,2023-03-29,1,Size/Fit issue
1280,OI0000013967,2025-09-03,1,Damaged item
1281,OI0000013973,2021-05-23,1,Size/Fit issue
1282,OI0000013974,2021-05-31,1,Wrong item delivered
1283,OI0000013979,2025-06-10,1,Changed mind
1284,OI0000013994,2024-01-05,1,Not as described
1285,OI0000013995,2024-01-09,1,Wrong item delivered
1286,OI0000013996,2024-01-06,1,Changed mind
1287,OI0000013997,2024-09-08,1,Not as described
1288,OI0000013998,2024-09-06,1,Not as described
1289,OI0000014002,2024-04-03,1,Size/Fit issue
1290,OI0000014003,2024-03-26,1,Size/Fit issue
1291,OI0000014018,2025-09-05,1,Size/Fit issue
1292,OI0000014019,2025-09-09,2,Changed mind
1293,OI0000014020,2025-09-02,2,Damaged item
1294,OI0000014035,2022-04-18,2,Changed mind
1295,OI0000014052,2022-08-31,1,Changed mind
1296,OI0000014086,2025-02-15,2,Size/Fit issue
1297,OI0000014105,2023-06-15,1,Wrong item delivered
1298,OI0000014109,2024-08-12,1,Wrong item delivered
1299,OI0000014135,2021-11-01,1,Damaged item
1300,OI0000014138,2023-01-01,1,Changed mind
1301,OI0000014139,2023-01-05,1,Size/Fit issue
1302,OI0000014146,2023-10-05,1,Not as described
1303,OI0000014147,2023-10-07,1,Wrong item delivered
1304,OI0000014167,2025-04-03,1,Wrong item delivered
1305,OI0000014253,2021-04-14,3,Not as described
1306,OI0000014255,2021-04-17,1,Wrong item delivered
1307,OI0000014267,2025-09-11,2,Damaged item
1308,OI0000014268,2025-09-09,1,Damaged item
1309,OI0000014299,2021-10-28,1,Wrong item delivered
1310,OI0000014300,2021-10-22,1,Not as described
1311,OI0000014329,2022-09-15,2,Changed mind
1312,OI0000014332,2023-08-15,1,Changed mind
1313,OI0000014333,2024-01-28,1,Not as described
1314,OI0000014345,2024-08-25,1,Wrong item delivered
1315,OI0000014349,2023-04-24,1,Wrong item delivered
1316,OI0000014350,2023-04-23,1,Not as described
1317,OI0000014372,2022-11-30,2,Damaged item
1318,OI0000014391,2022-06-30,1,Wrong item delivered
1319,OI0000014392,2022-07-07,1,Damaged item
1320,OI0000014407,2024-06-04,1,Size/Fit issue
1321,OI0000014408,2024-06-06,1,Not as described
1322,OI0000014409,2024-06-06,1,Size/Fit issue
1323,OI0000014412,2022-08-22,1,Changed mind
1324,OI0000014415,2021-11-10,1,Damaged item
1325,OI0000014433,2025-05-18,1,Not as described
1326,OI0000014434,2025-05-16,1,Wrong item delivered
1327,OI0000014456,2024-05-06,1,Changed mind
1328,OI0000014457,2024-05-15,1,Damaged item
1329,OI0000014525,2022-07-09,3,Not as described
1330,OI0000014576,2022-04-30,1,Changed mind
1331,OI0000014577,2022-05-02,1,Changed mind
1332,OI0000014583,2021-05-28,1,Size/Fit issue
1333,OI0000014584,2021-05-28,1,Not as described
1334,OI0000014585,2021-05-27,1,Wrong item delivered
1335,OI0000014590,2025-12-03,1,Changed mind
1336,OI0000014597,2025-01-10,1,Changed mind
1337,OI0000014603,2023-05-15,1,Damaged item
1338,OI0000014626,2025-12-12,1,Damaged item
1339,OI0000014627,2025-12-15,1,Not as described
1340,OI0000014628,2025-12-08,1,Damaged item
1341,OI0000014634,2023-12-12,2,Changed mind
1342,OI0000014647,2021-07-28,1,Damaged item
1343,OI0000014660,2025-03-08,2,Damaged item
1344,OI0000014661,2025-03-09,1,Changed mind
1345,OI0000014670,2021-10-29,1,Damaged item
1346,OI0000014671,2021-10-25,1,Damaged item
1347,OI0000014692,2024-10-06,2,Damaged item
1348,OI0000014712,2023-07-28,1,Changed mind
1349,OI0000014733,2025-10-14,1,Damaged item
1350,OI0000014735,2025-03-31,1,Wrong item delivered
1351,OI0000014736,2025-03-31,1,Changed mind
1352,OI0000014741,2023-03-13,2,Changed mind
1353,OI0000014757,2022-10-16,1,Wrong item delivered
1354,OI0000014764,2021-10-25,1,Not as described
1355,OI0000014790,2024-02-16,1,Not as described
1356,OI0000014806,2023-11-04,1,Size/Fit issue
1357,OI0000014812,2022-10-05,1,Size/Fit issue
1358,OI0000014813,2024-02-14,1,Not as described
1359,OI0000014821,2021-06-02,1,Wrong item delivered
1360,OI0000014822,2021-06-06,1,Damaged item
1361,OI0000014823,2021-06-06,1,Wrong item delivered
1362,OI0000014875,2022-03-17,1,Wrong item delivered
1363,OI0000014876,2025-01-10,1,Size/Fit issue
1364,OI0000014877,2025-01-15,1,Size/Fit issue
1365,OI0000014878,2025-01-05,1,Size/Fit issue
1366,OI0000014886,2022-06-01,1,Changed mind
1367,OI0000014887,2022-06-09,1,Wrong item delivered
1368,OI0000014890,2021-04-20,1,Size/Fit issue
1369,OI0000014891,2021-04-21,1,Changed mind
1370,OI0000014909,2024-01-22,1,Damaged item
1371,OI0000014910,2024-01-25,1,Not as described
1372,OI0000014929,2025-02-28,1,Damaged item
1373,OI0000014930,2025-02-21,1,Size/Fit issue
1374,OI0000014935,2021-04-29,1,Not as described
1375,OI0000014940,2023-07-19,2,Damaged item
1376,OI0000014942,2022-03-13,1,Changed mind
1377,OI0000014990,2021-04-20,2,Changed mind
1378,OI0000014991,2021-04-27,1,Changed mind
1379,OI0000014992,2021-04-20,1,Wrong item delivered
1380,OI0000015007,2024-07-19,1,Size/Fit issue
1381,OI0000015045,2021-04-10,1,Size/Fit issue
1382,OI0000015063,2024-09-12,1,Changed mind
1383,OI0000015064,2024-09-05,3,Wrong item delivered
1384,OI0000015065,2021-06-20,3,Not as described
1385,OI0000015066,2021-06-14,1,Damaged item
1386,OI0000015068,2025-12-13,1,Changed mind
1387,OI0000015089,2025-04-09,1,Not as described
1388,OI0000015090,2025-04-09,2,Damaged item
1389,OI0000015091,2025-04-13,1,Size/Fit issue
1390,OI0000015092,2024-05-01,1,Changed mind
1391,OI0000015101,2025-04-20,1,Wrong item delivered
1392,OI0000015122,2021-06-16,2,Damaged item
1393,OI0000015123,2021-06-21,1,Wrong item delivered
1394,OI0000015124,2021-06-15,2,Changed mind
1395,OI0000015154,2023-08-08,1,Changed mind
1396,OI0000015156,2023-08-13,1,Size/Fit issue
1397,OI0000015179,2024-02-06,2,Wrong item delivered
1398,OI0000015180,2024-02-04,1,Not as described
1399,OI0000015181,2024-02-08,3,Damaged item
1400,OI0000015183,2021-06-14,2,Size/Fit issue
1401,OI0000015204,2023-12-15,1,Not as described
1402,OI0000015223,2026-01-06,1,Not as described
1403,OI0000015233,2021-09-29,1,Size/Fit issue
1404,OI0000015234,2021-10-02,1,Size/Fit issue
1405,OI0000015244,2022-01-11,1,Size/Fit issue
1406,OI0000015245,2023-11-24,2,Size/Fit issue
1407,OI0000015254,2024-07-05,1,Damaged item
1408,OI0000015264,2023-06-04,3,Size/Fit issue
1409,OI0000015265,2023-06-06,2,Damaged item
1410,OI0000015273,2023-12-27,1,Damaged item
1411,OI0000015283,2025-04-24,1,Wrong item delivered
1412,OI0000015327,2021-06-09,1,Damaged item
1413,OI0000015328,2021-06-07,1,Damaged item
1414,OI0000015329,2021-06-03,2,Damaged item
1415,OI0000015335,2024-08-31,1,Size/Fit issue
1416,OI0000015336,2024-09-02,3,Damaged item
1417,OI0000015340,2022-12-21,2,Changed mind
1418,OI0000015345,2023-05-13,1,Not as described
1419,OI0000015350,2022-05-18,1,Changed mind
1420,OI0000015351,2022-05-18,1,Changed mind
1421,OI0000015352,2022-05-26,2,Wrong item delivered
1422,OI0000015354,2025-12-27,1,Wrong item delivered
1423,OI0000015355,2026-01-06,1,Size/Fit issue
1424,OI0000015356,2025-12-27,1,Changed mind
1425,OI0000015357,2023-07-10,1,Not as described
1426,OI0000015362,2021-09-15,1,Damaged item
1427,OI0000015371,2024-11-08,1,Not as described
1428,OI0000015372,2024-11-12,1,Damaged item
1429,OI0000015377,2023-01-29,1,Not as described
1430,OI0000015407,2024-05-11,1,Damaged item
1431,OI0000015411,2022-01-14,1,Not as described
1432,OI0000015412,2022-01-13,1,Wrong item delivered
1433,OI0000015440,2026-01-11,1,Wrong item delivered
1434,OI0000015444,2022-08-25,2,Wrong item delivered
1435,OI0000015445,2022-08-26,2,Size/Fit issue
1436,OI0000015451,2022-04-08,2,Damaged item
1437,OI0000015452,2022-04-03,1,Not as described
1438,OI0000015492,2023-11-21,1,Wrong item delivered
1439,OI0000015495,2023-04-26,1,Size/Fit issue
1440,OI0000015504,2021-07-19,1,Damaged item
1441,OI0000015513,2024-01-09,2,Changed mind
1442,OI0000015542,2021-12-28,1,Size/Fit issue
1443,OI0000015550,2022-07-27,1,Damaged item
1444,OI0000015551,2022-07-21,1,Changed mind
1445,OI0000015552,2022-07-24,1,Size/Fit issue
1446,OI0000015559,2024-03-14,1,Not as described
1447,OI0000015562,2025-12-16,1,Size/Fit issue
1448,OI0000015566,2021-09-25,1,Damaged item
1449,OI0000015590,2024-10-23,1,Wrong item delivered
1450,OI0000015591,2024-10-19,1,Not as described
1451,OI0000015629,2023-10-22,1,Changed mind
1452,OI0000015637,2021-07-29,1,Not as described
1453,OI0000015638,2021-08-03,1,Size/Fit issue
1454,OI0000015639,2021-07-26,1,Wrong item delivered
1455,OI0000015646,2025-02-15,1,Not as described
1456,OI0000015647,2025-02-12,2,Damaged item
1457,OI0000015648,2022-01-14,1,Damaged item
1458,OI0000015656,2022-06-11,1,Size/Fit issue
1459,OI0000015657,2022-06-05,1,Size/Fit issue
1460,OI0000015658,2021-02-21,1,Size/Fit issue
1461,OI0000015663,2022-11-02,1,Size/Fit issue
1462,OI0000015675,2023-03-08,2,Not as described
1463,OI0000015709,2021-12-20,1,Changed mind
1464,OI0000015720,2025-08-01,1,Size/Fit issue
1465,OI0000015721,2025-08-04,1,Wrong item delivered
1466,OI0000015725,2022-11-16,1,Size/Fit issue
1467,OI0000015726,2022-11-12,1,Size/Fit issue
1468,OI0000015745,2023-06-30,1,Changed mind
1469,OI0000015747,2024-05-01,1,Size/Fit issue
1470,OI0000015760,2022-02-26,1,Changed mind
1471,OI0000015777,2026-01-21,1,Not as described
1472,OI0000015784,2025-10-06,1,Wrong item delivered
1473,OI0000015788,2022-10-11,1,Size/Fit issue
1474,OI0000015799,2023-02-18,1,Size/Fit issue
1475,OI0000015801,2023-02-15,1,Not as described
1476,OI0000015802,2023-02-16,1,Wrong item delivered
1477,OI0000015804,2021-04-28,1,Size/Fit issue
1478,OI0000015805,2021-04-20,1,Damaged item
1479,OI0000015853,2024-12-02,1,Not as described
1480,OI0000015867,2021-03-02,1,Size/Fit issue
1481,OI0000015882,2024-11-20,1,Size/Fit issue
1482,OI0000015891,2023-07-03,1,Size/Fit issue
1483,OI0000015892,2023-07-09,1,Changed mind
1484,OI0000015900,2024-06-20,1,Damaged item
1485,OI0000015901,2024-06-10,1,Not as described
1486,OI0000015929,2025-05-30,1,Changed mind
1487,OI0000015930,2025-05-29,1,Changed mind
1488,OI0000015931,2025-06-08,1,Changed mind
1489,OI0000015945,2022-08-31,1,Wrong item delivered
1490,OI0000015973,2022-07-16,1,Damaged item
1491,OI0000015982,2021-06-30,1,Damaged item
1492,OI0000015991,2023-07-11,1,Changed mind
1493,OI0000015995,2022-08-12,1,Damaged item
1494,OI0000015996,2022-08-13,1,Wrong item delivered
1495,OI0000016022,2021-09-15,1,Damaged item
1496,OI0000016028,2023-10-13,1,Wrong item delivered
1497,OI0000016057,2021-06-13,1,Changed mind
1498,OI0000016070,2021-12-17,2,Size/Fit issue
1499,OI0000016071,2021-12-12,1,Size/Fit issue
1500,OI0000016120,2024-11-12,2,Wrong item delivered
1501,OI0000016145,2025-11-11,1,Damaged item
1502,OI0000016146,2025-11-12,1,Damaged item
1503,OI0000016172,2024-05-11,1,Damaged item
1504,OI0000016173,2024-05-05,1,Size/Fit issue
1505,OI0000016183,2022-10-17,1,Changed mind
1506,OI0000016184,2022-10-09,1,Not as described
1507,OI0000016187,2025-04-15,2,Wrong item delivered
1508,OI0000016192,2024-04-26,1,Wrong item delivered
1509,OI0000016195,2025-01-26,1,Size/Fit issue
1510,OI0000016196,2025-01-29,1,Wrong item delivered
1511,OI0000016207,2024-02-18,1,Wrong item delivered
1512,OI0000016208,2024-02-11,1,Damaged item
1513,OI0000016214,2021-03-18,1,Damaged item
1514,OI0000016216,2021-03-26,1,Changed mind
1515,OI0000016217,2023-06-14,1,Damaged item
1516,OI0000016261,2022-07-30,1,Changed mind
1517,OI0000016263,2022-07-29,1,Changed mind
1518,OI0000016286,2023-05-03,1,Wrong item delivered
1519,OI0000016287,2023-05-08,1,Not as described
1520,OI0000016313,2024-02-17,1,Wrong item delivered
1521,OI0000016314,2024-02-25,1,Size/Fit issue
1522,OI0000016315,2024-02-22,2,Size/Fit issue
1523,OI0000016320,2024-08-18,1,Size/Fit issue
1524,OI0000016321,2024-08-21,1,Size/Fit issue
1525,OI0000016363,2023-02-28,2,Changed mind
1526,OI0000016367,2021-04-06,1,Wrong item delivered
1527,OI0000016390,2025-11-16,1,Not as described
1528,OI0000016391,2025-11-12,1,Wrong item delivered
1529,OI0000016405,2022-01-28,3,Size/Fit issue
1530,OI0000016406,2022-01-26,1,Not as described
1531,OI0000016412,2024-08-12,1,Size/Fit issue
1532,OI0000016419,2023-07-16,1,Size/Fit issue
1533,OI0000016420,2023-07-15,1,Wrong item delivered
1534,OI0000016421,2023-07-09,2,Size/Fit issue
1535,OI0000016428,2022-02-02,1,Not as described
1536,OI0000016429,2022-02-01,1,Changed mind
1537,OI0000016434,2022-10-05,1,Not as described
1538,OI0000016435,2022-10-07,1,Wrong item delivered
1539,OI0000016437,2025-09-18,1,Changed mind
1540,OI0000016447,2023-03-22,1,Not as described
1541,OI0000016456,2021-02-25,1,Not as described
1542,OI0000016465,2022-02-06,3,Wrong item delivered
1543,OI0000016466,2021-08-27,1,Size/Fit issue
1544,OI0000016479,2022-11-30,1,Size/Fit issue
1545,OI0000016481,2023-08-09,1,Not as described
1546,OI0000016482,2023-08-13,1,Wrong item delivered
1547,OI0000016498,2025-04-21,1,Changed mind
1548,OI0000016500,2023-01-23,1,Wrong item delivered
1549,OI0000016501,2023-01-26,1,Changed mind
1550,OI0000016502,2025-11-24,1,Wrong item delivered
1551,OI0000016503,2025-11-27,1,Not as described
1552,OI0000016517,2024-08-31,1,Size/Fit issue
1553,OI0000016518,2024-09-05,1,Damaged item
1554,OI0000016519,2024-09-05,1,Not as described
1555,OI0000016574,2023-05-10,1,Changed mind
1556,OI0000016575,2023-05-05,1,Size/Fit issue
1557,OI0000016587,2024-09-07,1,Size/Fit issue
1558,OI0000016595,2022-11-04,1,Changed mind
1559,OI0000016608,2025-03-16,1,Changed mind
1560,OI0000016651,2022-09-02,1,Not as described
1561,OI0000016652,2022-09-03,1,Size/Fit issue
1562,OI0000016700,2023-03-26,1,Wrong item delivered
1563,OI0000016748,2024-02-23,1,Damaged item
1564,OI0000016790,2022-11-09,1,Wrong item delivered
1565,OI0000016795,2024-11-08,1,Damaged item
1566,OI0000016796,2022-08-07,1,Wrong item delivered
1567,OI0000016802,2023-08-03,1,Damaged item
1568,OI0000016803,2023-08-09,1,Wrong item delivered
1569,OI0000016806,2024-02-24,1,Damaged item
1570,OI0000016807,2024-02-20,2,Damaged item
1571,OI0000016808,2021-08-11,1,Changed mind
1572,OI0000016810,2022-07-12,2,Changed mind
1573,OI0000016848,2023-10-02,1,Changed mind
1574,OI0000016869,2026-02-07,1,Size/Fit issue
1575,OI0000016876,2023-04-07,1,Wrong item delivered
1576,OI0000016895,2021-08-20,1,Not as described
1577,OI0000016905,2023-05-12,2,Size/Fit issue
1578,OI0000016908,2022-10-22,1,Not as described
1579,OI0000016924,2021-05-28,1,Size/Fit issue
1580,OI0000016953,2022-10-11,1,Wrong item delivered
1581,OI0000016999,2024-12-04,1,Size/Fit issue
1582,OI0000017000,2024-12-03,1,Wrong item delivered
1583,OI0000017014,2023-02-15,2,Wrong item delivered
1584,OI0000017015,2021-10-20,1,Changed mind
1585,OI0000017016,2021-10-15,1,Damaged item
1586,OI0000017017,2021-10-20,1,Size/Fit issue
1587,OI0000017075,2026-01-23,2,Damaged item
1588,OI0000017076,2026-01-14,1,Wrong item delivered
1589,OI0000017089,2025-04-30,1,Size/Fit issue
1590,OI0000017090,2024-06-13,1,Changed mind
1591,OI0000017097,2023-06-08,1,Damaged item
1592,OI0000017098,2023-06-06,1,Wrong item delivered
1593,OI0000017104,2021-10-10,1,Changed mind
1594,OI0000017106,2022-12-20,1,Not as described
1595,OI0000017136,2022-06-24,1,Changed mind
1596,OI0000017137,2022-06-25,1,Wrong item delivered
1597,OI0000017140,2024-12-30,1,Changed mind
1598,OI0000017141,2024-12-27,1,Wrong item delivered
1599,OI0000017147,2023-03-01,1,Size/Fit issue
1600,OI0000017154,2021-06-27,1,Not as described
1601,OI0000017156,2022-11-08,2,Wrong item delivered
1602,OI0000017157,2022-11-02,1,Changed mind
1603,OI0000017178,2024-12-20,2,Damaged item
1604,OI0000017203,2024-12-18,1,Size/Fit issue
1605,OI0000017204,2024-12-10,1,Damaged item
1606,OI0000017212,2024-02-17,1,Changed mind
1607,OI0000017213,2024-02-11,1,Size/Fit issue
1608,OI0000017222,2021-08-10,1,Damaged item
1609,OI0000017223,2021-08-13,1,Changed mind
1610,OI0000017224,2021-08-18,1,Damaged item
1611,OI0000017230,2023-01-17,1,Size/Fit issue
1612,OI0000017231,2023-01-19,2,Damaged item
1613,OI0000017232,2023-01-25,1,Not as described
1614,OI0000017235,2025-01-23,1,Not as described
1615,OI0000017252,2024-06-05,1,Damaged item
1616,OI0000017267,2022-08-09,1,Damaged item
1617,OI0000017270,2023-12-03,1,Damaged item
1618,OI0000017285,2022-02-09,3,Size/Fit issue
1619,OI0000017303,2021-08-07,2,Size/Fit issue
1620,OI0000017315,2024-09-25,2,Damaged item
1621,OI0000017316,2024-09-26,1,Damaged item
1622,OI0000017317,2024-09-30,1,Changed mind
1623,OI0000017337,2025-10-09,1,Not as described
1624,OI0000017338,2025-10-17,1,Damaged item
1625,OI0000017375,2024-08-31,1,Not as described
1626,OI0000017376,2024-08-28,1,Not as described
1627,OI0000017392,2025-08-25,1,Not as described
1628,OI0000017393,2025-08-26,1,Damaged item
1629,OI0000017394,2022-12-29,1,Damaged item
1630,OI0000017402,2024-08-11,2,Not as described
1631,OI0000017403,2022-12-02,1,Wrong item delivered
1632,OI0000017404,2022-12-10,1,Changed mind
1633,OI0000017417,2021-09-21,1,Size/Fit issue
1634,OI0000017422,2022-01-25,1,Changed mind
1635,OI0000017423,2022-02-02,1,Size/Fit issue
1636,OI0000017433,2022-05-26,1,Damaged item
1637,OI0000017454,2023-10-17,1,Wrong item delivered
1638,OI0000017455,2023-10-15,1,Changed mind
1639,OI0000017457,2024-01-22,1,Size/Fit issue
1640,OI0000017458,2024-01-19,1,Changed mind
1641,OI0000017460,2022-05-03,1,Damaged item
1642,OI0000017461,2022-05-05,1,Not as described
1643,OI0000017467,2021-09-23,1,Not as described
1644,OI0000017508,2021-09-12,1,Size/Fit issue
1645,OI0000017525,2025-07-26,1,Wrong item delivered
1646,OI0000017527,2023-01-30,1,Damaged item
1647,OI0000017553,2025-08-03,1,Damaged item
1648,OI0000017554,2025-08-03,1,Size/Fit issue
1649,OI0000017585,2021-06-27,1,Not as described
1650,OI0000017600,2023-03-31,1,Not as described
1651,OI0000017611,2023-12-28,1,Size/Fit issue
1652,OI0000017645,2025-07-08,1,Wrong item delivered
1653,OI0000017653,2023-09-01,2,Not as described
1654,OI0000017686,2025-12-20,1,Damaged item
1655,OI0000017687,2025-12-24,1,Size/Fit issue
1656,OI0000017689,2022-06-19,1,Not as described
1657,OI0000017690,2022-06-27,1,Changed mind
1658,OI0000017699,2022-02-07,1,Size/Fit issue
1659,OI0000017700,2022-02-08,1,Size/Fit issue
1660,OI0000017702,2025-03-30,1,Wrong item delivered
1661,OI0000017706,2022-04-02,1,Size/Fit issue
1662,OI0000017707,2022-04-12,1,Size/Fit issue
1663,OI0000017715,2021-07-11,1,Not as described
1664,OI0000017743,2022-09-19,1,Changed mind
1665,OI0000017752,2021-05-31,1,Wrong item delivered
1666,OI0000017753,2024-07-22,1,Not as described
1667,OI0000017754,2024-07-27,1,Wrong item delivered
1668,OI0000017790,2025-09-16,1,Not as described
1669,OI0000017841,2025-09-08,1,Not as described
1670,OI0000017882,2023-11-14,3,Damaged item
1671,OI0000017886,2021-12-26,2,Size/Fit issue
1672,OI0000017904,2024-05-16,2,Size/Fit issue
1673,OI0000017908,2023-12-20,1,Damaged item
1674,OI0000017909,2023-12-23,1,Changed mind
1675,OI0000017968,2023-02-26,1,Wrong item delivered
1676,OI0000017979,2026-01-22,1,Not as described
1677,OI0000017980,2026-01-15,1,Damaged item
1678,OI0000017989,2022-12-28,1,Not as described
1679,OI0000017990,2022-12-27,1,Damaged item
1680,OI0000017998,2022-01-16,1,Not as described
1681,OI0000018043,2026-02-11,1,Damaged item
1682,OI0000018044,2026-02-11,1,Wrong item delivered
1683,OI0000018045,2026-02-10,1,Damaged item
1684,OI0000018053,2023-10-07,1,Wrong item delivered
1685,OI0000018054,2023-09-29,1,Changed mind
1686,OI0000018074,2023-08-30,1,Changed mind
1687,OI0000018075,2023-08-28,1,Changed mind
1688,OI0000018081,2022-04-23,1,Wrong item delivered
1689,OI0000018100,2025-10-20,1,Changed mind
1690,OI0000018101,2025-10-19,2,Damaged item
1691,OI0000018130,2022-12-09,1,Damaged item
1692,OI0000018131,2022-12-16,1,Size/Fit issue
1693,OI0000018132,2022-12-09,1,Wrong item delivered
1694,OI0000018136,2021-02-20,1,Damaged item
1695,OI0000018137,2021-02-24,2,Damaged item
1696,OI0000018164,2022-06-25,3,Wrong item delivered
1697,OI0000018165,2022-06-27,1,Wrong item delivered
1698,OI0000018166,2022-06-30,1,Changed mind
1699,OI0000018181,2024-05-07,1,Not as described
1700,OI0000018204,2023-05-08,1,Size/Fit issue
1701,OI0000018209,2025-07-03,1,Damaged item
1702,OI0000018210,2025-07-02,1,Changed mind
1703,OI0000018218,2025-06-29,1,Changed mind
1704,OI0000018219,2021-11-12,1,Damaged item
1705,OI0000018222,2021-12-11,1,Changed mind
1706,OI0000018229,2025-03-21,1,Wrong item delivered
1707,OI0000018230,2025-03-25,1,Size/Fit issue
1708,OI0000018232,2025-03-29,1,Changed mind
1709,OI0000018252,2021-12-14,1,Size/Fit issue
1710,OI0000018253,2021-12-21,1,Not as described
1711,OI0000018254,2021-12-17,2,Wrong item delivered
1712,OI0000018262,2023-08-19,1,Damaged item
1713,OI0000018263,2023-08-27,1,Changed mind
1714,OI0000018300,2025-02-25,2,Damaged item
1715,OI0000018315,2024-05-05,1,Not as described
1716,OI0000018316,2024-05-08,1,Damaged item
1717,OI0000018327,2022-08-27,2,Not as described
1718,OI0000018328,2022-08-25,1,Wrong item delivered
1719,OI0000018333,2022-02-24,1,Changed mind
1720,OI0000018368,2021-07-05,1,Size/Fit issue
1721,OI0000018369,2021-07-01,1,Not as described
1722,OI0000018381,2023-10-26,1,Size/Fit issue
1723,OI0000018382,2023-11-03,2,Size/Fit issue
1724,OI0000018405,2025-03-05,3,Size/Fit issue
1725,OI0000018421,2022-04-13,1,Damaged item
1726,OI0000018422,2022-04-13,1,Wrong item delivered
1727,OI0000018423,2022-04-09,1,Not as described
1728,OI0000018440,2023-03-22,1,Changed mind
1729,OI0000018469,2025-04-10,1,Size/Fit issue
1730,OI0000018487,2024-05-27,2,Changed mind
1731,OI0000018506,2022-11-07,2,Damaged item
1732,OI0000018522,2022-12-16,1,Not as described
1733,OI0000018525,2021-03-01,1,Wrong item delivered
1734,OI0000018537,2024-05-02,1,Size/Fit issue
1735,OI0000018538,2024-04-28,1,Damaged item
1736,OI0000018539,2024-04-30,1,Not as described
1737,OI0000018567,2023-01-25,2,Not as described
1738,OI0000018568,2023-01-23,1,Size/Fit issue
1739,OI0000018569,2023-01-30,1,Damaged item
1740,OI0000018637,2021-04-03,1,Damaged item
1741,OI0000018638,2021-04-03,1,Not as described
1742,OI0000018639,2021-04-09,1,Changed mind
1743,OI0000018649,2025-08-10,1,Not as described
1744,OI0000018659,2023-02-04,1,Not as described
1745,OI0000018698,2023-02-04,1,Wrong item delivered
1746,OI0000018706,2024-10-30,1,Changed mind
1747,OI0000018709,2022-08-16,1,Wrong item delivered
1748,OI0000018710,2022-08-18,1,Wrong item delivered
1749,OI0000018722,2023-04-29,1,Damaged item
1750,OI0000018758,2022-10-30,1,Damaged item
1751,OI0000018803,2025-03-14,1,Size/Fit issue
1752,OI0000018804,2025-03-17,1,Size/Fit issue
1753,OI0000018805,2025-03-18,1,Changed mind
1754,OI0000018817,2024-05-02,1,Size/Fit issue
1755,OI0000018818,2024-04-28,1,Changed mind
1756,OI0000018819,2024-04-30,2,Wrong item delivered
1757,OI0000018826,2025-04-10,1,Not as described
1758,OI0000018863,2022-05-27,1,Wrong item delivered
1759,OI0000018867,2022-10-03,1,Wrong item delivered
1760,OI0000018868,2022-10-06,1,Wrong item delivered
1761,OI0000018879,2025-04-18,1,Size/Fit issue
1762,OI0000018880,2025-04-13,2,Size/Fit issue
1763,OI0000018886,2025-08-25,1,Damaged item
1764,OI0000018887,2025-08-30,1,Wrong item delivered
1765,OI0000018888,2025-08-25,2,Damaged item
1766,OI0000018897,2022-05-29,1,Changed mind
1767,OI0000018907,2022-03-18,1,Changed mind
1768,OI0000018910,2025-03-08,1,Wrong item delivered
1769,OI0000018928,2023-01-26,1,Wrong item delivered
1770,OI0000018929,2021-08-10,1,Damaged item
1771,OI0000018930,2021-08-14,1,Not as described
1772,OI0000018939,2024-09-17,1,Damaged item
1773,OI0000018942,2021-03-18,1,Changed mind
1774,OI0000018943,2021-03-21,1,Not as described
1775,OI0000018947,2022-10-03,2,Damaged item
1776,OI0000018952,2023-07-14,1,Size/Fit issue
1777,OI0000018953,2023-07-15,1,Damaged item
1778,OI0000018954,2023-07-21,1,Wrong item delivered
1779,OI0000018956,2024-02-24,1,Changed mind
1780,OI0000018959,2021-09-25,1,Damaged item
1781,OI0000018960,2021-09-20,1,Not as described
1782,OI0000018976,2025-02-06,1,Damaged item
1783,OI0000018985,2023-01-26,1,Wrong item delivered
1784,OI0000019019,2025-02-15,1,Wrong item delivered
1785,OI0000019021,2025-02-13,1,Damaged item
1786,OI0000019022,2023-03-24,1,Damaged item
1787,OI0000019049,2021-03-07,1,Changed mind
1788,OI0000019051,2021-03-11,1,Damaged item
1789,OI0000019076,2023-02-02,1,Size/Fit issue
1790,OI0000019077,2023-02-10,1,Size/Fit issue
1791,OI0000019078,2023-02-01,1,Changed mind
1792,OI0000019104,2023-10-28,1,Changed mind
1793,OI0000019106,2025-07-28,1,Changed mind
1794,OI0000019115,2025-01-07,2,Wrong item delivered
1795,OI0000019143,2021-08-14,1,Wrong item delivered
1796,OI0000019167,2025-05-06,1,Damaged item
1797,OI0000019172,2024-10-27,1,Not as described
1798,OI0000019179,2024-06-24,1,Damaged item
1799,OI0000019199,2021-12-18,1,Size/Fit issue
1800,OI0000019200,2021-12-16,1,Wrong item delivered
1801,OI0000019254,2021-11-28,1,Changed mind
1802,OI0000019277,2021-07-24,1,Wrong item delivered
1803,OI0000019278,2021-07-20,1,Damaged item
1804,OI0000019282,2022-01-25,1,Not as described
1805,OI0000019283,2025-03-20,3,Size/Fit issue
1806,OI0000019284,2025-03-16,1,Not as described
1807,OI0000019294,2023-11-11,1,Damaged item
1808,OI0000019303,2024-09-26,1,Wrong item delivered
1809,OI0000019304,2024-09-27,1,Size/Fit issue
1810,OI0000019305,2024-09-17,1,Not as described
1811,OI0000019318,2025-05-30,1,Damaged item
1812,OI0000019319,2025-05-24,1,Damaged item
1813,OI0000019320,2022-08-03,1,Not as described
1814,OI0000019321,2022-11-08,1,Not as described
1815,OI0000019322,2022-11-08,1,Not as described
1816,OI0000019379,2022-11-18,1,Size/Fit issue
1817,OI0000019380,2022-11-17,1,Wrong item delivered
1818,OI0000019403,2025-09-10,1,Changed mind
1819,OI0000019404,2025-09-11,1,Damaged item
1820,OI0000019421,2023-11-16,2,Changed mind
1821,OI0000019422,2023-11-20,2,Changed mind
1822,OI0000019425,2025-10-24,1,Not as described
1823,OI0000019426,2025-10-25,1,Wrong item delivered
1824,OI0000019427,2025-10-24,2,Damaged item
1825,OI0000019436,2025-03-06,1,Not as described
1826,OI0000019437,2025-03-06,1,Changed mind
1827,OI0000019440,2025-03-16,1,Wrong item delivered
1828,OI0000019471,2021-02-26,1,Wrong item delivered
1829,OI0000019472,2021-03-03,1,Size/Fit issue
1830,OI0000019487,2023-08-14,2,Changed mind
1831,OI0000019488,2023-08-10,3,Changed mind
1832,OI0000019489,2023-08-11,1,Changed mind
1833,OI0000019495,2021-11-09,1,Not as described
1834,OI0000019503,2022-06-07,1,Not as described
1835,OI0000019523,2022-11-26,1,Damaged item
1836,OI0000019525,2022-11-22,2,Wrong item delivered
1837,OI0000019533,2023-02-22,1,Damaged item
1838,OI0000019534,2023-02-24,1,Damaged item
1839,OI0000019553,2025-08-24,2,Wrong item delivered
1840,OI0000019555,2022-04-15,1,Size/Fit issue
1841,OI0000019565,2022-01-25,1,Wrong item delivered
1842,OI0000019566,2022-01-23,1,Damaged item
1843,OI0000019588,2022-07-24,2,Wrong item delivered
1844,OI0000019589,2022-07-22,1,Size/Fit issue
1845,OI0000019590,2022-07-20,1,Not as described
1846,OI0000019594,2023-10-21,1,Not as described
1847,OI0000019595,2023-10-22,1,Changed mind
1848,OI0000019684,2023-08-03,1,Size/Fit issue
1849,OI0000019685,2023-08-05,1,Size/Fit issue
1850,OI0000019703,2021-05-07,2,Wrong item delivered
1851,OI0000019707,2021-05-31,1,Size/Fit issue
1852,OI0000019708,2021-05-23,1,Damaged item
1853,OI0000019715,2023-09-17,1,Wrong item delivered
1854,OI0000019716,2023-09-13,1,Changed mind
1855,OI0000019720,2021-10-23,1,Not as described
1856,OI0000019722,2021-10-22,1,Size/Fit issue
1857,OI0000019755,2022-01-03,2,Damaged item
1858,OI0000019756,2022-01-03,1,Not as described
1859,OI0000019759,2022-02-11,1,Wrong item delivered
1860,OI0000019764,2021-03-27,1,Size/Fit issue
1861,OI0000019766,2023-02-08,1,Not as described
1862,OI0000019767,2023-02-02,1,Size/Fit issue
1863,OI0000019808,2021-06-13,1,Wrong item delivered
1864,OI0000019818,2025-03-12,1,Damaged item
1865,OI0000019831,2023-03-18,1,Size/Fit issue
1866,OI0000019832,2023-03-10,1,Wrong item delivered
1867,OI0000019835,2021-10-28,1,Not as described
1868,OI0000019836,2021-11-03,1,Damaged item
1869,OI0000019850,2025-06-14,1,Not as described
1870,OI0000019851,2025-06-16,1,Wrong item delivered
1871,OI0000019853,2023-01-29,1,Size/Fit issue
1872,OI0000019854,2023-01-21,2,Not as described
1873,OI0000019855,2023-01-24,1,Changed mind
1874,OI0000019861,2024-12-11,1,Size/Fit issue
1875,OI0000019862,2024-12-20,1,Wrong item delivered
1876,OI0000019890,2022-10-28,2,Not as described
1877,OI0000019892,2022-10-27,1,Damaged item
1878,OI0000019922,2022-11-13,1,Size/Fit issue
1879,OI0000019947,2022-04-29,1,Not as described
1880,OI0000019948,2022-04-30,1,Damaged item
1881,OI0000019958,2021-06-04,1,Wrong item delivered
1882,OI0000019971,2024-02-29,1,Not as described
1883,OI0000019976,2021-12-15,1,Damaged item
1884,OI0000019977,2021-12-16,1,Damaged item
1885,OI0000019984,2023-07-06,2,Changed mind
1886,OI0000020023,2023-01-04,1,Wrong item delivered
1887,OI0000020024,2023-01-04,1,Changed mind
1888,OI0000020033,2024-02-11,1,Not as described
1889,OI0000020034,2024-02-18,2,Changed mind
1890,OI0000020046,2021-08-01,1,Wrong item delivered
1891,OI0000020061,2024-09-16,1,Changed mind
1892,OI0000020072,2025-06-12,1,Damaged item
1893,OI0000020073,2025-06-08,1,Damaged item
1894,OI0000020101,2021-06-12,1,Size/Fit issue
1895,OI0000020102,2024-11-01,2,Not as described
1896,OI0000020104,2023-04-22,1,Wrong item delivered
1897,OI0000020119,2021-12-01,1,Not as described
1898,OI0000020120,2021-11-26,1,Damaged item
1899,OI0000020123,2023-03-09,1,Size/Fit issue
1900,OI0000020124,2023-11-04,1,Changed mind
1901,OI0000020146,2022-01-11,1,Damaged item
1902,OI0000020147,2022-01-06,1,Damaged item
1903,OI0000020157,2022-09-04,1,Size/Fit issue
1904,OI0000020158,2022-09-06,1,Size/Fit issue
1905,OI0000020179,2025-06-08,1,Damaged item
1906,OI0000020180,2025-05-31,2,Wrong item delivered
1907,OI0000020196,2023-01-31,1,Changed mind
1908,OI0000020200,2024-07-04,2,Size/Fit issue
1909,OI0000020212,2022-03-21,1,Damaged item
1910,OI0000020213,2022-03-24,1,Wrong item delivered
1911,OI0000020251,2022-09-17,1,Not as described
1912,OI0000020261,2024-09-21,2,Damaged item
1913,OI0000020262,2023-06-27,2,Wrong item delivered
1914,OI0000020263,2023-07-02,1,Damaged item
1915,OI0000020264,2023-07-02,1,Wrong item delivered
1916,OI0000020305,2024-02-03,1,Size/Fit issue
1917,OI0000020307,2021-04-22,1,Wrong item delivered
1918,OI0000020324,2021-05-25,1,Damaged item
1919,OI0000020349,2023-09-10,1,Changed mind
1920,OI0000020350,2023-09-10,1,Size/Fit issue
1921,OI0000020387,2022-08-17,1,Not as described
1922,OI0000020414,2024-07-09,1,Damaged item
1923,OI0000020416,2023-06-25,1,Damaged item
1924,OI0000020454,2024-09-02,1,Damaged item
1925,OI0000020460,2024-03-19,1,Changed mind
1926,OI0000020461,2024-03-20,1,Wrong item delivered
1927,OI0000020483,2025-06-18,1,Not as described
1928,OI0000020538,2023-05-17,1,Changed mind
1929,OI0000020539,2023-05-18,1,Changed mind
1930,OI0000020592,2025-02-18,1,Damaged item
1931,OI0000020607,2025-03-24,2,Not as described
1932,OI0000020630,2024-06-19,1,Changed mind
1933,OI0000020691,2022-01-23,1,Wrong item delivered
1934,OI0000020692,2022-01-27,1,Damaged item
1935,OI0000020702,2024-04-05,1,Size/Fit issue
1936,OI0000020704,2025-01-17,1,Wrong item delivered
1937,OI0000020705,2025-01-13,1,Size/Fit issue
1938,OI0000020714,2022-09-10,2,Changed mind
1939,OI0000020783,2023-09-02,1,Not as described
1940,OI0000020788,2025-06-07,1,Size/Fit issue
1941,OI0000020810,2025-08-15,1,Wrong item delivered
1942,OI0000020811,2025-08-21,1,Changed mind
1943,OI0000020812,2025-08-14,1,Not as described
1944,OI0000020823,2023-03-05,1,Damaged item
1945,OI0000020824,2022-12-12,1,Size/Fit issue
1946,OI0000020825,2021-05-31,1,Size/Fit issue
1947,OI0000020830,2021-09-16,2,Not as described
1948,OI0000020850,2024-11-04,1,Changed mind
1949,OI0000020851,2024-10-28,1,Wrong item delivered
1950,OI0000020857,2021-10-29,1,Size/Fit issue
1951,OI0000020864,2023-01-28,1,Wrong item delivered
1952,OI0000020870,2026-02-12,1,Not as described
1953,OI0000020871,2026-02-16,1,Wrong item delivered
1954,OI0000020872,2026-02-07,1,Size/Fit issue
1955,OI0000020895,2025-08-21,1,Wrong item delivered
1956,OI0000020896,2025-08-29,1,Size/Fit issue
1957,OI0000020897,2025-08-27,1,Damaged item
1958,OI0000020906,2025-08-20,1,Changed mind
1959,OI0000020911,2022-05-23,1,Damaged item
1960,OI0000020912,2022-05-29,1,Not as described
1961,OI0000020914,2024-10-24,1,Not as described
1962,OI0000020924,2025-02-03,1,Changed mind
1963,OI0000020925,2025-02-02,1,Not as described
1964,OI0000020926,2021-05-27,1,Not as described
1965,OI0000020927,2022-05-20,1,Damaged item
1966,OI0000020945,2025-05-19,1,Size/Fit issue
1967,OI0000020949,2025-03-09,1,Not as described
1968,OI0000020950,2025-03-13,1,Wrong item delivered
1969,OI0000020951,2022-02-12,1,Damaged item
1970,OI0000020956,2021-03-12,1,Wrong item delivered
1971,OI0000020973,2024-05-21,1,Size/Fit issue
1972,OI0000020975,2024-05-23,1,Size/Fit issue
1973,OI0000020996,2026-02-21,1,Damaged item
1974,OI0000020997,2026-02-21,1,Not as described
1975,OI0000020998,2026-02-21,1,Not as described
1976,OI0000020999,2024-04-30,2,Changed mind
1977,OI0000021019,2021-04-27,1,Damaged item
1978,OI0000021033,2021-04-30,1,Not as described
1979,OI0000021034,2021-04-26,1,Changed mind
1980,OI0000021048,2025-01-12,1,Not as described
1981,OI0000021051,2025-10-23,1,Size/Fit issue
1982,OI0000021056,2025-03-04,1,Not as described
1983,OI0000021057,2023-03-21,1,Wrong item delivered
1984,OI0000021160,2022-08-13,1,Damaged item
1985,OI0000021162,2022-08-14,1,Wrong item delivered
1986,OI0000021188,2022-04-27,1,Wrong item delivered
1987,OI0000021235,2023-10-20,1,Size/Fit issue
1988,OI0000021236,2023-10-21,1,Changed mind
1989,OI0000021246,2025-10-30,1,Wrong item delivered
1990,OI0000021247,2025-11-06,2,Damaged item
1991,OI0000021248,2025-10-31,2,Changed mind
1992,OI0000021257,2021-06-13,1,Damaged item
1993,OI0000021265,2022-05-12,1,Not as described
1994,OI0000021281,2022-02-05,2,Damaged item
1995,OI0000021282,2024-09-27,1,Not as described
1996,OI0000021288,2023-08-20,2,Damaged item
1997,OI0000021311,2023-12-16,1,Damaged item
1998,OI0000021312,2023-12-12,1,Damaged item
1999,OI0000021313,2023-12-13,1,Not as described
2000,OI0000021324,2025-12-09,1,Damaged item
2001,OI0000021361,2022-04-20,1,Changed mind
2002,OI0000021371,2024-10-18,1,Size/Fit issue
2003,OI0000021384,2024-09-13,1,Changed mind
2004,OI0000021385,2021-08-26,1,Wrong item delivered
2005,OI0000021386,2021-08-22,1,Changed mind
2006,OI0000021397,2022-07-31,1,Size/Fit issue
2007,OI0000021398,2022-07-29,1,Changed mind
2008,OI0000021399,2021-06-05,1,Changed mind
2009,OI0000021400,2021-06-10,1,Damaged item
2010,OI0000021405,2024-06-23,3,Wrong item delivered
2011,OI0000021406,2024-06-25,2,Not as described
2012,OI0000021439,2025-07-18,1,Size/Fit issue
2013,OI0000021454,2024-05-24,1,Wrong item delivered
2014,OI0000021498,2024-01-24,1,Damaged item
2015,OI0000021542,2021-10-06,1,Wrong item delivered
2016,OI0000021543,2021-10-05,2,Not as described
2017,OI0000021568,2025-12-05,2,Wrong item delivered
2018,OI0000021569,2025-12-05,1,Size/Fit issue
2019,OI0000021586,2025-09-19,1,Wrong item delivered
2020,OI0000021629,2025-06-29,1,Wrong item delivered
2021,OI0000021630,2023-01-25,1,Damaged item
2022,OI0000021631,2023-02-04,1,Wrong item delivered
2023,OI0000021635,2025-04-27,1,Damaged item
2024,OI0000021651,2024-10-13,1,Not as described
2025,OI0000021652,2024-10-08,1,Damaged item
2026,OI0000021657,2021-07-14,1,Size/Fit issue
2027,OI0000021658,2021-07-08,1,Not as described
2028,OI0000021670,2023-02-20,1,Wrong item delivered
2029,OI0000021671,2023-02-24,3,Wrong item delivered
2030,OI0000021694,2021-04-06,3,Not as described
2031,OI0000021695,2021-04-04,1,Not as described
2032,OI0000021696,2021-04-04,1,Damaged item
2033,OI0000021725,2022-06-27,1,Damaged item
2034,OI0000021726,2022-07-06,1,Damaged item
2035,OI0000021768,2023-01-12,1,Changed mind
2036,OI0000021780,2022-05-21,1,Not as described
2037,OI0000021781,2022-05-13,1,Size/Fit issue
2038,OI0000021800,2022-09-05,1,Damaged item
2039,OI0000021801,2022-09-07,1,Wrong item delivered
2040,OI0000021806,2025-08-13,1,Damaged item
2041,OI0000021849,2025-05-27,1,Wrong item delivered
2042,OI0000021850,2025-05-18,1,Changed mind
2043,OI0000021853,2023-08-04,1,Size/Fit issue
2044,OI0000021863,2025-02-09,1,Not as described
2045,OI0000021879,2021-05-02,1,Wrong item delivered
2046,OI0000021924,2025-05-22,1,Wrong item delivered
2047,OI0000021953,2022-10-19,1,Damaged item
2048,OI0000021976,2022-03-11,1,Wrong item delivered
2049,OI0000021988,2024-02-03,2,Not as described
2050,OI0000021989,2024-01-29,2,Changed mind
2051,OI0000021990,2024-01-31,1,Size/Fit issue
2052,OI0000021991,2023-10-05,2,Size/Fit issue
2053,OI0000022002,2023-08-11,1,Damaged item
2054,OI0000022026,2024-12-08,2,Damaged item
2055,OI0000022027,2024-12-17,1,Changed mind
2056,OI0000022041,2021-06-23,3,Wrong item delivered
2057,OI0000022082,2025-05-29,1,Not as described
2058,OI0000022107,2025-10-19,1,Changed mind
2059,OI0000022108,2025-10-24,1,Size/Fit issue
2060,OI0000022129,2023-08-10,1,Changed mind
2061,OI0000022130,2023-08-10,1,Size/Fit issue
2062,OI0000022164,2023-07-11,1,Changed mind
2063,OI0000022166,2021-08-01,1,Size/Fit issue
2064,OI0000022173,2023-09-15,1,Not as described
2065,OI0000022182,2024-06-10,2,Not as described
2066,OI0000022206,2024-07-13,1,Changed mind
2067,OI0000022208,2021-03-15,2,Wrong item delivered
2068,OI0000022209,2021-03-17,1,Wrong item delivered
2069,OI0000022247,2022-08-15,2,Not as described
2070,OI0000022248,2022-08-22,1,Size/Fit issue
2071,OI0000022270,2022-06-28,1,Not as described
2072,OI0000022274,2025-04-20,2,Wrong item delivered
2073,OI0000022284,2022-02-11,1,Wrong item delivered
2074,OI0000022289,2021-11-17,1,Not as described
2075,OI0000022291,2022-07-30,1,Changed mind
2076,OI0000022292,2022-07-31,1,Damaged item
2077,OI0000022297,2024-04-20,1,Not as described
2078,OI0000022300,2025-11-27,2,Not as described
2079,OI0000022316,2023-01-25,1,Wrong item delivered
2080,OI0000022322,2025-10-24,1,Changed mind
2081,OI0000022323,2025-10-22,1,Changed mind
2082,OI0000022333,2022-02-18,1,Changed mind
2083,OI0000022366,2022-12-06,1,Changed mind
2084,OI0000022428,2023-11-21,2,Size/Fit issue
2085,OI0000022481,2022-11-05,1,Not as described
2086,OI0000022494,2021-08-10,1,Size/Fit issue
2087,OI0000022501,2026-02-01,2,Not as described
2088,OI0000022518,2022-09-24,1,Wrong item delivered
2089,OI0000022527,2021-06-15,1,Changed mind
2090,OI0000022528,2023-05-01,1,Damaged item
2091,OI0000022529,2023-05-05,1,Damaged item
2092,OI0000022535,2025-12-02,1,Not as described
2093,OI0000022570,2024-08-16,1,Changed mind
2094,OI0000022584,2021-09-14,1,Wrong item delivered
2095,OI0000022585,2021-09-18,2,Not as described
2096,OI0000022590,2021-05-15,1,Changed mind
2097,OI0000022591,2021-05-15,1,Damaged item
2098,OI0000022593,2024-05-15,2,Changed mind
2099,OI0000022609,2022-07-31,1,Size/Fit issue
2100,OI0000022610,2022-07-31,1,Changed mind
2101,OI0000022632,2023-07-16,1,Changed mind
2102,OI0000022641,2026-01-21,1,Changed mind
2103,OI0000022647,2021-11-22,1,Not as described
2104,OI0000022665,2023-09-13,1,Damaged item
2105,OI0000022666,2023-09-16,1,Damaged item
2106,OI0000022678,2022-10-20,1,Wrong item delivered
2107,OI0000022706,2023-01-19,1,Wrong item delivered
2108,OI0000022731,2021-12-19,2,Damaged item
2109,OI0000022732,2021-12-25,1,Damaged item
2110,OI0000022753,2024-11-24,1,Changed mind
2111,OI0000022763,2025-08-27,1,Not as described
2112,OI0000022764,2025-09-05,1,Size/Fit issue
2113,OI0000022810,2025-11-20,1,Wrong item delivered
2114,OI0000022811,2025-11-21,1,Not as described
2115,OI0000022822,2024-04-11,1,Changed mind
2116,OI0000022823,2024-04-12,1,Damaged item
2117,OI0000022824,2024-04-17,1,Wrong item delivered
2118,OI0000022827,2021-07-22,1,Size/Fit issue
2119,OI0000022828,2021-07-26,1,Not as described
2120,OI0000022830,2024-09-20,1,Not as described
2121,OI0000022831,2024-09-18,1,Size/Fit issue
2122,OI0000022834,2021-10-17,2,Not as described
2123,OI0000022835,2021-10-13,2,Size/Fit issue
2124,OI0000022842,2021-11-06,1,Changed mind
2125,OI0000022843,2021-11-02,2,Not as described
2126,OI0000022847,2025-01-02,1,Changed mind
2127,OI0000022855,2023-10-16,3,Size/Fit issue
2128,OI0000022856,2023-10-17,1,Size/Fit issue
2129,OI0000022886,2025-09-29,1,Damaged item
2130,OI0000022887,2025-10-04,1,Not as described
2131,OI0000022902,2024-12-06,2,Not as described
2132,OI0000022903,2024-12-06,1,Wrong item delivered
2133,OI0000022932,2025-11-24,1,Changed mind
2134,OI0000022943,2025-09-14,1,Changed mind
2135,OI0000022948,2025-09-07,1,Size/Fit issue
2136,OI0000022949,2025-09-10,1,Wrong item delivered
2137,OI0000022950,2025-09-11,1,Wrong item delivered
2138,OI0000022952,2025-05-03,1,Size/Fit issue
2139,OI0000022969,2022-01-26,1,Wrong item delivered
2140,OI0000022970,2022-02-02,1,Not as described
2141,OI0000022971,2022-01-31,1,Not as described
2142,OI0000023020,2025-06-24,1,Changed mind
2143,OI0000023021,2025-06-18,1,Not as described
2144,OI0000023037,2025-05-16,1,Changed mind
2145,OI0000023057,2021-04-17,1,Size/Fit issue
2146,OI0000023058,2021-04-13,1,Changed mind
2147,OI0000023059,2021-04-15,3,Damaged item
2148,OI0000023073,2022-06-19,1,Size/Fit issue
2149,OI0000023074,2025-08-16,1,Damaged item
2150,OI0000023124,2026-01-25,1,Size/Fit issue
2151,OI0000023138,2025-09-14,2,Damaged item
2152,OI0000023139,2025-09-15,1,Size/Fit issue
2153,OI0000023140,2025-09-21,1,Wrong item delivered
2154,OI0000023154,2021-03-06,1,Not as described
2155,OI0000023155,2021-03-06,1,Wrong item delivered
2156,OI0000023156,2021-03-08,2,Size/Fit issue
2157,OI0000023165,2023-07-02,1,Damaged item
2158,OI0000023166,2023-06-27,1,Damaged item
2159,OI0000023188,2024-04-01,1,Changed mind
2160,OI0000023189,2024-03-28,1,Size/Fit issue
2161,OI0000023190,2024-03-29,1,Damaged item
2162,OI0000023195,2023-12-07,1,Damaged item
2163,OI0000023196,2023-12-10,2,Damaged item
2164,OI0000023247,2022-03-19,1,Wrong item delivered
2165,OI0000023252,2022-10-28,1,Not as described
2166,OI0000023253,2022-11-05,2,Wrong item delivered
2167,OI0000023255,2021-12-15,1,Changed mind
2168,OI0000023256,2021-12-13,1,Wrong item delivered
2169,OI0000023282,2024-09-04,1,Damaged item
2170,OI0000023283,2023-05-25,1,Size/Fit issue
2171,OI0000023284,2023-05-19,2,Wrong item delivered
2172,OI0000023300,2021-06-19,1,Not as described
2173,OI0000023330,2024-08-03,1,Changed mind
2174,OI0000023338,2021-11-13,1,Not as described
2175,OI0000023339,2021-11-13,1,Size/Fit issue
2176,OI0000023340,2021-11-03,1,Changed mind
2177,OI0000023414,2021-07-26,1,Changed mind
2178,OI0000023424,2024-09-25,1,Size/Fit issue
2179,OI0000023428,2024-05-18,1,Damaged item
2180,OI0000023429,2024-05-19,1,Damaged item
2181,OI0000023464,2024-12-27,1,Damaged item
2182,OI0000023483,2023-07-15,2,Damaged item
2183,OI0000023488,2024-12-23,1,Size/Fit issue
2184,OI0000023493,2025-10-01,1,Size/Fit issue
2185,OI0000023495,2024-08-21,1,Not as described
2186,OI0000023497,2022-05-26,1,Wrong item delivered
2187,OI0000023535,2024-03-29,1,Damaged item
2188,OI0000023536,2024-03-24,1,Wrong item delivered
2189,OI0000023540,2023-10-29,1,Damaged item
2190,OI0000023543,2021-02-27,2,Damaged item
2191,OI0000023548,2021-09-07,1,Size/Fit issue
2192,OI0000023550,2025-09-15,1,Not as described
2193,OI0000023551,2025-09-14,1,Wrong item delivered
2194,OI0000023596,2025-05-21,1,Changed mind
2195,OI0000023611,2021-06-07,1,Changed mind
2196,OI0000023612,2025-12-29,1,Not as described
2197,OI0000023613,2025-12-19,1,Changed mind
